model,src,tgt,pair,fraction,seed,n_train,n_val_full,n_val_prop,auroc,f1_macro,brier,ece_fixed,ece_adaptive,temperature_src,ece_scaled_fixed,ece_scaled_adaptive,temperature_prop,ece_scaled_prop,degeneracy_share,degenerate
CLIP,0,1,h0->h1,0.01,42,140,3000,30,0.9192564444444444,0.8198566703183616,0.193843975253828,0.2648981063851612,0.2640108892443134,0.2719822327763007,0.0841698696159615,0.0841698696159614,0.3077506056190002,0.083024437982462,0.5796666666666667,False
CLIP,0,1,h0->h1,0.01,123,140,3000,30,0.9377737777777778,0.834532142159469,0.1917864331972741,0.287149524269476,0.2844455860340421,0.2310537733218016,0.1071685167541862,0.1071685167541862,0.1268651301017954,0.1173494658256314,0.6043333333333333,False
CLIP,0,1,h0->h1,0.01,456,140,3000,30,0.9103693333333336,0.7933744322446807,0.1918655487552785,0.2392672559319177,0.251121831214447,0.3230543061129692,0.1234508668355726,0.1234508668355725,0.3476882915212214,0.1223106332182396,0.6196666666666667,False
CLIP,0,1,h0->h1,0.05,42,700,3000,150,0.9445684444444444,0.8461995988176552,0.1390587682818087,0.2011208356536899,0.2000609520103207,0.5764638559356456,0.0968733883127955,0.0968733883127955,0.5873089272826545,0.0967516132170949,0.5976666666666667,False
CLIP,0,1,h0->h1,0.05,123,700,3000,150,0.9469186666666668,0.835005469890531,0.1423793079357301,0.2095957627461824,0.2107021735472387,0.5885668628279898,0.123493376630153,0.1234933766301529,0.4908415250282471,0.1253826919489483,0.627,False
CLIP,0,1,h0->h1,0.05,456,700,3000,150,0.9463795555555556,0.8556963690521735,0.1351925989322311,0.1965288918808881,0.198636585014641,0.5830394191788822,0.081645059764548,0.081645059764548,0.5159806312168057,0.081935720269777,0.582,False
CLIP,0,1,h0->h1,0.1,42,1400,3000,300,0.9490671111111112,0.8571678067663027,0.1210253772568557,0.164594567789652,0.1682464624026109,0.7269131214365184,0.0892089201737666,0.0892089201737666,0.706276745549814,0.0894178052772466,0.5903333333333334,False
CLIP,0,1,h0->h1,0.1,123,1400,3000,300,0.9487426666666668,0.8566605726847543,0.1221647213612044,0.1675486248349969,0.1684987663714507,0.7461444918989623,0.0949602871242535,0.0949602871242535,0.6199069738833223,0.0958585419613027,0.5966666666666667,False
CLIP,0,1,h0->h1,0.1,456,1400,3000,300,0.9505208888888887,0.8636895326543028,0.1196541274491145,0.1662164843953207,0.1671733304238081,0.7301458693534185,0.083869315555744,0.083869315555744,0.6939880425992062,0.0842526843858789,0.5846666666666667,False
CLIP,0,1,h0->h1,0.25,42,3500,3000,750,0.950612888888889,0.8637202797202796,0.1067522639685217,0.123436771117442,0.1236698128807106,0.9464598707977604,0.0824541726420679,0.082454172642068,1.0002054431265064,0.0819968993878146,0.5833333333333334,False
CLIP,0,1,h0->h1,0.25,123,3500,3000,750,0.95312,0.8696887123513997,0.1037324315723136,0.1242505830757634,0.1249182708947543,0.9503363328970524,0.0754684886744896,0.0754684886744896,0.8709216189562028,0.0758282011213668,0.5703333333333334,False
CLIP,0,1,h0->h1,0.25,456,3500,3000,750,0.9518457777777778,0.8647647224964276,0.1062013727209637,0.1258029389575285,0.1238137995410606,0.954244345554829,0.0813041453109528,0.0813041453109528,0.8893080788234263,0.0816972432639499,0.5816666666666667,False
CLIP,0,1,h0->h1,0.5,42,7000,3000,1500,0.954196888888889,0.8727449057776492,0.0966741305807055,0.0974974476167411,0.0977265080175616,1.0649899277652914,0.0691471121182969,0.0691733156581179,1.0474231080329026,0.0692521318735423,0.568,False
CLIP,0,1,h0->h1,0.5,123,7000,3000,1500,0.955156,0.8741071428571429,0.0960653591086864,0.0989127223742602,0.0995439108791838,1.080149618841975,0.0690872535928438,0.0690872535928438,1.0826440553473191,0.0690762648190276,0.5666666666666667,False
CLIP,0,1,h0->h1,0.5,456,7000,3000,1500,0.9558937777777778,0.8700051953250116,0.0957662657701887,0.1004057814587832,0.0996601825490625,1.0908378278089246,0.0689265806488559,0.0691090283939387,1.0790826402344549,0.0689946567109703,0.5713333333333334,False
CLIP,0,1,h0->h1,1.0,42,14000,3000,3000,0.9568906666666666,0.8800130347956628,0.0891490282603535,0.0779017677671327,0.0745140016598393,1.1772898861842764,0.0540399576676728,0.0543029595871993,1.1772898861842764,0.0540399576676728,0.5516666666666666,False
CLIP,0,1,h0->h1,1.0,123,14000,3000,3000,0.9568906666666666,0.8800130347956628,0.0891490282603535,0.0779017677671327,0.0745140016598393,1.1772898861842764,0.0540399576676728,0.0543029595871993,1.1772898861842764,0.0540399576676728,0.5516666666666666,False
CLIP,0,1,h0->h1,1.0,456,14000,3000,3000,0.9568906666666666,0.8800130347956628,0.0891490282603535,0.0779017677671327,0.0745140016598393,1.1772898861842764,0.0540399576676728,0.0543029595871993,1.1772898861842764,0.0540399576676728,0.5516666666666666,False
CLIP,0,2,h0->h2,0.01,42,140,3000,30,0.6884079999999999,0.6397713471287068,0.2295770655778114,0.0900925936104695,0.0908604412808338,0.2719822327763007,0.1721865764923336,0.1726053975959487,0.3077506056190002,0.1532554025482721,0.5843333333333334,False
CLIP,0,2,h0->h2,0.01,123,140,3000,30,0.77744,0.703326872451889,0.2235150187477612,0.1405736617205292,0.1523733824640362,0.2310537733218016,0.0971390555731006,0.0944246512239548,0.1268651301017954,0.1729523884599011,0.5046666666666667,False
CLIP,0,2,h0->h2,0.01,456,140,3000,30,0.6528053333333333,0.6109432260202782,0.2331378689138009,0.0813673771154025,0.0878041730336436,0.3230543061129692,0.190903968289616,0.1888336453659318,0.3476882915212214,0.1804650648334729,0.5836666666666667,False
CLIP,0,2,h0->h2,0.05,42,700,3000,150,0.8832297777777776,0.8039968639498232,0.170976547885207,0.1720532904961565,0.169962023482531,0.5764638559356456,0.0373999815231739,0.0370927747072502,0.5873089272826545,0.0382469832293868,0.504,False
CLIP,0,2,h0->h2,0.05,123,700,3000,150,0.8978146666666666,0.8250984114053226,0.167831288267147,0.1839451081970767,0.1923831119261144,0.5885668628279898,0.0473109730640833,0.0477539781433725,0.4908415250282471,0.0473532948837683,0.557,False
CLIP,0,2,h0->h2,0.05,456,700,3000,150,0.8548826666666669,0.7759326802185902,0.1800775039432438,0.1504117815148618,0.1511348450895636,0.5830394191788822,0.0507863847445608,0.0502862249865262,0.5159806312168057,0.0651299328862826,0.5173333333333333,False
CLIP,0,2,h0->h2,0.1,42,1400,3000,300,0.9124542222222222,0.8402334792578695,0.1474670568477852,0.17012067458417,0.1666815661229647,0.7269131214365184,0.0367195765005471,0.0354193664114796,0.706276745549814,0.0320810571276498,0.525,False
CLIP,0,2,h0->h2,0.1,123,1400,3000,300,0.9260004444444444,0.8564052604207482,0.1410011829214487,0.1798777852481038,0.1802012620597722,0.7461444918989623,0.0437870686569032,0.0416981734933656,0.6199069738833223,0.0393568923915611,0.5426666666666666,False
CLIP,0,2,h0->h2,0.1,456,1400,3000,300,0.9057782222222222,0.8360301530863901,0.1501113755091291,0.1610809659630178,0.1673943652737174,0.7301458693534185,0.0349499725777116,0.0397580991611963,0.6939880425992062,0.0361866702235124,0.543,False
CLIP,0,2,h0->h2,0.25,42,3500,3000,750,0.938728,0.8735844580674965,0.1172154514968641,0.1398007117724196,0.139945249733713,0.9464598707977604,0.0445535218185666,0.045526157411495,1.0002054431265064,0.0472039889653671,0.5573333333333333,False
CLIP,0,2,h0->h2,0.25,123,3500,3000,750,0.9440066666666668,0.8837468264219857,0.1120815435265845,0.1422097885848026,0.1438282428695458,0.9503363328970524,0.046606799318756,0.0423500844576165,0.8709216189562028,0.0390774920451053,0.5466666666666666,False
CLIP,0,2,h0->h2,0.25,456,3500,3000,750,0.9420271111111111,0.8781415959044002,0.1146475704369554,0.1477503828179075,0.1461829384095586,0.954244345554829,0.0420202094680737,0.0382784188806009,0.8893080788234263,0.0348157723754495,0.5396666666666666,False
CLIP,0,2,h0->h2,0.5,42,7000,3000,1500,0.9617284444444444,0.9047650766073064,0.0914193719745688,0.1246808846263896,0.12678934083279,1.0649899277652914,0.0442525167762754,0.0456548487295656,1.0474231080329026,0.0461349712670726,0.5496666666666666,False
CLIP,0,2,h0->h2,0.5,123,7000,3000,1500,0.9559373333333332,0.8980682087442772,0.0952621761559093,0.1267279136466949,0.1252677577374706,1.080149618841975,0.045424103384759,0.0454022007018811,1.0826440553473191,0.0453200769895884,0.551,False
CLIP,0,2,h0->h2,0.5,456,7000,3000,1500,0.956724,0.9008222624746058,0.0949822877819128,0.1255305504039591,0.1270242999687219,1.0908378278089246,0.0383351443260879,0.0385693394882477,1.0790826402344549,0.0376850236764428,0.5423333333333333,False
CLIP,0,2,h0->h2,1.0,42,14000,3000,3000,0.9660262222222222,0.9111507382282522,0.0808790078005191,0.1028423313056232,0.1006110320334294,1.1772898861842764,0.0424573958176528,0.0412279682013177,1.1772898861842764,0.0424573958176528,0.5453333333333333,False
CLIP,0,2,h0->h2,1.0,123,14000,3000,3000,0.9660262222222222,0.9111507382282522,0.0808790078005191,0.1028423313056232,0.1006110320334294,1.1772898861842764,0.0424573958176528,0.0412279682013177,1.1772898861842764,0.0424573958176528,0.5453333333333333,False
CLIP,0,2,h0->h2,1.0,456,14000,3000,3000,0.9660262222222222,0.9111507382282522,0.0808790078005191,0.1028423313056232,0.1006110320334294,1.1772898861842764,0.0424573958176528,0.0412279682013177,1.1772898861842764,0.0424573958176528,0.5453333333333333,False
CLIP,0,3,h0->h3,0.01,42,140,3000,30,0.9327635555555556,0.8558584850637805,0.1849478752397458,0.249016870194603,0.2666793021248768,0.2719822327763007,0.0394424241465577,0.0346046033731773,0.3077506056190002,0.042082219964285,0.5313333333333333,False
CLIP,0,3,h0->h3,0.01,123,140,3000,30,0.948544,0.8818687430478309,0.1835046954056123,0.2778466518755255,0.2958194099078181,0.2310537733218016,0.0374127701606867,0.0341047871810426,0.1268651301017954,0.0623409221154437,0.5333333333333333,False
CLIP,0,3,h0->h3,0.01,456,140,3000,30,0.928116,0.8432695989027312,0.1827873256292022,0.249021976108542,0.2512194127672203,0.3230543061129692,0.0626308850600559,0.0626308850600559,0.3476882915212214,0.063152517187946,0.5503333333333333,False
CLIP,0,3,h0->h3,0.05,42,700,3000,150,0.952476,0.8895414680572947,0.1177564552855961,0.1821318789243049,0.1796083921835892,0.5764638559356456,0.0347335751750624,0.0295323998522196,0.5873089272826545,0.0354373844655496,0.5336666666666666,False
CLIP,0,3,h0->h3,0.05,123,700,3000,150,0.9565217777777776,0.900411010665602,0.1169156110486799,0.1858393964547348,0.1888938790633967,0.5885668628279898,0.0475833158122685,0.04471680366117,0.4908415250282471,0.0488768428428165,0.5506666666666666,False
CLIP,0,3,h0->h3,0.05,456,700,3000,150,0.9521595555555558,0.8901936474521867,0.1218331159856769,0.1872473137774014,0.1886396139139275,0.5830394191788822,0.0363610961530585,0.0339000511412763,0.5159806312168057,0.0358740822121284,0.5356666666666666,False
CLIP,0,3,h0->h3,0.1,42,1400,3000,300,0.9571222222222222,0.901550616721422,0.0990534514953827,0.14252662175501,0.1452981952026339,0.7269131214365184,0.0318340231320004,0.0271133713177311,0.706276745549814,0.0327668814150453,0.5343333333333333,False
CLIP,0,3,h0->h3,0.1,123,1400,3000,300,0.9542768888888892,0.9008543109179878,0.1009996044666202,0.1420241989797094,0.1441977824165556,0.7461444918989623,0.0379641770053329,0.0357858677297318,0.6199069738833223,0.0406460446928888,0.5383333333333333,False
CLIP,0,3,h0->h3,0.1,456,1400,3000,300,0.956136,0.8974943546768785,0.1022252424130333,0.1461979252280325,0.1474610869280349,0.7301458693534185,0.0391745928995832,0.0377171096733041,0.6939880425992062,0.0395420877738475,0.541,False
CLIP,0,3,h0->h3,0.25,42,3500,3000,750,0.9549906666666668,0.8944165982453554,0.0886011380580562,0.094100747160605,0.0924460481957244,0.9464598707977604,0.044914021044347,0.0441089379596556,1.0002054431265064,0.0435770664905988,0.5486666666666666,False
CLIP,0,3,h0->h3,0.25,123,3500,3000,750,0.954832,0.895011883049925,0.0893418030353849,0.0941442384873569,0.0939057261845598,0.9503363328970524,0.0486464594596532,0.0486464594596532,0.8709216189562028,0.0493026689409867,0.5553333333333333,False
CLIP,0,3,h0->h3,0.25,456,3500,3000,750,0.9562835555555556,0.8960110948248411,0.088728935698014,0.09472778256112,0.0929071154495638,0.954244345554829,0.0503137762318444,0.050073931144708,0.8893080788234263,0.0515241964105603,0.5556666666666666,False
CLIP,0,3,h0->h3,0.5,42,7000,3000,1500,0.9569377777777776,0.8996546335476413,0.0822761908533152,0.0705342527845318,0.0692579601038089,1.0649899277652914,0.0518786936213499,0.0518786936213499,1.0474231080329026,0.0520410462275324,0.5586666666666666,False
CLIP,0,3,h0->h3,0.5,123,7000,3000,1500,0.9564808888888888,0.8969371597755105,0.0838929903135428,0.0682277709751195,0.0702742351313204,1.080149618841975,0.055303434039253,0.055303434039253,1.0826440553473191,0.0552826012168048,0.562,False
CLIP,0,3,h0->h3,0.5,456,7000,3000,1500,0.9589048888888888,0.8999528763548048,0.0822553431599764,0.0722478356501678,0.0703271101629299,1.0908378278089246,0.05550182535707,0.0550713101853346,1.0790826402344549,0.0552247833041747,0.5616666666666666,False
CLIP,0,3,h0->h3,1.0,42,14000,3000,3000,0.9575035555555556,0.8961480531221692,0.0826513564368847,0.0610347366964388,0.0652209405716247,1.1772898861842764,0.0671672307076329,0.0671672307076329,1.1772898861842764,0.0671672307076329,0.5706666666666667,False
CLIP,0,3,h0->h3,1.0,123,14000,3000,3000,0.9575035555555556,0.8961480531221692,0.0826513564368847,0.0610347366964388,0.0652209405716247,1.1772898861842764,0.0671672307076329,0.0671672307076329,1.1772898861842764,0.0671672307076329,0.5706666666666667,False
CLIP,0,3,h0->h3,1.0,456,14000,3000,3000,0.9575035555555556,0.8961480531221692,0.0826513564368847,0.0610347366964388,0.0652209405716247,1.1772898861842764,0.0671672307076329,0.0671672307076329,1.1772898861842764,0.0671672307076329,0.5706666666666667,False
CLIP,0,4,h0->h4,0.01,42,140,3000,30,0.8081804444444445,0.4274233383469676,0.2322234218919936,0.2037536902351456,0.2078201189316298,0.2719822327763007,0.3703965093995716,0.3703692959726669,0.3077506056190002,0.3557198925245607,0.9473333333333334,False
CLIP,0,4,h0->h4,0.01,123,140,3000,30,0.8411942222222222,0.3640831181284256,0.235374097288911,0.1932920769313754,0.2374609068389293,0.2310537733218016,0.4392946683288865,0.4392946683288866,0.1268651301017954,0.4702853877431122,0.985,False
CLIP,0,4,h0->h4,0.01,456,140,3000,30,0.8370088888888888,0.3590175905340415,0.2380815554725022,0.2465871634194579,0.2463660003616158,0.3230543061129692,0.4259153201550759,0.4258565183734205,0.3476882915212214,0.4181810150063199,0.9853333333333332,False
CLIP,0,4,h0->h4,0.05,42,700,3000,150,0.8900471111111111,0.360714671183176,0.2621501751310405,0.2804330528467587,0.2842833027330463,0.5764638559356456,0.4436561852744664,0.4436561852744665,0.5873089272826545,0.4422337869808467,0.987,False
CLIP,0,4,h0->h4,0.05,123,700,3000,150,0.8778062222222223,0.3592949824852094,0.2694477010541616,0.2827143819553214,0.2839934807870375,0.5885668628279898,0.4474464474865568,0.4474464474865568,0.4908415250282471,0.4588424683817828,0.9876666666666668,False
CLIP,0,4,h0->h4,0.05,456,700,3000,150,0.8992933333333333,0.3564460753067614,0.2682059909369608,0.2996229144009437,0.2996493355322051,0.5830394191788822,0.4493728792658241,0.4493728792658241,0.5159806312168057,0.4570999295615514,0.989,False
CLIP,0,4,h0->h4,0.1,42,1400,3000,300,0.9038795555555555,0.3663619639498426,0.2861861869095748,0.3212131051050962,0.3228845338716578,0.7269131214365184,0.443391548352688,0.443391548352688,0.706276745549814,0.4452844428983902,0.9843333333333332,False
CLIP,0,4,h0->h4,0.1,123,1400,3000,300,0.9105146666666668,0.3630043955170761,0.2894353490333647,0.3291599996191108,0.3279558616671167,0.7461444918989623,0.4456002946707793,0.4456002946707791,0.6199069738833223,0.4565493858081821,0.9863333333333332,False
CLIP,0,4,h0->h4,0.1,456,1400,3000,300,0.9002866666666665,0.3621312007199782,0.2995611001640982,0.3341161930957222,0.3356713637712452,0.7301458693534185,0.4530763987891505,0.4530763987891505,0.6939880425992062,0.4560556700430346,0.9863333333333332,False
CLIP,0,4,h0->h4,0.25,42,3500,3000,750,0.9160977777777778,0.3918464536671058,0.3103319013865735,0.356613487551945,0.3572187445555992,0.9464598707977604,0.4344224838578736,0.4344224838578736,1.0002054431265064,0.4308424612032674,0.972,False
CLIP,0,4,h0->h4,0.25,123,3500,3000,750,0.9181271111111112,0.4117816574196031,0.2895895098567447,0.3365463940052011,0.3377825334888785,0.9503363328970524,0.4180458796623078,0.4180458796623079,0.8709216189562028,0.4237443685394427,0.962,False
CLIP,0,4,h0->h4,0.25,456,3500,3000,750,0.9268426666666668,0.3859204389448741,0.3108098559645396,0.3595751786597079,0.3605709059123286,0.954244345554829,0.436229065576939,0.4362290655769389,0.8893080788234263,0.4404582591757653,0.9753333333333334,False
CLIP,0,4,h0->h4,0.5,42,7000,3000,1500,0.9298880000000004,0.4268509409056987,0.3066497601979864,0.3611410754343461,0.361141075434346,1.0649899277652914,0.4190142652539199,0.4190142652539199,1.0474231080329026,0.4199995418844715,0.9546666666666668,False
CLIP,0,4,h0->h4,0.5,123,7000,3000,1500,0.932772,0.4463604394283847,0.2893638503704401,0.3455617844901685,0.3459059394290438,1.080149618841975,0.4035050050900423,0.4035050050900423,1.0826440553473191,0.4033587465094398,0.9443333333333334,False
CLIP,0,4,h0->h4,0.5,456,7000,3000,1500,0.9369448888888888,0.4158897445719549,0.312261735733979,0.3676402000430034,0.3676402000430034,1.0908378278089246,0.423037596454151,0.423037596454151,1.0790826402344549,0.4236912359308004,0.9603333333333334,False
CLIP,0,4,h0->h4,1.0,42,14000,3000,3000,0.9389328888888888,0.4592408268779291,0.3010629874271869,0.3609657397285254,0.3609657397285254,1.1772898861842764,0.4032417371468877,0.4032417371468876,1.1772898861842764,0.4032417371468877,0.9373333333333334,False
CLIP,0,4,h0->h4,1.0,123,14000,3000,3000,0.9389328888888888,0.4592408268779291,0.3010629874271869,0.3609657397285254,0.3609657397285254,1.1772898861842764,0.4032417371468877,0.4032417371468876,1.1772898861842764,0.4032417371468877,0.9373333333333334,False
CLIP,0,4,h0->h4,1.0,456,14000,3000,3000,0.9389328888888888,0.4592408268779291,0.3010629874271869,0.3609657397285254,0.3609657397285254,1.1772898861842764,0.4032417371468877,0.4032417371468876,1.1772898861842764,0.4032417371468877,0.9373333333333334,False
CLIP,1,0,h1->h0,0.01,42,140,3000,30,0.8680422222222223,0.7684609049899886,0.1951865366953581,0.1870287921959595,0.1875469914124664,0.4077324807476736,0.0795175503562269,0.0759609337464084,0.3983010311717537,0.0801394276710494,0.6176666666666667,False
CLIP,1,0,h1->h0,0.01,123,140,3000,30,0.9113351111111112,0.8356644572665921,0.1988518789758324,0.235950617222013,0.2661722869601927,0.2649667825428228,0.0257657241037612,0.0299038569238684,0.3265682210715613,0.0407282797330719,0.5036666666666667,False
CLIP,1,0,h1->h0,0.01,456,140,3000,30,0.8562071111111111,0.7624450452306638,0.1995336693158142,0.1792766236667776,0.1809416790500903,0.3474604765641637,0.0502762564393345,0.0486805431909688,0.4165451031348957,0.0335338119892189,0.5483333333333333,False
CLIP,1,0,h1->h0,0.05,42,700,3000,150,0.9180044444444444,0.8439333421963782,0.1422977114702698,0.1611723221912399,0.1602722088779779,0.6734213192094113,0.0337349111023742,0.0348643758663381,0.8358625563748917,0.0394704861255449,0.5206666666666667,False
CLIP,1,0,h1->h0,0.05,123,700,3000,150,0.9092306666666666,0.8289967889397034,0.1482206861805649,0.1531835908155656,0.1560826670506253,0.6658079590141182,0.0310683087166189,0.0279226214085423,0.4943272614543248,0.0502207001883779,0.5043333333333333,False
CLIP,1,0,h1->h0,0.05,456,700,3000,150,0.9022057777777778,0.811487098920387,0.1486998940700536,0.1361148251504008,0.1371792839013918,0.7564509869005432,0.0553079408293698,0.0533109157232541,0.7177683380998878,0.0565889456328203,0.567,False
CLIP,1,0,h1->h0,0.1,42,1400,3000,300,0.9225386666666668,0.8506571087216248,0.1269514406142416,0.1221677217329291,0.1228037905844614,0.8426610468333561,0.0349295078079026,0.030993949697588,0.9254043666194078,0.0345443834288041,0.508,False
CLIP,1,0,h1->h0,0.1,123,1400,3000,300,0.9242404444444444,0.8513327386642879,0.1281612781920821,0.1302906027722134,0.1316471006695987,0.8134334833587875,0.0277252009681222,0.0290140685107056,0.840815478023709,0.0294116669525885,0.502,False
CLIP,1,0,h1->h0,0.1,456,1400,3000,300,0.9211124444444446,0.8421750700007508,0.1290424323313347,0.119170197937041,0.1226049639541402,0.8539612523566672,0.041486040601463,0.0419834957539422,0.8095568048321717,0.0445721146325983,0.5316666666666666,False
CLIP,1,0,h1->h0,0.25,42,3500,3000,750,0.9327022222222224,0.8616640690252961,0.1100517674082047,0.0909755362249117,0.0880826818705237,1.06380819619836,0.0318098746533604,0.032508656789782,1.106501712096041,0.0326254360111859,0.5043333333333333,False
CLIP,1,0,h1->h0,0.25,123,3500,3000,750,0.9384324444444444,0.8719953918341061,0.1061883197408265,0.099798932878819,0.1001495609860212,1.044478274272527,0.0326406195536273,0.02989895128942,1.0698638463579486,0.0303773347137196,0.506,False
CLIP,1,0,h1->h0,0.25,456,3500,3000,750,0.9343031111111112,0.8636659244033662,0.1096555189619764,0.091773546280321,0.093386844442563,1.0476793925899313,0.034875862300686,0.0270970188777988,1.0422655052995446,0.0337827786982602,0.5023333333333333,False
CLIP,1,0,h1->h0,0.5,42,7000,3000,1500,0.9408164444444445,0.8736382352696024,0.0984769313523693,0.0681245209139112,0.0669843239023823,1.2312475192302537,0.0302198581177596,0.0268082207574169,1.2927713468737947,0.0311716745467321,0.515,False
CLIP,1,0,h1->h0,0.5,123,7000,3000,1500,0.941788,0.8759567778283632,0.0983336075884422,0.0725564770107957,0.0723007746342196,1.1876734808945035,0.0336648847263189,0.0282045375568378,1.216454392617313,0.0337232749312112,0.5186666666666667,False
CLIP,1,0,h1->h0,0.5,456,7000,3000,1500,0.9419937777777776,0.8733150907063951,0.0980627993763091,0.0725999240758221,0.0722888721214233,1.2044774427296563,0.0303240776503125,0.029052916843257,1.2063688712096523,0.0297825304493084,0.512,False
CLIP,1,0,h1->h0,1.0,42,14000,3000,3000,0.9487888888888888,0.8842020828274358,0.0899412142812863,0.0554775558508625,0.0536059623228896,1.2825411962124134,0.0311416051614298,0.0270071798773845,1.2825411962124134,0.0311416051614298,0.5336666666666666,False
CLIP,1,0,h1->h0,1.0,123,14000,3000,3000,0.9487888888888888,0.8842020828274358,0.0899412142812863,0.0554775558508625,0.0536059623228896,1.2825411962124134,0.0311416051614298,0.0270071798773845,1.2825411962124134,0.0311416051614298,0.5336666666666666,False
CLIP,1,0,h1->h0,1.0,456,14000,3000,3000,0.9487888888888888,0.8842020828274358,0.0899412142812863,0.0554775558508625,0.0536059623228896,1.2825411962124134,0.0311416051614298,0.0270071798773845,1.2825411962124134,0.0311416051614298,0.5336666666666666,False
CLIP,1,2,h1->h2,0.01,42,140,3000,30,0.567704,0.5414786039436977,0.2425566632682073,0.0885803645731262,0.1025477916179249,0.4077324807476736,0.2389434546409379,0.2402995036981513,0.3983010311717537,0.2443569594511104,0.682,False
CLIP,1,2,h1->h2,0.01,123,140,3000,30,0.8094191111111111,0.7331709827001407,0.2197913215229786,0.1559383768866415,0.1800860579433686,0.2649667825428228,0.0539262085260761,0.0533665786780371,0.3265682210715613,0.0418434914695422,0.5246666666666666,False
CLIP,1,2,h1->h2,0.01,456,140,3000,30,0.5094204444444445,0.4826583892008939,0.2517227298476656,0.1184974489776972,0.1188533565872128,0.3474604765641637,0.2802080757933083,0.2818332916922399,0.4165451031348957,0.2541224308239632,0.504,False
CLIP,1,2,h1->h2,0.05,42,700,3000,150,0.7189955555555556,0.6382738077128882,0.2154143339561698,0.0595895995948869,0.0583321814993121,0.6734213192094113,0.1429479691759788,0.1438874204999762,0.8358625563748917,0.1110415760537198,0.5813333333333334,False
CLIP,1,2,h1->h2,0.05,123,700,3000,150,0.6937373333333333,0.6233273065702385,0.2214157409070542,0.0494249434605406,0.058014692831461,0.6658079590141182,0.1519174330648257,0.1530120353414906,0.4943272614543248,0.193542547156555,0.504,False
CLIP,1,2,h1->h2,0.05,456,700,3000,150,0.6364537777777778,0.583556401203843,0.234706177100472,0.0663473813925997,0.072788079155911,0.7564509869005432,0.2066010381186894,0.2071290729722878,0.7177683380998878,0.2155651426543257,0.6306666666666667,False
CLIP,1,2,h1->h2,0.1,42,1400,3000,300,0.7240426666666666,0.6491511137198829,0.2124831070548909,0.0490606094451577,0.0533564323822921,0.8426610468333561,0.1337105048709089,0.1294051088542108,0.9254043666194078,0.1173406763660738,0.5383333333333333,False
CLIP,1,2,h1->h2,0.1,123,1400,3000,300,0.7255151111111111,0.6508360869408139,0.2122133910691426,0.0550881123092311,0.0536060284551243,0.8134334833587875,0.1249616871233222,0.1257034705369148,0.840815478023709,0.1200956692277952,0.5216666666666666,False
CLIP,1,2,h1->h2,0.1,456,1400,3000,300,0.7061373333333333,0.6282471439779833,0.2178338895208137,0.0457551923157858,0.0509114695438357,0.8539612523566672,0.1557898460204607,0.1529635880817464,0.8095568048321717,0.1640404565984387,0.5686666666666667,False
CLIP,1,2,h1->h2,0.25,42,3500,3000,750,0.7558542222222222,0.6798051792401688,0.2014874405402245,0.058994128209229,0.0617067855126609,1.06380819619836,0.1115816118824439,0.1118258548369263,1.106501712096041,0.1063441781300518,0.5246666666666666,False
CLIP,1,2,h1->h2,0.25,123,3500,3000,750,0.785287111111111,0.7112253958034982,0.1896563538884605,0.0556217228586286,0.0567941028660744,1.044478274272527,0.0802631517278292,0.0817614521872377,1.0698638463579486,0.0750896859630729,0.5193333333333333,False
CLIP,1,2,h1->h2,0.25,456,3500,3000,750,0.7656146666666668,0.6912179174527012,0.1974509311745115,0.0542887788642986,0.054467692182779,1.0476793925899313,0.0964843374771511,0.0962701855668613,1.0422655052995446,0.0977290180242854,0.5193333333333333,False
CLIP,1,2,h1->h2,0.5,42,7000,3000,1500,0.7853897777777779,0.7133251790273145,0.189092458810989,0.0530844204445929,0.0560509862565533,1.2312475192302537,0.0879735897832817,0.0881864472201648,1.2927713468737947,0.0816191114992237,0.5053333333333333,False
CLIP,1,2,h1->h2,0.5,123,7000,3000,1500,0.7954906666666666,0.7246812561840912,0.1845822595323035,0.0468015080253748,0.0459077361395884,1.1876734808945035,0.070925554719095,0.0729706841262995,1.216454392617313,0.0669341523442238,0.5486666666666666,False
CLIP,1,2,h1->h2,0.5,456,7000,3000,1500,0.7938626666666666,0.716612041885341,0.1854028828609857,0.0444911686785686,0.0500342882945705,1.2044774427296563,0.0756616699421742,0.0774700274916719,1.2063688712096523,0.0754352309651523,0.537,False
CLIP,1,2,h1->h2,1.0,42,14000,3000,3000,0.8169204444444444,0.7456718257521147,0.1745239373063559,0.0411296749761944,0.0437644205412273,1.2825411962124134,0.0641169943694228,0.0639084150656527,1.2825411962124134,0.0641169943694228,0.551,False
CLIP,1,2,h1->h2,1.0,123,14000,3000,3000,0.8169204444444444,0.7456718257521147,0.1745239373063559,0.0411296749761944,0.0437644205412273,1.2825411962124134,0.0641169943694228,0.0639084150656527,1.2825411962124134,0.0641169943694228,0.551,False
CLIP,1,2,h1->h2,1.0,456,14000,3000,3000,0.8169204444444444,0.7456718257521147,0.1745239373063559,0.0411296749761944,0.0437644205412273,1.2825411962124134,0.0641169943694228,0.0639084150656527,1.2825411962124134,0.0641169943694228,0.551,False
CLIP,1,3,h1->h3,0.01,42,140,3000,30,0.9320795555555556,0.8104778911325015,0.1780897696427731,0.2461808699516059,0.2565697485064588,0.4077324807476736,0.1125454728488938,0.1128948105963491,0.3983010311717537,0.1133264523176108,0.6486666666666666,False
CLIP,1,3,h1->h3,0.01,123,140,3000,30,0.9461075555555556,0.8689970341641476,0.1833126913308542,0.2980111697512082,0.2982462321941145,0.2649667825428228,0.0488059282712648,0.0537058750194992,0.3265682210715613,0.0640679604148186,0.5506666666666666,False
CLIP,1,3,h1->h3,0.01,456,140,3000,30,0.9351084444444444,0.8363165900392064,0.1819813321324691,0.2719833614156893,0.2736203945670695,0.3474604765641637,0.0806269254134796,0.0861557807826743,0.4165451031348957,0.0887289207011796,0.611,False
CLIP,1,3,h1->h3,0.05,42,700,3000,150,0.9558031111111112,0.860753067542815,0.1183896791037969,0.1919035361218913,0.1948023195727496,0.6734213192094113,0.0770278989246662,0.0791865443713373,0.8358625563748917,0.0779445293955897,0.581,False
CLIP,1,3,h1->h3,0.05,123,700,3000,150,0.9532115555555556,0.8629362539640411,0.1224060191752726,0.1965620056978212,0.196162006227199,0.6658079590141182,0.059816506484344,0.063675733602748,0.4943272614543248,0.0747003458946477,0.573,False
CLIP,1,3,h1->h3,0.05,456,700,3000,150,0.9426266666666668,0.8455467493647731,0.1265146475649413,0.1723255623710943,0.1731337365267422,0.7564509869005432,0.0712263840057252,0.0755052011178597,0.7177683380998878,0.0731192142366942,0.597,False
CLIP,1,3,h1->h3,0.1,42,1400,3000,300,0.9607293333333332,0.8706752716377693,0.1015668190574811,0.1559675811841895,0.1550378473175425,0.8426610468333561,0.0734395985109078,0.0748586022158424,0.9254043666194078,0.0704489286371772,0.5713333333333334,False
CLIP,1,3,h1->h3,0.1,123,1400,3000,300,0.9592515555555556,0.8762309445831302,0.10360793639983,0.158627556432416,0.1598407884433977,0.8134334833587875,0.0596478029661771,0.0619652648129679,0.840815478023709,0.0584107118578521,0.5593333333333333,False
CLIP,1,3,h1->h3,0.1,456,1400,3000,300,0.9552768888888888,0.8635241681261533,0.1064730625516105,0.1542595572614823,0.1531238584304003,0.8539612523566672,0.0667315000410332,0.0692270812209854,0.8095568048321717,0.0685614879014858,0.577,False
CLIP,1,3,h1->h3,0.25,42,3500,3000,750,0.9620604444444444,0.8778888351252822,0.089624189135536,0.1101865794916313,0.1117557001889041,1.06380819619836,0.0635732255167578,0.0670076008723949,1.106501712096041,0.0620041738911115,0.5603333333333333,False
CLIP,1,3,h1->h3,0.25,123,3500,3000,750,0.9634826666666668,0.8819763116761536,0.0879974590097042,0.112242368512994,0.1133564611520753,1.044478274272527,0.0620316267779101,0.064282192970532,1.0698638463579486,0.0611939359843706,0.555,False
CLIP,1,3,h1->h3,0.25,456,3500,3000,750,0.9624582222222222,0.8840237411534679,0.0884222131323727,0.1102262367024649,0.1106951402559985,1.0476793925899313,0.057064359417512,0.0586248681907132,1.0422655052995446,0.0572015131986904,0.5516666666666666,False
CLIP,1,3,h1->h3,0.5,42,7000,3000,1500,0.9645217777777778,0.8874775163716875,0.0813862042263191,0.0825512291076421,0.0809190771354977,1.2312475192302537,0.053742879781215,0.054777513051952,1.2927713468737947,0.0520333136105632,0.541,False
CLIP,1,3,h1->h3,0.5,123,7000,3000,1500,0.9650826666666664,0.8935460069796888,0.0804551124273615,0.0849051376248879,0.0826621881676785,1.1876734808945035,0.0478205145987549,0.0492697606049208,1.216454392617313,0.0474723583080557,0.5336666666666666,False
CLIP,1,3,h1->h3,0.5,456,7000,3000,1500,0.9656035555555555,0.8924946581196581,0.0807092231147816,0.0831574790562072,0.0822073102653987,1.2044774427296563,0.0525964028411083,0.0540883552948766,1.2063688712096523,0.0525963955849796,0.54,False
CLIP,1,3,h1->h3,1.0,42,14000,3000,3000,0.9665631111111112,0.9039774240254708,0.0747712884906108,0.0612686619058235,0.061222643979138,1.2825411962124134,0.0344557794909523,0.037194447428481,1.2825411962124134,0.0344557794909523,0.5153333333333333,False
CLIP,1,3,h1->h3,1.0,123,14000,3000,3000,0.9665631111111112,0.9039774240254708,0.0747712884906108,0.0612686619058235,0.061222643979138,1.2825411962124134,0.0344557794909523,0.037194447428481,1.2825411962124134,0.0344557794909523,0.5153333333333333,False
CLIP,1,3,h1->h3,1.0,456,14000,3000,3000,0.9665631111111112,0.9039774240254708,0.0747712884906108,0.0612686619058235,0.061222643979138,1.2825411962124134,0.0344557794909523,0.037194447428481,1.2825411962124134,0.0344557794909523,0.5153333333333333,False
CLIP,1,4,h1->h4,0.01,42,140,3000,30,0.6052093333333334,0.4145720283581802,0.2486518742240068,0.077169839269131,0.0753923267867291,0.4077324807476736,0.2725228195216388,0.2697782196627609,0.3983010311717537,0.2763982389838383,0.933,False
CLIP,1,4,h1->h4,0.01,123,140,3000,30,0.5057715555555556,0.3647376492655056,0.2543517712613671,0.1010381787477483,0.121767508638095,0.2649667825428228,0.3682810963193271,0.3655462126847831,0.3265682210715613,0.3346607138442398,0.9743333333333334,False
CLIP,1,4,h1->h4,0.01,456,140,3000,30,0.5492555555555556,0.3442427101355129,0.2630319181723827,0.1226870664362013,0.1221470425610108,0.3474604765641637,0.4216998893870787,0.4200930737704451,0.4165451031348957,0.394636672993314,0.991,True
CLIP,1,4,h1->h4,0.05,42,700,3000,150,0.6109706666666667,0.3909924889073632,0.276612232416901,0.1982276707956232,0.1979323042175519,0.6734213192094113,0.3812278316740419,0.3803599496474775,0.8358625563748917,0.3491529419618122,0.9673333333333334,False
CLIP,1,4,h1->h4,0.05,123,700,3000,150,0.5607813333333334,0.3712798562793605,0.2904429341711613,0.2147325912588809,0.2143839666198141,0.6658079590141182,0.4055501361016964,0.4047457253512774,0.4943272614543248,0.4373788920347066,0.9786666666666668,False
CLIP,1,4,h1->h4,0.05,456,700,3000,150,0.675252,0.3676582651579416,0.2726354803415258,0.2041175219261387,0.2024986583263942,0.7564509869005432,0.3750012189723728,0.374036877181455,0.7177683380998878,0.3827930740641002,0.9766666666666668,False
CLIP,1,4,h1->h4,0.1,42,1400,3000,300,0.6285613333333333,0.3969631507808204,0.2962430374295369,0.2514038078244937,0.2511732987929482,0.8426610468333561,0.3936977756240304,0.3932544268506105,0.9254043666194078,0.3812895840333476,0.9673333333333334,False
CLIP,1,4,h1->h4,0.1,123,1400,3000,300,0.5968128888888888,0.3848444928117304,0.3039240513923548,0.2557758413645453,0.2555173270975446,0.8134334833587875,0.4057394877646613,0.40515234694738,0.840815478023709,0.4016412269973292,0.9733333333333334,False
CLIP,1,4,h1->h4,0.1,456,1400,3000,300,0.6744262222222223,0.3871458001382521,0.2887580341957724,0.2475932638408151,0.2467843774119332,0.8539612523566672,0.3906163029206445,0.3901413117112078,0.8095568048321717,0.3972972165674583,0.9696666666666668,False
CLIP,1,4,h1->h4,0.25,42,3500,3000,750,0.641588,0.4456943133752031,0.3028859931032712,0.2715411512601939,0.2715411512601939,1.06380819619836,0.3674234664503816,0.3674234664503816,1.106501712096041,0.3625578882637647,0.9406666666666668,False
CLIP,1,4,h1->h4,0.25,123,3500,3000,750,0.638759111111111,0.4294554897201599,0.3107855094390523,0.2850548855224832,0.2850548855224833,1.044478274272527,0.3838323699170901,0.3838323699170901,1.0698638463579486,0.3809843039927119,0.9506666666666668,False
CLIP,1,4,h1->h4,0.25,456,3500,3000,750,0.6514017777777779,0.4147164835164835,0.309997562301942,0.2865729669243139,0.286572966924314,1.0476793925899313,0.3864909943806141,0.3864909943806142,1.0422655052995446,0.3871089762605538,0.9583333333333334,False
CLIP,1,4,h1->h4,0.5,42,7000,3000,1500,0.6623124444444445,0.4714062548359404,0.3035802197110268,0.2825777106220016,0.2825777106220016,1.2312475192302537,0.3511886935000883,0.3511886935000883,1.2927713468737947,0.3453040180728459,0.926,False
CLIP,1,4,h1->h4,0.5,123,7000,3000,1500,0.6508391111111111,0.4428280090608953,0.3214642758124213,0.3097851193938379,0.3097851193938379,1.1876734808945035,0.383175592850472,0.3831755928504718,1.216454392617313,0.3805068812949275,0.944,False
CLIP,1,4,h1->h4,0.5,456,7000,3000,1500,0.653672888888889,0.4562925568288064,0.311033634242741,0.2917205956059089,0.2917205956059089,1.2044774427296563,0.3641002600409919,0.364100260040992,1.2063688712096523,0.3639167466751964,0.9353333333333332,False
CLIP,1,4,h1->h4,1.0,42,14000,3000,3000,0.669619111111111,0.4969223484848485,0.2999093117792843,0.2808270482029582,0.2808270482029582,1.2825411962124134,0.3388290202451066,0.3388290202451064,1.2825411962124134,0.3388290202451066,0.908,False
CLIP,1,4,h1->h4,1.0,123,14000,3000,3000,0.669619111111111,0.4969223484848485,0.2999093117792843,0.2808270482029582,0.2808270482029582,1.2825411962124134,0.3388290202451066,0.3388290202451064,1.2825411962124134,0.3388290202451066,0.908,False
CLIP,1,4,h1->h4,1.0,456,14000,3000,3000,0.669619111111111,0.4969223484848485,0.2999093117792843,0.2808270482029582,0.2808270482029582,1.2825411962124134,0.3388290202451066,0.3388290202451064,1.2825411962124134,0.3388290202451066,0.908,False
CLIP,2,0,h2->h0,0.01,42,140,3000,30,0.8237177777777778,0.7203472635586653,0.2141853403242781,0.1788049261936715,0.1888909100859092,0.2754374716411964,0.0827099607424928,0.090258840808713,0.524436563054584,0.0824783915244995,0.6033333333333334,False
CLIP,2,0,h2->h0,0.01,123,140,3000,30,0.712235111111111,0.6462324202412613,0.2239898411956012,0.0919024921095798,0.0935393632472924,0.310944698015523,0.1202553274523478,0.1191498335181183,0.170226896211602,0.2031551861834497,0.6076666666666667,False
CLIP,2,0,h2->h0,0.01,456,140,3000,30,0.7662000000000001,0.6918535817966558,0.2199858181816167,0.1260262822745532,0.140243095406943,0.2570844919297938,0.0974041693734,0.093031730215356,0.2338234064318415,0.1084912011381914,0.616,False
CLIP,2,0,h2->h0,0.05,42,700,3000,150,0.8354244444444444,0.7397086789200609,0.1842085734620306,0.1264080468577302,0.126860276275883,0.6687765621195966,0.0625345839183019,0.0637896593191236,0.7939337344018691,0.0579933775227741,0.5606666666666666,False
CLIP,2,0,h2->h0,0.05,123,700,3000,150,0.8603857777777778,0.7678516135206168,0.1790245593342005,0.1557232562093796,0.1581765770733734,0.6011775589008677,0.0676085567634851,0.0687020349141435,0.6576850067672793,0.0573744093799605,0.5703333333333334,False
CLIP,2,0,h2->h0,0.05,456,700,3000,150,0.8414497777777777,0.7558085539062624,0.1835994572565594,0.1376243214809632,0.1371844602228792,0.6174197626771114,0.0497600351386231,0.0497149076200099,0.5528463877186651,0.0541531321585013,0.528,False
CLIP,2,0,h2->h0,0.1,42,1400,3000,300,0.8887564444444445,0.7982492855916867,0.1592113543819464,0.1483945187086473,0.1578945173316768,0.7714324928554585,0.0641830904231728,0.0656346774802439,0.8745812914458465,0.0691840679091577,0.561,False
CLIP,2,0,h2->h0,0.1,123,1400,3000,300,0.8921888888888889,0.8009682192485847,0.1572987934191386,0.1589714657778121,0.1580406965544784,0.767327501965362,0.0710161720653036,0.071319826451619,0.9073354674130978,0.072161358951935,0.572,False
CLIP,2,0,h2->h0,0.1,456,1400,3000,300,0.8977737777777778,0.8199074724614068,0.1546366654001554,0.1599681534786395,0.16198266789035,0.7819671900183321,0.053462959587797,0.0505463317201358,0.756667989879829,0.0507968902781282,0.5226666666666666,False
CLIP,2,0,h2->h0,0.25,42,3500,3000,750,0.9228462222222222,0.837866370465426,0.129125420717624,0.1430255525439054,0.1406604260471114,0.9868449289504468,0.0605336460914922,0.0582933317143934,0.9715154179843448,0.0589180283253401,0.5536666666666666,False
CLIP,2,0,h2->h0,0.25,123,3500,3000,750,0.9220088888888888,0.8402234821119381,0.1292573644178685,0.1390039013454693,0.1371682058036024,0.9952831879568738,0.0557310322271649,0.0580545295233319,1.0228539322797037,0.0556504075750305,0.5526666666666666,False
CLIP,2,0,h2->h0,0.25,456,3500,3000,750,0.9185595555555556,0.843144828273623,0.1302796601918234,0.1372885947933345,0.1353813847418837,1.0013350465504696,0.0550426381095268,0.0564958554129398,1.0364808201662776,0.0566388666367592,0.5346666666666666,False
CLIP,2,0,h2->h0,0.5,42,7000,3000,1500,0.9324573333333334,0.8570565949010618,0.115045496291456,0.1195042469787465,0.1121040782118208,1.1542587147375405,0.0526179217440703,0.0528516637330746,1.154962455947161,0.0525885555219051,0.544,False
CLIP,2,0,h2->h0,0.5,123,7000,3000,1500,0.9354262222222224,0.8608484639772713,0.1117257005825956,0.1148167265436001,0.1131666553645244,1.1418441271713349,0.0518849734618587,0.0519350685576804,1.160590789976012,0.0510731236760761,0.533,False
CLIP,2,0,h2->h0,0.5,456,7000,3000,1500,0.931514222222222,0.84939676894292,0.1155116657838258,0.1181207413778829,0.1123165086274007,1.1639156121705758,0.0582444565448918,0.0557575512192795,1.1632776953533197,0.0583062748496074,0.5423333333333333,False
CLIP,2,0,h2->h0,1.0,42,14000,3000,3000,0.9402248888888888,0.8607659475578446,0.1041917085961909,0.0923210001380147,0.0924989420764708,1.3084738489306371,0.0510657144813893,0.0551034081715073,1.3084738489306371,0.0510657144813893,0.541,False
CLIP,2,0,h2->h0,1.0,123,14000,3000,3000,0.9402248888888888,0.8607659475578446,0.1041917085961909,0.0923210001380147,0.0924989420764708,1.3084738489306371,0.0510657144813893,0.0551034081715073,1.3084738489306371,0.0510657144813893,0.541,False
CLIP,2,0,h2->h0,1.0,456,14000,3000,3000,0.9402248888888888,0.8607659475578446,0.1041917085961909,0.0923210001380147,0.0924989420764708,1.3084738489306371,0.0510657144813893,0.0551034081715073,1.3084738489306371,0.0510657144813893,0.541,False
CLIP,2,1,h2->h1,0.01,42,140,3000,30,0.7154386666666666,0.6647947979360984,0.2306533964731622,0.0865310370776716,0.1188827401179331,0.2754374716411964,0.0816705297561223,0.0841672068510546,0.524436563054584,0.073123229290898,0.551,False
CLIP,2,1,h2->h1,0.01,123,140,3000,30,0.5896848888888888,0.5524724644861927,0.2411078720997735,0.0384822874268457,0.039929234706759,0.310944698015523,0.1745891058121264,0.1761262336303438,0.170226896211602,0.2623445908344665,0.5343333333333333,False
CLIP,2,1,h2->h1,0.01,456,140,3000,30,0.6237795555555555,0.5787623630685386,0.2378497120330572,0.0396996459158621,0.045510320932432,0.2570844919297938,0.167217892345072,0.1663938549387984,0.2338234064318415,0.1813347112820986,0.5463333333333333,False
CLIP,2,1,h2->h1,0.05,42,700,3000,150,0.67908,0.6176741559252804,0.2287610901308903,0.0655598643256839,0.0640273687179364,0.6687765621195966,0.1244520857129392,0.125959831980793,0.7939337344018691,0.1092719693514305,0.6616666666666666,False
CLIP,2,1,h2->h1,0.05,123,700,3000,150,0.7176244444444444,0.6525690550287842,0.2210936691439735,0.0733239851963453,0.0733229602659625,0.6011775589008677,0.1181178445064131,0.1154805368380852,0.6576850067672793,0.1091683157415211,0.6526666666666666,False
CLIP,2,1,h2->h1,0.05,456,700,3000,150,0.6964097777777778,0.6207584123743526,0.2248012747788953,0.0626550362594007,0.067114733318288,0.6174197626771114,0.1329845632595307,0.1308255802490052,0.5528463877186651,0.1456931087471999,0.6643333333333333,False
CLIP,2,1,h2->h1,0.1,42,1400,3000,300,0.7424106666666668,0.6650524676701198,0.213871335907865,0.0773832007599676,0.0860511654063518,0.7714324928554585,0.1232101505592071,0.1241460399615495,0.8745812914458465,0.1165025861046158,0.6723333333333333,False
CLIP,2,1,h2->h1,0.1,123,1400,3000,300,0.7600391111111111,0.6754211923458144,0.2093975735259482,0.0865704505519392,0.0856126493439084,0.767327501965362,0.1273052797205192,0.1274631638952668,0.9073354674130978,0.1181999897433136,0.6776666666666666,False
CLIP,2,1,h2->h1,0.1,456,1400,3000,300,0.7821795555555556,0.6801263396877866,0.2053629291057788,0.094504754045388,0.1002350089040375,0.7819671900183321,0.148498850223449,0.1479243923828143,0.756667989879829,0.150236055866523,0.698,False
CLIP,2,1,h2->h1,0.25,42,3500,3000,750,0.8109048888888889,0.6868829799897164,0.1959982448197005,0.1094919266752392,0.1133293954691423,0.9868449289504468,0.1596444004035179,0.1596444004035179,0.9715154179843448,0.1606522865993972,0.7123333333333334,False
CLIP,2,1,h2->h1,0.25,123,3500,3000,750,0.8111657777777778,0.695500438735716,0.1939328789423843,0.1025144374504679,0.1048213685854145,0.9952831879568738,0.148053478808836,0.148053478808836,1.0228539322797037,0.1464163453159384,0.6943333333333334,False
CLIP,2,1,h2->h1,0.25,456,3500,3000,750,0.8007048888888889,0.6872764655770468,0.1983490341446605,0.1077148400649025,0.1067084005584414,1.0013350465504696,0.15541866532513,0.15541866532513,1.0364808201662776,0.1531913052990858,0.7043333333333334,False
CLIP,2,1,h2->h1,0.5,42,7000,3000,1500,0.8216391111111112,0.6823473210881248,0.1945491868764869,0.1305071215229854,0.1301278254667012,1.1542587147375405,0.1716626557668122,0.1716626557668121,1.154962455947161,0.1716218100613604,0.7243333333333334,False
CLIP,2,1,h2->h1,0.5,123,7000,3000,1500,0.832864,0.6904689710935921,0.1910079263134443,0.1335378261796391,0.1350818736108154,1.1418441271713349,0.1750326689454085,0.1750326689454085,1.160590789976012,0.1739469523749988,0.724,False
CLIP,2,1,h2->h1,0.5,456,7000,3000,1500,0.8205031111111111,0.6931338703490602,0.1925824083199322,0.123044545999334,0.1229033394154923,1.1639156121705758,0.1620271729129506,0.1620271729129506,1.1632776953533197,0.1620626886882479,0.71,False
CLIP,2,1,h2->h1,1.0,42,14000,3000,3000,0.8287613333333335,0.684956257388045,0.1944904281688705,0.1442315971829627,0.1442315971829627,1.3084738489306371,0.1758494846312087,0.1758494846312087,1.3084738489306371,0.1758494846312087,0.7256666666666667,False
CLIP,2,1,h2->h1,1.0,123,14000,3000,3000,0.8287613333333335,0.684956257388045,0.1944904281688705,0.1442315971829627,0.1442315971829627,1.3084738489306371,0.1758494846312087,0.1758494846312087,1.3084738489306371,0.1758494846312087,0.7256666666666667,False
CLIP,2,1,h2->h1,1.0,456,14000,3000,3000,0.8287613333333335,0.684956257388045,0.1944904281688705,0.1442315971829627,0.1442315971829627,1.3084738489306371,0.1758494846312087,0.1758494846312087,1.3084738489306371,0.1758494846312087,0.7256666666666667,False
CLIP,2,3,h2->h3,0.01,42,140,3000,30,0.768604888888889,0.6988895370190334,0.2247447108594482,0.135616225937781,0.1466608875860052,0.2754374716411964,0.1047118799923747,0.1047428791819289,0.524436563054584,0.0834580832872183,0.612,False
CLIP,2,3,h2->h3,0.01,123,140,3000,30,0.6588839999999999,0.6038304635094425,0.2346882165085594,0.0667998542411458,0.0688900987609489,0.310944698015523,0.1364097843694535,0.1383203910687531,0.170226896211602,0.2194077803576947,0.5543333333333333,False
CLIP,2,3,h2->h3,0.01,456,140,3000,30,0.7029324444444445,0.6366107263327538,0.2315528473127439,0.0973753177199874,0.1009238813602551,0.2570844919297938,0.1465176961849463,0.1485272228689042,0.2338234064318415,0.1565977731419299,0.614,False
CLIP,2,3,h2->h3,0.05,42,700,3000,150,0.7778982222222222,0.7022445317633623,0.2074576034144439,0.095694401149788,0.0956739968712386,0.6687765621195966,0.1269284146042665,0.1269284146042665,0.7939337344018691,0.1207967313624113,0.643,False
CLIP,2,3,h2->h3,0.05,123,700,3000,150,0.7997080000000001,0.7280280139028926,0.2005178565296149,0.1106148618027231,0.109655839058693,0.6011775589008677,0.1036176561097008,0.1025005550174995,0.6576850067672793,0.100414081495098,0.6156666666666667,False
CLIP,2,3,h2->h3,0.05,456,700,3000,150,0.7652035555555556,0.6761965260218372,0.2119447165865597,0.0899980986093735,0.0878609921938278,0.6174197626771114,0.1543615811362791,0.1543615811362791,0.5528463877186651,0.1586324837465889,0.674,False
CLIP,2,3,h2->h3,0.1,42,1400,3000,300,0.8242813333333333,0.7511273861594276,0.1870910383447981,0.107218050295143,0.1055698853346403,0.7714324928554585,0.1119435294954215,0.1119435294954215,0.8745812914458465,0.1082424482025002,0.63,False
CLIP,2,3,h2->h3,0.1,123,1400,3000,300,0.8347257777777778,0.7649452281854987,0.1815064605921315,0.1099833770059602,0.1087882388569248,0.767327501965362,0.0979521444026294,0.0979521444026294,0.9073354674130978,0.0937609359044349,0.614,False
CLIP,2,3,h2->h3,0.1,456,1400,3000,300,0.8300017777777778,0.7345687728183754,0.1882103201387356,0.1139685373115826,0.1169529894568965,0.7819671900183321,0.150568444934409,0.150568444934409,0.756667989879829,0.1518260083511202,0.6746666666666666,False
CLIP,2,3,h2->h3,0.25,42,3500,3000,750,0.8668600000000001,0.7912101271223015,0.1601655758438599,0.0988210915958429,0.0992327793591647,0.9868449289504468,0.1105362648389455,0.1105362648389455,0.9715154179843448,0.1109906132179019,0.6286666666666667,False
CLIP,2,3,h2->h3,0.25,123,3500,3000,750,0.8624453333333333,0.7884985703316821,0.1619658315515097,0.1010298693548692,0.10068491823077,0.9952831879568738,0.1075938039200042,0.1075938039200042,1.0228539322797037,0.106811831132271,0.6286666666666667,False
CLIP,2,3,h2->h3,0.25,456,3500,3000,750,0.8533328888888888,0.7698757055665496,0.1697513402452598,0.10768471304479,0.1126692798445139,1.0013350465504696,0.1325353829092033,0.1325353829092034,1.0364808201662776,0.1313188265781283,0.654,False
CLIP,2,3,h2->h3,0.5,42,7000,3000,1500,0.877016888888889,0.7951641499607114,0.1525019623929144,0.1033692097653082,0.1020085746408639,1.1542587147375405,0.1213299232145118,0.1213299232145118,1.154962455947161,0.121310851554742,0.6426666666666667,False
CLIP,2,3,h2->h3,0.5,123,7000,3000,1500,0.8801093333333332,0.8012112498093806,0.1509649919234965,0.1059286988197529,0.1060642129754708,1.1418441271713349,0.1246231317493057,0.1246231317493057,1.160590789976012,0.1241035593957442,0.644,False
CLIP,2,3,h2->h3,0.5,456,7000,3000,1500,0.868040888888889,0.7852100895344355,0.1584882076596747,0.1091750781333548,0.1098758878271128,1.1639156121705758,0.1286266959108891,0.1286266959108891,1.1632776953533197,0.1286449078897312,0.6493333333333333,False
CLIP,2,3,h2->h3,1.0,42,14000,3000,3000,0.8825053333333334,0.802007682918366,0.1468039730659017,0.1052851812934705,0.1068141615732535,1.3084738489306371,0.1219499636959958,0.1219499636959957,1.3084738489306371,0.1219499636959958,0.642,False
CLIP,2,3,h2->h3,1.0,123,14000,3000,3000,0.8825053333333334,0.802007682918366,0.1468039730659017,0.1052851812934705,0.1068141615732535,1.3084738489306371,0.1219499636959958,0.1219499636959957,1.3084738489306371,0.1219499636959958,0.642,False
CLIP,2,3,h2->h3,1.0,456,14000,3000,3000,0.8825053333333334,0.802007682918366,0.1468039730659017,0.1052851812934705,0.1068141615732535,1.3084738489306371,0.1219499636959958,0.1219499636959957,1.3084738489306371,0.1219499636959958,0.642,False
CLIP,2,4,h2->h4,0.01,42,140,3000,30,0.7294240000000001,0.6461823257407604,0.2226137326016284,0.0971079340112272,0.1065842623834278,0.2754374716411964,0.1473424036620387,0.1475554460491626,0.524436563054584,0.0704042110392049,0.6903333333333334,False
CLIP,2,4,h2->h4,0.01,123,140,3000,30,0.7488884444444445,0.666218445722351,0.2216795964357269,0.1090384379217935,0.1177434552210403,0.310944698015523,0.0879401669252949,0.0850495564643095,0.170226896211602,0.1715974292322163,0.646,False
CLIP,2,4,h2->h4,0.01,456,140,3000,30,0.8757084444444445,0.6412737407031326,0.2129240323318323,0.1853892696903593,0.2443916511206298,0.2570844919297938,0.2179965936490724,0.2187357530323846,0.2338234064318415,0.2279212259278628,0.7926666666666666,False
CLIP,2,4,h2->h4,0.05,42,700,3000,150,0.8405573333333334,0.7077515806111696,0.1850887103969159,0.1407252192269702,0.1405961096029385,0.6687765621195966,0.0992543636860368,0.1002195696165511,0.7939337344018691,0.092536174794585,0.668,False
CLIP,2,4,h2->h4,0.05,123,700,3000,150,0.8977577777777778,0.7592382173553411,0.1738021196648061,0.1935239949760942,0.1932922668779295,0.6011775589008677,0.1163207078292497,0.1164620512127374,0.6576850067672793,0.1127348275110162,0.6716666666666666,False
CLIP,2,4,h2->h4,0.05,456,700,3000,150,0.8887657777777778,0.7160360684256442,0.1769027056630002,0.1800695706566423,0.1902814357513421,0.6174197626771114,0.1523818935534181,0.1521515956503972,0.5528463877186651,0.1620418838044534,0.7136666666666667,False
CLIP,2,4,h2->h4,0.1,42,1400,3000,300,0.9071324444444444,0.769113918508501,0.1591142712574663,0.1690018630853604,0.1773904407262193,0.7714324928554585,0.1142905531695139,0.1156106898138627,0.8745812914458465,0.1135843547925467,0.6596666666666666,False
CLIP,2,4,h2->h4,0.1,123,1400,3000,300,0.9122586666666668,0.7460086454083179,0.1602319554633909,0.1843720496814204,0.1847117585383658,0.767327501965362,0.1401932056418261,0.1435329571794276,0.9073354674130978,0.1350395248491906,0.695,False
CLIP,2,4,h2->h4,0.1,456,1400,3000,300,0.917098222222222,0.8109484824522964,0.1525456480788525,0.1839148221683532,0.1816495463302924,0.7819671900183321,0.0835456052985635,0.080698856527129,0.756667989879829,0.0813753231962451,0.5953333333333334,False
CLIP,2,4,h2->h4,0.25,42,3500,3000,750,0.9483746666666666,0.8578884638949554,0.1226495701166659,0.16541765021518,0.1650180621456011,0.9868449289504468,0.0836825035471342,0.0837170827931921,0.9715154179843448,0.0825334021587842,0.574,False
CLIP,2,4,h2->h4,0.25,123,3500,3000,750,0.945427111111111,0.8532810772786654,0.124468676447977,0.1664180788751231,0.1661880747932701,0.9952831879568738,0.0811863445388346,0.0824212446661632,1.0228539322797037,0.0843640283956546,0.57,False
CLIP,2,4,h2->h4,0.25,456,3500,3000,750,0.9410511111111112,0.8245711090362103,0.1304419796158422,0.1675592150736431,0.1650542802370781,1.0013350465504696,0.1087332436784089,0.10761305389352,1.0364808201662776,0.1085262773915696,0.6176666666666667,False
CLIP,2,4,h2->h4,0.5,42,7000,3000,1500,0.9594715555555556,0.8687625720253493,0.1074895557597944,0.1502559757239003,0.1458219242956174,1.1542587147375405,0.094126188656169,0.0940137781528941,1.154962455947161,0.0940560753569107,0.583,False
CLIP,2,4,h2->h4,0.5,123,7000,3000,1500,0.9597288888888889,0.8705725877658683,0.1066145528071357,0.1506480421730976,0.1491308467384051,1.1418441271713349,0.08895178850034,0.0885825168754562,1.160590789976012,0.0891853875601812,0.5766666666666667,False
CLIP,2,4,h2->h4,0.5,456,7000,3000,1500,0.9588208888888888,0.8559876176269361,0.1101127306959183,0.1508439592496057,0.1486320438382583,1.1639156121705758,0.1018736731933307,0.1029110590133066,1.1632776953533197,0.1018578876331857,0.5966666666666667,False
CLIP,2,4,h2->h4,1.0,42,14000,3000,3000,0.9666782222222222,0.8910753513543855,0.0880549339412354,0.1187250184892072,0.1161415941254954,1.3084738489306371,0.0667564818105075,0.0629268006194633,1.3084738489306371,0.0667564818105075,0.5486666666666666,False
CLIP,2,4,h2->h4,1.0,123,14000,3000,3000,0.9666782222222222,0.8910753513543855,0.0880549339412354,0.1187250184892072,0.1161415941254954,1.3084738489306371,0.0667564818105075,0.0629268006194633,1.3084738489306371,0.0667564818105075,0.5486666666666666,False
CLIP,2,4,h2->h4,1.0,456,14000,3000,3000,0.9666782222222222,0.8910753513543855,0.0880549339412354,0.1187250184892072,0.1161415941254954,1.3084738489306371,0.0667564818105075,0.0629268006194633,1.3084738489306371,0.0667564818105075,0.5486666666666666,False
CLIP,3,0,h3->h0,0.01,42,140,3000,30,0.8803831111111111,0.7926675658503417,0.1906134632491967,0.1975110842847506,0.2026591483885589,0.3100717281156255,0.0644682397648943,0.0607114208415441,0.2332503878597134,0.0922638748739665,0.5566666666666666,False
CLIP,3,0,h3->h0,0.01,123,140,3000,30,0.9167813333333334,0.8321489765115991,0.1902513756351845,0.2630389508659347,0.2584689951062157,0.2837130734873897,0.0816722982668391,0.0816722982668391,0.2220640056132909,0.0842947519508969,0.584,False
CLIP,3,0,h3->h0,0.01,456,140,3000,30,0.9141933333333332,0.824660811781178,0.1930425959851988,0.2597315236638007,0.2554124682188517,0.263094912366325,0.0907270971600962,0.0907270971600962,0.1471948723360846,0.1091223218576972,0.5976666666666667,False
CLIP,3,0,h3->h0,0.05,42,700,3000,150,0.9142915555555556,0.825818778083353,0.1434929948479987,0.1493606842033207,0.1470574102614099,0.6565259858131455,0.095906182609576,0.0959061826095759,0.7083466553421126,0.0945329374551941,0.603,False
CLIP,3,0,h3->h0,0.05,123,700,3000,150,0.921286222222222,0.8357122882270798,0.1412992862304351,0.1587853895147778,0.1601726432018614,0.6863047810861942,0.0911596193056283,0.0911596193056283,0.5607863910969819,0.0937446348789771,0.5993333333333334,False
CLIP,3,0,h3->h0,0.05,456,700,3000,150,0.9206471111111112,0.8363415213458698,0.1421894715837241,0.1580270082322848,0.1598763117144134,0.6534129759921733,0.0924816813869509,0.092481681386951,0.6650065012288487,0.0921725325066672,0.6006666666666667,False
CLIP,3,0,h3->h0,0.1,42,1400,3000,300,0.9184328888888889,0.830953587892236,0.1319472884115286,0.114425347960058,0.1164137316932916,0.8447670287259553,0.0942714350339143,0.0942714350339143,0.8030485749023802,0.0950439168990992,0.6006666666666667,False
CLIP,3,0,h3->h0,0.1,123,1400,3000,300,0.9211062222222224,0.8370806284827943,0.1310652175515389,0.1231857435240212,0.1236029113471985,0.8121604405470303,0.0915918261697724,0.0915918261697724,0.7503901331645922,0.0927893548548746,0.5986666666666667,False
CLIP,3,0,h3->h0,0.1,456,1400,3000,300,0.917046222222222,0.8343877463089562,0.1326764501622418,0.1180416529697547,0.114524514280228,0.830569470094953,0.0892808000412937,0.0892808000412937,0.7739303280353337,0.0904410924680492,0.5986666666666667,False
CLIP,3,0,h3->h0,0.25,42,3500,3000,750,0.9195728888888888,0.8296175143748272,0.1259104709277985,0.0897765077054904,0.0944375193662037,1.0676883070594154,0.1008114275660995,0.1008114275660995,1.1477318632442832,0.0995791865852507,0.6096666666666667,False
CLIP,3,0,h3->h0,0.25,123,3500,3000,750,0.921372,0.8343897125992552,0.1241358211917013,0.0889864936870303,0.0947037433865592,1.047000486799529,0.0985777898020781,0.0985777898020781,1.043623509505225,0.0986298470010337,0.6083333333333333,False
CLIP,3,0,h3->h0,0.25,456,3500,3000,750,0.920301777777778,0.8317158986657668,0.1258527372299149,0.0938823977939525,0.0949356448986278,1.0676111413248774,0.101508388940025,0.1015083889400249,0.9604378984900288,0.1030387006526463,0.6076666666666667,False
CLIP,3,0,h3->h0,0.5,42,7000,3000,1500,0.9200031111111112,0.8310414132896776,0.1230313799140469,0.0867525794223078,0.0884630008566446,1.2052878664141864,0.0976583560857772,0.0976583560857772,1.227284051430082,0.0973763220046204,0.6076666666666667,False
CLIP,3,0,h3->h0,0.5,123,7000,3000,1500,0.921684,0.8353653270382312,0.1223575552502198,0.0893398315048339,0.0910311283403131,1.1825283957477095,0.1014137729053189,0.1014137729053189,1.2007713373765403,0.101165759296362,0.6093333333333333,False
CLIP,3,0,h3->h0,0.5,456,7000,3000,1500,0.9225204444444444,0.833291637494578,0.1216216503126034,0.0887693090333907,0.0907042296261739,1.1772570107912927,0.1005399761374226,0.1005399761374226,1.1083336648810986,0.1014169536610118,0.6106666666666667,False
CLIP,3,0,h3->h0,1.0,42,14000,3000,3000,0.9223097777777778,0.8360157910719709,0.1209030263099613,0.0937809818002542,0.0939527896926603,1.2820399423473825,0.1028297977661089,0.1028371768137798,1.2820399423473825,0.1028297977661089,0.61,False
CLIP,3,0,h3->h0,1.0,123,14000,3000,3000,0.9223097777777778,0.8360157910719709,0.1209030263099613,0.0937809818002542,0.0939527896926603,1.2820399423473825,0.1028297977661089,0.1028371768137798,1.2820399423473825,0.1028297977661089,0.61,False
CLIP,3,0,h3->h0,1.0,456,14000,3000,3000,0.9223097777777778,0.8360157910719709,0.1209030263099613,0.0937809818002542,0.0939527896926603,1.2820399423473825,0.1028297977661089,0.1028371768137798,1.2820399423473825,0.1028297977661089,0.61,False
CLIP,3,1,h3->h1,0.01,42,140,3000,30,0.9252946666666666,0.7614251703274958,0.1849113560737372,0.2535460428261363,0.250452605138059,0.3100717281156255,0.1815205743194923,0.1815205743194923,0.2332503878597134,0.1878488034495899,0.7003333333333334,False
CLIP,3,1,h3->h1,0.01,123,140,3000,30,0.947816,0.7706313184429707,0.1870993565509585,0.2762713487081467,0.2921944784259305,0.2837130734873897,0.1948280119250326,0.1948280119250327,0.2220640056132909,0.2004935757292484,0.7056666666666667,False
CLIP,3,1,h3->h1,0.01,456,140,3000,30,0.9422951111111112,0.738036375823409,0.1942225329455972,0.2812203543242306,0.2955295333068813,0.263094912366325,0.2186295391039016,0.2186295391039016,0.1471948723360846,0.231807569631998,0.739,False
CLIP,3,1,h3->h1,0.05,42,700,3000,150,0.943988,0.7365330985746972,0.158333017797828,0.2034696615531174,0.2088413895087275,0.6565259858131455,0.2248614842757297,0.2248614842757297,0.7083466553421126,0.2225577910712048,0.7396666666666667,False
CLIP,3,1,h3->h1,0.05,123,700,3000,150,0.947376,0.729638823013484,0.159502566310116,0.2131531998339483,0.2166069435350362,0.6863047810861942,0.2265068580034743,0.2265068580034743,0.5607863910969819,0.232054858227733,0.746,False
CLIP,3,1,h3->h1,0.05,456,700,3000,150,0.9489266666666668,0.7444603407735908,0.1554623329420504,0.2118474720685816,0.2119789262404764,0.6534129759921733,0.2178507929565482,0.2178507929565482,0.6650065012288487,0.2172974248873773,0.733,False
CLIP,3,1,h3->h1,0.1,42,1400,3000,300,0.947404,0.740506387956013,0.1539384317141641,0.1953728641772608,0.195390829509481,0.8447670287259553,0.2196440116251493,0.2196440116251493,0.8030485749023802,0.2209362953882819,0.7363333333333333,False
CLIP,3,1,h3->h1,0.1,123,1400,3000,300,0.9504884444444444,0.7280291844331386,0.1559860251938725,0.2021649080914542,0.2011895482172295,0.8121604405470303,0.2277908995318201,0.2277908995318201,0.7503901331645922,0.2299377261187515,0.7473333333333333,False
CLIP,3,1,h3->h1,0.1,456,1400,3000,300,0.9477791111111112,0.7308439054230166,0.1568801240842935,0.2009019894606319,0.1987674924389884,0.830569470094953,0.2268617103154466,0.2268617103154466,0.7739303280353337,0.2288704748151009,0.745,False
CLIP,3,1,h3->h1,0.25,42,3500,3000,750,0.9484239999999998,0.7145161226930383,0.1697621597397998,0.2123521837386545,0.2146900844071359,1.0676883070594154,0.2426358457122985,0.2426358457122985,1.1477318632442832,0.2405065635616144,0.759,False
CLIP,3,1,h3->h1,0.25,123,3500,3000,750,0.9502657777777777,0.7168690019876296,0.1669838834528093,0.2098424802337837,0.211897785271111,1.047000486799529,0.2406176292274811,0.240617629227481,1.043623509505225,0.2407063171403938,0.7576666666666667,False
CLIP,3,1,h3->h1,0.25,456,3500,3000,750,0.949705777777778,0.7124626690235509,0.1698268614336067,0.2122125626810941,0.2142909961697981,1.0676111413248774,0.2433554076496196,0.2433554076496196,0.9604378984900288,0.2461426920170717,0.7606666666666667,False
CLIP,3,1,h3->h1,0.5,42,7000,3000,1500,0.948123111111111,0.7074004731315224,0.178404372637605,0.2268371693066823,0.2268371693066822,1.2052878664141864,0.2476712416181021,0.2476712416181021,1.227284051430082,0.2471993658606074,0.7653333333333333,False
CLIP,3,1,h3->h1,0.5,123,7000,3000,1500,0.9500275555555556,0.7094689132334223,0.1780811675078511,0.226757675171877,0.2272067566333483,1.1825283957477095,0.2488024626323126,0.2488024626323126,1.2007713373765403,0.2484014903864034,0.7636666666666667,False
CLIP,3,1,h3->h1,0.5,456,7000,3000,1500,0.9502906666666666,0.7049858116501498,0.1812132906097752,0.2315180413466339,0.2315180413466339,1.1772570107912927,0.2542596605391493,0.2542596605391493,1.1083336648810986,0.255761450831841,0.769,False
CLIP,3,1,h3->h1,1.0,42,14000,3000,3000,0.9504737777777776,0.7086124401913876,0.1868639515478842,0.2384824164970903,0.2384824164970903,1.2820399423473825,0.2543816839110695,0.2543816839110694,1.2820399423473825,0.2543816839110695,0.7666666666666667,False
CLIP,3,1,h3->h1,1.0,123,14000,3000,3000,0.9504737777777776,0.7086124401913876,0.1868639515478842,0.2384824164970903,0.2384824164970903,1.2820399423473825,0.2543816839110695,0.2543816839110694,1.2820399423473825,0.2543816839110695,0.7666666666666667,False
CLIP,3,1,h3->h1,1.0,456,14000,3000,3000,0.9504737777777776,0.7086124401913876,0.1868639515478842,0.2384824164970903,0.2384824164970903,1.2820399423473825,0.2543816839110695,0.2543816839110694,1.2820399423473825,0.2543816839110695,0.7666666666666667,False
CLIP,3,2,h3->h2,0.01,42,140,3000,30,0.6085524444444445,0.5346016804805744,0.2410193683094143,0.0802631260439745,0.0779981550682323,0.3100717281156255,0.2233715381983546,0.2233715381983546,0.2332503878597134,0.2626627348768395,0.6343333333333333,False
CLIP,3,2,h3->h2,0.01,123,140,3000,30,0.7321155555555556,0.6059396685003415,0.2315685132976072,0.1130015310913302,0.1195130270773903,0.2837130734873897,0.1954991221262862,0.1942272059363076,0.2220640056132909,0.217373954837701,0.77,False
CLIP,3,2,h3->h2,0.01,456,140,3000,30,0.8099813333333333,0.6504784688995215,0.2242998032035957,0.1752806586754245,0.1853465942261656,0.263094912366325,0.2005447733564045,0.2003528088464239,0.1471948723360846,0.2414703469535103,0.7666666666666667,False
CLIP,3,2,h3->h2,0.05,42,700,3000,150,0.7220066666666666,0.5979360480555731,0.224405560352658,0.1034213881777984,0.107482726405185,0.6565259858131455,0.1937014834873305,0.1927761331605702,0.7083466553421126,0.1867938483825772,0.7463333333333333,False
CLIP,3,2,h3->h2,0.05,123,700,3000,150,0.780048,0.6205337921955477,0.2160117798100025,0.1285754605094843,0.1283231953817285,0.6863047810861942,0.2262160071711771,0.2257563570390727,0.5607863910969819,0.2430201249077342,0.794,False
CLIP,3,2,h3->h2,0.05,456,700,3000,150,0.7544795555555555,0.5884674872167713,0.2222521548921502,0.1238587011870299,0.1245897456548942,0.6534129759921733,0.2330694603589824,0.2326095035653098,0.6650065012288487,0.2309980283394498,0.8046666666666666,False
CLIP,3,2,h3->h2,0.1,42,1400,3000,300,0.7532164444444445,0.6200232311000173,0.2184403945554708,0.1215891637929171,0.1208168212560424,0.8447670287259553,0.1967918066413297,0.1952669696347803,0.8030485749023802,0.2001153998273813,0.7546666666666667,False
CLIP,3,2,h3->h2,0.1,123,1400,3000,300,0.7860057777777777,0.6107541427535641,0.2177978119899742,0.1501262820160698,0.1513754345444623,0.8121604405470303,0.2443486309814144,0.2443486309814145,0.7503901331645922,0.2511009049683717,0.8023333333333333,False
CLIP,3,2,h3->h2,0.1,456,1400,3000,300,0.7378266666666666,0.577087335870483,0.2294091138891955,0.14326034248855,0.1429903776047811,0.830569470094953,0.2344870780994273,0.2341252056701942,0.7739303280353337,0.2409484335274032,0.8033333333333333,False
CLIP,3,2,h3->h2,0.25,42,3500,3000,750,0.7884697777777778,0.6046585020017384,0.2237811496057888,0.1799472468251131,0.1799472468251131,1.0676883070594154,0.2442666272217723,0.2434886018120892,1.1477318632442832,0.2372226526884053,0.8073333333333333,False
CLIP,3,2,h3->h2,0.25,123,3500,3000,750,0.8006568888888889,0.6036746135272404,0.2246220352887919,0.1925493270689891,0.1925493270689891,1.047000486799529,0.2593605250788746,0.2593605250788746,1.043623509505225,0.2596270020323308,0.815,False
CLIP,3,2,h3->h2,0.25,456,3500,3000,750,0.7871435555555555,0.5772779030775649,0.2350050872643851,0.2047639986340403,0.2047639986340403,1.0676111413248774,0.274724882658048,0.274724882658048,0.9604378984900288,0.2840194669726759,0.8383333333333334,False
CLIP,3,2,h3->h2,0.5,42,7000,3000,1500,0.8062866666666667,0.6162827801297882,0.2249892289094576,0.2007747405782179,0.2007747405782179,1.2052878664141864,0.2495964011703981,0.2491677574738521,1.227284051430082,0.247723766568544,0.8036666666666666,False
CLIP,3,2,h3->h2,0.5,123,7000,3000,1500,0.8161511111111112,0.6043934286882869,0.2296673078753475,0.2178061794950704,0.2178061794950705,1.1825283957477095,0.2694468334852566,0.2694468334852566,1.2007713373765403,0.2682321011797801,0.823,False
CLIP,3,2,h3->h2,0.5,456,7000,3000,1500,0.8177751111111111,0.5949283480333665,0.2330183851264045,0.2255312017453876,0.2255312017453876,1.1772570107912927,0.2789710830633695,0.2789710830633695,1.1083336648810986,0.2836551355411118,0.8323333333333334,False
CLIP,3,2,h3->h2,1.0,42,14000,3000,3000,0.8294426666666667,0.6161778326644025,0.2312603503190511,0.231925773772182,0.231925773772182,1.2820399423473825,0.271060117013006,0.271060117013006,1.2820399423473825,0.271060117013006,0.8166666666666667,False
CLIP,3,2,h3->h2,1.0,123,14000,3000,3000,0.8294426666666667,0.6161778326644025,0.2312603503190511,0.231925773772182,0.231925773772182,1.2820399423473825,0.271060117013006,0.271060117013006,1.2820399423473825,0.271060117013006,0.8166666666666667,False
CLIP,3,2,h3->h2,1.0,456,14000,3000,3000,0.8294426666666667,0.6161778326644025,0.2312603503190511,0.231925773772182,0.231925773772182,1.2820399423473825,0.271060117013006,0.271060117013006,1.2820399423473825,0.271060117013006,0.8166666666666667,False
CLIP,3,4,h3->h4,0.01,42,140,3000,30,0.7636946666666666,0.3467846014887207,0.2495764558674699,0.195759151464033,0.1976407710944026,0.3100717281156255,0.4455700787146709,0.4455700787146708,0.2332503878597134,0.4667580664048544,0.9926666666666668,True
CLIP,3,4,h3->h4,0.01,123,140,3000,30,0.6576111111111111,0.3333333333333333,0.2654041938650021,0.1788559034950796,0.1813719551609018,0.2837130734873897,0.4808926787996336,0.4808926787996336,0.2220640056132909,0.4906888592780839,1.0,True
CLIP,3,4,h3->h4,0.01,456,140,3000,30,0.7364035555555556,0.3441941914847043,0.2516405212991662,0.1598336514025134,0.1635379333776802,0.263094912366325,0.4646571719346282,0.4646571719346282,0.1471948723360846,0.4873182774219479,0.9946666666666668,True
CLIP,3,4,h3->h4,0.05,42,700,3000,150,0.7992364444444444,0.3414300918533265,0.3095512125757834,0.3049123569248458,0.3049123569248458,0.6565259858131455,0.4674764780239825,0.4674764780239823,0.7083466553421126,0.462223999063286,0.9963333333333332,True
CLIP,3,4,h3->h4,0.05,123,700,3000,150,0.7021222222222221,0.3376115112928745,0.3323643567913787,0.323053070876112,0.3228747381995833,0.6863047810861942,0.4751716839143955,0.4750787732299066,0.5607863910969819,0.4847304818118411,0.9976666666666668,True
CLIP,3,4,h3->h4,0.05,456,700,3000,150,0.7316666666666666,0.3384976497393054,0.3289962243552062,0.3221073720598655,0.3221073720598655,0.6534129759921733,0.4768535024497786,0.4768535024497786,0.6650065012288487,0.4759103616940308,0.9976666666666668,True
CLIP,3,4,h3->h4,0.1,42,1400,3000,300,0.805908,0.3436206345177216,0.3431557566892429,0.3567772042163623,0.3567772042163623,0.8447670287259553,0.4680299989978895,0.4680299989978895,0.8030485749023802,0.4710232849127494,0.9953333333333332,True
CLIP,3,4,h3->h4,0.1,123,1400,3000,300,0.7124653333333333,0.3405455117214976,0.3594061065937173,0.3647728721962098,0.3647728721962098,0.8121604405470303,0.4749684033075209,0.474968403307521,0.7503901331645922,0.478730059630558,0.9963333333333332,True
CLIP,3,4,h3->h4,0.1,456,1400,3000,300,0.7569662222222222,0.3420074825842623,0.3509844713736424,0.3597388008073472,0.3597388008073471,0.830569470094953,0.4714508217264564,0.4714508217264565,0.7739303280353337,0.4752764075893048,0.9956666666666668,True
CLIP,3,4,h3->h4,0.25,42,3500,3000,750,0.7918293333333333,0.3384976497393054,0.4069557643065615,0.4262852158268133,0.4262852158268131,1.0676883070594154,0.481270450087271,0.481270450087271,1.1477318632442832,0.4779125498068939,0.9976666666666668,True
CLIP,3,4,h3->h4,0.25,123,3500,3000,750,0.7524991111111111,0.3406982403870263,0.4075385917188161,0.42465718214688,0.42465718214688,1.047000486799529,0.4808887158326462,0.4808887158326462,1.043623509505225,0.4810197147226865,0.9966666666666668,True
CLIP,3,4,h3->h4,0.25,456,3500,3000,750,0.7847373333333334,0.3399655507170737,0.4056076687988401,0.4247575099008868,0.4247575099008869,1.0676111413248774,0.479957309256846,0.479957309256846,0.9604378984900288,0.483906703560049,0.997,True
CLIP,3,4,h3->h4,0.5,42,7000,3000,1500,0.7973706666666667,0.3384976497393054,0.4315586922986744,0.4498317957368211,0.4498317957368212,1.2052878664141864,0.4836370083052065,0.4836370083052065,1.227284051430082,0.4829859140904769,0.9976666666666668,True
CLIP,3,4,h3->h4,0.5,123,7000,3000,1500,0.7732724444444444,0.3436206345177216,0.4241993711791669,0.4429035284426725,0.4429035284426727,1.1825283957477095,0.4802547688449874,0.4802547688449872,1.2007713373765403,0.479672825654093,0.9953333333333332,True
CLIP,3,4,h3->h4,0.5,456,7000,3000,1500,0.7946617777777778,0.3406982403870263,0.4271702267869235,0.4462821213583512,0.4462821213583512,1.1772570107912927,0.4824186743290011,0.4824186743290012,1.1083336648810986,0.4843699055952422,0.9966666666666668,True
CLIP,3,4,h3->h4,1.0,42,14000,3000,3000,0.7936164444444445,0.3414300918533265,0.4452720004297005,0.4619809610369197,0.4619809610369196,1.2820399423473825,0.4846076288547363,0.4846076288547364,1.2820399423473825,0.4846076288547363,0.9963333333333332,True
CLIP,3,4,h3->h4,1.0,123,14000,3000,3000,0.7936164444444445,0.3414300918533265,0.4452720004297005,0.4619809610369197,0.4619809610369196,1.2820399423473825,0.4846076288547363,0.4846076288547364,1.2820399423473825,0.4846076288547363,0.9963333333333332,True
CLIP,3,4,h3->h4,1.0,456,14000,3000,3000,0.7936164444444445,0.3414300918533265,0.4452720004297005,0.4619809610369197,0.4619809610369196,1.2820399423473825,0.4846076288547363,0.4846076288547364,1.2820399423473825,0.4846076288547363,0.9963333333333332,True
CLIP,4,0,h4->h0,0.01,42,140,3000,30,0.8441631111111111,0.6459802451903862,0.2207072097828815,0.1994055461644403,0.2179925087305166,0.2564818503020823,0.2212981700024297,0.2212981700024297,0.1000052749944835,0.2767298418381715,0.783,False
CLIP,4,0,h4->h0,0.01,123,140,3000,30,0.8959048888888889,0.7133022110888569,0.2126882008738808,0.2435239125280805,0.2550772612820375,0.2492947851534744,0.2108029977738101,0.2108029977738101,0.2285974351163225,0.2155264232384681,0.7413333333333333,False
CLIP,4,0,h4->h0,0.01,456,140,3000,30,0.8497604444444444,0.4507833033180022,0.2266708791272607,0.2169058377615154,0.2272211341555905,0.2947374147514165,0.3260049199281625,0.3266829541292789,0.2437346819154046,0.3490004710686874,0.937,False
CLIP,4,0,h4->h0,0.05,42,700,3000,150,0.8702826666666666,0.616096736204056,0.2013567191098874,0.1916175040064958,0.1943732117474482,0.5824733225878189,0.2686663373727312,0.2686663373727312,0.6905201180563404,0.2546404072859831,0.8183333333333334,False
CLIP,4,0,h4->h0,0.05,123,700,3000,150,0.9019137777777776,0.7193579953216942,0.182949116373619,0.1968690625024824,0.2003059222828164,0.5506834990878613,0.2133073908773127,0.2133073908773127,0.473748154041913,0.2191908623001332,0.731,False
CLIP,4,0,h4->h0,0.05,456,700,3000,150,0.8692617777777778,0.6277099764879805,0.1995310145787673,0.1871234775424339,0.1901205212677956,0.5916075485489947,0.2553246499733077,0.2553246499733077,0.5127743258180529,0.2653402974067533,0.8093333333333333,False
CLIP,4,0,h4->h0,0.1,42,1400,3000,300,0.8782782222222222,0.6304900984622193,0.1985179901618611,0.1886321348803785,0.1886973339692076,0.7260672384837001,0.2691528446238354,0.2691528446238353,0.8630553575188957,0.2561040637564424,0.81,False
CLIP,4,0,h4->h0,0.1,123,1400,3000,300,0.8900524444444443,0.6341778220304606,0.1968215539406564,0.1975526564990992,0.1964043622217193,0.726304701902721,0.2761439303425779,0.2761439303425779,0.7250639428597259,0.2762560741450079,0.81,False
CLIP,4,0,h4->h0,0.1,456,1400,3000,300,0.885304,0.6766608018524702,0.187741860449009,0.1787533384526922,0.1772575884635217,0.7233584502247059,0.2373674471649699,0.2373674471649699,0.8026489647044756,0.231230739077673,0.7686666666666667,False
CLIP,4,0,h4->h0,0.25,42,3500,3000,750,0.8907573333333333,0.6791136782016856,0.1880783801752786,0.1850852271226417,0.1855401961975301,0.9250083998375584,0.2434438128833821,0.2434438128833821,1.0153725414296595,0.2383423272205823,0.769,False
CLIP,4,0,h4->h0,0.25,123,3500,3000,750,0.905388,0.7180986654670866,0.1728997158690075,0.1705022627815975,0.1726016748695526,0.9106760023680202,0.2152028441120365,0.2152028441120366,0.909549402641466,0.2152504196708245,0.735,False
CLIP,4,0,h4->h0,0.25,456,3500,3000,750,0.8995942222222222,0.7535934291581109,0.1634350466322629,0.1452238178714033,0.1498060248530225,0.913980953572224,0.1739919804465956,0.1739919804465957,0.8832525111607741,0.1749749748956847,0.6883333333333334,False
CLIP,4,0,h4->h0,0.5,42,7000,3000,1500,0.8952986666666668,0.6865416758067133,0.1869074152275746,0.1974256673511668,0.197923261087118,1.0671594864640226,0.2391890914469476,0.2391890914469477,1.0675614005656622,0.239171597976475,0.7636666666666667,False
CLIP,4,0,h4->h0,0.5,123,7000,3000,1500,0.908191111111111,0.735977028952421,0.1664942242489443,0.1689475120162319,0.1695292069356481,1.0648166844585598,0.2008014770053467,0.2008014770053467,1.063949950383004,0.2008273501975815,0.7163333333333334,False
CLIP,4,0,h4->h0,0.5,456,7000,3000,1500,0.9015097777777776,0.7156976902291476,0.1752729950439291,0.1798531099931389,0.1811120247559965,1.060458755138878,0.2164968635294556,0.2165235472222949,1.0435874088862145,0.2171093390005803,0.737,False
CLIP,4,0,h4->h0,1.0,42,14000,3000,3000,0.9094564444444444,0.730579065078873,0.171447918601194,0.1874185326571864,0.1880596512407753,1.2080422365890051,0.2124154985612229,0.2124391055827195,1.2080422365890051,0.2124154985612229,0.7286666666666667,False
CLIP,4,0,h4->h0,1.0,123,14000,3000,3000,0.9094564444444444,0.730579065078873,0.171447918601194,0.1874185326571864,0.1880596512407753,1.2080422365890051,0.2124154985612229,0.2124391055827195,1.2080422365890051,0.2124154985612229,0.7286666666666667,False
CLIP,4,0,h4->h0,1.0,456,14000,3000,3000,0.9094564444444444,0.730579065078873,0.171447918601194,0.1874185326571864,0.1880596512407753,1.2080422365890051,0.2124154985612229,0.2124391055827195,1.2080422365890051,0.2124154985612229,0.7286666666666667,False
CLIP,4,1,h4->h1,0.01,42,140,3000,30,0.5508657777777778,0.3992059214087111,0.2521697979274451,0.0850631441964464,0.0814690289129251,0.2564818503020823,0.3575196101047717,0.3537174486100833,0.1000052749944835,0.4419549692933447,0.9446666666666668,False
CLIP,4,1,h4->h1,0.01,123,140,3000,30,0.6875151111111111,0.4126189787018449,0.2420133026608628,0.1257907137779775,0.1246541240948209,0.2492947851534744,0.3617078796015092,0.3617078796015091,0.2285974351163225,0.3724783055125685,0.9476666666666668,False
CLIP,4,1,h4->h1,0.01,456,140,3000,30,0.607528,0.3443491506341269,0.255373218926038,0.1235520534393823,0.1223707020432181,0.2947374147514165,0.4271114548179665,0.4271114548179664,0.2437346819154046,0.4482680537055116,0.995,True
CLIP,4,1,h4->h1,0.05,42,700,3000,150,0.5808608888888889,0.3638533070774666,0.2899160627633368,0.2147284806474516,0.2132454028896111,0.5824733225878189,0.4133025030547158,0.4117159370833852,0.6905201180563404,0.3921042776166889,0.9776666666666668,False
CLIP,4,1,h4->h1,0.05,123,700,3000,150,0.6742453333333334,0.3877532836662504,0.265680666236417,0.192801669186576,0.1911710619849453,0.5506834990878613,0.3914363205053848,0.3907131328444085,0.473748154041913,0.4079856249851829,0.963,False
CLIP,4,1,h4->h1,0.05,456,700,3000,150,0.5990928888888889,0.3770589997005091,0.2834939430395893,0.207291619508934,0.2058682629371445,0.5916075485489947,0.4035843157062381,0.4025183900027743,0.5127743258180529,0.4180594298878719,0.97,False
CLIP,4,1,h4->h1,0.1,42,1400,3000,300,0.5942417777777778,0.3584404670322207,0.3112758277456429,0.259786853896691,0.259707281223264,0.7260672384837001,0.4177405686767374,0.4157149925788589,0.8630553575188957,0.3968609984847782,0.9806666666666668,False
CLIP,4,1,h4->h1,0.1,123,1400,3000,300,0.6385751111111112,0.3509405392813464,0.3102529716149086,0.2726761884903216,0.2726761884903216,0.726304701902721,0.4288824646493868,0.427772553870454,0.7250639428597259,0.4290515373589453,0.9866666666666668,False
CLIP,4,1,h4->h1,0.1,456,1400,3000,300,0.6129595555555556,0.3797667262219706,0.3027509453656963,0.2510644744013059,0.2510644744013059,0.7233584502247059,0.4075151234413364,0.4066553369147923,0.8026489647044756,0.3962387163578804,0.9686666666666668,False
CLIP,4,1,h4->h1,0.25,42,3500,3000,750,0.6104688888888888,0.3785553802763038,0.33318808875499,0.3005593737360757,0.3005593737360756,0.9250083998375584,0.4106516674607102,0.4094033367901896,1.0153725414296595,0.4008730291254834,0.968,False
CLIP,4,1,h4->h1,0.25,123,3500,3000,750,0.6434471111111111,0.3856930861270229,0.3230940332401847,0.2966668349367285,0.2966668349367285,0.9106760023680202,0.4094783056223637,0.408568674883666,0.909549402641466,0.409602566744134,0.967,False
CLIP,4,1,h4->h1,0.25,456,3500,3000,750,0.6334715555555555,0.4096135833715299,0.307576186991508,0.2648341415913258,0.2648341415913259,0.913980953572224,0.3756694385955303,0.374705877656061,0.8832525111607741,0.3788808953763191,0.944,False
CLIP,4,1,h4->h1,0.5,42,7000,3000,1500,0.6194417777777776,0.3773815582725137,0.3532249495948257,0.3340021802913698,0.3340021802913698,1.0671594864640226,0.4167987200626128,0.4162800481138132,1.0675614005656622,0.4167631534645237,0.969,False
CLIP,4,1,h4->h1,0.5,123,7000,3000,1500,0.6530893333333333,0.3979236159300395,0.3354475521033059,0.3184335824934619,0.3184335824934619,1.0648166844585598,0.4027817812510192,0.4018544687797325,1.063949950383004,0.4028628101358442,0.957,False
CLIP,4,1,h4->h1,0.5,456,7000,3000,1500,0.6408142222222222,0.3875695275407099,0.341088672415879,0.3226519951613102,0.3226519951613102,1.060458755138878,0.4072943033165723,0.4071071480610287,1.0435874088862145,0.4088550463842586,0.9626666666666668,False
CLIP,4,1,h4->h1,1.0,42,14000,3000,3000,0.6643502222222222,0.3942695614740202,0.3515356642607361,0.3446827151721302,0.3446827151721301,1.2080422365890051,0.4074516075377593,0.4066938049586018,1.2080422365890051,0.4074516075377593,0.961,False
CLIP,4,1,h4->h1,1.0,123,14000,3000,3000,0.6643502222222222,0.3942695614740202,0.3515356642607361,0.3446827151721302,0.3446827151721301,1.2080422365890051,0.4074516075377593,0.4066938049586018,1.2080422365890051,0.4074516075377593,0.961,False
CLIP,4,1,h4->h1,1.0,456,14000,3000,3000,0.6643502222222222,0.3942695614740202,0.3515356642607361,0.3446827151721302,0.3446827151721301,1.2080422365890051,0.4074516075377593,0.4066938049586018,1.2080422365890051,0.4074516075377593,0.961,False
CLIP,4,2,h4->h2,0.01,42,140,3000,30,0.8992635555555555,0.81489297773708,0.2101599374379389,0.2439677070698055,0.2724265924586984,0.2564818503020823,0.0643364657021826,0.0623573718784923,0.1000052749944835,0.0995390988945838,0.5773333333333334,False
CLIP,4,2,h4->h2,0.01,123,140,3000,30,0.8873622222222222,0.7807877480774676,0.210383348697122,0.2457917103756279,0.2488517114033983,0.2492947851534744,0.1193447929590403,0.1193447929590403,0.2285974351163225,0.1223958409711688,0.644,False
CLIP,4,2,h4->h2,0.01,456,140,3000,30,0.8824586666666667,0.6981918297492373,0.21628877632995,0.2352908519763555,0.2498580789157677,0.2947374147514165,0.2079102492943966,0.2079102492943966,0.2437346819154046,0.2217535604115505,0.7583333333333333,False
CLIP,4,2,h4->h2,0.05,42,700,3000,150,0.9292626666666668,0.8104816639299398,0.1644363134588971,0.222254510353887,0.219224106127012,0.5824733225878189,0.1551205000630012,0.1551205000630012,0.6905201180563404,0.1491036535672449,0.66,False
CLIP,4,2,h4->h2,0.05,123,700,3000,150,0.9433435555555556,0.8204451322197441,0.1574830581651353,0.2318869427608128,0.23195425603314,0.5506834990878613,0.1509431558954614,0.1509431558954615,0.473748154041913,0.153513603331513,0.6533333333333333,False
CLIP,4,2,h4->h2,0.05,456,700,3000,150,0.9342688888888888,0.8138613523228908,0.1608431641365023,0.2193224920973484,0.2247834689573512,0.5916075485489947,0.1522598463290041,0.1522598463290041,0.5127743258180529,0.155528827973587,0.655,False
CLIP,4,2,h4->h2,0.1,42,1400,3000,300,0.9428377777777778,0.7965789233047469,0.1507440424175639,0.1986859763777391,0.2018178554954485,0.7260672384837001,0.1803877720646247,0.1803877720646246,0.8630553575188957,0.1755755482187916,0.6776666666666666,False
CLIP,4,2,h4->h2,0.1,123,1400,3000,300,0.9498026666666668,0.7832550103638785,0.1518627598949399,0.2083146179079341,0.2100264571037662,0.726304701902721,0.2019350691027849,0.201935069102785,0.7250639428597259,0.2019704885945023,0.697,False
CLIP,4,2,h4->h2,0.1,456,1400,3000,300,0.9482555555555556,0.8257637554286865,0.1396362681316332,0.1950836023171125,0.1973771221541745,0.7233584502247059,0.1533437229236458,0.1533437229236458,0.8026489647044756,0.151711142864743,0.6496666666666666,False
CLIP,4,2,h4->h2,0.25,42,3500,3000,750,0.954332888888889,0.8185719352007416,0.1314184381292861,0.1660605044985642,0.1686363965075806,0.9250083998375584,0.1694334851320814,0.1694334851320814,1.0153725414296595,0.1685893633374696,0.662,False
CLIP,4,2,h4->h2,0.25,123,3500,3000,750,0.9599835555555556,0.8257224544657198,0.1262409412323047,0.1720255485593543,0.172292792513827,0.9106760023680202,0.1628996733882756,0.1628996733882756,0.909549402641466,0.1629052428427984,0.6566666666666666,False
CLIP,4,2,h4->h2,0.25,456,3500,3000,750,0.9556733333333334,0.8607716136299634,0.1165066049619176,0.1488924100881336,0.1517917927886357,0.913980953572224,0.1244677197080012,0.1244677197080012,0.8832525111607741,0.1245254211600686,0.6166666666666667,False
CLIP,4,2,h4->h2,0.5,42,7000,3000,1500,0.9607422222222224,0.8202235186674762,0.1262370658749942,0.1664346878316948,0.1676587048054201,1.0671594864640226,0.1738045121282287,0.1738045121282287,1.0675614005656622,0.1738043576812001,0.663,False
CLIP,4,2,h4->h2,0.5,123,7000,3000,1500,0.9637191111111112,0.8428611336854936,0.1155194840395135,0.1529006862072815,0.1537241261961588,1.0648166844585598,0.1526732205725966,0.1526732205725966,1.063949950383004,0.1526716830389916,0.6413333333333333,False
CLIP,4,2,h4->h2,0.5,456,7000,3000,1500,0.9631813333333334,0.8314737833703515,0.1204196454953369,0.1572132145946935,0.160864641726,1.060458755138878,0.1630403170562994,0.1630403170562994,1.0435874088862145,0.1630039447848842,0.6513333333333333,False
CLIP,4,2,h4->h2,1.0,42,14000,3000,3000,0.9664137777777778,0.8398248570010851,0.1161385200482154,0.1583577776465314,0.1592333227892919,1.2080422365890051,0.1620979700482495,0.1620979700482495,1.2080422365890051,0.1620979700482495,0.648,False
CLIP,4,2,h4->h2,1.0,123,14000,3000,3000,0.9664137777777778,0.8398248570010851,0.1161385200482154,0.1583577776465314,0.1592333227892919,1.2080422365890051,0.1620979700482495,0.1620979700482495,1.2080422365890051,0.1620979700482495,0.648,False
CLIP,4,2,h4->h2,1.0,456,14000,3000,3000,0.9664137777777778,0.8398248570010851,0.1161385200482154,0.1583577776465314,0.1592333227892919,1.2080422365890051,0.1620979700482495,0.1620979700482495,1.2080422365890051,0.1620979700482495,0.648,False
CLIP,4,3,h4->h3,0.01,42,140,3000,30,0.7436857777777778,0.4685944140678432,0.2354257608451349,0.1251107874439334,0.1388171321958803,0.2564818503020823,0.3182168941031561,0.3177780396742957,0.1000052749944835,0.3993716683581462,0.917,False
CLIP,4,3,h4->h3,0.01,123,140,3000,30,0.8089164444444444,0.5382898670533478,0.2278813155778824,0.1632347247566743,0.1920170655078361,0.2492947851534744,0.3015939279137875,0.3015939279137876,0.2285974351163225,0.3100321215560557,0.8753333333333333,False
CLIP,4,3,h4->h3,0.01,456,140,3000,30,0.7583248888888888,0.3678070356996203,0.240020935744402,0.1572400937500488,0.1579080385893786,0.2947374147514165,0.3853958007226962,0.3853214267094975,0.2437346819154046,0.4092599757212076,0.9803333333333332,False
CLIP,4,3,h4->h3,0.05,42,700,3000,150,0.7766795555555557,0.4502439329027025,0.2414664761847628,0.1836757345301861,0.183200105377791,0.5824733225878189,0.3582188256663988,0.3582188256663987,0.6905201180563404,0.3388915220376444,0.9323333333333332,False
CLIP,4,3,h4->h3,0.05,123,700,3000,150,0.8293231111111111,0.5616999792182024,0.2178306201469257,0.1644419700749556,0.1667952044397122,0.5506834990878613,0.3074583356239666,0.3074583356239666,0.473748154041913,0.3190718679387754,0.8636666666666667,False
CLIP,4,3,h4->h3,0.05,456,700,3000,150,0.7702964444444445,0.4429655398664464,0.2437163553508668,0.1855059696717742,0.1855059696717741,0.5916075485489947,0.3607216975041277,0.3607216975041278,0.5127743258180529,0.3749692015184562,0.9376666666666666,False
CLIP,4,3,h4->h3,0.1,42,1400,3000,300,0.7908026666666668,0.4563171191652784,0.2497377942612282,0.2239958972400013,0.2239958972400013,0.7260672384837001,0.3613176412438371,0.3613176412438372,0.8630553575188957,0.3428938551744744,0.9303333333333332,False
CLIP,4,3,h4->h3,0.1,123,1400,3000,300,0.8099755555555556,0.468516882660248,0.2463307991225461,0.2286935881052351,0.2286935881052351,0.726304701902721,0.361694275318935,0.361694275318935,0.7250639428597259,0.3618509398326043,0.9253333333333332,False
CLIP,4,3,h4->h3,0.1,456,1400,3000,300,0.7896466666666668,0.5004684602000038,0.2436054149180633,0.2137275579649936,0.2137275579649935,0.7233584502247059,0.3442087855452018,0.3442087855452018,0.8026489647044756,0.3341981634618321,0.904,False
CLIP,4,3,h4->h3,0.25,42,3500,3000,750,0.7980871111111111,0.4952726531807598,0.2581490735606169,0.2569796102049271,0.2569796102049271,0.9250083998375584,0.3482332620350721,0.3482332620350721,1.0153725414296595,0.339796690383179,0.9056666666666666,False
CLIP,4,3,h4->h3,0.25,123,3500,3000,750,0.8154564444444445,0.5389574457462388,0.2434040731463831,0.2416838159758634,0.2416838159758635,0.9106760023680202,0.3291380975380246,0.3291380975380246,0.909549402641466,0.3292352900317273,0.8813333333333333,False
CLIP,4,3,h4->h3,0.25,456,3500,3000,750,0.8067128888888889,0.5911126129931571,0.2293163284919624,0.2099558370418371,0.209955837041837,0.913980953572224,0.2894283733929407,0.2894283733929406,0.8832525111607741,0.2918944826344907,0.835,False
CLIP,4,3,h4->h3,0.5,42,7000,3000,1500,0.7953577777777778,0.4988750581591744,0.2702083953646662,0.2797357221368178,0.2797357221368178,1.0671594864640226,0.3483860297520975,0.3483860297520975,1.0675614005656622,0.3483553549675899,0.904,False
CLIP,4,3,h4->h3,0.5,123,7000,3000,1500,0.8176822222222223,0.5581440819788988,0.2468771592398398,0.2554562508238522,0.2554562508238522,1.0648166844585598,0.3182671318562272,0.3182671318562273,1.063949950383004,0.3183265371004574,0.866,False
CLIP,4,3,h4->h3,0.5,456,7000,3000,1500,0.8087302222222224,0.5385100470937473,0.2542563551140884,0.2619564925083633,0.2619564925083633,1.060458755138878,0.3275332708922508,0.3275332708922508,1.0435874088862145,0.3287459098070573,0.8776666666666667,False
CLIP,4,3,h4->h3,1.0,42,14000,3000,3000,0.8145231111111111,0.5379460807230794,0.2644952812891174,0.2834770022244651,0.2834770022244651,1.2080422365890051,0.3316996768244468,0.3316996768244467,1.2080422365890051,0.3316996768244468,0.88,False
CLIP,4,3,h4->h3,1.0,123,14000,3000,3000,0.8145231111111111,0.5379460807230794,0.2644952812891174,0.2834770022244651,0.2834770022244651,1.2080422365890051,0.3316996768244468,0.3316996768244467,1.2080422365890051,0.3316996768244468,0.88,False
CLIP,4,3,h4->h3,1.0,456,14000,3000,3000,0.8145231111111111,0.5379460807230794,0.2644952812891174,0.2834770022244651,0.2834770022244651,1.2080422365890051,0.3316996768244468,0.3316996768244467,1.2080422365890051,0.3316996768244468,0.88,False
CONCH,0,1,h0->h1,0.01,42,140,3000,30,0.9859857777777776,0.9123074780969518,0.0832551794788385,0.1827288132592402,0.1791687718146034,0.76504335890247,0.0658556266055298,0.0690436049790734,0.681961857799059,0.0643121158967583,0.564,False
CONCH,0,1,h0->h1,0.01,123,140,3000,30,0.9813426666666668,0.9135091548436438,0.0903730418954184,0.1840457137065495,0.1825374260029207,0.7076479296463528,0.0663505440648424,0.0698276617815269,0.4908688786260767,0.0733930798104153,0.5753333333333334,False
CONCH,0,1,h0->h1,0.01,456,140,3000,30,0.9825151111111112,0.9034809419545108,0.089101308022449,0.1827916512828943,0.1835130286444616,0.8119479108656087,0.0715808738223045,0.078292263266645,1.2759024708490854,0.1154678980342493,0.5733333333333334,False
CONCH,0,1,h0->h1,0.05,42,700,3000,150,0.9867062222222224,0.933489119566398,0.056370519197369,0.0902248860849635,0.0916643092210977,1.1061350712965696,0.0414492186097826,0.0455783068062036,0.6095310880238551,0.0490612783561163,0.5516666666666666,False
CONCH,0,1,h0->h1,0.05,123,700,3000,150,0.9806511111111113,0.9229910714285714,0.0635959086381148,0.0930514427050961,0.0935828775187887,1.1795283089851345,0.0529080136959625,0.0551479323642493,0.9286191298808216,0.0579094496450239,0.5666666666666667,False
CONCH,0,1,h0->h1,0.05,456,700,3000,150,0.985976,0.928208695652174,0.057494473627557,0.0963016209599536,0.0935633272186133,1.0652279142482612,0.0381617410066007,0.0404860183397322,1.386687816732049,0.0522263660405285,0.5416666666666666,False
CONCH,0,1,h0->h1,0.1,42,1400,3000,300,0.9876897777777778,0.9372743433380014,0.0481304328838212,0.060586107692588,0.0589390213036711,1.256536112403749,0.0272898068225461,0.0304798701913049,0.8932671929009296,0.0330992476812317,0.5306666666666666,False
CONCH,0,1,h0->h1,0.1,123,1400,3000,300,0.983888,0.9298723364845514,0.0532147473271259,0.062996193009135,0.0617359835953861,1.2981288888471083,0.0395900560604901,0.0393438918023072,1.2400493035296682,0.040136003990066,0.5426666666666666,False
CONCH,0,1,h0->h1,0.1,456,1400,3000,300,0.9859413333333332,0.9389280096949836,0.0508025757691095,0.0621638323534569,0.0601351179632605,1.2079909624105212,0.0262223410072148,0.0285235691458496,1.3609224524399854,0.0288871029309106,0.5343333333333333,False
CONCH,0,1,h0->h1,0.25,42,3500,3000,750,0.9882173333333334,0.9379662260564084,0.0433974788538471,0.0399888370020869,0.0351883051597978,1.417398776996885,0.0201432425837554,0.0184788894889414,1.2898640483017052,0.0223184053166897,0.5233333333333333,False
CONCH,0,1,h0->h1,0.25,123,3500,3000,750,0.9851151111111112,0.9352849840258431,0.0475203323793636,0.0468241260128686,0.03659901744182,1.4652092230447151,0.028090895502809,0.0245768345448014,1.4166215418374983,0.0279212246024137,0.5273333333333333,False
CONCH,0,1,h0->h1,0.25,456,3500,3000,750,0.9864902222222224,0.935942348113302,0.0464186004182257,0.0415889993565909,0.0379034757015467,1.4523638520916662,0.0262843486801569,0.0259863917658705,1.443691927285278,0.0264010078697736,0.53,False
CONCH,0,1,h0->h1,0.5,42,7000,3000,1500,0.9878884444444443,0.9406413139122975,0.0420826052787106,0.0286812151100368,0.0239382432259142,1.5801233241062496,0.0182742518661273,0.0147734937565295,1.4844722144046765,0.0189583586670212,0.5206666666666667,False
CONCH,0,1,h0->h1,0.5,123,7000,3000,1500,0.9861226666666668,0.9426172920343904,0.044754653472576,0.0290451839872059,0.0246365815871681,1.617411738393191,0.0225519977982556,0.0199507641840589,1.628985449060188,0.0224167610555576,0.5293333333333333,False
CONCH,0,1,h0->h1,0.5,456,7000,3000,1500,0.98718,0.9406343453658104,0.0434724149493197,0.029722248124338,0.0249353203011619,1.6132156204501482,0.0201218306206674,0.0186917186211206,1.6766291639001043,0.01921929159069,0.5233333333333333,False
CONCH,0,1,h0->h1,1.0,42,14000,3000,3000,0.9880017777777778,0.9416440958997584,0.0408469757493639,0.017647381269645,0.0148084010061984,1.7451961407368874,0.0174267254912626,0.0123735912040536,1.7451961407368874,0.0174267254912626,0.5196666666666667,False
CONCH,0,1,h0->h1,1.0,123,14000,3000,3000,0.9880017777777778,0.9416440958997584,0.0408469757493639,0.017647381269645,0.0148084010061984,1.7451961407368874,0.0174267254912626,0.0123735912040536,1.7451961407368874,0.0174267254912626,0.5196666666666667,False
CONCH,0,1,h0->h1,1.0,456,14000,3000,3000,0.9880017777777778,0.9416440958997584,0.0408469757493639,0.017647381269645,0.0148084010061984,1.7451961407368874,0.0174267254912626,0.0123735912040536,1.7451961407368874,0.0174267254912626,0.5196666666666667,False
CONCH,0,2,h0->h2,0.01,42,140,3000,30,0.992379111111111,0.9508975996720272,0.0715006273237544,0.1973924531657537,0.1928449492374353,0.76504335890247,0.0540350016230444,0.0568952380856288,0.681961857799059,0.0493348212774813,0.5456666666666666,False
CONCH,0,2,h0->h2,0.01,123,140,3000,30,0.993739111111111,0.9579454973645845,0.0698191304302098,0.1993390306651521,0.1910899380280383,0.7076479296463528,0.0450119575605564,0.0452376328924096,0.4908688786260767,0.0344098876465253,0.536,False
CONCH,0,2,h0->h2,0.01,456,140,3000,30,0.9914968888888888,0.9515714831071872,0.0730994678985109,0.2005052994077224,0.1923997772581708,0.8119479108656087,0.0587582041292341,0.0596338215804093,1.2759024708490854,0.1215818654571348,0.5443333333333333,False
CONCH,0,2,h0->h2,0.05,42,700,3000,150,0.9942844444444444,0.9576167061817646,0.0388409705185385,0.103588601528633,0.1005883828492245,1.1061350712965696,0.0397474290370102,0.0414979247154187,0.6095310880238551,0.035078651319847,0.5343333333333333,False
CONCH,0,2,h0->h2,0.05,123,700,3000,150,0.9946017777777776,0.956271292014192,0.0407114312017703,0.0991144430272125,0.0985637172647669,1.1795283089851345,0.045500198432323,0.045721112551749,0.9286191298808216,0.0401851582061936,0.5376666666666666,False
CONCH,0,2,h0->h2,0.05,456,700,3000,150,0.9942151111111112,0.9582860528917276,0.040408369099565,0.1065121269152478,0.1049627558484677,1.0652279142482612,0.0398366745261094,0.0412995560187532,1.386687816732049,0.0604116141876936,0.5336666666666666,False
CONCH,0,2,h0->h2,0.1,42,1400,3000,300,0.9942897777777778,0.9589570919197636,0.0343188440621614,0.0759240185196428,0.0752799393679266,1.256536112403749,0.0364533697085705,0.0374257830526019,0.8932671929009296,0.0339148774663912,0.5323333333333333,False
CONCH,0,2,h0->h2,0.1,123,1400,3000,300,0.994704888888889,0.9572799997864,0.035973874993945,0.0796046797035979,0.0770814649905454,1.2981288888471083,0.0419603169127699,0.0424692689676687,1.2400493035296682,0.0389998957473211,0.5353333333333333,False
CONCH,0,2,h0->h2,0.1,456,1400,3000,300,0.9943431111111112,0.9582879088660884,0.0352111361786149,0.0784345060397093,0.0771836731273215,1.2079909624105212,0.0369760851851165,0.0379856813756296,1.3609224524399854,0.0426218172211945,0.533,False
CONCH,0,2,h0->h2,0.25,42,3500,3000,750,0.9946226666666668,0.9612953339523114,0.0305744706819625,0.0523830737738123,0.0517592636472873,1.417398776996885,0.0352508976776102,0.0366713950345102,1.2898640483017052,0.0352947208419036,0.5313333333333333,False
CONCH,0,2,h0->h2,0.25,123,3500,3000,750,0.9950053333333334,0.957283953583676,0.0318407164028494,0.0542650759875506,0.0545340458090198,1.4652092230447151,0.03557035340044,0.0381749215283555,1.4166215418374983,0.0348251556468325,0.534,False
CONCH,0,2,h0->h2,0.25,456,3500,3000,750,0.9947533333333332,0.96029182063782,0.0313505854225623,0.0556237427380988,0.0556732103262957,1.4523638520916662,0.0355319112435243,0.0375026880033294,1.443691927285278,0.0355546485576198,0.5323333333333333,False
CONCH,0,2,h0->h2,0.5,42,7000,3000,1500,0.9949573333333334,0.9566124997830624,0.0312865210785145,0.0454726136972814,0.0451889783548527,1.5801233241062496,0.0388625935130305,0.0391627533278333,1.4844722144046765,0.0386871174123147,0.5353333333333333,False
CONCH,0,2,h0->h2,0.5,123,7000,3000,1500,0.9949622222222222,0.956275612283282,0.0326184273769693,0.0479420815229053,0.0478250120721934,1.617411738393191,0.0411417229896015,0.0427569957826046,1.628985449060188,0.0411520640692822,0.5363333333333333,False
CONCH,0,2,h0->h2,0.5,456,7000,3000,1500,0.9949555555555556,0.955268741395909,0.0334386155773271,0.0491715099898303,0.0504969351397929,1.6132156204501482,0.0425287193877057,0.044991074415283,1.6766291639001043,0.0425453064669624,0.538,False
CONCH,0,2,h0->h2,1.0,42,14000,3000,3000,0.9952364444444444,0.9546011106704748,0.0330707243073934,0.0433614402547041,0.0470378878876702,1.7451961407368874,0.0430286407435943,0.044716567849645,1.7451961407368874,0.0430286407435943,0.538,False
CONCH,0,2,h0->h2,1.0,123,14000,3000,3000,0.9952364444444444,0.9546011106704748,0.0330707243073934,0.0433614402547041,0.0470378878876702,1.7451961407368874,0.0430286407435943,0.044716567849645,1.7451961407368874,0.0430286407435943,0.538,False
CONCH,0,2,h0->h2,1.0,456,14000,3000,3000,0.9952364444444444,0.9546011106704748,0.0330707243073934,0.0433614402547041,0.0470378878876702,1.7451961407368874,0.0430286407435943,0.044716567849645,1.7451961407368874,0.0430286407435943,0.538,False
CONCH,0,3,h0->h3,0.01,42,140,3000,30,0.9887279999999998,0.9519151783746528,0.0651088403261441,0.1661684292133202,0.1613654488336316,0.76504335890247,0.0455577343660654,0.0464542838379867,0.681961857799059,0.0458239173463897,0.542,False
CONCH,0,3,h0->h3,0.01,123,140,3000,30,0.9863297777777776,0.9505738553506028,0.0689420265165019,0.174508655869694,0.1704047689284911,0.7076479296463528,0.0428751993559923,0.0436422834341425,0.4908688786260767,0.0438433898894455,0.5433333333333333,False
CONCH,0,3,h0->h3,0.01,456,140,3000,30,0.9861466666666668,0.9431757153954592,0.0693720704745361,0.1669218546462116,0.160634682960965,0.8119479108656087,0.0580965329714408,0.0587964514385186,1.2759024708490854,0.0887486914305964,0.5526666666666666,False
CONCH,0,3,h0->h3,0.05,42,700,3000,150,0.9901368888888888,0.9602999455875724,0.0377925775472456,0.0739369899476965,0.068699608657773,1.1061350712965696,0.0251270321212889,0.0254262993571961,0.6095310880238551,0.0287030003385099,0.529,False
CONCH,0,3,h0->h3,0.05,123,700,3000,150,0.9867266666666666,0.9515979949775408,0.0439694940791185,0.0843929406566793,0.0802561918998276,1.1795283089851345,0.0360449111321745,0.0362575439187875,0.9286191298808216,0.0375869668255824,0.5376666666666666,False
CONCH,0,3,h0->h3,0.05,456,700,3000,150,0.9902595555555556,0.9592967003636608,0.0397854375871034,0.0859191409967715,0.0799398472931952,1.0652279142482612,0.0274897009715934,0.0284363775867409,1.386687816732049,0.0374291179337432,0.53,False
CONCH,0,3,h0->h3,0.1,42,1400,3000,300,0.9903773333333334,0.960978143424556,0.0337985937887224,0.0509992127953226,0.0454991070753534,1.256536112403749,0.0207257819569422,0.0190470617372065,0.8932671929009296,0.0232391678665976,0.5236666666666666,False
CONCH,0,3,h0->h3,0.1,123,1400,3000,300,0.9886128888888888,0.9569686301313658,0.0373500680845577,0.0568544874677393,0.0514286042699571,1.2981288888471083,0.0240746306702954,0.0243701627374237,1.2400493035296682,0.0252659498581267,0.527,False
CONCH,0,3,h0->h3,0.1,456,1400,3000,300,0.9900791111111112,0.9609768939853388,0.0350660591528154,0.0569329625515445,0.0524413742902146,1.2079909624105212,0.0212477693471294,0.020240651758936,1.3609224524399854,0.0211263423006956,0.5243333333333333,False
CONCH,0,3,h0->h3,0.25,42,3500,3000,750,0.9908942222222222,0.9606476201148022,0.0317500734963702,0.031765022208851,0.0277459949573904,1.417398776996885,0.0190659059232264,0.0173144166925691,1.2898640483017052,0.0202544698481896,0.522,False
CONCH,0,3,h0->h3,0.25,123,3500,3000,750,0.9889626666666668,0.9586415023185216,0.0342962509504828,0.0336719793439688,0.0295503618591025,1.4652092230447151,0.0197543662976681,0.0198035916175086,1.4166215418374983,0.0199532001629365,0.5246666666666666,False
CONCH,0,3,h0->h3,0.25,456,3500,3000,750,0.9899551111111112,0.9589729723058668,0.0331318616188015,0.0340241296097617,0.0311959828576444,1.4523638520916662,0.0215889943009309,0.0230036051427672,1.443691927285278,0.0214790275888461,0.5256666666666666,False
CONCH,0,3,h0->h3,0.5,42,7000,3000,1500,0.9903177777777776,0.9603190084954,0.0316113115924917,0.0199943156383534,0.0171544297396885,1.5801233241062496,0.0141920441408583,0.0138674910993352,1.4844722144046765,0.0148895715692288,0.519,False
CONCH,0,3,h0->h3,0.5,123,7000,3000,1500,0.9894653333333332,0.9586428449453552,0.0335068842807704,0.0213502222941906,0.0213485346251216,1.617411738393191,0.0203865161645096,0.021489117653276,1.628985449060188,0.0203036587165871,0.524,False
CONCH,0,3,h0->h3,0.5,456,7000,3000,1500,0.9900768888888888,0.9606452401863236,0.0319013934488148,0.0256930089805434,0.0206023165535212,1.6132156204501482,0.0175969541036018,0.017986028262412,1.6766291639001043,0.0181592429899677,0.5233333333333333,False
CONCH,0,3,h0->h3,1.0,42,14000,3000,3000,0.9900213333333332,0.9606476201148022,0.0315956582181276,0.0173593638341791,0.0161952372707305,1.7451961407368874,0.0179241414752985,0.0175790448245492,1.7451961407368874,0.0179241414752985,0.522,False
CONCH,0,3,h0->h3,1.0,123,14000,3000,3000,0.9900213333333332,0.9606476201148022,0.0315956582181276,0.0173593638341791,0.0161952372707305,1.7451961407368874,0.0179241414752985,0.0175790448245492,1.7451961407368874,0.0179241414752985,0.522,False
CONCH,0,3,h0->h3,1.0,456,14000,3000,3000,0.9900213333333332,0.9606476201148022,0.0315956582181276,0.0173593638341791,0.0161952372707305,1.7451961407368874,0.0179241414752985,0.0175790448245492,1.7451961407368874,0.0179241414752985,0.522,False
CONCH,0,4,h0->h4,0.01,42,140,3000,30,0.979604888888889,0.8639263261159993,0.1162524330914525,0.2187815015465017,0.2159414238549453,0.76504335890247,0.1452968361313366,0.1457415069377892,0.681961857799059,0.1456102376186019,0.633,False
CONCH,0,4,h0->h4,0.01,123,140,3000,30,0.9858795555555556,0.8682076545942845,0.1132596495821123,0.236872794832776,0.240144032481598,0.7076479296463528,0.13409849486042,0.1355124439616246,0.4908688786260767,0.1345941218498843,0.627,False
CONCH,0,4,h0->h4,0.01,456,140,3000,30,0.9740568888888887,0.8522700041391631,0.1214269038979636,0.2162742882416234,0.2106697631315217,0.8119479108656087,0.1482602888052936,0.148922629434879,1.2759024708490854,0.1562230164457424,0.644,False
CONCH,0,4,h0->h4,0.05,42,700,3000,150,0.9859284444444444,0.90962818212105,0.076443035952439,0.1447326824084347,0.1435212421457848,1.1061350712965696,0.100964154100541,0.100964154100541,0.6095310880238551,0.095351464936827,0.5883333333333334,False
CONCH,0,4,h0->h4,0.05,123,700,3000,150,0.9840644444444444,0.839493738206774,0.106742850909186,0.1812179108545132,0.179670598871408,1.1795283089851345,0.157652360389638,0.1586226449428711,0.9286191298808216,0.1592648678503757,0.6546666666666666,False
CONCH,0,4,h0->h4,0.05,456,700,3000,150,0.983564,0.8845343041154855,0.0894629634786804,0.1593797301140477,0.1565505712890857,1.0652279142482612,0.1224918244136615,0.1228235060414291,1.386687816732049,0.1253666403029963,0.6126666666666667,False
CONCH,0,4,h0->h4,0.1,42,1400,3000,300,0.9851391111111112,0.910362488055326,0.0719301761217642,0.1214248676686399,0.1215757156965643,1.256536112403749,0.0969818443764956,0.0969818443764956,0.8932671929009296,0.0943576444374266,0.5843333333333334,False
CONCH,0,4,h0->h4,0.1,123,1400,3000,300,0.9837835555555556,0.8423250524786821,0.1047982150955435,0.166440916473662,0.1663825904784237,1.2981288888471083,0.1575212080166813,0.1578465579833153,1.2400493035296682,0.1578313305716711,0.6526666666666666,False
CONCH,0,4,h0->h4,0.1,456,1400,3000,300,0.9823324444444445,0.8675978835978836,0.0918536131400854,0.1481203154949351,0.1464705447443241,1.2079909624105212,0.1326895347129819,0.1333925958113892,1.3609224524399854,0.132172622827746,0.625,False
CONCH,0,4,h0->h4,0.25,42,3500,3000,750,0.9840924444444444,0.907644970249926,0.0703325107886829,0.1035359765841612,0.1046207062783134,1.417398776996885,0.0975963071174196,0.0977479368901496,1.2898640483017052,0.096950035036753,0.5863333333333334,False
CONCH,0,4,h0->h4,0.25,123,3500,3000,750,0.9852844444444444,0.869957230377991,0.0891074254488352,0.1381084594384402,0.1381874626922226,1.4652092230447151,0.1336129834637822,0.1338135872505093,1.4166215418374983,0.1335809867527002,0.6253333333333333,False
CONCH,0,4,h0->h4,0.25,456,3500,3000,750,0.9829511111111112,0.8703068783068784,0.0902996117290592,0.1346467478747953,0.136167946629122,1.4523638520916662,0.1345041161325211,0.1345041161325211,1.443691927285278,0.134498536160047,0.625,False
CONCH,0,4,h0->h4,0.5,42,7000,3000,1500,0.9843044444444444,0.8956369044065465,0.0774941971757403,0.1156113853719066,0.1167255085428985,1.5801233241062496,0.1142849071870839,0.1143885266058941,1.4844722144046765,0.113684719147005,0.5993333333333334,False
CONCH,0,4,h0->h4,0.5,123,7000,3000,1500,0.9832657777777778,0.8576617874214465,0.0973727388444952,0.144422137044358,0.1455856798245933,1.617411738393191,0.145208152277058,0.1453433217635237,1.628985449060188,0.1452122983776659,0.637,False
CONCH,0,4,h0->h4,0.5,456,7000,3000,1500,0.9834897777777778,0.8765856629057416,0.087041036161946,0.1308933025024864,0.1313669205486186,1.6132156204501482,0.1304182289006761,0.1305427407802238,1.6766291639001043,0.1306346186272824,0.619,False
CONCH,0,4,h0->h4,1.0,42,14000,3000,3000,0.9835671111111112,0.8797147753504491,0.0865115248928233,0.1302033414581548,0.130416962799138,1.7451961407368874,0.1292563553722381,0.129340773489875,1.7451961407368874,0.1292563553722381,0.616,False
CONCH,0,4,h0->h4,1.0,123,14000,3000,3000,0.9835671111111112,0.8797147753504491,0.0865115248928233,0.1302033414581548,0.130416962799138,1.7451961407368874,0.1292563553722381,0.129340773489875,1.7451961407368874,0.1292563553722381,0.616,False
CONCH,0,4,h0->h4,1.0,456,14000,3000,3000,0.9835671111111112,0.8797147753504491,0.0865115248928233,0.1302033414581548,0.130416962799138,1.7451961407368874,0.1292563553722381,0.129340773489875,1.7451961407368874,0.1292563553722381,0.616,False
CONCH,1,0,h1->h0,0.01,42,140,3000,30,0.9891755555555556,0.961985791133486,0.06035274386147,0.1584322049353459,0.1561536343532282,0.5787370406774017,0.0201898083653045,0.0154590358987169,0.3395825532284888,0.020289977434051,0.5193333333333333,False
CONCH,1,0,h1->h0,0.01,123,140,3000,30,0.9907311111111112,0.96431220219172,0.0554155043862472,0.1522377166703832,0.1484741052427055,0.6006750444704917,0.0204151057719617,0.017736307526605,0.3554852382200045,0.0222287553381142,0.5243333333333333,False
CONCH,1,0,h1->h0,0.01,456,140,3000,30,0.9870173333333332,0.95997431240316,0.0638528787670763,0.1620617083445886,0.1616650146568908,0.5216352769994458,0.0230920358979409,0.0160179867288683,0.1000052749944835,0.0371616213539778,0.5253333333333333,False
CONCH,1,0,h1->h0,0.05,42,700,3000,150,0.9919928888888888,0.9686532781334606,0.0342492965638937,0.0731562608405783,0.0673142175835502,0.8521511102599855,0.0208538745495298,0.0195145489370727,0.4699910451466974,0.0224169821811689,0.5206666666666667,False
CONCH,1,0,h1->h0,0.05,123,700,3000,150,0.991072,0.9649873604371176,0.0342431537157537,0.0641789426207872,0.0609425344268749,0.8883401596249024,0.0164537640798833,0.0137105663511754,0.7556136213898587,0.0186507612516764,0.519,False
CONCH,1,0,h1->h0,0.05,456,700,3000,150,0.9900564444444444,0.9623177538179952,0.0388289445357912,0.0733900344291104,0.0710058836139433,0.808673915845331,0.0194227224854552,0.0151551100619011,0.7720891680151512,0.0182176530736587,0.5203333333333333,False
CONCH,1,0,h1->h0,0.1,42,1400,3000,300,0.9924706666666668,0.9693184834793374,0.0304888862141472,0.0498777313815517,0.042457739870493,0.995214086435054,0.0219259997382184,0.0214177701955546,0.7186443100245965,0.0222471272304505,0.522,False
CONCH,1,0,h1->h0,0.1,123,1400,3000,300,0.9913168888888888,0.96598814875939,0.0301599754107071,0.0412853006240015,0.0366947288133948,1.0196663848559155,0.0185202600691931,0.0165998142076005,1.0515315342485136,0.0187698405090839,0.5186666666666667,False
CONCH,1,0,h1->h0,0.1,456,1400,3000,300,0.9910346666666666,0.966654202748672,0.0322454714816463,0.0466079627329693,0.0435681619545068,0.9515906313762068,0.018704622192706,0.0160052298063855,0.9220101390269156,0.0182575992147544,0.5193333333333333,False
CONCH,1,0,h1->h0,0.25,42,3500,3000,750,0.9925008888888888,0.9713202808744958,0.0268029308279841,0.0275924642490646,0.0235108156029376,1.180612071748375,0.0207240932943699,0.0197801234486095,1.0448750077501183,0.0220118934501618,0.5213333333333333,False
CONCH,1,0,h1->h0,0.25,123,3500,3000,750,0.9920466666666666,0.9703210627416068,0.0275581093801661,0.0230726857576246,0.0191219320656477,1.1800695339067135,0.0195779050331444,0.0185516958786185,1.1014642432919926,0.0210470331525104,0.5203333333333333,False
CONCH,1,0,h1->h0,0.25,456,3500,3000,750,0.9915924444444444,0.9686532781334606,0.0289312256831055,0.0262579089396985,0.0234972948364261,1.158471521204345,0.0226706183490815,0.0186778458830748,1.3341510581247165,0.0199674864640576,0.5206666666666667,False
CONCH,1,0,h1->h0,0.5,42,7000,3000,1500,0.9925857777777778,0.9696506118403302,0.0265294386482341,0.020335060046767,0.0198592814711729,1.2851360172807942,0.0219564392722115,0.0218602569639055,1.2585445984076271,0.0220213041652546,0.523,False
CONCH,1,0,h1->h0,0.5,123,7000,3000,1500,0.9923697777777778,0.9699854729689168,0.0264509243302837,0.0208973221317828,0.0187172512027378,1.293427733528753,0.0206015227136893,0.021146468971668,1.2964594731059935,0.0205907258679288,0.522,False
CONCH,1,0,h1->h0,0.5,456,7000,3000,1500,0.99236,0.9699863404500536,0.0266656900299341,0.0217049817020442,0.016744316485289,1.2916865635503003,0.0211413126744157,0.0200251411998336,1.2902133891792784,0.0211458405398903,0.5213333333333333,False
CONCH,1,0,h1->h0,1.0,42,14000,3000,3000,0.9927862222222222,0.9696541203313058,0.0256225134846625,0.0208079964181991,0.0182348014795485,1.4114306803658794,0.0207366146274234,0.0207239162150751,1.4114306803658794,0.0207366146274234,0.5203333333333333,False
CONCH,1,0,h1->h0,1.0,123,14000,3000,3000,0.9927862222222222,0.9696541203313058,0.0256225134846625,0.0208079964181991,0.0182348014795485,1.4114306803658794,0.0207366146274234,0.0207239162150751,1.4114306803658794,0.0207366146274234,0.5203333333333333,False
CONCH,1,0,h1->h0,1.0,456,14000,3000,3000,0.9927862222222222,0.9696541203313058,0.0256225134846625,0.0208079964181991,0.0182348014795485,1.4114306803658794,0.0207366146274234,0.0207239162150751,1.4114306803658794,0.0207366146274234,0.5203333333333333,False
CONCH,1,2,h1->h2,0.01,42,140,3000,30,0.9807137777777778,0.9415483019781724,0.0922066781182562,0.2083049976476807,0.2061005113507011,0.5787370406774017,0.0342065894250189,0.0345819923210172,0.3395825532284888,0.0433175276566832,0.545,False
CONCH,1,2,h1->h2,0.01,123,140,3000,30,0.987596,0.9418546365914788,0.0806155071043439,0.199081764680998,0.1928115604257144,0.6006750444704917,0.0418753879544253,0.042813369372169,0.3554852382200045,0.0475981003459076,0.55,False
CONCH,1,2,h1->h2,0.01,456,140,3000,30,0.9776657777777776,0.9398690481493028,0.099353889148299,0.2179673567259445,0.2195501806096823,0.5216352769994458,0.0291168731937344,0.0291939610229461,0.1000052749944835,0.0544720541235195,0.5466666666666666,False
CONCH,1,2,h1->h2,0.05,42,700,3000,150,0.983688,0.9191791462970356,0.0683926689477337,0.1246417460642444,0.1252886470744709,0.8521511102599855,0.0794139704007882,0.0794139704007881,0.4699910451466974,0.0789780428554405,0.5776666666666667,False
CONCH,1,2,h1->h2,0.05,123,700,3000,150,0.9837786666666668,0.9374634855311574,0.0568838372580541,0.108401430901913,0.1055613923306323,0.8883401596249024,0.0518219722709136,0.0518219722709136,0.7556136213898587,0.0535417789029157,0.557,False
CONCH,1,2,h1->h2,0.05,456,700,3000,150,0.9725817777777775,0.9263458290982184,0.0710214000365761,0.1120566251604355,0.1089821988916099,0.808673915845331,0.056071634547177,0.056071634547177,0.7720891680151512,0.0568316001987459,0.566,False
CONCH,1,2,h1->h2,0.1,42,1400,3000,300,0.9842297777777778,0.9188480083557488,0.0634155914382739,0.1022312446007628,0.100513985835344,0.995214086435054,0.0784367481741177,0.0784367481741177,0.7186443100245965,0.0781111353031804,0.5773333333333334,False
CONCH,1,2,h1->h2,0.1,123,1400,3000,300,0.9851191111111112,0.9364528942027648,0.0517816424673533,0.0824551162520758,0.0812697372267613,1.0196663848559155,0.053590782144779,0.053590782144779,1.0515315342485136,0.0532215410912234,0.558,False
CONCH,1,2,h1->h2,0.1,456,1400,3000,300,0.9809244444444444,0.9307308585993734,0.0580561538121764,0.0878061568927153,0.0809103995982226,0.9515906313762068,0.0568486819689368,0.0568486819689368,0.9220101390269156,0.0572097387011852,0.5623333333333334,False
CONCH,1,2,h1->h2,0.25,42,3500,3000,750,0.9844995555555556,0.9327386597993916,0.0537223597630014,0.0692011652191876,0.0687830277104358,1.180612071748375,0.0615009095281623,0.0615009095281623,1.0448750077501183,0.0622703383545651,0.5623333333333334,False
CONCH,1,2,h1->h2,0.25,123,3500,3000,750,0.9851617777777776,0.9327497618638956,0.0513118207959455,0.0640619659236559,0.064283274803762,1.1800695339067135,0.0578600779859682,0.0578600779859682,1.1014642432919926,0.0584425367667067,0.561,False
CONCH,1,2,h1->h2,0.25,456,3500,3000,750,0.9812973333333336,0.9280165983679968,0.0561672604699396,0.0618637582413508,0.0647275816398199,1.158471521204345,0.0625785283373851,0.0625785283373851,1.3341510581247165,0.0611542522599247,0.5663333333333334,False
CONCH,1,2,h1->h2,0.5,42,7000,3000,1500,0.9816057777777776,0.92228586741701,0.0580948771980586,0.0622696355392174,0.0642304205619338,1.2851360172807942,0.0657780385812729,0.0661161997335399,1.2585445984076271,0.0659315076616201,0.57,False
CONCH,1,2,h1->h2,0.5,123,7000,3000,1500,0.9844093333333332,0.9327552215347444,0.0518947612932954,0.0563498074828765,0.0566789628778095,1.293427733528753,0.0581643838852865,0.0581643838852865,1.2964594731059935,0.0581466201187487,0.5603333333333333,False
CONCH,1,2,h1->h2,0.5,456,7000,3000,1500,0.9833124444444444,0.9303933134746052,0.053703674231063,0.0579311597320961,0.0596463997624607,1.2916865635503003,0.0607879442750649,0.0607879442750649,1.2902133891792784,0.0607953714251623,0.5626666666666666,False
CONCH,1,2,h1->h2,1.0,42,14000,3000,3000,0.9832088888888888,0.9287406078950275,0.0541365094848223,0.0553399765126872,0.0592327805791027,1.4114306803658794,0.0588818904193889,0.0591546727754264,1.4114306803658794,0.0588818904193889,0.5603333333333333,False
CONCH,1,2,h1->h2,1.0,123,14000,3000,3000,0.9832088888888888,0.9287406078950275,0.0541365094848223,0.0553399765126872,0.0592327805791027,1.4114306803658794,0.0588818904193889,0.0591546727754264,1.4114306803658794,0.0588818904193889,0.5603333333333333,False
CONCH,1,2,h1->h2,1.0,456,14000,3000,3000,0.9832088888888888,0.9287406078950275,0.0541365094848223,0.0553399765126872,0.0592327805791027,1.4114306803658794,0.0588818904193889,0.0591546727754264,1.4114306803658794,0.0588818904193889,0.5603333333333333,False
CONCH,1,3,h1->h3,0.01,42,140,3000,30,0.9876791111111112,0.9519567610849764,0.0717287844467378,0.1753190533914268,0.1755169846649844,0.5787370406774017,0.0253855724520132,0.0264527129283997,0.3395825532284888,0.0295818220363081,0.53,False
CONCH,1,3,h1->h3,0.01,123,140,3000,30,0.9878364444444444,0.953620157991764,0.0655054273630549,0.1679204296342245,0.1635604621896594,0.6006750444704917,0.0250146303713221,0.0250146303713221,0.3554852382200045,0.0290799982524356,0.5316666666666666,False
CONCH,1,3,h1->h3,0.01,456,140,3000,30,0.9870986666666668,0.951973852430768,0.0711932398507575,0.1789116832736209,0.1767272129379057,0.5216352769994458,0.0212269794676917,0.0174052995568871,0.1000052749944835,0.0426230193431385,0.5233333333333333,False
CONCH,1,3,h1->h3,0.05,42,700,3000,150,0.990392888888889,0.957974429775272,0.0424154744585707,0.090092090225992,0.0856954644043265,0.8521511102599855,0.0216795577874176,0.0226346716794719,0.4699910451466974,0.0273786626168882,0.5246666666666666,False
CONCH,1,3,h1->h3,0.05,123,700,3000,150,0.9902053333333334,0.95997431240316,0.0394149731403684,0.0781900568625356,0.0718726252767152,0.8883401596249024,0.0208415844034506,0.0195249895780167,0.7556136213898587,0.0226409688578972,0.5253333333333333,False
CONCH,1,3,h1->h3,0.05,456,700,3000,150,0.9896048888888888,0.9573059332300374,0.0434299083760683,0.0833671659927849,0.0800186810426986,0.808673915845331,0.0220930413678617,0.0208027153426438,0.7720891680151512,0.0220431941713272,0.5253333333333333,False
CONCH,1,3,h1->h3,0.1,42,1400,3000,300,0.990612,0.9583086474202336,0.0371905384881955,0.0623067877342265,0.059746300654993,0.995214086435054,0.022063034725909,0.0229696041710516,0.7186443100245965,0.0237214823384974,0.5243333333333333,False
CONCH,1,3,h1->h3,0.1,123,1400,3000,300,0.9900013333333332,0.9593029280987262,0.0352721047310544,0.0511410294813443,0.0479558818435598,1.0196663848559155,0.022099442204436,0.0218202253143442,1.0515315342485136,0.0229488576766898,0.5273333333333333,False
CONCH,1,3,h1->h3,0.1,456,1400,3000,300,0.9898662222222224,0.9576442604804608,0.0376617911761777,0.0557887194338362,0.0510549710282623,0.9515906313762068,0.0218795558481986,0.0227878682699801,0.9220101390269156,0.0223226144005443,0.523,False
CONCH,1,3,h1->h3,0.25,42,3500,3000,750,0.9906391111111112,0.9603098323440624,0.033053965682351,0.0362626287731533,0.0341511213810678,1.180612071748375,0.0201893628319325,0.0203636138962129,1.0448750077501183,0.0209569083467803,0.5243333333333333,False
CONCH,1,3,h1->h3,0.25,123,3500,3000,750,0.9901404444444444,0.958307275380446,0.0331144324233612,0.0320072345044217,0.0288189507295986,1.1800695339067135,0.021848081883203,0.0225587617195432,1.1014642432919926,0.0226795008742558,0.525,False
CONCH,1,3,h1->h3,0.25,456,3500,3000,750,0.9901386666666668,0.9569716538817628,0.0344858603027631,0.0332512386910176,0.0311620009112799,1.158471521204345,0.023268439270248,0.024056696392511,1.3341510581247165,0.0231910458754581,0.5256666666666666,False
CONCH,1,3,h1->h3,0.5,42,7000,3000,1500,0.9902782222222224,0.957973028023318,0.0332259028107859,0.0256394993472599,0.0246712201227166,1.2851360172807942,0.0223096637335062,0.0233452586411939,1.2585445984076271,0.0224782662549447,0.5253333333333333,False
CONCH,1,3,h1->h3,0.5,123,7000,3000,1500,0.9899462222222224,0.9576401917865331,0.0334808524653503,0.0224585659800179,0.0240117194284759,1.293427733528753,0.0239962187665096,0.0245642595912083,1.2964594731059935,0.0239785534544699,0.525,False
CONCH,1,3,h1->h3,0.5,456,7000,3000,1500,0.9902484444444444,0.9583058661644988,0.0327920379755832,0.0210808217140663,0.0216479697575638,1.2916865635503003,0.0226713647621566,0.0223760077160884,1.2902133891792784,0.0226816583556802,0.5256666666666666,False
CONCH,1,3,h1->h3,1.0,42,14000,3000,3000,0.9897248888888888,0.9569716538817628,0.0332444296862633,0.0190264968986767,0.0200836910954065,1.4114306803658794,0.0253962759351503,0.0230084654065873,1.4114306803658794,0.0253962759351503,0.5256666666666666,False
CONCH,1,3,h1->h3,1.0,123,14000,3000,3000,0.9897248888888888,0.9569716538817628,0.0332444296862633,0.0190264968986767,0.0200836910954065,1.4114306803658794,0.0253962759351503,0.0230084654065873,1.4114306803658794,0.0253962759351503,0.5256666666666666,False
CONCH,1,3,h1->h3,1.0,456,14000,3000,3000,0.9897248888888888,0.9569716538817628,0.0332444296862633,0.0190264968986767,0.0200836910954065,1.4114306803658794,0.0253962759351503,0.0230084654065873,1.4114306803658794,0.0253962759351503,0.5256666666666666,False
CONCH,1,4,h1->h4,0.01,42,140,3000,30,0.9659724444444444,0.8990149653558706,0.1149556280366355,0.1917835609818614,0.1933686578692366,0.5787370406774017,0.0840052916698727,0.0840052916698728,0.3395825532284888,0.0830455030012228,0.5803333333333334,False
CONCH,1,4,h1->h4,0.01,123,140,3000,30,0.972776,0.871851962304866,0.1147241318093868,0.2047256534503509,0.2027759301571466,0.6006750444704917,0.1201220005109813,0.1201220005109814,0.3554852382200045,0.1194542647851646,0.619,False
CONCH,1,4,h1->h4,0.01,456,140,3000,30,0.961497777777778,0.8786363581198344,0.123454230916734,0.197184770049923,0.1986264085538377,0.5216352769994458,0.1094282988037038,0.1094282988037038,0.1000052749944835,0.1107882010816898,0.606,False
CONCH,1,4,h1->h4,0.05,42,700,3000,150,0.9638457777777776,0.8580923113465979,0.1050184294571816,0.1329506870969832,0.1334113953738762,0.8521511102599855,0.1252586978311891,0.1252586978311892,0.4699910451466974,0.1253805154689352,0.6256666666666667,False
CONCH,1,4,h1->h4,0.05,123,700,3000,150,0.9681711111111112,0.8807757524374735,0.0919250045298057,0.1124493914060186,0.1128199120802465,0.8883401596249024,0.1026752325669948,0.1026752325669948,0.7556136213898587,0.1027128695391476,0.6013333333333334,False
CONCH,1,4,h1->h4,0.05,456,700,3000,150,0.9528831111111108,0.8594857900501528,0.1083609002789799,0.110117376244259,0.1091606548875015,0.808673915845331,0.1132390606571572,0.1132390606571571,0.7720891680151512,0.1133515971884219,0.6146666666666667,False
CONCH,1,4,h1->h4,0.1,42,1400,3000,300,0.9623591111111112,0.8560846560846561,0.1023145796528565,0.1190725227717615,0.1188690737191772,0.995214086435054,0.1234885466375711,0.1234885466375711,0.7186443100245965,0.1236971779341059,0.625,False
CONCH,1,4,h1->h4,0.1,123,1400,3000,300,0.9653911111111112,0.8744997984799632,0.093510927232714,0.1065830988302302,0.1061458108901581,1.0196663848559155,0.1100779102064941,0.1100779102064941,1.0515315342485136,0.1100485457994871,0.6093333333333333,False
CONCH,1,4,h1->h4,0.1,456,1400,3000,300,0.9638133333333336,0.884669170320771,0.0902618998207687,0.0925069552667772,0.0931768968986539,0.9515906313762068,0.0938721001022978,0.0938721001022978,0.9220101390269156,0.0938388102505138,0.593,False
CONCH,1,4,h1->h4,0.25,42,3500,3000,750,0.9573244444444444,0.8522201549112394,0.1055008854435209,0.1197676435432934,0.1197676435432934,1.180612071748375,0.1250004547866847,0.1250004547866847,1.0448750077501183,0.1254755383224056,0.6286666666666667,False
CONCH,1,4,h1->h4,0.25,123,3500,3000,750,0.9623391111111108,0.8647622791342622,0.0976434112671287,0.1129321276994869,0.1129321276994869,1.1800695339067135,0.1159344146923795,0.1159344146923794,1.1014642432919926,0.1160724558841453,0.6186666666666667,False
CONCH,1,4,h1->h4,0.25,456,3500,3000,750,0.9587368888888887,0.8645837402106032,0.0976307692925203,0.1061414919323739,0.1061414919323739,1.158471521204345,0.1083990272217323,0.1083990272217323,1.3341510581247165,0.1081614270917517,0.6136666666666667,False
CONCH,1,4,h1->h4,0.5,42,7000,3000,1500,0.9526142222222224,0.8410012121958865,0.1142597375693502,0.1319208779160172,0.1319208779160172,1.2851360172807942,0.1357471103690246,0.1357471103690246,1.2585445984076271,0.1358347922449046,0.6373333333333333,False
CONCH,1,4,h1->h4,0.5,123,7000,3000,1500,0.9586373333333332,0.8560602203396279,0.1057877320106901,0.124442402740954,0.1244424027409539,1.293427733528753,0.1264960765368084,0.1264960765368084,1.2964594731059935,0.1264919205227145,0.6256666666666667,False
CONCH,1,4,h1->h4,0.5,456,7000,3000,1500,0.9577746666666668,0.8599837662337662,0.1026529487986176,0.1160980166860048,0.1160980166860048,1.2916865635503003,0.1184439223861182,0.1184439223861182,1.2902133891792784,0.1184468954339501,0.62,False
CONCH,1,4,h1->h4,1.0,42,14000,3000,3000,0.9563613333333332,0.8569283059736434,0.105985638466222,0.1190177767469947,0.1190177767469947,1.4114306803658794,0.1204152315448782,0.1204152315448782,1.4114306803658794,0.1204152315448782,0.6203333333333333,False
CONCH,1,4,h1->h4,1.0,123,14000,3000,3000,0.9563613333333332,0.8569283059736434,0.105985638466222,0.1190177767469947,0.1190177767469947,1.4114306803658794,0.1204152315448782,0.1204152315448782,1.4114306803658794,0.1204152315448782,0.6203333333333333,False
CONCH,1,4,h1->h4,1.0,456,14000,3000,3000,0.9563613333333332,0.8569283059736434,0.105985638466222,0.1190177767469947,0.1190177767469947,1.4114306803658794,0.1204152315448782,0.1204152315448782,1.4114306803658794,0.1204152315448782,0.6203333333333333,False
CONCH,2,0,h2->h0,0.01,42,140,3000,30,0.9896457777777776,0.9468924572258824,0.0617137930002266,0.1538348596932652,0.1534719556496583,0.6337111124698942,0.0449946259708903,0.0453217261676675,0.48443597688764,0.0451766741122435,0.545,False
CONCH,2,0,h2->h0,0.01,123,140,3000,30,0.986698222222222,0.9391730475550908,0.0710750719035648,0.1658300231104878,0.1618733756742963,0.6142012392528683,0.0526043407041083,0.0526992448432682,0.1000051710763574,0.0586618781864881,0.5513333333333333,False
CONCH,2,0,h2->h0,0.01,456,140,3000,30,0.9893088888888888,0.9489570728983074,0.0678454642485592,0.1691998099833088,0.1651033621917964,0.5229329172116184,0.0278497973349479,0.0265964289230447,0.1000052749944835,0.0483164836632351,0.529,False
CONCH,2,0,h2->h0,0.05,42,700,3000,150,0.990651111111111,0.9536161546590904,0.0395310363224498,0.0666401045832647,0.0680099003245148,0.9248827973880258,0.0344878585647958,0.0332625275944174,0.6957634683141932,0.036408319852048,0.533,False
CONCH,2,0,h2->h0,0.05,123,700,3000,150,0.9901631111111112,0.9526277371938094,0.0400583852266282,0.0682657277652935,0.0677548014129997,0.9162148283174024,0.0269972536839403,0.0262742269851237,0.9352032556893712,0.026187895913941,0.5286666666666666,False
CONCH,2,0,h2->h0,0.05,456,700,3000,150,0.992468888888889,0.9576429420078512,0.0356346243112647,0.0678294493923398,0.0603496306466832,0.903666306578916,0.0217732971838258,0.0196569193683065,0.8203656179323527,0.0234823988233897,0.5236666666666666,False
CONCH,2,0,h2->h0,0.1,42,1400,3000,300,0.991508,0.955971743643476,0.0336278633600975,0.0450360153818114,0.0417313222739876,1.0431996244584034,0.0255752446769463,0.0230142371940737,0.9711607522050396,0.0279927604279728,0.5253333333333333,False
CONCH,2,0,h2->h0,0.1,123,1400,3000,300,0.9900506666666667,0.9513068226034174,0.0371593051116463,0.041610049127432,0.042165339419421,1.06059076174694,0.0233256760574344,0.0210666820975277,1.0535816979882118,0.0234299601783403,0.5233333333333333,False
CONCH,2,0,h2->h0,0.1,456,1400,3000,300,0.9923133333333334,0.958318286234664,0.0326915300541653,0.0449008555309902,0.039865025076181,1.034239104156924,0.0152109229247033,0.0150838826360389,0.9678136867194588,0.0168790480841299,0.519,False
CONCH,2,0,h2->h0,0.25,42,3500,3000,750,0.9927097777777776,0.960319996443249,0.0300364109595591,0.0243283466066226,0.0194902316807912,1.244449878502475,0.0147330514785048,0.0147267040980253,1.1179383787720576,0.0183852889793856,0.5183333333333333,False
CONCH,2,0,h2->h0,0.25,123,3500,3000,750,0.9925297777777776,0.9573173795183,0.0311845398293659,0.0267791688998803,0.0214416877128098,1.235808003281354,0.0183193222847371,0.0172517953108453,1.39507980200119,0.017015935878344,0.5193333333333333,False
CONCH,2,0,h2->h0,0.25,456,3500,3000,750,0.9924946666666667,0.9596567646436776,0.0304283262956428,0.0230959413469051,0.0199240261110054,1.257579683294278,0.0130573788747336,0.0118038895862533,1.263943609944726,0.012863933736321,0.5156666666666667,False
CONCH,2,0,h2->h0,0.5,42,7000,3000,1500,0.993008,0.9619945272119186,0.0288433539870089,0.0168413482363153,0.0112499632828111,1.3618137597967594,0.0128538472955181,0.0095484157710961,1.313999405505085,0.0141228105138262,0.512,False
CONCH,2,0,h2->h0,0.5,123,7000,3000,1500,0.9930048888888888,0.9599928876244666,0.0293394429841681,0.0155790484388913,0.0101069112695631,1.3608552138011707,0.0134301974020128,0.0120515240024306,1.4165220981134012,0.0129571152380332,0.5133333333333333,False
CONCH,2,0,h2->h0,0.5,456,7000,3000,1500,0.9930515555555556,0.9619939021327422,0.0288020847929314,0.0128944484714921,0.0107478031455698,1.3905530500685273,0.0128859369496216,0.0089116561690098,1.3053910262693529,0.0142056552816006,0.5126666666666667,False
CONCH,2,0,h2->h0,1.0,42,14000,3000,3000,0.9933604444444444,0.9636637234282645,0.0278195308392861,0.0105316533273748,0.006499228270522,1.5193988603158175,0.0110647952174602,0.009105189107441,1.5193988603158175,0.0110647952174602,0.509,False
CONCH,2,0,h2->h0,1.0,123,14000,3000,3000,0.9933604444444444,0.9636637234282645,0.0278195308392861,0.0105316533273748,0.006499228270522,1.5193988603158175,0.0110647952174602,0.009105189107441,1.5193988603158175,0.0110647952174602,0.509,False
CONCH,2,0,h2->h0,1.0,456,14000,3000,3000,0.9933604444444444,0.9636637234282645,0.0278195308392861,0.0105316533273748,0.006499228270522,1.5193988603158175,0.0110647952174602,0.009105189107441,1.5193988603158175,0.0110647952174602,0.509,False
CONCH,2,1,h2->h1,0.01,42,140,3000,30,0.9673328888888888,0.855403627536037,0.1172774242829329,0.1915326451328921,0.1924156666501035,0.6337111124698942,0.1315968874330657,0.1317723476839319,0.48443597688764,0.131438023602197,0.634,False
CONCH,2,1,h2->h1,0.01,123,140,3000,30,0.950444,0.8315497231846009,0.1354436451662714,0.1969251354022292,0.1949951441931856,0.6142012392528683,0.1616122177016131,0.1616122177016132,0.1000051710763574,0.1609658752421175,0.6563333333333333,False
CONCH,2,1,h2->h1,0.01,456,140,3000,30,0.9595422222222224,0.8536931614056364,0.1277545159693627,0.1974908260409394,0.1974347647727251,0.5229329172116184,0.1403124225587399,0.1403124225587399,0.1000052749944835,0.1409208903665473,0.6343333333333333,False
CONCH,2,1,h2->h1,0.05,42,700,3000,150,0.9615813333333332,0.8692711104355095,0.0988919827344736,0.1144292237843435,0.116991853864732,0.9248827973880258,0.1156792923646397,0.1156792923646398,0.6957634683141932,0.1158732600337889,0.615,False
CONCH,2,1,h2->h1,0.05,123,700,3000,150,0.965121777777778,0.872109802451825,0.0971738392528722,0.1227618273803664,0.1234816141896484,0.9162148283174024,0.1111979644766888,0.1112864626426552,0.9352032556893712,0.1111429573502392,0.6103333333333333,False
CONCH,2,1,h2->h1,0.05,456,700,3000,150,0.9714746666666668,0.88791621203919,0.0866433697241082,0.1151019575534381,0.1149713783457429,0.903666306578916,0.0982895823707745,0.0982895823707745,0.8203656179323527,0.0983575145459977,0.5983333333333334,False
CONCH,2,1,h2->h1,0.1,42,1400,3000,300,0.966248888888889,0.8869287884688901,0.0851584295997413,0.0921131378882405,0.0920722743193984,1.0431996244584034,0.0931821920686284,0.0931821920686283,0.9711607522050396,0.0934718173846437,0.5973333333333334,False
CONCH,2,1,h2->h1,0.1,123,1400,3000,300,0.9681857777777778,0.874134449378709,0.0930649120718989,0.1155458981707846,0.1147515535584156,1.06059076174694,0.111222279763393,0.111285090089532,1.0535816979882118,0.1112309128356831,0.6103333333333333,False
CONCH,2,1,h2->h1,0.1,456,1400,3000,300,0.9714768888888888,0.891763784207014,0.0816535654183982,0.0967498136357711,0.0971455549451754,1.034239104156924,0.0906270811198289,0.0906270811198289,0.9678136867194588,0.090687516961025,0.5913333333333334,False
CONCH,2,1,h2->h1,0.25,42,3500,3000,750,0.972556,0.8976166384263891,0.0766591132746607,0.0805752693108048,0.0819774436954276,1.244449878502475,0.0830108852600555,0.0830108852600555,1.1179383787720576,0.0831205140437462,0.5836666666666667,False
CONCH,2,1,h2->h1,0.25,123,3500,3000,750,0.969581777777778,0.8814330966037319,0.0853967352742587,0.0964167092101763,0.0968689551956234,1.235808003281354,0.0993257969176575,0.0993257969176575,1.39507980200119,0.0990400504142388,0.602,False
CONCH,2,1,h2->h1,0.25,456,3500,3000,750,0.9696631111111108,0.8942115113771881,0.0798875402993936,0.0828324280462817,0.0829468526500002,1.257579683294278,0.0858758772549281,0.0858758772549281,1.263943609944726,0.0858632618909553,0.5863333333333334,False
CONCH,2,1,h2->h1,0.5,42,7000,3000,1500,0.9707644444444444,0.8977163469734267,0.0762681158759597,0.0760685970114838,0.0769942111702924,1.3618137597967594,0.0793760996783327,0.0775002586926756,1.313999405505085,0.0801314703617969,0.5776666666666667,False
CONCH,2,1,h2->h1,0.5,123,7000,3000,1500,0.9716973333333334,0.8942237314711039,0.0792628060411114,0.0852274437048669,0.0852274437048668,1.3608552138011707,0.0867048240435068,0.0867048240435068,1.4165220981134012,0.0866544224769495,0.5856666666666667,False
CONCH,2,1,h2->h1,0.5,456,7000,3000,1500,0.9705502222222222,0.8942478791663957,0.0788066265362962,0.083285936371193,0.083285936371193,1.3905530500685273,0.0845716672568267,0.0845716672568267,1.3053910262693529,0.0846053324138033,0.5843333333333334,False
CONCH,2,1,h2->h1,1.0,42,14000,3000,3000,0.9706284444444444,0.8963640784703919,0.0767192079421646,0.0779788927569045,0.0779788927569045,1.5193988603158175,0.0788632249939317,0.0788632249939317,1.5193988603158175,0.0788632249939317,0.5783333333333334,False
CONCH,2,1,h2->h1,1.0,123,14000,3000,3000,0.9706284444444444,0.8963640784703919,0.0767192079421646,0.0779788927569045,0.0779788927569045,1.5193988603158175,0.0788632249939317,0.0788632249939317,1.5193988603158175,0.0788632249939317,0.5783333333333334,False
CONCH,2,1,h2->h1,1.0,456,14000,3000,3000,0.9706284444444444,0.8963640784703919,0.0767192079421646,0.0779788927569045,0.0779788927569045,1.5193988603158175,0.0788632249939317,0.0788632249939317,1.5193988603158175,0.0788632249939317,0.5783333333333334,False
CONCH,2,3,h2->h3,0.01,42,140,3000,30,0.9842253333333332,0.9283352890432024,0.0764296782167134,0.16712613492538,0.1671350991391854,0.6337111124698942,0.0809617251541155,0.0809617251541154,0.48443597688764,0.0771877280332254,0.568,False
CONCH,2,3,h2->h3,0.01,123,140,3000,30,0.9789435555555556,0.9157807709716784,0.0867794766918095,0.1836508216056258,0.1795545062303102,0.6142012392528683,0.0931116252025662,0.0931116252025662,0.1000051710763574,0.0827696724053242,0.581,False
CONCH,2,3,h2->h3,0.01,456,140,3000,30,0.9843688888888888,0.9327442412953704,0.0826169286350459,0.1853086312555184,0.1835846489912676,0.5229329172116184,0.0733116073058947,0.0733116073058948,0.1000052749944835,0.0646436662637727,0.5616666666666666,False
CONCH,2,3,h2->h3,0.05,42,700,3000,150,0.9827608888888888,0.9371119394098067,0.0540765454670249,0.0801042403304024,0.0821259922150046,0.9248827973880258,0.0652473733052341,0.065247373305234,0.6957634683141932,0.0630927271386014,0.5593333333333333,False
CONCH,2,3,h2->h3,0.05,123,700,3000,150,0.9829022222222225,0.9371169036898552,0.0557710559101252,0.0892941075847501,0.0886173450709249,0.9162148283174024,0.0658503760115055,0.0658503760115055,0.9352032556893712,0.0660797882374787,0.5586666666666666,False
CONCH,2,3,h2->h3,0.05,456,700,3000,150,0.9874422222222224,0.944531669075492,0.0492134913850007,0.085887066212487,0.0845065500501612,0.903666306578916,0.0538443324234479,0.0538443324234479,0.8203656179323527,0.0530129449523657,0.5493333333333333,False
CONCH,2,3,h2->h3,0.1,42,1400,3000,300,0.9832297777777778,0.9414981749102052,0.048229530546225,0.0576790779603618,0.059197044605926,1.0431996244584034,0.0560859447357418,0.0560859447357418,0.9711607522050396,0.0557669296655673,0.5536666666666666,False
CONCH,2,3,h2->h3,0.1,123,1400,3000,300,0.9838973333333334,0.9357687675632276,0.0532135889341755,0.0724416693850109,0.074217864632227,1.06059076174694,0.0657750484806543,0.0657750484806543,1.0535816979882118,0.0657005242621731,0.56,False
CONCH,2,3,h2->h3,0.1,456,1400,3000,300,0.9871088888888888,0.9438558717846348,0.046666238271959,0.064679885570252,0.0664527991682129,1.034239104156924,0.0530397684582127,0.0530397684582127,0.9678136867194588,0.0525743743689937,0.5506666666666666,False
CONCH,2,3,h2->h3,0.25,42,3500,3000,750,0.9857226666666667,0.9445353016099018,0.0447776100463326,0.0528769975259291,0.0531012619313622,1.244449878502475,0.05111557640415,0.05111557640415,1.1179383787720576,0.0506567339222087,0.5486666666666666,False
CONCH,2,3,h2->h3,0.25,123,3500,3000,750,0.9855622222222222,0.944524254263389,0.0457916606487998,0.0564368708335153,0.0564368708335154,1.235808003281354,0.0539971425069369,0.0539971425069368,1.39507980200119,0.0547274300396075,0.5506666666666666,False
CONCH,2,3,h2->h3,0.25,456,3500,3000,750,0.9859071111111112,0.9431836158481616,0.0460595725482917,0.0560240129258367,0.0561572607161906,1.257579683294278,0.0535488423474104,0.0535488423474104,1.263943609944726,0.0535773740456145,0.5513333333333333,False
CONCH,2,3,h2->h3,0.5,42,7000,3000,1500,0.985376,0.9468892404615804,0.0436890237726685,0.0485500891109532,0.0485500891109532,1.3618137597967594,0.0479446152472307,0.0480658589736545,1.313999405505085,0.0478578318558823,0.5456666666666666,False
CONCH,2,3,h2->h3,0.5,123,7000,3000,1500,0.9860071111111112,0.9465568350245126,0.0429061535117865,0.0493509978450415,0.0493509978450415,1.3608552138011707,0.0480957439758818,0.0480957439758818,1.4165220981134012,0.0482493975617099,0.5453333333333333,False
CONCH,2,3,h2->h3,0.5,456,7000,3000,1500,0.9859431111111112,0.944874749305394,0.0443105048612127,0.051902800851742,0.0520798287658182,1.3905530500685273,0.0504839492054191,0.0504839492054192,1.3053910262693529,0.0502196019154264,0.5476666666666666,False
CONCH,2,3,h2->h3,1.0,42,14000,3000,3000,0.985236,0.947563605847092,0.0428403050530883,0.0462257326759748,0.0462257326759748,1.5193988603158175,0.0458224255543363,0.0458224255543364,1.5193988603158175,0.0458224255543363,0.5443333333333333,False
CONCH,2,3,h2->h3,1.0,123,14000,3000,3000,0.985236,0.947563605847092,0.0428403050530883,0.0462257326759748,0.0462257326759748,1.5193988603158175,0.0458224255543363,0.0458224255543364,1.5193988603158175,0.0458224255543363,0.5443333333333333,False
CONCH,2,3,h2->h3,1.0,456,14000,3000,3000,0.985236,0.947563605847092,0.0428403050530883,0.0462257326759748,0.0462257326759748,1.5193988603158175,0.0458224255543363,0.0458224255543364,1.5193988603158175,0.0458224255543363,0.5443333333333333,False
CONCH,2,4,h2->h4,0.01,42,140,3000,30,0.9903217777777776,0.9300128778537192,0.0838282196191736,0.2115031122371585,0.2052045056930247,0.6337111124698942,0.081927038673679,0.081927038673679,0.48443597688764,0.0781885374184009,0.5676666666666667,False
CONCH,2,4,h2->h4,0.01,123,140,3000,30,0.9910826666666668,0.917480641495206,0.0934377153299192,0.2272488265539314,0.2244127463678815,0.6142012392528683,0.0943121024818287,0.0943121024818287,0.1000051710763574,0.0808839246617326,0.5793333333333334,False
CONCH,2,4,h2->h4,0.01,456,140,3000,30,0.991476,0.9364528942027648,0.0895128158028456,0.2280616889595774,0.2212897145197981,0.5229329172116184,0.0669987589532068,0.0671141225025326,0.1000052749944835,0.0611373664008104,0.558,False
CONCH,2,4,h2->h4,0.05,42,700,3000,150,0.9916004444444444,0.9401388444389154,0.0539097784629389,0.1221198638985432,0.1198956118766803,0.9248827973880258,0.0658114130200649,0.065811413020065,0.6957634683141932,0.0634295001068867,0.557,False
CONCH,2,4,h2->h4,0.05,123,700,3000,150,0.9931808888888888,0.954929083416696,0.0455524460230128,0.1181819827849065,0.1136703294849347,0.9162148283174024,0.0460672630683539,0.0467302286534496,0.9352032556893712,0.0461817996512013,0.5396666666666666,False
CONCH,2,4,h2->h4,0.05,456,700,3000,150,0.9924728888888888,0.9495645348497376,0.0514045873771491,0.1221665697506977,0.1204470025229184,0.903666306578916,0.0563845679113196,0.0569532317867731,0.8203656179323527,0.0555308931541132,0.545,False
CONCH,2,4,h2->h4,0.1,42,1400,3000,300,0.9925724444444444,0.9505620559771142,0.0438758698751557,0.0933817805794503,0.0898382250678874,1.0431996244584034,0.0515667359763891,0.0515667359763891,0.9711607522050396,0.0512328983016698,0.546,False
CONCH,2,4,h2->h4,0.1,123,1400,3000,300,0.9928497777777776,0.9629674072036066,0.0359297236510118,0.0823602038342729,0.0790817431366285,1.06059076174694,0.032308859972847,0.0330790736537362,1.0535816979882118,0.032302793729717,0.5296666666666666,False
CONCH,2,4,h2->h4,0.1,456,1400,3000,300,0.9929813333333332,0.9576127453690813,0.0406919510990245,0.0956461132315755,0.0912559375874554,1.034239104156924,0.0399856242768426,0.0403001010183765,0.9678136867194588,0.0397098567835938,0.5356666666666666,False
CONCH,2,4,h2->h4,0.25,42,3500,3000,750,0.99316,0.964976927578179,0.0308418634099677,0.0563314698720943,0.0531321097431774,1.244449878502475,0.0251186435064754,0.0252017979616539,1.1179383787720576,0.025230719396756,0.5256666666666666,False
CONCH,2,4,h2->h4,0.25,123,3500,3000,750,0.9929315555555556,0.9673145064890712,0.0301725555445987,0.0547495814175778,0.0509207274171717,1.235808003281354,0.024003624732564,0.024536384341472,1.39507980200119,0.0260104963124107,0.524,False
CONCH,2,4,h2->h4,0.25,456,3500,3000,750,0.992804888888889,0.9656451949134875,0.0321583113216453,0.0576620314622387,0.055716055740998,1.257579683294278,0.0277556806898982,0.0278026379962158,1.263943609944726,0.0276461773519958,0.525,False
CONCH,2,4,h2->h4,0.5,42,7000,3000,1500,0.9932853333333334,0.9699902768496992,0.0272810940890957,0.0390125545099006,0.0360752455707683,1.3618137597967594,0.0185326104332274,0.0171239259398731,1.313999405505085,0.0178654855326989,0.518,False
CONCH,2,4,h2->h4,0.5,123,7000,3000,1500,0.9929244444444444,0.9693202296625358,0.0278107117491481,0.0402148101734452,0.0362581075175126,1.3608552138011707,0.0201733781584468,0.0199777060992447,1.4165220981134012,0.0206491742440841,0.5206666666666667,False
CONCH,2,4,h2->h4,0.5,456,7000,3000,1500,0.9927306666666668,0.9696564678683668,0.0282882519070539,0.0395400275755396,0.0357068163425746,1.3905530500685273,0.0190882360119449,0.0170960280455823,1.3053910262693529,0.0196784604048663,0.5183333333333333,False
CONCH,2,4,h2->h4,1.0,42,14000,3000,3000,0.993152,0.9703288200171782,0.025766304063297,0.0297565355646035,0.0229550681260119,1.5193988603158175,0.0155677764855167,0.0108207568380131,1.5193988603158175,0.0155677764855167,0.5123333333333333,False
CONCH,2,4,h2->h4,1.0,123,14000,3000,3000,0.993152,0.9703288200171782,0.025766304063297,0.0297565355646035,0.0229550681260119,1.5193988603158175,0.0155677764855167,0.0108207568380131,1.5193988603158175,0.0155677764855167,0.5123333333333333,False
CONCH,2,4,h2->h4,1.0,456,14000,3000,3000,0.993152,0.9703288200171782,0.025766304063297,0.0297565355646035,0.0229550681260119,1.5193988603158175,0.0155677764855167,0.0108207568380131,1.5193988603158175,0.0155677764855167,0.5123333333333333,False
CONCH,3,0,h3->h0,0.01,42,140,3000,30,0.9850431111111112,0.941999071985152,0.0670877567098925,0.1545434547485373,0.1550969350452995,0.6337109818935465,0.0238923883496015,0.0211879869497731,0.2032594819196613,0.0458536571743466,0.504,False
CONCH,3,0,h3->h0,0.01,123,140,3000,30,0.9903408888888888,0.957665307252644,0.0643249679244589,0.1707956706499155,0.1703881853281744,0.5551540568170203,0.0151074904186309,0.0149823630398364,0.4326828400973913,0.0172557067937384,0.5056666666666667,False
CONCH,3,0,h3->h0,0.01,456,140,3000,30,0.9913564444444446,0.9623044795065911,0.0603797563515627,0.166832986341603,0.1648810461483416,0.6398068645087216,0.0160843694191135,0.0173021516496442,0.4560767190190459,0.0220719052547463,0.5276666666666666,False
CONCH,3,0,h3->h0,0.05,42,700,3000,150,0.9902626666666666,0.961657255653082,0.03798870594044,0.0708309824988408,0.0702428517048017,1.0057859315598632,0.0131059414458944,0.0116107386582575,0.6913306597390635,0.0164081667407361,0.5156666666666667,False
CONCH,3,0,h3->h0,0.05,123,700,3000,150,0.9927782222222222,0.9629949632033248,0.034116263536635,0.0749603999939653,0.0721357812622947,0.974265676356762,0.0134350100278214,0.0099866507945874,0.687855597855645,0.0166350281249699,0.5116666666666667,False
CONCH,3,0,h3->h0,0.05,456,700,3000,150,0.9922008888888888,0.9646552149563126,0.0344084817660437,0.0703413919744173,0.0664214608650365,1.0031161844977825,0.0107727779387564,0.0097981175362255,1.1584482490686865,0.0174856907965589,0.518,False
CONCH,3,0,h3->h0,0.1,42,1400,3000,300,0.9919204444444444,0.966663762709996,0.0318003248239343,0.0511294403855621,0.0482607690466021,1.132648633994427,0.0116718965881618,0.0106210754068965,0.7365704526299934,0.0174835702200791,0.5093333333333333,False
CONCH,3,0,h3->h0,0.1,123,1400,3000,300,0.9936244444444444,0.9659981714572206,0.0293889450818208,0.0544235390893053,0.0520733760307526,1.1121595867143506,0.0106986500163592,0.0088979057057307,0.880573864621231,0.0100167757202644,0.5073333333333333,False
CONCH,3,0,h3->h0,0.1,456,1400,3000,300,0.993568888888889,0.968327417598776,0.0286819214866221,0.0519824302065946,0.0488899491808327,1.11046126126216,0.0083003738394864,0.0065269536661955,1.218763127265593,0.01041138214886,0.5136666666666667,False
CONCH,3,0,h3->h0,0.25,42,3500,3000,750,0.9936591111111112,0.9713308359305964,0.0256422630069546,0.0341993750713707,0.0320577548802773,1.2903373247475274,0.0084843542699544,0.0080582750241183,1.3564758764005584,0.0102615546109253,0.5093333333333333,False
CONCH,3,0,h3->h0,0.25,123,3500,3000,750,0.9940404444444444,0.969999346652438,0.0252599052863239,0.0348498237562503,0.0307594440437903,1.3427627206867336,0.0115830956995549,0.0079753341201306,1.3382601529032228,0.0113519070100973,0.5046666666666667,False
CONCH,3,0,h3->h0,0.25,456,3500,3000,750,0.9939684444444444,0.969996586278261,0.0249668653313662,0.0306050954114754,0.0285130700304148,1.3064583651681236,0.0085632009618689,0.0068866184007428,1.3728520514112657,0.0096883687472006,0.5106666666666667,False
CONCH,3,0,h3->h0,0.5,42,7000,3000,1500,0.9937604444444444,0.9739977349137968,0.0237867642564437,0.0239509879114517,0.0221881860608284,1.4224363850589743,0.010806277334458,0.0091318146476257,1.4696688567203182,0.0096666077416536,0.5093333333333333,False
CONCH,3,0,h3->h0,0.5,123,7000,3000,1500,0.9943817777777776,0.973331626557433,0.0225327692365521,0.0238552672545394,0.0203879620654811,1.455180535057082,0.0098274983806403,0.0073944224786228,1.5670669535129786,0.0099301104546071,0.508,False
CONCH,3,0,h3->h0,0.5,456,7000,3000,1500,0.9939968888888888,0.9713325179027316,0.0234852485091383,0.0242548638089559,0.0229680575933199,1.4379932357452143,0.0100642074362209,0.0114445424712984,1.4314359285200873,0.0108425657042052,0.5053333333333333,False
CONCH,3,0,h3->h0,1.0,42,14000,3000,3000,0.9943777777777778,0.975330526495459,0.0214392919093191,0.0194969925955836,0.0148305230168727,1.5280176637010794,0.0109520982119275,0.00868372808855,1.5280176637010794,0.0109520982119275,0.5106666666666667,False
CONCH,3,0,h3->h0,1.0,123,14000,3000,3000,0.9943777777777778,0.975330526495459,0.0214392919093191,0.0194969925955836,0.0148305230168727,1.5280176637010794,0.0109520982119275,0.00868372808855,1.5280176637010794,0.0109520982119275,0.5106666666666667,False
CONCH,3,0,h3->h0,1.0,456,14000,3000,3000,0.9943777777777778,0.975330526495459,0.0214392919093191,0.0194969925955836,0.0148305230168727,1.5280176637010794,0.0109520982119275,0.00868372808855,1.5280176637010794,0.0109520982119275,0.5106666666666667,False
CONCH,3,1,h3->h1,0.01,42,140,3000,30,0.9793635555555557,0.9162629104410144,0.0884607672858474,0.1690313529658908,0.1662044535643281,0.6337109818935465,0.0298725604574493,0.0250459585735302,0.2032594819196613,0.0608539392444087,0.529,False
CONCH,3,1,h3->h1,0.01,123,140,3000,30,0.9819426666666666,0.9213018540749632,0.0910144704937985,0.1835104037636359,0.1799042932061344,0.5551540568170203,0.0248879519201462,0.0201939560562662,0.4326828400973913,0.0285923344683497,0.52,False
CONCH,3,1,h3->h1,0.01,456,140,3000,30,0.9801053333333334,0.9059024817076322,0.094248346918688,0.1818129877824905,0.1862342680135011,0.6398068645087216,0.0603282369247572,0.0639545723448369,0.4560767190190459,0.0644548543902421,0.5676666666666667,False
CONCH,3,1,h3->h1,0.05,42,700,3000,150,0.9854328888888888,0.925582318358842,0.0582874279655265,0.0894989518987964,0.0890696609469923,1.0057859315598632,0.0310214299024089,0.029256860791435,0.6913306597390635,0.036011068964479,0.5336666666666666,False
CONCH,3,1,h3->h1,0.05,123,700,3000,150,0.984688,0.9352670467892455,0.0579964512885088,0.0915173852253042,0.0864751411910044,0.974265676356762,0.0193918683556585,0.0217843767049947,0.687855597855645,0.0284303292811447,0.532,False
CONCH,3,1,h3->h1,0.05,456,700,3000,150,0.9855031111111112,0.9338600478612744,0.0592063187098234,0.0957520320680811,0.0939131310031242,1.0031161844977825,0.0371586983718763,0.0348039877684099,1.1584482490686865,0.0405997385297442,0.546,False
CONCH,3,1,h3->h1,0.1,42,1400,3000,300,0.9874035555555556,0.9382687967898884,0.0503469823008253,0.0674322162554733,0.0627451569591694,1.132648633994427,0.0232003571877023,0.0243420030946343,0.7365704526299934,0.0297744372658449,0.5323333333333333,False
CONCH,3,1,h3->h1,0.1,123,1400,3000,300,0.9861715555555556,0.935934396822346,0.0519672012528014,0.065783414363124,0.0615671872453187,1.1121595867143506,0.0225953399275421,0.0224032542765579,0.880573864621231,0.0235139616723904,0.532,False
CONCH,3,1,h3->h1,0.1,456,1400,3000,300,0.9874751111111112,0.9399332591768632,0.0504953829571915,0.0686032853960494,0.06659179615633,1.11046126126216,0.0237443348677787,0.0237664985756508,1.218763127265593,0.0279717379275143,0.5333333333333333,False
CONCH,3,1,h3->h1,0.25,42,3500,3000,750,0.9878368888888888,0.9419405471202512,0.0464729775505571,0.0456165174199548,0.0411601050805882,1.2903373247475274,0.022752411070483,0.023736031559455,1.3564758764005584,0.0221625466799112,0.532,False
CONCH,3,1,h3->h1,0.25,123,3500,3000,750,0.9880822222222222,0.9409407767233252,0.0462142530264995,0.0476997328580643,0.0426004703609273,1.3427627206867336,0.0261456558064391,0.0234496306733279,1.3382601529032228,0.0266627566086198,0.5316666666666666,False
CONCH,3,1,h3->h1,0.25,456,3500,3000,750,0.9879715555555556,0.9416056185850296,0.046412284662061,0.045011762836097,0.0403535630258765,1.3064583651681236,0.0288890182868938,0.027024151199042,1.3728520514112657,0.0289041719866872,0.5323333333333333,False
CONCH,3,1,h3->h1,0.5,42,7000,3000,1500,0.9892728888888888,0.940972289769364,0.0427841795920283,0.0375125789967165,0.0313762602417826,1.4224363850589743,0.0244187064067366,0.019787638336236,1.4696688567203182,0.0246467899603195,0.5216666666666666,False
CONCH,3,1,h3->h1,0.5,123,7000,3000,1500,0.9893937777777776,0.9462839085607546,0.0424976067005694,0.0378073339586245,0.0326079292492563,1.455180535057082,0.0215572459685968,0.0215917369198438,1.5670669535129786,0.0240185328815639,0.5303333333333333,False
CONCH,3,1,h3->h1,0.5,456,7000,3000,1500,0.989236,0.946634196540028,0.0422810542450318,0.0327424499207266,0.0325075397542224,1.4379932357452143,0.0186278715543451,0.0185474554323095,1.4314359285200873,0.0179427079843864,0.5246666666666666,False
CONCH,3,1,h3->h1,1.0,42,14000,3000,3000,0.9901128888888888,0.9516331269272392,0.0399109975267345,0.0346717388928501,0.0263316378630384,1.5280176637010794,0.0252720110029393,0.0199033980250424,1.5280176637010794,0.0252720110029393,0.5263333333333333,False
CONCH,3,1,h3->h1,1.0,123,14000,3000,3000,0.9901128888888888,0.9516331269272392,0.0399109975267345,0.0346717388928501,0.0263316378630384,1.5280176637010794,0.0252720110029393,0.0199033980250424,1.5280176637010794,0.0252720110029393,0.5263333333333333,False
CONCH,3,1,h3->h1,1.0,456,14000,3000,3000,0.9901128888888888,0.9516331269272392,0.0399109975267345,0.0346717388928501,0.0263316378630384,1.5280176637010794,0.0252720110029393,0.0199033980250424,1.5280176637010794,0.0252720110029393,0.5263333333333333,False
CONCH,3,2,h3->h2,0.01,42,140,3000,30,0.9812671111111108,0.9393316076546178,0.0915287929808084,0.2085344603571725,0.2093612647174069,0.6337109818935465,0.0513027277004638,0.0496848916650151,0.2032594819196613,0.0446980635328022,0.5053333333333333,False
CONCH,3,2,h3->h2,0.01,123,140,3000,30,0.9901444444444444,0.9643324416443744,0.081791499083154,0.2178915037300681,0.2130978901453313,0.5551540568170203,0.0343810996991822,0.034319290823152,0.4326828400973913,0.0175571576676061,0.505,False
CONCH,3,2,h3->h2,0.01,456,140,3000,30,0.9900422222222224,0.9629792642745788,0.0776409826559696,0.2120354545579983,0.2072306952456356,0.6398068645087216,0.0316646367219291,0.0328190427443404,0.4560767190190459,0.0158196032526839,0.5236666666666666,False
CONCH,3,2,h3->h2,0.05,42,700,3000,150,0.9882933333333334,0.960992714305861,0.0491811714330835,0.1172346061739033,0.1159900322066733,1.0057859315598632,0.0281658198817904,0.0287961197975812,0.6913306597390635,0.0117013024513931,0.5136666666666667,False
CONCH,3,2,h3->h2,0.05,123,700,3000,150,0.9895857777777778,0.9616608348536572,0.0446380529851979,0.1062400193542356,0.1032233045642254,0.974265676356762,0.0206967909069915,0.0175881610906913,0.687855597855645,0.0097991594329971,0.5123333333333333,False
CONCH,3,2,h3->h2,0.05,456,700,3000,150,0.9916782222222223,0.9679943100995732,0.043290535078909,0.1154187097342255,0.1073981283266752,1.0031161844977825,0.0263632870581353,0.0247745702926403,1.1584482490686865,0.0394669786783061,0.5133333333333333,False
CONCH,3,2,h3->h2,0.1,42,1400,3000,300,0.9885271111111112,0.9623269665906872,0.0404697797706896,0.0858072970202781,0.0820444934682149,1.132648633994427,0.0221683303167735,0.0196245686307168,0.7365704526299934,0.0117850815059946,0.513,False
CONCH,3,2,h3->h2,0.1,123,1400,3000,300,0.9896426666666668,0.961997567844342,0.0391162009624075,0.0834668741373291,0.0790235821484725,1.1121595867143506,0.019036562411074,0.0171655182387009,0.880573864621231,0.0091014248204961,0.508,False
CONCH,3,2,h3->h2,0.1,456,1400,3000,300,0.9916888888888888,0.9673263048584672,0.0353481287556348,0.0821110240209782,0.075031852314833,1.11046126126216,0.0192949426238756,0.0175073082426792,1.218763127265593,0.0237700780756866,0.5146666666666667,False
CONCH,3,2,h3->h2,0.25,42,3500,3000,750,0.989636,0.9599969953298716,0.0349824966779052,0.0579503689908226,0.0548454081793388,1.2903373247475274,0.016925902028183,0.0159250580867507,1.3564758764005584,0.0190419623038824,0.5086666666666667,False
CONCH,3,2,h3->h2,0.25,123,3500,3000,750,0.9909586666666668,0.9649988760750206,0.0318407796979208,0.0558455409633714,0.0527239439120352,1.3427627206867336,0.0170104149350681,0.0178833822946903,1.3382601529032228,0.0167716304518782,0.5056666666666667,False
CONCH,3,2,h3->h2,0.25,456,3500,3000,750,0.9910164444444446,0.965659611624655,0.0314912220621443,0.0531487882028829,0.048252528657556,1.3064583651681236,0.0130663424439479,0.0146721536246788,1.3728520514112657,0.0174519300912602,0.5143333333333333,False
CONCH,3,2,h3->h2,0.5,42,7000,3000,1500,0.9896826666666666,0.9639929426167528,0.0319687044425493,0.0460456147901111,0.0405495456292126,1.4224363850589743,0.0151605787742601,0.0150630740528158,1.4696688567203182,0.0181463778814708,0.514,False
CONCH,3,2,h3->h2,0.5,123,7000,3000,1500,0.9908373333333332,0.9649957644875028,0.0298128760389932,0.0407397941220968,0.035320296681811,1.455180535057082,0.0145434800398178,0.0123048480154384,1.5670669535129786,0.01841903137036,0.511,False
CONCH,3,2,h3->h2,0.5,456,7000,3000,1500,0.989576888888889,0.9626600284495022,0.0313519987387579,0.0378431109380715,0.0352772594888129,1.4379932357452143,0.0123204981964627,0.0128803943387621,1.4314359285200873,0.0123432312327731,0.5133333333333333,False
CONCH,3,2,h3->h2,1.0,42,14000,3000,3000,0.9904373333333334,0.9653258745436796,0.0296178906101191,0.0349012664226468,0.0294313081676562,1.5280176637010794,0.0131896360512301,0.0120392877673933,1.5280176637010794,0.0131896360512301,0.5146666666666667,False
CONCH,3,2,h3->h2,1.0,123,14000,3000,3000,0.9904373333333334,0.9653258745436796,0.0296178906101191,0.0349012664226468,0.0294313081676562,1.5280176637010794,0.0131896360512301,0.0120392877673933,1.5280176637010794,0.0131896360512301,0.5146666666666667,False
CONCH,3,2,h3->h2,1.0,456,14000,3000,3000,0.9904373333333334,0.9653258745436796,0.0296178906101191,0.0349012664226468,0.0294313081676562,1.5280176637010794,0.0131896360512301,0.0120392877673933,1.5280176637010794,0.0131896360512301,0.5146666666666667,False
CONCH,3,4,h3->h4,0.01,42,140,3000,30,0.9626231111111112,0.9016382401180608,0.1046503787201682,0.1701235955125494,0.1702469832255871,0.6337109818935465,0.0361998140210299,0.0325916729212286,0.2032594819196613,0.0683532531749765,0.517,False
CONCH,3,4,h3->h4,0.01,123,140,3000,30,0.9775537777777776,0.9319213010239836,0.0980257410340343,0.2043069640662109,0.2059173161097074,0.5551540568170203,0.0295426546293582,0.0238524006477147,0.4326828400973913,0.0311982877790296,0.534,False
CONCH,3,4,h3->h4,0.01,456,140,3000,30,0.975588,0.914213676752666,0.1035340802969297,0.2022214983658598,0.2026045586605414,0.6398068645087216,0.072229543906067,0.072229543906067,0.4560767190190459,0.0736998613679143,0.5726666666666667,False
CONCH,3,4,h3->h4,0.05,42,700,3000,150,0.9684813333333332,0.9137229548215936,0.0794911447362744,0.1010128638963799,0.0995822682704463,1.0057859315598632,0.054099884847058,0.0521443536804804,0.6913306597390635,0.0548161602119694,0.5566666666666666,False
CONCH,3,4,h3->h4,0.05,123,700,3000,150,0.9723417777777776,0.9164289534676412,0.0755591237000447,0.105276657199666,0.1051820790025361,0.974265676356762,0.0490773434237958,0.0490773434237958,0.687855597855645,0.0520530304241475,0.5533333333333333,False
CONCH,3,4,h3->h4,0.05,456,700,3000,150,0.9723262222222222,0.9016112803842332,0.082851735216286,0.1195902140766979,0.11932748284484,1.0031161844977825,0.082068977134878,0.082068977134878,1.1584482490686865,0.0803200277020692,0.5856666666666667,False
CONCH,3,4,h3->h4,0.1,42,1400,3000,300,0.965268,0.8988748543954168,0.0802732306782282,0.0762115413430949,0.0759348727486533,1.132648633994427,0.0624336201487957,0.0624336201487957,0.7365704526299934,0.0648368869400412,0.5673333333333334,False
CONCH,3,4,h3->h4,0.1,123,1400,3000,300,0.9716537777777778,0.917126148705096,0.0716693641862416,0.0788534748748311,0.0789047690457429,1.1121595867143506,0.0448187734248178,0.0443922421041444,0.880573864621231,0.0465346944076817,0.55,False
CONCH,3,4,h3->h4,0.1,456,1400,3000,300,0.9714693333333332,0.9044626021370208,0.0766933381064801,0.09336580135741,0.0930108699195949,1.11046126126216,0.0701872200518034,0.0701872200518034,1.218763127265593,0.0694960186338119,0.575,False
CONCH,3,4,h3->h4,0.25,42,3500,3000,750,0.9651506666666668,0.8940971446445327,0.0804926849630548,0.0715086024762993,0.0667954300596965,1.2903373247475274,0.0695417848564488,0.0695417848564488,1.3564758764005584,0.0693420842759804,0.5733333333333334,False
CONCH,3,4,h3->h4,0.25,123,3500,3000,750,0.9720093333333334,0.913067164308855,0.0680370312538199,0.0544974675254963,0.0548056466882028,1.3427627206867336,0.0502203736812791,0.0503215779230304,1.3382601529032228,0.0502469654857088,0.5553333333333333,False
CONCH,3,4,h3->h4,0.25,456,3500,3000,750,0.9689671111111112,0.8966720343531938,0.0780092245927383,0.0734150440107377,0.0731221877087864,1.3064583651681236,0.0754189856086803,0.0754189856086803,1.3728520514112657,0.0751444361257356,0.58,False
CONCH,3,4,h3->h4,0.5,42,7000,3000,1500,0.9607435555555556,0.8881184470572472,0.083541979687648,0.0676413457712377,0.0676413457712376,1.4224363850589743,0.0690473736485231,0.0690473736485231,1.4696688567203182,0.0689510417697297,0.57,False
CONCH,3,4,h3->h4,0.5,123,7000,3000,1500,0.9659955555555556,0.8958179679724558,0.0777095583786457,0.0651518781296517,0.0651518781296518,1.455180535057082,0.0668769216887196,0.0668769216887196,1.5670669535129786,0.0665629681213739,0.5703333333333334,False
CONCH,3,4,h3->h4,0.5,456,7000,3000,1500,0.960512,0.8805560985953487,0.085373749856151,0.0720327162508174,0.0720327162508174,1.4379932357452143,0.0741183976586955,0.0741183976586955,1.4314359285200873,0.0741403299917707,0.5806666666666667,False
CONCH,3,4,h3->h4,1.0,42,14000,3000,3000,0.9588217777777776,0.8735810934697461,0.0910421262878103,0.0863971910073777,0.0863971910073777,1.5280176637010794,0.0882593052424841,0.0882593052424841,1.5280176637010794,0.0882593052424841,0.5926666666666667,False
CONCH,3,4,h3->h4,1.0,123,14000,3000,3000,0.9588217777777776,0.8735810934697461,0.0910421262878103,0.0863971910073777,0.0863971910073777,1.5280176637010794,0.0882593052424841,0.0882593052424841,1.5280176637010794,0.0882593052424841,0.5926666666666667,False
CONCH,3,4,h3->h4,1.0,456,14000,3000,3000,0.9588217777777776,0.8735810934697461,0.0910421262878103,0.0863971910073777,0.0863971910073777,1.5280176637010794,0.0882593052424841,0.0882593052424841,1.5280176637010794,0.0882593052424841,0.5926666666666667,False
CONCH,4,0,h4->h0,0.01,42,140,3000,30,0.976444,0.9220860778298776,0.094897336463657,0.1854487995309844,0.1843290716178674,0.5461316612987579,0.0674033956646899,0.0674387920341555,0.1000035904234609,0.0722749480922156,0.5563333333333333,False
CONCH,4,0,h4->h0,0.01,123,140,3000,30,0.9795137777777778,0.9274577368886544,0.0851325334358432,0.1680620590007968,0.169037225322931,0.5848072710866233,0.0643187266541455,0.0643440092716833,0.6993416514115653,0.0678344979705204,0.5536666666666666,False
CONCH,4,0,h4->h0,0.01,456,140,3000,30,0.9755871111111112,0.9098440771748106,0.0950341393062705,0.1745722715509854,0.1721931086016321,0.6467590614476102,0.0903664774343283,0.0904095466389115,0.6482704172971535,0.0904221019700647,0.5736666666666667,False
CONCH,4,0,h4->h0,0.05,42,700,3000,150,0.9822782222222222,0.9345360588302618,0.057831232094156,0.0829011203112545,0.0833075324377064,0.9450094915060828,0.053136005073233,0.0531586694317969,0.87393067578419,0.0521039314739888,0.5446666666666666,False
CONCH,4,0,h4->h0,0.05,123,700,3000,150,0.982855111111111,0.9352190597547408,0.0541277830769724,0.0751445845664294,0.0760858791095783,0.9338519869416784,0.0454056867304409,0.0454312920841406,1.0916702801075424,0.0470424235122971,0.542,False
CONCH,4,0,h4->h0,0.05,456,700,3000,150,0.9799306666666668,0.9237315009863614,0.0686584557452885,0.1015820285889404,0.1041044063444222,0.9939549994882372,0.0744108231371882,0.0744367253368115,1.1602023515896782,0.07843300298856,0.5593333333333333,False
CONCH,4,0,h4->h0,0.1,42,1400,3000,300,0.9849662222222222,0.9405808654363568,0.0490038830665596,0.0581832721389753,0.059017313476669,1.060654639633805,0.0434288576666189,0.0434989755389155,1.039100139150174,0.0432422449797052,0.538,False
CONCH,4,0,h4->h0,0.1,123,1400,3000,300,0.9849013333333332,0.9399278065728768,0.0475867179734939,0.0506789181925563,0.0514569754790401,1.1028048185798391,0.0371096229698459,0.0372087170048445,1.0952751705742894,0.0370636527798715,0.5346666666666666,False
CONCH,4,0,h4->h0,0.1,456,1400,3000,300,0.979716,0.9257781922509758,0.0637470022130958,0.0823193252717931,0.0859508853870907,1.128850750423701,0.0683502028447238,0.0684196713599386,1.398114413846477,0.0735826949502991,0.5546666666666666,False
CONCH,4,0,h4->h0,0.25,42,3500,3000,750,0.9857524444444444,0.9439449664136924,0.0431315961206916,0.0355612969344697,0.0373725870784482,1.2703435903565727,0.0340035401217375,0.0332491608487704,1.3830034994765106,0.0335901239340932,0.5313333333333333,False
CONCH,4,0,h4->h0,0.25,123,3500,3000,750,0.98562,0.9449578683060844,0.0432818429093755,0.0330147819052518,0.0348005497259395,1.314117273555418,0.0321245452784481,0.0292844047784563,1.3259146576685277,0.0318159085943349,0.5276666666666666,False
CONCH,4,0,h4->h0,0.25,456,3500,3000,750,0.9837031111111112,0.9399192247354776,0.048537411191161,0.0482650540405698,0.0493082648720266,1.3018661818453363,0.0426677735840133,0.042686715053106,1.4357073724638914,0.0438022723960799,0.5366666666666666,False
CONCH,4,0,h4->h0,0.5,42,7000,3000,1500,0.9866986666666668,0.9459576307825336,0.0411049907210074,0.028499419510797,0.0276978519443496,1.4342413734598312,0.0279060649607757,0.0266950261962715,1.4816729223405365,0.0272421723143174,0.528,False
CONCH,4,0,h4->h0,0.5,123,7000,3000,1500,0.9863035555555556,0.9472977065829834,0.0413098375787843,0.0265098541816674,0.0263653666226907,1.4710262113771315,0.0277104987112808,0.0253540941713543,1.5135272218273272,0.0271798650544414,0.526,False
CONCH,4,0,h4->h0,0.5,456,7000,3000,1500,0.9862204444444445,0.9469632219409037,0.0418878851702846,0.0297776151834489,0.0296689470058696,1.4500949557169145,0.0288125511291315,0.0281393265588318,1.4741802378364743,0.0287878983680065,0.5263333333333333,False
CONCH,4,0,h4->h0,1.0,42,14000,3000,3000,0.9873195555555556,0.949305733121366,0.0394412293540088,0.0239081898742173,0.0223390407066078,1.5805936043454043,0.0255633625441127,0.023368440364366,1.5805936043454043,0.0255633625441127,0.5233333333333333,False
CONCH,4,0,h4->h0,1.0,123,14000,3000,3000,0.9873195555555556,0.949305733121366,0.0394412293540088,0.0239081898742173,0.0223390407066078,1.5805936043454043,0.0255633625441127,0.023368440364366,1.5805936043454043,0.0255633625441127,0.5233333333333333,False
CONCH,4,0,h4->h0,1.0,456,14000,3000,3000,0.9873195555555556,0.949305733121366,0.0394412293540088,0.0239081898742173,0.0223390407066078,1.5805936043454043,0.0255633625441127,0.023368440364366,1.5805936043454043,0.0255633625441127,0.5233333333333333,False
CONCH,4,1,h4->h1,0.01,42,140,3000,30,0.9634395555555556,0.7635925250408051,0.1565619566942709,0.2395896607544436,0.2396001134120931,0.5461316612987579,0.2286495173856936,0.2287535213403171,0.1000035904234609,0.2243267232895464,0.7196666666666667,False
CONCH,4,1,h4->h1,0.01,123,140,3000,30,0.9694248888888888,0.791747879795906,0.1436953766313165,0.2280210992391687,0.2278505292720652,0.5848072710866233,0.2048421467621844,0.2050369389763979,0.6993416514115653,0.2046250705656095,0.695,False
CONCH,4,1,h4->h1,0.01,456,140,3000,30,0.9636337777777776,0.7179846110385851,0.1666109092009826,0.2451068847743269,0.2449737494815019,0.6467590614476102,0.2619550450986638,0.2620755860699333,0.6482704172971535,0.261913615783738,0.7596666666666667,False
CONCH,4,1,h4->h1,0.05,42,700,3000,150,0.9708684444444444,0.8188883034773445,0.1261516840566948,0.1879620393987045,0.1879543196399536,0.9450094915060828,0.1802591701734876,0.1802902001594158,0.87393067578419,0.1795113870948362,0.668,False
CONCH,4,1,h4->h1,0.05,123,700,3000,150,0.9654533333333332,0.8326989550854738,0.1207009768059187,0.1703630376650905,0.1708108726410964,0.9338519869416784,0.1630305449944964,0.1631393275056626,1.0916702801075424,0.1637083430867382,0.654,False
CONCH,4,1,h4->h1,0.05,456,700,3000,150,0.965232,0.7484611742424242,0.1614072864405397,0.2309304877670051,0.2295951460107586,0.9939549994882372,0.2415310454513205,0.2415611556797963,1.1602023515896782,0.2396749360055758,0.732,False
CONCH,4,1,h4->h1,0.1,42,1400,3000,300,0.9684297777777776,0.8460829469079039,0.1113971087814235,0.1501794646677722,0.155426623851912,1.060654639633805,0.1483093128510391,0.1484935151173446,1.039100139150174,0.1481130312919187,0.6376666666666667,False
CONCH,4,1,h4->h1,0.1,123,1400,3000,300,0.967204,0.840696686491079,0.1143920095283218,0.1521461104263341,0.1576797157390293,1.1028048185798391,0.1532985740465499,0.1533986254636377,1.0952751705742894,0.1532555058618095,0.644,False
CONCH,4,1,h4->h1,0.1,456,1400,3000,300,0.9623711111111112,0.77860294169611,0.1529029256519313,0.2086520908424821,0.2126548129626884,1.128850750423701,0.2186466352229686,0.2186705162765141,1.398114413846477,0.2177209442221379,0.7023333333333334,False
CONCH,4,1,h4->h1,0.25,42,3500,3000,750,0.9685053333333332,0.8672853114782222,0.0974443705674044,0.1215911094496516,0.124930385902307,1.2703435903565727,0.1204315209937345,0.1207142830687855,1.3830034994765106,0.1210117734370301,0.6136666666666667,False
CONCH,4,1,h4->h1,0.25,123,3500,3000,750,0.966004,0.858140356630855,0.104211491932073,0.1308184354985897,0.1320134645575787,1.314117273555418,0.1308419096000929,0.1309462870350499,1.3259146576685277,0.1308861193159682,0.6243333333333333,False
CONCH,4,1,h4->h1,0.25,456,3500,3000,750,0.9659302222222222,0.8382341939766134,0.1169467408754965,0.1566385141374612,0.1593857071800561,1.3018661818453363,0.1555074368338199,0.1557536291336464,1.4357073724638914,0.1563842243917085,0.6456666666666667,False
CONCH,4,1,h4->h1,0.5,42,7000,3000,1500,0.9674084444444444,0.8749010757495904,0.094153054305958,0.1124874681121377,0.1131799775719976,1.4342413734598312,0.111305939740782,0.111394152476582,1.4816729223405365,0.1114909066891351,0.607,False
CONCH,4,1,h4->h1,0.5,123,7000,3000,1500,0.965733777777778,0.8700851555249409,0.0971261414889236,0.1155215721700639,0.1161661502269939,1.4710262113771315,0.1148411862232848,0.1149372845548914,1.5135272218273272,0.1149644328540198,0.6103333333333333,False
CONCH,4,1,h4->h1,0.5,456,7000,3000,1500,0.967567111111111,0.870354306375282,0.0973602905496594,0.1194914893651455,0.1200766632896709,1.4500949557169145,0.118060325060846,0.1181360168461183,1.4741802378364743,0.1181668512547883,0.6126666666666667,False
CONCH,4,1,h4->h1,1.0,42,14000,3000,3000,0.965136,0.8819193124272579,0.0905091115102144,0.0988400092702,0.0988400092702,1.5805936043454043,0.0986597665155131,0.0986597665155131,1.5805936043454043,0.0986597665155131,0.5956666666666667,False
CONCH,4,1,h4->h1,1.0,123,14000,3000,3000,0.965136,0.8819193124272579,0.0905091115102144,0.0988400092702,0.0988400092702,1.5805936043454043,0.0986597665155131,0.0986597665155131,1.5805936043454043,0.0986597665155131,0.5956666666666667,False
CONCH,4,1,h4->h1,1.0,456,14000,3000,3000,0.965136,0.8819193124272579,0.0905091115102144,0.0988400092702,0.0988400092702,1.5805936043454043,0.0986597665155131,0.0986597665155131,1.5805936043454043,0.0986597665155131,0.5956666666666667,False
CONCH,4,2,h4->h2,0.01,42,140,3000,30,0.992724,0.95963113758231,0.0794618631176202,0.2162754886616613,0.2083229097738449,0.5461316612987579,0.0409940940216404,0.0421202773065667,0.1000035904234609,0.0366264972738811,0.5296666666666666,False
CONCH,4,2,h4->h2,0.01,123,140,3000,30,0.9927488888888888,0.9582841596277212,0.0706664571275314,0.1973886376149014,0.1869084356460523,0.5848072710866233,0.0410779105521023,0.0413628019293427,0.6993416514115653,0.0424498003226461,0.5343333333333333,False
CONCH,4,2,h4->h2,0.01,456,140,3000,30,0.991564,0.9502202281606285,0.0782425793526399,0.2065909007679721,0.1977898232319169,0.6467590614476102,0.0607491591447225,0.0614585850577215,0.6482704172971535,0.0607677007778704,0.5476666666666666,False
CONCH,4,2,h4->h2,0.05,42,700,3000,150,0.9936351111111112,0.9629716568604568,0.0396466186925133,0.0962568841773798,0.0893636616256326,0.9450094915060828,0.0312403522109613,0.0320546921957102,0.87393067578419,0.0310685880412609,0.5276666666666666,False
CONCH,4,2,h4->h2,0.05,123,700,3000,150,0.994108888888889,0.9663175212808236,0.0366393782290664,0.0845076805780827,0.0804149716464978,0.9338519869416784,0.0265043953845227,0.0269795558080423,1.0916702801075424,0.026779322672928,0.5216666666666666,False
CONCH,4,2,h4->h2,0.05,456,700,3000,150,0.993692,0.9566061853320896,0.0460195155374294,0.1083477025946752,0.1054268348980923,0.9939549994882372,0.0510513888416293,0.0515381676886118,1.1602023515896782,0.0533222409297477,0.5373333333333333,False
CONCH,4,2,h4->h2,0.1,42,1400,3000,300,0.993678222222222,0.966322822311986,0.033021578631836,0.0625473443297833,0.0586756898534019,1.060654639633805,0.0210575638442686,0.0205868182128657,1.039100139150174,0.021698131853777,0.5176666666666667,False
CONCH,4,2,h4->h2,0.1,123,1400,3000,300,0.9944137777777778,0.9669872313947204,0.0313850073211423,0.0585391071469489,0.0563794209280445,1.1028048185798391,0.0222504629880015,0.0230518242210905,1.0952751705742894,0.0225412736232225,0.5196666666666667,False
CONCH,4,2,h4->h2,0.1,456,1400,3000,300,0.9932493333333332,0.9562876344836508,0.0383422443520042,0.0765499685190888,0.0709417331585184,1.128850750423701,0.0387566622286718,0.0391206708484572,1.398114413846477,0.0418373663600795,0.5323333333333333,False
CONCH,4,2,h4->h2,0.25,42,3500,3000,750,0.9939026666666668,0.967326929411498,0.0286077830119996,0.0348392958367939,0.0297475550865863,1.2703435903565727,0.0161913045742647,0.0122377093339778,1.3830034994765106,0.0128608890566615,0.514,False
CONCH,4,2,h4->h2,0.25,123,3500,3000,750,0.9943048888888888,0.968661095305832,0.0273929487724845,0.0312674099685063,0.0294402279497231,1.314117273555418,0.013882872036319,0.0134702345282706,1.3259146576685277,0.0138707408599466,0.5133333333333333,False
CONCH,4,2,h4->h2,0.25,456,3500,3000,750,0.9938853333333332,0.96565674146495,0.0297263468611513,0.0404617959345618,0.0335740950136341,1.3018661818453363,0.0219411181722431,0.0204624729284598,1.4357073724638914,0.0217879473064273,0.517,False
CONCH,4,2,h4->h2,0.5,42,7000,3000,1500,0.9943177777777776,0.969331370541048,0.0262295518282698,0.0213423965204704,0.0162460910640325,1.4342413734598312,0.0094167649977212,0.0065265284381942,1.4816729223405365,0.0096954563265652,0.508,False
CONCH,4,2,h4->h2,0.5,123,7000,3000,1500,0.9942662222222224,0.9686643130083992,0.0262551237857873,0.0207468585482551,0.0144670028483028,1.4710262113771315,0.0088321407636555,0.0073142168459017,1.5135272218273272,0.0104020273032536,0.5086666666666667,False
CONCH,4,2,h4->h2,0.5,456,7000,3000,1500,0.9941053333333332,0.967664421140357,0.0268980219870554,0.0214375634769741,0.015076538709376,1.4500949557169145,0.0138318887309451,0.0079115182078392,1.4741802378364743,0.0122956521774795,0.5083333333333333,False
CONCH,4,2,h4->h2,1.0,42,14000,3000,3000,0.994232,0.965999863999456,0.0263537815256092,0.0125995915262716,0.0101472681450138,1.5805936043454043,0.0093845495389165,0.0070652076691944,1.5805936043454043,0.0093845495389165,0.502,False
CONCH,4,2,h4->h2,1.0,123,14000,3000,3000,0.994232,0.965999863999456,0.0263537815256092,0.0125995915262716,0.0101472681450138,1.5805936043454043,0.0093845495389165,0.0070652076691944,1.5805936043454043,0.0093845495389165,0.502,False
CONCH,4,2,h4->h2,1.0,456,14000,3000,3000,0.994232,0.965999863999456,0.0263537815256092,0.0125995915262716,0.0101472681450138,1.5805936043454043,0.0093845495389165,0.0070652076691944,1.5805936043454043,0.0093845495389165,0.502,False
CONCH,4,3,h4->h3,0.01,42,140,3000,30,0.9782137777777778,0.884949648320428,0.1137646832161611,0.2200020401053377,0.2191421904749571,0.5461316612987579,0.1367640457031577,0.1367640457031577,0.1000035904234609,0.1124186234727726,0.6096666666666667,False
CONCH,4,3,h4->h3,0.01,123,140,3000,30,0.97894,0.8939322394249041,0.1063031563952442,0.2058197200295411,0.205684366413283,0.5848072710866233,0.1276996852692362,0.1276996852692362,0.6993416514115653,0.1330159146575359,0.6003333333333334,False
CONCH,4,3,h4->h3,0.01,456,140,3000,30,0.9798622222222224,0.8632722755643807,0.1176602269066432,0.2147900079594534,0.2147519829165508,0.6467590614476102,0.1634097070014747,0.1634097070014748,0.6482704172971535,0.1634783749124132,0.6323333333333333,False
CONCH,4,3,h4->h3,0.05,42,700,3000,150,0.9799635555555554,0.9100216619491456,0.0790681128982708,0.126374394254871,0.1305274279559403,0.9450094915060828,0.106435598684954,0.106435598684954,0.87393067578419,0.1042702731779312,0.5846666666666667,False
CONCH,4,3,h4->h3,0.05,123,700,3000,150,0.978928,0.9151459930518095,0.0734298019676233,0.1147373971332745,0.1159966445530106,0.9338519869416784,0.0934970064188708,0.0934970064188708,1.0916702801075424,0.0973811846610971,0.5783333333333334,False
CONCH,4,3,h4->h3,0.05,456,700,3000,150,0.9812857777777778,0.8818333521649706,0.0971961078442367,0.1592727108507607,0.1626132307812002,0.9939549994882372,0.1438538378765991,0.1438538378765992,1.1602023515896782,0.1487164577069307,0.6126666666666667,False
CONCH,4,3,h4->h3,0.1,42,1400,3000,300,0.9781951111111112,0.920237722865186,0.0694333162504382,0.1019715056597979,0.1025942620632671,1.060654639633805,0.0893155477528099,0.0893155477528099,1.039100139150174,0.0888436850050996,0.5733333333333334,False
CONCH,4,3,h4->h3,0.1,123,1400,3000,300,0.9797675555555556,0.9229630079528972,0.0667244329322249,0.0983891039288354,0.0983989684393834,1.1028048185798391,0.0860549791197985,0.0860549791197984,1.0952751705742894,0.0858950724516973,0.5693333333333334,False
CONCH,4,3,h4->h3,0.1,456,1400,3000,300,0.9793444444444444,0.8908343534855513,0.0906870820307809,0.1461036233280222,0.1467811426522314,1.128850750423701,0.1319227763819403,0.1319227763819403,1.398114413846477,0.1386828424202209,0.6033333333333334,False
CONCH,4,3,h4->h3,0.25,42,3500,3000,750,0.9784675555555556,0.9287406078950275,0.0611733709839028,0.0829830368606297,0.0829830368606297,1.2703435903565727,0.0746697281009735,0.0746697281009735,1.3830034994765106,0.0762652533123011,0.5603333333333333,False
CONCH,4,3,h4->h3,0.25,123,3500,3000,750,0.9793444444444444,0.9283973132709,0.0601448201936068,0.0809690498712562,0.0809690498712561,1.314117273555418,0.0733677913461452,0.0733677913461452,1.3259146576685277,0.0735298094755717,0.5613333333333334,False
CONCH,4,3,h4->h3,0.25,456,3500,3000,750,0.9787866666666666,0.920245527605994,0.0675670215431791,0.0996755791014616,0.0996755791014617,1.3018661818453363,0.0893460910949714,0.0893460910949714,1.4357073724638914,0.091797815731733,0.5726666666666667,False
CONCH,4,3,h4->h3,0.5,42,7000,3000,1500,0.9786586666666668,0.9328112668485776,0.0554634235320877,0.0679518444700709,0.0671216446247524,1.4342413734598312,0.0624812478500896,0.0624812478500896,1.4816729223405365,0.0629169507992999,0.553,False
CONCH,4,3,h4->h3,0.5,123,7000,3000,1500,0.9789373333333332,0.9314593311433754,0.057031515211514,0.0703656838649789,0.0703656838649789,1.4710262113771315,0.0654397231763774,0.0654397231763773,1.5135272218273272,0.0658804610619173,0.555,False
CONCH,4,3,h4->h3,0.5,456,7000,3000,1500,0.9793546666666668,0.9328016229243864,0.0565927355811894,0.0709552673489943,0.0709552673489943,1.4500949557169145,0.0657164382421066,0.0657164382421065,1.4741802378364743,0.0659704981451371,0.5543333333333333,False
CONCH,4,3,h4->h3,1.0,42,14000,3000,3000,0.9779506666666666,0.9351712614870508,0.0537846496084497,0.0562300789915165,0.0562300789915165,1.5805936043454043,0.0542985486902635,0.0542985486902634,1.5805936043454043,0.0542985486902635,0.55,False
CONCH,4,3,h4->h3,1.0,123,14000,3000,3000,0.9779506666666666,0.9351712614870508,0.0537846496084497,0.0562300789915165,0.0562300789915165,1.5805936043454043,0.0542985486902635,0.0542985486902634,1.5805936043454043,0.0542985486902635,0.55,False
CONCH,4,3,h4->h3,1.0,456,14000,3000,3000,0.9779506666666666,0.9351712614870508,0.0537846496084497,0.0562300789915165,0.0562300789915165,1.5805936043454043,0.0542985486902635,0.0542985486902634,1.5805936043454043,0.0542985486902635,0.55,False
GigaPath,0,1,h0->h1,0.01,42,140,3000,30,0.9960955555555556,0.937086264102047,0.1021453974533895,0.2751908790378888,0.2652541938177793,0.5771622996102314,0.0959210517679154,0.0995014644351234,0.433046363643471,0.0882474828988166,0.5626666666666666,False
GigaPath,0,1,h0->h1,0.01,123,140,3000,30,0.9961902222222224,0.934048945056522,0.1089673096153129,0.2880792221643226,0.2790295572761474,0.555988109877433,0.1049937494720963,0.10711009653308,0.1000052749944835,0.0672541116552774,0.5656666666666667,False
GigaPath,0,1,h0->h1,0.01,456,140,3000,30,0.9967995555555555,0.9143814056558636,0.1133850457628802,0.2904792723974581,0.281656718747847,0.6314945195842898,0.1315403532566376,0.1338259793733942,1.0263197407274869,0.1840264599968556,0.585,False
GigaPath,0,1,h0->h1,0.05,42,700,3000,150,0.9969937777777778,0.9485310402389228,0.0621012721679018,0.1804171132573906,0.1789468351148399,0.8904058528127234,0.0819074354021416,0.0854015105191877,0.1000048773690014,0.0529653112949432,0.5513333333333333,False
GigaPath,0,1,h0->h1,0.05,123,700,3000,150,0.9968826666666668,0.9485310402389228,0.0613712331181468,0.1781237559693764,0.1760689125969115,0.937365463035256,0.0828214764383608,0.0857902523872429,0.9778889163757144,0.0871957642064656,0.5513333333333333,False
GigaPath,0,1,h0->h1,0.05,456,700,3000,150,0.9968493333333334,0.9545733097708358,0.0577383984969051,0.1800474794437381,0.1714762708771666,0.8460341125309288,0.0684468691335091,0.0699929800992908,0.9758281617751876,0.0804742197223694,0.5453333333333333,False
GigaPath,0,1,h0->h1,0.1,42,1400,3000,300,0.9971497777777776,0.9646224998231124,0.0427366548582062,0.1400480356015086,0.134949980496794,1.0027888169891843,0.0566817557177062,0.0578561954711512,0.9319530548558008,0.0521135324562103,0.5353333333333333,False
GigaPath,0,1,h0->h1,0.1,123,1400,3000,300,0.99724,0.9515534902369146,0.0509221934942997,0.1434777889979694,0.1431240614133552,1.038408152957223,0.0771000482877747,0.0785035680495802,1.0256380890873862,0.0767153832352593,0.5483333333333333,False
GigaPath,0,1,h0->h1,0.1,456,1400,3000,300,0.9968337777777778,0.9592659682969034,0.0458253918878814,0.1421557905408191,0.1363825738800159,0.9994175800521016,0.0620788871353844,0.0630634463683335,0.9924350933824692,0.0619129974130334,0.5406666666666666,False
GigaPath,0,1,h0->h1,0.25,42,3500,3000,750,0.996988,0.9703072003704594,0.0317510887178183,0.0999549610834582,0.0962521824901327,1.1496691860047072,0.0441838197897587,0.0462721838814003,1.200189284608821,0.0466338907827371,0.5296666666666666,False
GigaPath,0,1,h0->h1,0.25,123,3500,3000,750,0.9970795555555556,0.9585959301134916,0.0381828681432004,0.104193927658309,0.1032679552362331,1.1909777375078292,0.0607356673036733,0.0627857422324747,1.126749567803311,0.0593084772350011,0.5413333333333333,False
GigaPath,0,1,h0->h1,0.25,456,3500,3000,750,0.996913777777778,0.9592659682969034,0.038128534677612,0.106307497003715,0.1045421475744506,1.193774402031441,0.0597488062982374,0.0619484975833977,1.1485143697473112,0.0588252409612951,0.5406666666666666,False
GigaPath,0,1,h0->h1,0.5,42,7000,3000,1500,0.9969324444444444,0.966295130736516,0.030293729795502,0.0804154584061224,0.0800975788277417,1.2662590459380114,0.0457963958036962,0.0477837688718632,1.2807420809636416,0.0459657816571619,0.5336666666666666,False
GigaPath,0,1,h0->h1,0.5,123,7000,3000,1500,0.9968293333333336,0.963953283455358,0.0315453638291602,0.0799085792087827,0.0795416326891181,1.305020892746244,0.0507010328731871,0.0514506142567753,1.2633748733845067,0.0500345197140579,0.536,False
GigaPath,0,1,h0->h1,0.5,456,7000,3000,1500,0.9969795555555556,0.9632839706716808,0.032103081056284,0.0840763117286644,0.0831319402036852,1.315146344710596,0.0514098146368912,0.0542642455388252,1.2762098654185858,0.0508465384132045,0.5366666666666666,False
GigaPath,0,1,h0->h1,1.0,42,14000,3000,3000,0.9967368888888888,0.9649570724137068,0.0281185637687673,0.063051445078341,0.0626797369000102,1.4730592562210294,0.0442166484123296,0.0459390929514008,1.4730592562210294,0.0442166484123296,0.535,False
GigaPath,0,1,h0->h1,1.0,123,14000,3000,3000,0.9967368888888888,0.9649570724137068,0.0281185637687673,0.063051445078341,0.0626797369000102,1.4730592562210294,0.0442166484123296,0.0459390929514008,1.4730592562210294,0.0442166484123296,0.535,False
GigaPath,0,1,h0->h1,1.0,456,14000,3000,3000,0.9967368888888888,0.9649570724137068,0.0281185637687673,0.063051445078341,0.0626797369000102,1.4730592562210294,0.0442166484123296,0.0459390929514008,1.4730592562210294,0.0442166484123296,0.535,False
GigaPath,0,2,h0->h2,0.01,42,140,3000,30,0.9910466666666669,0.9259313793889709,0.1059195565431066,0.2809396333918258,0.2678336068402348,0.5771622996102314,0.0957480224933264,0.0995416502695065,0.433046363643471,0.0876987991801549,0.5736666666666667,False
GigaPath,0,2,h0->h2,0.01,123,140,3000,30,0.9936484444444444,0.939783219590526,0.1026238698457764,0.2809563567985271,0.268891677132458,0.555988109877433,0.0893812652206659,0.090176145712711,0.1000052749944835,0.0624534448299708,0.56,False
GigaPath,0,2,h0->h2,0.01,456,140,3000,30,0.9908,0.9089234720792188,0.1079724821778528,0.2800591336195787,0.2673923086869294,0.6314945195842898,0.1109554813699336,0.1137679412332419,1.0263197407274869,0.1701025780409561,0.5903333333333334,False
GigaPath,0,2,h0->h2,0.05,42,700,3000,150,0.9933013333333334,0.9364116065551824,0.0625379817068555,0.1776739766336317,0.17110260370086,0.8904058528127234,0.0856097974727134,0.0866803957736807,0.1000048773690014,0.064146621967454,0.5633333333333334,False
GigaPath,0,2,h0->h2,0.05,123,700,3000,150,0.9943586666666666,0.943150784184771,0.0598221310861404,0.1749021507776354,0.168558241110924,0.937365463035256,0.0805086462188067,0.0831882160657897,0.9778889163757144,0.0824920705005513,0.5566666666666666,False
GigaPath,0,2,h0->h2,0.05,456,700,3000,150,0.9924648888888888,0.9471868413675444,0.0583026167340876,0.1706214623752016,0.1630496330337134,0.8460341125309288,0.0689867556635401,0.0713465534473956,0.9758281617751876,0.0749968330797058,0.5526666666666666,False
GigaPath,0,2,h0->h2,0.1,42,1400,3000,300,0.9937924444444446,0.9418087187929748,0.0527727112945737,0.146130484673638,0.1418739482054795,1.0027888169891843,0.0771893969234407,0.0793645044941744,0.9319530548558008,0.0758248060735526,0.5573333333333333,False
GigaPath,0,2,h0->h2,0.1,123,1400,3000,300,0.9948248888888888,0.9360796333982913,0.0540434222184965,0.1436798553158637,0.1407866096160455,1.038408152957223,0.0840368807630329,0.0852337221236924,1.0256380890873862,0.0837323397702462,0.563,False
GigaPath,0,2,h0->h2,0.1,456,1400,3000,300,0.9936253333333334,0.9448331201885704,0.0512126530153064,0.1385134514177036,0.1356485872442795,0.9994175800521016,0.0738292619201089,0.0751522601568275,0.9924350933824692,0.0737091382188144,0.555,False
GigaPath,0,2,h0->h2,0.25,42,3500,3000,750,0.994922222222222,0.9505495460136476,0.0431756207770694,0.1069711516685773,0.1065979730016031,1.1496691860047072,0.0686215143543355,0.0689274114543044,1.200189284608821,0.0695776163395684,0.5486666666666666,False
GigaPath,0,2,h0->h2,0.25,123,3500,3000,750,0.9949262222222224,0.942145363619734,0.0474734255095565,0.1126141106757331,0.1132219764174644,1.1909777375078292,0.0793808717801587,0.0801445370341342,1.126749567803311,0.0777843005752311,0.557,False
GigaPath,0,2,h0->h2,0.25,456,3500,3000,750,0.9945528888888888,0.9485345491359152,0.0431193984470551,0.1029087035537408,0.1035920597385269,1.193774402031441,0.0699819204427769,0.0709624382795039,1.1485143697473112,0.0691235949154423,0.5506666666666666,False
GigaPath,0,2,h0->h2,0.5,42,7000,3000,1500,0.9954946666666666,0.9471905365441486,0.0431875261217851,0.0965575712072389,0.0966865779499383,1.2662590459380114,0.0720810476586437,0.0730923214694553,1.2807420809636416,0.0723601475260681,0.552,False
GigaPath,0,2,h0->h2,0.5,123,7000,3000,1500,0.9953515555555555,0.9434915595671968,0.0453741824422317,0.0998550764093482,0.0999288489333671,1.305020892746244,0.0778827203446252,0.0784678688078371,1.2633748733845067,0.0769648169187277,0.5556666666666666,False
GigaPath,0,2,h0->h2,0.5,456,7000,3000,1500,0.9953697777777778,0.9438280138611064,0.045249269466649,0.0963597015477045,0.0967762499507633,1.315146344710596,0.0762191426297756,0.0766619553510694,1.2762098654185858,0.0755047087786324,0.5553333333333333,False
GigaPath,0,2,h0->h2,1.0,42,14000,3000,3000,0.9949484444444444,0.9518922171852582,0.0383540884263306,0.0736400165218579,0.0751975908422182,1.4730592562210294,0.0643264179546003,0.0651414016536211,1.4730592562210294,0.0643264179546003,0.5473333333333333,False
GigaPath,0,2,h0->h2,1.0,123,14000,3000,3000,0.9949484444444444,0.9518922171852582,0.0383540884263306,0.0736400165218579,0.0751975908422182,1.4730592562210294,0.0643264179546003,0.0651414016536211,1.4730592562210294,0.0643264179546003,0.5473333333333333,False
GigaPath,0,2,h0->h2,1.0,456,14000,3000,3000,0.9949484444444444,0.9518922171852582,0.0383540884263306,0.0736400165218579,0.0751975908422182,1.4730592562210294,0.0643264179546003,0.0651414016536211,1.4730592562210294,0.0643264179546003,0.5473333333333333,False
GigaPath,0,3,h0->h3,0.01,42,140,3000,30,0.9963337777777778,0.9572579363330248,0.0790402883596346,0.2327155054034316,0.2245049785059191,0.5771622996102314,0.0626009666847481,0.063929331719986,0.433046363643471,0.0556195220968097,0.542,False
GigaPath,0,3,h0->h3,0.01,123,140,3000,30,0.9942862222222224,0.9434915595671968,0.0920885747097167,0.249655499897633,0.2432197655288967,0.555988109877433,0.0833782726106655,0.0846153556795704,0.1000052749944835,0.0568616304276671,0.5556666666666666,False
GigaPath,0,3,h0->h3,0.01,456,140,3000,30,0.9963355555555556,0.9313523443062796,0.0890953228037526,0.2426470261443689,0.2388112467803526,0.6314945195842898,0.0869482512745629,0.0896819306761311,1.0263197407274869,0.1356653019397347,0.5676666666666667,False
GigaPath,0,3,h0->h3,0.05,42,700,3000,150,0.9969942222222222,0.964958694087286,0.0413631983440266,0.1281958513191445,0.1278272693621992,0.8904058528127234,0.0501027914239103,0.0507501209580355,0.1000048773690014,0.0346356656626386,0.5343333333333333,False
GigaPath,0,3,h0->h3,0.05,123,700,3000,150,0.9961764444444444,0.9596073118554764,0.0469129366571689,0.1371696690186374,0.1375619764412752,0.937365463035256,0.061190343965875,0.061680839690534,0.9778889163757144,0.0624956982458905,0.5383333333333333,False
GigaPath,0,3,h0->h3,0.05,456,700,3000,150,0.997218222222222,0.9602729084270508,0.0465616063088186,0.1395735553763174,0.1366210395037762,0.8460341125309288,0.0578299027598632,0.058247422977917,0.9758281617751876,0.0621582663353624,0.539,False
GigaPath,0,3,h0->h3,0.1,42,1400,3000,300,0.9970764444444444,0.9656292369056568,0.0356044909240688,0.1041653618215996,0.1032381546524223,1.0027888169891843,0.0481101226598668,0.0485636134891034,0.9319530548558008,0.046275384760452,0.533,False
GigaPath,0,3,h0->h3,0.1,123,1400,3000,300,0.996344,0.9575976875270092,0.0420801985223937,0.1100189297479507,0.1109076329116257,1.038408152957223,0.0613790139310835,0.0618499351073336,1.0256380890873862,0.0609590417480765,0.5403333333333333,False
GigaPath,0,3,h0->h3,0.1,456,1400,3000,300,0.9972417777777778,0.9642912406413292,0.0379859232292346,0.1060947911928738,0.1081303057200153,0.9994175800521016,0.0529844747072535,0.0535391123100068,0.9924350933824692,0.0527748793065776,0.5343333333333333,False
GigaPath,0,3,h0->h3,0.25,42,3500,3000,750,0.9972675555555556,0.9649602844290512,0.0323946982549804,0.0826645479477764,0.0827541063468919,1.1496691860047072,0.0491258985138657,0.0495288154802461,1.200189284608821,0.0504461039807633,0.5336666666666666,False
GigaPath,0,3,h0->h3,0.25,123,3500,3000,750,0.996499111111111,0.9622853561157968,0.0340475229514839,0.0809606744391312,0.0817485442585651,1.1909777375078292,0.0521223457460547,0.0523604742481275,1.126749567803311,0.0504264447405301,0.5356666666666666,False
GigaPath,0,3,h0->h3,0.25,456,3500,3000,750,0.9973128888888888,0.9632874998164376,0.0338611544684197,0.0816735480868684,0.0840247855155124,1.193774402031441,0.0527850262006344,0.0531500764402734,1.1485143697473112,0.0515619686641748,0.5353333333333333,False
GigaPath,0,3,h0->h3,0.5,42,7000,3000,1500,0.9968875555555556,0.9642912406413292,0.0320196738711425,0.0685368546365099,0.0717401871743051,1.2662590459380114,0.0503363716252969,0.0504553976357534,1.2807420809636416,0.0506937726621275,0.5343333333333333,False
GigaPath,0,3,h0->h3,0.5,123,7000,3000,1500,0.9966231111111112,0.9629546194087756,0.0328467908912116,0.0695062955884471,0.0742692281477448,1.305020892746244,0.0526885460177885,0.0529781724852172,1.2633748733845067,0.0516098647918137,0.535,False
GigaPath,0,3,h0->h3,0.5,456,7000,3000,1500,0.9971235555555557,0.9646257740614818,0.0337576152790737,0.0732288121641794,0.077748050955066,1.315146344710596,0.0557350199443507,0.0558783885094756,1.2762098654185858,0.05464630642563,0.534,False
GigaPath,0,3,h0->h3,1.0,42,14000,3000,3000,0.996802222222222,0.9626182198796308,0.0313679433339618,0.0585471728607502,0.0607186171427642,1.4730592562210294,0.049861519301071,0.0501866481359165,1.4730592562210294,0.049861519301071,0.536,False
GigaPath,0,3,h0->h3,1.0,123,14000,3000,3000,0.996802222222222,0.9626182198796308,0.0313679433339618,0.0585471728607502,0.0607186171427642,1.4730592562210294,0.049861519301071,0.0501866481359165,1.4730592562210294,0.049861519301071,0.536,False
GigaPath,0,3,h0->h3,1.0,456,14000,3000,3000,0.996802222222222,0.9626182198796308,0.0313679433339618,0.0585471728607502,0.0607186171427642,1.4730592562210294,0.049861519301071,0.0501866481359165,1.4730592562210294,0.049861519301071,0.536,False
GigaPath,0,4,h0->h4,0.01,42,140,3000,30,0.9929346666666669,0.6739726361188612,0.1762677038173233,0.367904654170989,0.3654647404500196,0.5771622996102314,0.2687408602622055,0.2736731197431162,0.433046363643471,0.2648042128365199,0.7966666666666666,False
GigaPath,0,4,h0->h4,0.01,123,140,3000,30,0.9936564444444445,0.808492820091024,0.1639770155291977,0.3552767306447119,0.3541105107004879,0.555988109877433,0.2205354140824757,0.2228281579353354,0.1000052749944835,0.1850214753250424,0.6843333333333333,False
GigaPath,0,4,h0->h4,0.01,456,140,3000,30,0.9924804444444444,0.6809178686479223,0.1790423947898508,0.3596240741552635,0.366956999205053,0.6314945195842898,0.2785167376585252,0.2762948342840396,1.0263197407274869,0.3156851708059095,0.7913333333333333,False
GigaPath,0,4,h0->h4,0.05,42,700,3000,150,0.9945173333333333,0.651365657040177,0.1589318131440932,0.3127094329326269,0.3113839907127629,0.8904058528127234,0.2747005897378357,0.276484163765119,0.1000048773690014,0.312119325158146,0.8136666666666666,False
GigaPath,0,4,h0->h4,0.05,123,700,3000,150,0.994375111111111,0.6783213382610387,0.155188506312885,0.3089876450537994,0.3100733721979348,0.937365463035256,0.2664343705203583,0.2678761691424445,0.9778889163757144,0.2684843106502883,0.7933333333333333,False
GigaPath,0,4,h0->h4,0.05,456,700,3000,150,0.9920231111111112,0.6312474508937049,0.1671697094105321,0.3206714955550651,0.3226694946654865,0.8460341125309288,0.2790463963676137,0.2857774386157635,0.9758281617751876,0.284731015689448,0.8283333333333334,False
GigaPath,0,4,h0->h4,0.1,42,1400,3000,300,0.994068,0.6409235179483723,0.162912146291159,0.3072501862444562,0.3031719482594563,1.0027888169891843,0.2769975076218716,0.2816072125131487,0.9319530548558008,0.2811754690185666,0.8213333333333334,False
GigaPath,0,4,h0->h4,0.1,123,1400,3000,300,0.9946106666666666,0.5756097560975609,0.181469303792385,0.3138085298678336,0.3140754204864742,1.038408152957223,0.3081425022266281,0.3112428334639698,1.0256380890873862,0.3089861822956968,0.8666666666666667,False
GigaPath,0,4,h0->h4,0.1,456,1400,3000,300,0.99234,0.5881125009959366,0.1786042630329697,0.313331931356972,0.3149943328242966,0.9994175800521016,0.3012983723444052,0.3037671592822134,0.9924350933824692,0.3018063524099955,0.8583333333333333,False
GigaPath,0,4,h0->h4,0.25,42,3500,3000,750,0.9946391111111113,0.6335638588984527,0.1692278553230937,0.2902119452278433,0.2880079419842576,1.1496691860047072,0.2863374506428169,0.2870449409569785,1.200189284608821,0.2841301339461614,0.8266666666666667,False
GigaPath,0,4,h0->h4,0.25,123,3500,3000,750,0.9951142222222222,0.5781296568698143,0.1881494011613105,0.2959174313316833,0.3018661559702613,1.1909777375078292,0.3092158323864274,0.3103156213155125,1.126749567803311,0.3124509235152429,0.865,False
GigaPath,0,4,h0->h4,0.25,456,3500,3000,750,0.9938031111111112,0.5856311274509804,0.1852407461310553,0.3002575840525041,0.3020900397036761,1.193774402031441,0.3050844163024755,0.3068402027167737,1.1485143697473112,0.3074703999011827,0.86,False
GigaPath,0,4,h0->h4,0.5,42,7000,3000,1500,0.994747111111111,0.5745990416147974,0.1965180585777336,0.3007683367783563,0.3009483721165623,1.2662590459380114,0.3148928299712586,0.3153717121429056,1.2807420809636416,0.3142132644467843,0.8673333333333333,False
GigaPath,0,4,h0->h4,0.5,123,7000,3000,1500,0.9950137777777776,0.5669678370746478,0.2029305647129628,0.3056060965035941,0.3050415246999607,1.305020892746244,0.3195315203529407,0.3201220006263596,1.2633748733845067,0.3214688219319784,0.8723333333333333,False
GigaPath,0,4,h0->h4,0.5,456,7000,3000,1500,0.9943022222222222,0.5602801983659411,0.2033501642021064,0.3068467539383555,0.3062786525977498,1.315146344710596,0.3201924543413376,0.3202903526567481,1.2762098654185858,0.3220819177583503,0.8766666666666667,False
GigaPath,0,4,h0->h4,1.0,42,14000,3000,3000,0.9933182222222222,0.6522662007551108,0.1780309763407399,0.2760854432620153,0.2769273943158872,1.4730592562210294,0.2797808192268308,0.2800901752774548,1.4730592562210294,0.2797808192268308,0.813,False
GigaPath,0,4,h0->h4,1.0,123,14000,3000,3000,0.9933182222222222,0.6522662007551108,0.1780309763407399,0.2760854432620153,0.2769273943158872,1.4730592562210294,0.2797808192268308,0.2800901752774548,1.4730592562210294,0.2797808192268308,0.813,False
GigaPath,0,4,h0->h4,1.0,456,14000,3000,3000,0.9933182222222222,0.6522662007551108,0.1780309763407399,0.2760854432620153,0.2769273943158872,1.4730592562210294,0.2797808192268308,0.2800901752774548,1.4730592562210294,0.2797808192268308,0.813,False
GigaPath,1,0,h1->h0,0.01,42,140,3000,30,0.995027111111111,0.9753198963880336,0.096133152110484,0.2742680176513846,0.2613714421749146,0.4874805575257536,0.042534250166289,0.0426900556181137,0.1000052749944835,0.0237338691123155,0.5233333333333333,False
GigaPath,1,0,h1->h0,0.01,123,140,3000,30,0.9963342222222225,0.9676342109726698,0.0967131547431343,0.2772560697890489,0.2619365996046567,0.5501573754096868,0.0652271941143073,0.065156796647625,0.1000052749944835,0.0317314136480112,0.5316666666666666,False
GigaPath,1,0,h1->h0,0.01,456,140,3000,30,0.9957955555555555,0.9733152944723966,0.0945174417215677,0.2738911680009268,0.2579439206116594,0.5051091770605168,0.0492511660276867,0.050095574577111,0.1000066475472516,0.0265769360562863,0.526,False
GigaPath,1,0,h1->h0,0.05,42,700,3000,150,0.9964208888888888,0.9769885223863324,0.045851734308763,0.1647258391393168,0.152114975342521,0.8175031391063556,0.0407373734840475,0.041552417701381,0.7375702527906629,0.034631870766215,0.5223333333333333,False
GigaPath,1,0,h1->h0,0.05,123,700,3000,150,0.9963706666666666,0.9756522500934164,0.0485414949144413,0.166670880362795,0.1581087253282216,0.8746575622666265,0.050221419280385,0.0510374461843199,0.1000045258199576,0.0236557003741893,0.5243333333333333,False
GigaPath,1,0,h1->h0,0.05,456,700,3000,150,0.996436,0.9803267209256444,0.044366695056806,0.1592502721573348,0.1491018538547227,0.8034433888767412,0.0347381455489137,0.0365390585112971,0.8511522084945262,0.0374226027037869,0.5183333333333333,False
GigaPath,1,0,h1->h0,0.1,42,1400,3000,300,0.9965315555555556,0.978991874523913,0.0339078840702998,0.1236258149850471,0.1157550956793758,0.9593778189683172,0.0342788229533949,0.0372733655943556,1.21341424111855,0.0536843068605018,0.5196666666666667,False
GigaPath,1,0,h1->h0,0.1,123,1400,3000,300,0.9965786666666666,0.979993028681994,0.0344697183847449,0.12440409835176,0.1168223697503883,0.9814218802657532,0.038533824225456,0.0390388162212429,0.7649178409733918,0.0292005574380754,0.5186666666666667,False
GigaPath,1,0,h1->h0,0.1,456,1400,3000,300,0.9964413333333332,0.979993028681994,0.0335321303432551,0.1233488042225774,0.1150005719672049,0.9236944179672808,0.0309710212954525,0.0342697068667737,0.8376523154351969,0.0277433273749159,0.5186666666666667,False
GigaPath,1,0,h1->h0,0.25,42,3500,3000,750,0.996647111111111,0.9813277233515492,0.0248240357904235,0.0881130099211601,0.0827642205689737,1.096937330618967,0.0293576066455435,0.0322161811736241,1.1224310726122648,0.0308681610758854,0.5173333333333333,False
GigaPath,1,0,h1->h0,0.25,123,3500,3000,750,0.99682,0.9809940680374576,0.0242547086210064,0.0839583417799995,0.0797543904861695,1.1521463189164594,0.0311526709637674,0.0324041294868898,1.0988037896734044,0.0291915842260931,0.5176666666666667,False
GigaPath,1,0,h1->h0,0.25,456,3500,3000,750,0.9966911111111112,0.9793256057041766,0.0263364158684677,0.0881815137876595,0.0840069588221356,1.1115520781849346,0.0319809346054209,0.0350058680163522,1.0873023163807072,0.0315743036509853,0.5193333333333333,False
GigaPath,1,0,h1->h0,0.5,42,7000,3000,1500,0.99696,0.979993028681994,0.0221626936762648,0.0699248904111547,0.0674638833976227,1.2192757163808168,0.0313033145071461,0.0342058265340501,1.2232751054143605,0.0313705525080879,0.5186666666666667,False
GigaPath,1,0,h1->h0,0.5,123,7000,3000,1500,0.9969635555555556,0.9813277233515492,0.0203352669659474,0.0643697306160062,0.0615787860285442,1.2580786633155012,0.0280127380760795,0.0307953780509913,1.3173182348988977,0.0301178378182076,0.5173333333333333,False
GigaPath,1,0,h1->h0,0.5,456,7000,3000,1500,0.9972315555555556,0.979659323682516,0.0214833245839899,0.0676379099178766,0.0637244571698642,1.2247483684965084,0.0298524877105097,0.0320918998732251,1.1578849311730397,0.0288500698493449,0.519,False
GigaPath,1,0,h1->h0,1.0,42,14000,3000,3000,0.997253777777778,0.9803267209256444,0.018995914454486,0.0540369708391635,0.0514257838891879,1.275400037272617,0.0283128962673008,0.0287189187504899,1.275400037272617,0.0283128962673008,0.5183333333333333,False
GigaPath,1,0,h1->h0,1.0,123,14000,3000,3000,0.997253777777778,0.9803267209256444,0.018995914454486,0.0540369708391635,0.0514257838891879,1.275400037272617,0.0283128962673008,0.0287189187504899,1.275400037272617,0.0283128962673008,0.5183333333333333,False
GigaPath,1,0,h1->h0,1.0,456,14000,3000,3000,0.997253777777778,0.9803267209256444,0.018995914454486,0.0540369708391635,0.0514257838891879,1.275400037272617,0.0283128962673008,0.0287189187504899,1.275400037272617,0.0283128962673008,0.5183333333333333,False
GigaPath,1,2,h1->h2,0.01,42,140,3000,30,0.9892204444444443,0.9696476964769648,0.135079380005157,0.3208604480403653,0.3205497361443385,0.4874805575257536,0.0859375668528314,0.0815314006958258,0.1000052749944835,0.023676897792505,0.525,False
GigaPath,1,2,h1->h2,0.01,123,140,3000,30,0.9896817777777778,0.9177850049916249,0.1351677903650436,0.3174092454770011,0.3068851540007264,0.5501573754096868,0.1283079117205544,0.1284787288869135,0.1000052749944835,0.0878299430028481,0.5816666666666667,False
GigaPath,1,2,h1->h2,0.01,456,140,3000,30,0.9879844444444444,0.9455174510723868,0.1386552399855612,0.322003474685526,0.3187500371805524,0.5051091770605168,0.1036591642187359,0.1015626226654078,0.1000066475472516,0.0579505014229698,0.5523333333333333,False
GigaPath,1,2,h1->h2,0.05,42,700,3000,150,0.9895782222222222,0.921886096518612,0.0938732843338968,0.2292109863183065,0.2204957792865247,0.8175031391063556,0.1039115543408547,0.1062229847426235,0.7375702527906629,0.1021584603478787,0.5756666666666667,False
GigaPath,1,2,h1->h2,0.05,123,700,3000,150,0.9889564444444444,0.9397927801285848,0.0905505574881589,0.2288200689832437,0.2209800388771366,0.8746575622666265,0.1000160142691338,0.0992498117698633,0.1000045258199576,0.0589079251785256,0.5586666666666666,False
GigaPath,1,2,h1->h2,0.05,456,700,3000,150,0.9895075555555556,0.9455136144095432,0.0891036779096647,0.2289761646250841,0.2183508643779281,0.8034433888767412,0.0885865953019592,0.0898220425676102,0.8511522084945262,0.0947019969462455,0.553,False
GigaPath,1,2,h1->h2,0.1,42,1400,3000,300,0.9895795555555555,0.928998553624624,0.0811516943990128,0.1945034035784391,0.1865891675624513,0.9593778189683172,0.1004349786154294,0.1017881233172248,1.21341424111855,0.1204122376585373,0.5686666666666667,False
GigaPath,1,2,h1->h2,0.1,123,1400,3000,300,0.9891253333333332,0.9313585351308692,0.0800388535908302,0.1952626700953169,0.1866439053832873,0.9814218802657532,0.0930523186557636,0.0968094378801601,0.7649178409733918,0.0887825736088029,0.567,False
GigaPath,1,2,h1->h2,0.1,456,1400,3000,300,0.9902302222222222,0.9485447978790656,0.0757001008890433,0.1945946380790289,0.1856125730768432,0.9236944179672808,0.0828742459815884,0.0849699099213501,0.8376523154351969,0.0793058715891043,0.5486666666666666,False
GigaPath,1,2,h1->h2,0.25,42,3500,3000,750,0.9905631111111112,0.9327098373419336,0.0701285170066683,0.1603581629185933,0.1572874814611549,1.096937330618967,0.0978259137738388,0.0979158091499328,1.1224310726122648,0.0983376871621289,0.5656666666666667,False
GigaPath,1,2,h1->h2,0.25,123,3500,3000,750,0.9908284444444444,0.9239053006494866,0.070326185649881,0.1580104276922245,0.1563425260622826,1.1521463189164594,0.1041777275328953,0.1042008970927686,1.0988037896734044,0.1030582852659739,0.575,False
GigaPath,1,2,h1->h2,0.25,456,3500,3000,750,0.988922222222222,0.9150816642516966,0.0769408189313238,0.1631111973603526,0.1587022663062306,1.1115520781849346,0.1110396484305125,0.1110396484305125,1.0873023163807072,0.1105535605637307,0.583,False
GigaPath,1,2,h1->h2,0.5,42,7000,3000,1500,0.9914928888888888,0.9164335214119804,0.0722600798218796,0.1528666941433447,0.153540984055593,1.2192757163808168,0.1165440867379969,0.1166467318543395,1.2232751054143605,0.116638415458909,0.5823333333333334,False
GigaPath,1,2,h1->h2,0.5,123,7000,3000,1500,0.9913173333333332,0.9191535522285385,0.0687959905486365,0.14591748790067,0.1442566391045458,1.2580786633155012,0.1105992045260957,0.1111756519030903,1.3173182348988977,0.1117939417054356,0.5796666666666667,False
GigaPath,1,2,h1->h2,0.5,456,7000,3000,1500,0.9913804444444444,0.9201726596054876,0.0693196730765037,0.1462482253490918,0.145973493684956,1.2247483684965084,0.1112298262585149,0.1112298262585149,1.1578849311730397,0.1096111329788748,0.5786666666666667,False
GigaPath,1,2,h1->h2,1.0,42,14000,3000,3000,0.9922542222222224,0.9003765497168137,0.0751318621012357,0.146551283039338,0.1497928470480292,1.275400037272617,0.1276269000064266,0.1276269000064266,1.275400037272617,0.1276269000064266,0.598,False
GigaPath,1,2,h1->h2,1.0,123,14000,3000,3000,0.9922542222222224,0.9003765497168137,0.0751318621012357,0.146551283039338,0.1497928470480292,1.275400037272617,0.1276269000064266,0.1276269000064266,1.275400037272617,0.1276269000064266,0.598,False
GigaPath,1,2,h1->h2,1.0,456,14000,3000,3000,0.9922542222222224,0.9003765497168137,0.0751318621012357,0.146551283039338,0.1497928470480292,1.275400037272617,0.1276269000064266,0.1276269000064266,1.275400037272617,0.1276269000064266,0.598,False
GigaPath,1,3,h1->h3,0.01,42,140,3000,30,0.9960595555555556,0.976657329598506,0.0801959291599572,0.2446996403385204,0.2324711734607518,0.4874805575257536,0.0232259705579541,0.0213826937030135,0.1000052749944835,0.0223939481371106,0.52,False
GigaPath,1,3,h1->h3,0.01,123,140,3000,30,0.9961351111111112,0.967971174056651,0.0800002177409249,0.2439200706712661,0.2290349935292173,0.5501573754096868,0.0413034583838754,0.0431771547323245,0.1000052749944835,0.0306669558225384,0.53,False
GigaPath,1,3,h1->h3,0.01,456,140,3000,30,0.9967097777777778,0.974653644272346,0.0779445075395425,0.2449882757376418,0.2308016804731457,0.5051091770605168,0.0290743854752874,0.0292874005753127,0.1000066475472516,0.0241596401292725,0.5226666666666666,False
GigaPath,1,3,h1->h3,0.05,42,700,3000,150,0.9972488888888889,0.9756552381534664,0.0385411289820772,0.1410100344770078,0.1342650816972791,0.8175031391063556,0.0284150435527377,0.0304187594789645,0.7375702527906629,0.0258616431532406,0.5216666666666666,False
GigaPath,1,3,h1->h3,0.05,123,700,3000,150,0.9969035555555554,0.9729848685246923,0.0376246321163414,0.1349846864669505,0.1285442220633347,0.8746575622666265,0.0315473345572832,0.0320986081487062,0.1000045258199576,0.0258497317377583,0.5236666666666666,False
GigaPath,1,3,h1->h3,0.05,456,700,3000,150,0.9970671111111112,0.9746543993959744,0.038959935852631,0.1391996681668525,0.1307886439826807,0.8034433888767412,0.027210597532029,0.0288313795028937,0.8511522084945262,0.0303353869604839,0.522,False
GigaPath,1,3,h1->h3,0.1,42,1400,3000,300,0.9972253333333334,0.9769904868446164,0.029223887629319,0.1052560388302123,0.0998415795933025,0.9593778189683172,0.0237269326637973,0.0260040610219434,1.21341424111855,0.0378992907810966,0.5203333333333333,False
GigaPath,1,3,h1->h3,0.1,123,1400,3000,300,0.9971368888888889,0.97498752433297,0.0292054480501524,0.1039629877225651,0.097129757392701,0.9814218802657532,0.0259576040274285,0.0288395917723632,0.7649178409733918,0.0239787701565152,0.5223333333333333,False
GigaPath,1,3,h1->h3,0.1,456,1400,3000,300,0.9970146666666668,0.9766566964823642,0.0297102814697202,0.1059951913656106,0.097334617809877,0.9236944179672808,0.0233822264666999,0.0244063002141749,0.8376523154351969,0.022500208907579,0.5206666666666667,False
GigaPath,1,3,h1->h3,0.25,42,3500,3000,750,0.9971586666666666,0.9789929392934849,0.022931486303242,0.0758122525395429,0.0704051109072186,1.096937330618967,0.0204343187624981,0.0226460776119807,1.1224310726122648,0.0202441998425781,0.5183333333333333,False
GigaPath,1,3,h1->h3,0.25,123,3500,3000,750,0.9971684444444444,0.9759897449532888,0.0235191231402202,0.0720439597552908,0.0702454576308724,1.1521463189164594,0.0265416992990039,0.0285999913812181,1.0988037896734044,0.0259954202825379,0.5206666666666667,False
GigaPath,1,3,h1->h3,0.25,456,3500,3000,750,0.9971608888888888,0.976322217930084,0.0256017212164618,0.075563468612985,0.0728487743694831,1.1115520781849346,0.0298558412638672,0.031532248218964,1.0873023163807072,0.0294760621414162,0.5216666666666666,False
GigaPath,1,3,h1->h3,0.5,42,7000,3000,1500,0.9969826666666668,0.9776574292549176,0.0226922712952213,0.0599530454155961,0.0588486558838075,1.2192757163808168,0.028403782972681,0.0296265666880863,1.2232751054143605,0.0284597258826937,0.5203333333333333,False
GigaPath,1,3,h1->h3,0.5,123,7000,3000,1500,0.9970844444444446,0.9756545236840908,0.0239303440360981,0.0599086016924208,0.0582828656695244,1.2580786633155012,0.0328995894855917,0.0342703767804658,1.3173182348988977,0.0338733656847811,0.5223333333333333,False
GigaPath,1,3,h1->h3,0.5,456,7000,3000,1500,0.9970035555555556,0.976656042572264,0.0228385713590471,0.059015956312302,0.0578211922369379,1.2247483684965084,0.0294386587493914,0.0310763963990927,1.1578849311730397,0.0285185242653454,0.5213333333333333,False
GigaPath,1,3,h1->h3,1.0,42,14000,3000,3000,0.99692,0.9759883783751336,0.0228602317542857,0.0504755930225837,0.0519529118967583,1.275400037272617,0.031655889118971,0.031972332543256,1.275400037272617,0.031655889118971,0.522,False
GigaPath,1,3,h1->h3,1.0,123,14000,3000,3000,0.99692,0.9759883783751336,0.0228602317542857,0.0504755930225837,0.0519529118967583,1.275400037272617,0.031655889118971,0.031972332543256,1.275400037272617,0.031655889118971,0.522,False
GigaPath,1,3,h1->h3,1.0,456,14000,3000,3000,0.99692,0.9759883783751336,0.0228602317542857,0.0504755930225837,0.0519529118967583,1.275400037272617,0.031655889118971,0.031972332543256,1.275400037272617,0.031655889118971,0.522,False
GigaPath,1,4,h1->h4,0.01,42,140,3000,30,0.9809573333333332,0.7297777777777779,0.1861204178423612,0.3385526572083216,0.3587483779519722,0.4874805575257536,0.2321804819008088,0.2323171418187969,0.1000052749944835,0.2435786135282747,0.75,False
GigaPath,1,4,h1->h4,0.01,123,140,3000,30,0.9817604444444444,0.5097192362817362,0.2001453798455719,0.3432473398253426,0.3662965396471036,0.5501573754096868,0.3160309299201151,0.3170502742982022,0.1000052749944835,0.3989875104792667,0.908,False
GigaPath,1,4,h1->h4,0.01,456,140,3000,30,0.982126222222222,0.561313605645001,0.1932718469621384,0.346188346368983,0.3612299345114291,0.5051091770605168,0.2913014639874268,0.2922524332025402,0.1000066475472516,0.3659283175277051,0.876,False
GigaPath,1,4,h1->h4,0.05,42,700,3000,150,0.9759768888888888,0.5260501499917313,0.1963112798170608,0.3120101900472153,0.3150135389949417,0.8175031391063556,0.3200080031705702,0.3218954631347515,0.7375702527906629,0.3299471534504164,0.8976666666666666,False
GigaPath,1,4,h1->h4,0.05,123,700,3000,150,0.9799075555555556,0.5669678370746478,0.18398904843867,0.3122434902842711,0.3124888852499577,0.8746575622666265,0.293846644589912,0.2936352773081683,0.1000045258199576,0.3707461946260882,0.8723333333333333,False
GigaPath,1,4,h1->h4,0.05,456,700,3000,150,0.9768333333333332,0.5625999143812599,0.1849050868005236,0.3102478275392217,0.3083310217709752,0.8034433888767412,0.2938846614400799,0.2960209092647708,0.8511522084945262,0.2923897948034065,0.8746666666666667,False
GigaPath,1,4,h1->h4,0.1,42,1400,3000,300,0.9749524444444444,0.5368616058271231,0.1977204851767721,0.2972020661281839,0.2970155881391981,0.9593778189683172,0.3168316067293975,0.3174859871555676,1.21341424111855,0.3021293128526272,0.891,False
GigaPath,1,4,h1->h4,0.1,123,1400,3000,300,0.9770631111111112,0.5459091108378447,0.1936454657262612,0.2992060926110415,0.3002499761285954,0.9814218802657532,0.3083743375527151,0.3104248409883721,0.7649178409733918,0.3300550714458808,0.8853333333333333,False
GigaPath,1,4,h1->h4,0.1,456,1400,3000,300,0.9786466666666668,0.5654199115592756,0.1856931499285739,0.2941120107420245,0.2986609848057379,0.9236944179672808,0.2985520091736946,0.3007118215331025,0.8376523154351969,0.3070140350575988,0.8723333333333333,False
GigaPath,1,4,h1->h4,0.25,42,3500,3000,750,0.974352,0.5089194307944308,0.2229346231065002,0.306423287778988,0.3080519320753907,1.096937330618967,0.3443042789014318,0.3443042789014317,1.1224310726122648,0.3422383704207022,0.908,False
GigaPath,1,4,h1->h4,0.25,123,3500,3000,750,0.9793671111111112,0.4740140622286013,0.2357665178320284,0.3145484098861192,0.3242815312655416,1.1521463189164594,0.3582088352611767,0.3593700875944047,1.0988037896734044,0.3626192188020667,0.9286666666666666,False
GigaPath,1,4,h1->h4,0.25,456,3500,3000,750,0.968206222222222,0.5072367349209838,0.2222857239291399,0.3017044162033956,0.3018411343910623,1.1115520781849346,0.3396754527572963,0.3396754527572963,1.0873023163807072,0.3417419226457187,0.909,False
GigaPath,1,4,h1->h4,0.5,42,7000,3000,1500,0.9754728888888888,0.4751980046097693,0.2539776882557763,0.3295524884748487,0.3278933835175761,1.2192757163808168,0.3690173753778104,0.3690173753778104,1.2232751054143605,0.3687440762726451,0.928,False
GigaPath,1,4,h1->h4,0.5,123,7000,3000,1500,0.9787346666666666,0.4840072701792334,0.2519715346403477,0.3312699283255043,0.3298229946496488,1.2580786633155012,0.3651813740629136,0.3651813740629136,1.3173182348988977,0.3611152345630656,0.923,False
GigaPath,1,4,h1->h4,0.5,456,7000,3000,1500,0.9726431111111112,0.5010282086457376,0.2390706679704955,0.3128871366194742,0.3151887122566963,1.2247483684965084,0.3508093114769023,0.3512443917383324,1.1578849311730397,0.3555609964817487,0.9126666666666666,False
GigaPath,1,4,h1->h4,1.0,42,14000,3000,3000,0.9722075555555554,0.4584164988701211,0.2898451021925254,0.349771373027619,0.3521905670708681,1.275400037272617,0.393262846209916,0.3933827448230753,1.275400037272617,0.393262846209916,0.9373333333333334,False
GigaPath,1,4,h1->h4,1.0,123,14000,3000,3000,0.9722075555555554,0.4584164988701211,0.2898451021925254,0.349771373027619,0.3521905670708681,1.275400037272617,0.393262846209916,0.3933827448230753,1.275400037272617,0.393262846209916,0.9373333333333334,False
GigaPath,1,4,h1->h4,1.0,456,14000,3000,3000,0.9722075555555554,0.4584164988701211,0.2898451021925254,0.349771373027619,0.3521905670708681,1.275400037272617,0.393262846209916,0.3933827448230753,1.275400037272617,0.393262846209916,0.9373333333333334,False
GigaPath,2,0,h2->h0,0.01,42,140,3000,30,0.9948751111111112,0.9713330148112757,0.0935368526462509,0.2574823090382168,0.2514200084295619,0.4812238019023011,0.0375680246659065,0.0350106600535807,0.1000052749944835,0.020457686377775,0.5033333333333333,False
GigaPath,2,0,h2->h0,0.01,123,140,3000,30,0.9950484444444444,0.973665610365038,0.0981029264015415,0.2638067137930278,0.2595578239157677,0.4770809946423071,0.0417993246826291,0.0361204985530948,0.1000049986773782,0.018904023309719,0.5063333333333333,False
GigaPath,2,0,h2->h0,0.01,456,140,3000,30,0.9953426666666668,0.9729958923751848,0.0961573178469405,0.2720128823899366,0.2596093903557377,0.4587781317430833,0.030022920098348,0.0237236059587871,0.1000035087158112,0.0211819577535282,0.5123333333333333,False
GigaPath,2,0,h2->h0,0.05,42,700,3000,150,0.9961577777777778,0.9793315328801976,0.0454154846119766,0.1517396946099416,0.1391215535738208,0.7414592031518967,0.0227080513953403,0.0144331942001515,0.305864206762541,0.0129891343206598,0.5093333333333333,False
GigaPath,2,0,h2->h0,0.05,123,700,3000,150,0.9955426666666668,0.9743318246150244,0.0502379910242375,0.1594451194107225,0.1491345730780279,0.7504213247385209,0.0261287503221658,0.0192537381320944,0.8767751221593095,0.0387405138929713,0.5076666666666667,False
GigaPath,2,0,h2->h0,0.05,456,700,3000,150,0.996216,0.9793328832494574,0.0451582857249079,0.152042272808911,0.140866355232259,0.8023649443605437,0.0282060667829938,0.0201647667515126,0.9658003023137052,0.0444330271983848,0.5046666666666667,False
GigaPath,2,0,h2->h0,0.1,42,1400,3000,300,0.9959448888888888,0.9776664656648576,0.0380551564789331,0.121438245274284,0.1123659057532127,0.8695442571472078,0.0241233521455128,0.0190332847743965,0.786770826037617,0.0158437893425273,0.503,False
GigaPath,2,0,h2->h0,0.1,123,1400,3000,300,0.995657777777778,0.9753311844053972,0.0383865927559945,0.1214125797364176,0.112385099138981,0.8575132561081834,0.0195693233595709,0.0133333830950906,0.8668181228155039,0.019997862772511,0.5093333333333333,False
GigaPath,2,0,h2->h0,0.1,456,1400,3000,300,0.9963711111111112,0.979666284844682,0.0345033304518411,0.1167176812800997,0.1056014446850194,0.9565511964581292,0.0247156595258028,0.0183949279728472,1.0869541723564768,0.0348266867358286,0.5043333333333333,False
GigaPath,2,0,h2->h0,0.25,42,3500,3000,750,0.9967591111111112,0.9809996432155226,0.02574977527544,0.0810579136402559,0.070630759866352,1.0806031827340992,0.0181921798485434,0.0117892064006925,1.040457669961476,0.0159099479007709,0.5043333333333333,False
GigaPath,2,0,h2->h0,0.25,123,3500,3000,750,0.9961933333333334,0.9783329264738416,0.0275096012965886,0.0820707537230822,0.0722729802736222,1.0627614852692064,0.0175390623782281,0.0114560915327002,1.1449217183925038,0.0228839736270196,0.5043333333333333,False
GigaPath,2,0,h2->h0,0.25,456,3500,3000,750,0.9965746666666666,0.9806665291842076,0.0260047391914123,0.080417202769058,0.0704289067452826,1.1380012418548378,0.020461654605609,0.0148829772454389,1.189665876503328,0.0235282641355896,0.5026666666666667,False
GigaPath,2,0,h2->h0,0.5,42,7000,3000,1500,0.9968573333333334,0.9799991110716032,0.0224669861194489,0.0604409441017847,0.0516652475862442,1.1790837670628114,0.0143023830871851,0.0094728599211704,1.24123745389633,0.0171546876430585,0.5066666666666667,False
GigaPath,2,0,h2->h0,0.5,123,7000,3000,1500,0.9968506666666668,0.9809993898692968,0.021915569814151,0.0619187863999618,0.0516910483296438,1.1773383634163557,0.0158723638624945,0.0082786668168121,1.2979430577755708,0.0211031553876996,0.5056666666666667,False
GigaPath,2,0,h2->h0,0.5,456,7000,3000,1500,0.9968835555555556,0.9799998577767663,0.0229044998491226,0.0639974380361035,0.0565858215942263,1.2258911038976452,0.019436504466615,0.0157570225029562,1.2055164029928735,0.0188762118207463,0.5026666666666667,False
GigaPath,2,0,h2->h0,1.0,42,14000,3000,3000,0.9972102222222222,0.9816660779440584,0.0188762848208677,0.0456164278554536,0.037155764246444,1.292463658291212,0.0129426056243501,0.0073087717043092,1.292463658291212,0.0129426056243501,0.5056666666666667,False
GigaPath,2,0,h2->h0,1.0,123,14000,3000,3000,0.9972102222222222,0.9816660779440584,0.0188762848208677,0.0456164278554536,0.037155764246444,1.292463658291212,0.0129426056243501,0.0073087717043092,1.292463658291212,0.0129426056243501,0.5056666666666667,False
GigaPath,2,0,h2->h0,1.0,456,14000,3000,3000,0.9972102222222222,0.9816660779440584,0.0188762848208677,0.0456164278554536,0.037155764246444,1.292463658291212,0.0129426056243501,0.0073087717043092,1.292463658291212,0.0129426056243501,0.5056666666666667,False
GigaPath,2,1,h2->h1,0.01,42,140,3000,30,0.9886857777777778,0.901748561558564,0.1361892662517308,0.3099750286338705,0.3020526580733169,0.4812238019023011,0.1151546604877322,0.1201220296164534,0.1000052749944835,0.1007641626329608,0.5966666666666667,False
GigaPath,2,1,h2->h1,0.01,123,140,3000,30,0.9835764444444444,0.8536886785433653,0.1439342240098265,0.3072326115128913,0.2989427084979422,0.4770809946423071,0.1392441663970653,0.142330301247027,0.1000049986773782,0.1453510159700607,0.6426666666666667,False
GigaPath,2,1,h2->h1,0.01,456,140,3000,30,0.9830844444444444,0.7992133780202808,0.14966154187321,0.2986469768066229,0.3017262970693069,0.4587781317430833,0.1778797838817341,0.1781945474106867,0.1000035087158112,0.1916708630353392,0.6926666666666667,False
GigaPath,2,1,h2->h1,0.05,42,700,3000,150,0.9888075555555556,0.8952217407812819,0.0964234527535117,0.2162108763167206,0.2120607330231088,0.7414592031518967,0.1228081723036714,0.1239494918324791,0.305864206762541,0.1137002612879816,0.603,False
GigaPath,2,1,h2->h1,0.05,123,700,3000,150,0.983936888888889,0.8257083400617844,0.1128468772353122,0.2263745385884674,0.223437657315365,0.7504213247385209,0.1564306137445015,0.1566592375094687,0.8767751221593095,0.1513187434563776,0.6686666666666666,False
GigaPath,2,1,h2->h1,0.05,456,700,3000,150,0.9903137777777776,0.9123466808553844,0.0919668069580843,0.2167584304656284,0.2130791731673567,0.8023649443605437,0.1055077182511872,0.1086834964720448,0.9658003023137052,0.117339442843796,0.5863333333333334,False
GigaPath,2,1,h2->h1,0.1,42,1400,3000,300,0.9879706666666666,0.9184738756859684,0.081248845708064,0.1809694919758127,0.177271132020322,0.8695442571472078,0.0980474528066744,0.0990864784238094,0.786770826037617,0.0982986844552468,0.5803333333333334,False
GigaPath,2,1,h2->h1,0.1,123,1400,3000,300,0.9847186666666664,0.8322273271781686,0.1045909282976716,0.1948611513634751,0.1970902568491303,0.8575132561081834,0.1545780720090533,0.1545780720090534,0.8668181228155039,0.1543342644423409,0.6626666666666666,False
GigaPath,2,1,h2->h1,0.1,456,1400,3000,300,0.9915124444444444,0.9147412587412588,0.079176071587348,0.1842829054811098,0.1810427134528651,0.9565511964581292,0.1002215563691003,0.103654057081877,1.0869541723564768,0.1086810828553695,0.5833333333333334,False
GigaPath,2,1,h2->h1,0.25,42,3500,3000,750,0.9902751111111112,0.9259458739174332,0.0678285025425481,0.1446396194408356,0.1424746429846803,1.0806031827340992,0.0962793818927456,0.0964821266402371,1.040457669961476,0.0960411058952191,0.5723333333333334,False
GigaPath,2,1,h2->h1,0.25,123,3500,3000,750,0.9859515555555556,0.8872862488323665,0.0829992376210984,0.1540010566007715,0.1518005747522174,1.0627614852692064,0.1193904160125955,0.1193904160125955,1.1449217183925038,0.1184320186535655,0.6106666666666667,False
GigaPath,2,1,h2->h1,0.25,456,3500,3000,750,0.9890111111111112,0.9147316800678924,0.0726160280299986,0.1489314552387451,0.1470299583932596,1.1380012418548378,0.1017471519513234,0.1028052511016411,1.189665876503328,0.101345364499335,0.584,False
GigaPath,2,1,h2->h1,0.5,42,7000,3000,1500,0.9878946666666668,0.9181339552170368,0.0685704137354775,0.1275051306618331,0.124718716109283,1.1790837670628114,0.0997545999848191,0.1003150308084608,1.24123745389633,0.0996896057604001,0.5806666666666667,False
GigaPath,2,1,h2->h1,0.5,123,7000,3000,1500,0.986986222222222,0.9113236556688592,0.0720211986545571,0.1296141782574093,0.1287884685612012,1.1773383634163557,0.1046300059420918,0.1052413235927915,1.2979430577755708,0.1040897595867239,0.5873333333333334,False
GigaPath,2,1,h2->h1,0.5,456,7000,3000,1500,0.9876586666666668,0.9283086560262716,0.0640745339972613,0.1195238512771281,0.1173446510833641,1.2258911038976452,0.0889942620404687,0.089141351776181,1.2055164029928735,0.0890151161872723,0.5706666666666667,False
GigaPath,2,1,h2->h1,1.0,42,14000,3000,3000,0.9874306666666666,0.9327157239336196,0.0595451099338102,0.1018380325483663,0.1004968662458302,1.292463658291212,0.0843900542379254,0.0843900542379254,1.292463658291212,0.0843900542379254,0.565,False
GigaPath,2,1,h2->h1,1.0,123,14000,3000,3000,0.9874306666666666,0.9327157239336196,0.0595451099338102,0.1018380325483663,0.1004968662458302,1.292463658291212,0.0843900542379254,0.0843900542379254,1.292463658291212,0.0843900542379254,0.565,False
GigaPath,2,1,h2->h1,1.0,456,14000,3000,3000,0.9874306666666666,0.9327157239336196,0.0595451099338102,0.1018380325483663,0.1004968662458302,1.292463658291212,0.0843900542379254,0.0843900542379254,1.292463658291212,0.0843900542379254,0.565,False
GigaPath,2,3,h2->h3,0.01,42,140,3000,30,0.9934635555555557,0.9626251390433817,0.1044255030779796,0.2821412960561712,0.2688003475035065,0.4812238019023011,0.0505329765179326,0.0519281460288513,0.1000052749944835,0.0356531773585496,0.5333333333333333,False
GigaPath,2,3,h2->h3,0.01,123,140,3000,30,0.992296888888889,0.9529129360186984,0.1116138447998352,0.2907549737279605,0.2788536712964877,0.4770809946423071,0.0631829218596753,0.0638491536828462,0.1000049986773782,0.0471423853225921,0.543,False
GigaPath,2,3,h2->h3,0.01,456,140,3000,30,0.9942355555555554,0.9438442363908066,0.1135107571128678,0.2911828162708101,0.2782988992919263,0.4587781317430833,0.0765490618277824,0.0784185639605878,0.1000035087158112,0.0541076722695641,0.5526666666666666,False
GigaPath,2,3,h2->h3,0.05,42,700,3000,150,0.991552,0.962626785293996,0.0608951303286949,0.181862231648534,0.1717456749796629,0.7414592031518967,0.0454697395826095,0.0471050299453879,0.305864206762541,0.0377673785590649,0.5326666666666666,False
GigaPath,2,3,h2->h3,0.05,123,700,3000,150,0.9911951111111112,0.9586089767783008,0.0648021343391818,0.1878253834170282,0.1777071226850975,0.7504213247385209,0.0533496473926558,0.0541268214590257,0.8767751221593095,0.0597540758406273,0.5373333333333333,False
GigaPath,2,3,h2->h3,0.05,456,700,3000,150,0.9935293333333332,0.9642990246960664,0.0577584554541517,0.1768126438581838,0.1679884331602597,0.8023649443605437,0.0422452846709749,0.0461936418377376,0.9658003023137052,0.0606687005139722,0.531,False
GigaPath,2,3,h2->h3,0.1,42,1400,3000,300,0.9904386666666666,0.9666405128287244,0.0483685121248028,0.1459025405896329,0.1324167020348202,0.8695442571472078,0.0320450785857265,0.0332518341379757,0.786770826037617,0.0339612265535698,0.528,False
GigaPath,2,3,h2->h3,0.1,123,1400,3000,300,0.9908835555555556,0.9589458038995702,0.0532502943248059,0.150431901948742,0.1432025836711149,0.8575132561081834,0.0517616344909512,0.0517616344909512,0.8668181228155039,0.0519136927858266,0.5363333333333333,False
GigaPath,2,3,h2->h3,0.1,456,1400,3000,300,0.9938395555555556,0.96730770257215,0.0452913528577858,0.1393115517298108,0.1326526878404529,0.9565511964581292,0.0415109235207856,0.0423502405839221,1.0869541723564768,0.0509568631512534,0.528,False
GigaPath,2,3,h2->h3,0.25,42,3500,3000,750,0.9913471111111112,0.9669734870493256,0.0367931714806417,0.1016128176144722,0.0953142498427502,1.0806031827340992,0.0339399189165248,0.0348306641844379,1.040457669961476,0.0338057927449176,0.5283333333333333,False
GigaPath,2,3,h2->h3,0.25,123,3500,3000,750,0.9904635555555557,0.9666392515449362,0.0401447874097403,0.1086946524664017,0.1014682830042082,1.0627614852692064,0.0393554058907317,0.0400470408759913,1.1449217183925038,0.0398810286430354,0.5286666666666666,False
GigaPath,2,3,h2->h3,0.25,456,3500,3000,750,0.992190222222222,0.9666392515449362,0.0380308437828634,0.1025233622837135,0.099346603585727,1.1380012418548378,0.0391197711833652,0.0405124595014447,1.189665876503328,0.0406293712699729,0.5286666666666666,False
GigaPath,2,3,h2->h3,0.5,42,7000,3000,1500,0.9899888888888888,0.965639082485662,0.0357250839801535,0.0892160687123449,0.0798106978788023,1.1790837670628114,0.0377637273086838,0.0373829083577589,1.24123745389633,0.038453947904998,0.5283333333333333,False
GigaPath,2,3,h2->h3,0.5,123,7000,3000,1500,0.9904302222222222,0.9669747209836508,0.0356239465361892,0.0887674950985978,0.0815603436821831,1.1773383634163557,0.0370442657001966,0.0375803539831842,1.2979430577755708,0.0398692912286023,0.5276666666666666,False
GigaPath,2,3,h2->h3,0.5,456,7000,3000,1500,0.9916391111111108,0.9676442297375324,0.0331066671980553,0.083888680561261,0.0779594473761104,1.2258911038976452,0.0315088955806688,0.0324202650945249,1.2055164029928735,0.0314370861400311,0.5263333333333333,False
GigaPath,2,3,h2->h3,1.0,42,14000,3000,3000,0.9900235555555555,0.969981735553766,0.0311708193291692,0.0694119425776215,0.0620286912005808,1.292463658291212,0.0313359891502245,0.0314709295732434,1.292463658291212,0.0313359891502245,0.5246666666666666,False
GigaPath,2,3,h2->h3,1.0,123,14000,3000,3000,0.9900235555555555,0.969981735553766,0.0311708193291692,0.0694119425776215,0.0620286912005808,1.292463658291212,0.0313359891502245,0.0314709295732434,1.292463658291212,0.0313359891502245,0.5246666666666666,False
GigaPath,2,3,h2->h3,1.0,456,14000,3000,3000,0.9900235555555555,0.969981735553766,0.0311708193291692,0.0694119425776215,0.0620286912005808,1.292463658291212,0.0313359891502245,0.0314709295732434,1.292463658291212,0.0313359891502245,0.5246666666666666,False
GigaPath,2,4,h2->h4,0.01,42,140,3000,30,0.989508,0.8519150784606113,0.1630531692280367,0.3474117018658857,0.3405374434708185,0.4812238019023011,0.1846639422727631,0.1841814502476776,0.1000052749944835,0.1516305617997755,0.6443333333333333,False
GigaPath,2,4,h2->h4,0.01,123,140,3000,30,0.9898902222222224,0.8238904555149464,0.1630937192233302,0.3392056027475216,0.3392056027475216,0.4770809946423071,0.2002366882485217,0.2053169341758705,0.1000049986773782,0.1799610134599054,0.6703333333333333,False
GigaPath,2,4,h2->h4,0.01,456,140,3000,30,0.991948,0.7696525791442932,0.1691901510698788,0.3328969335781607,0.3464942719530639,0.4587781317430833,0.2291664252592699,0.2351308774257775,0.1000035087158112,0.2218942848049755,0.7186666666666667,False
GigaPath,2,4,h2->h4,0.05,42,700,3000,150,0.9943973333333334,0.8191491897700329,0.1317346104163838,0.284029268845288,0.2845785410229197,0.7414592031518967,0.2060601381662097,0.209572702730735,0.305864206762541,0.1901081889006659,0.6746666666666666,False
GigaPath,2,4,h2->h4,0.05,123,700,3000,150,0.9930955555555554,0.8073839378915606,0.1367597737374079,0.2831801875537897,0.2824893623151528,0.7504213247385209,0.2173592934690286,0.2193214974841106,0.8767751221593095,0.2152553345134681,0.6853333333333333,False
GigaPath,2,4,h2->h4,0.05,456,700,3000,150,0.9924808888888887,0.7969729334200568,0.1380223622867888,0.290628552946084,0.2852141365226213,0.8023649443605437,0.2126529852081085,0.2175991571926392,0.9658003023137052,0.2231341407399404,0.6946666666666667,False
GigaPath,2,4,h2->h4,0.1,42,1400,3000,300,0.994840888888889,0.8572282611897917,0.1149614159508052,0.255346904997371,0.2531076469638486,0.8695442571472078,0.1818417962702923,0.1846914311729816,0.786770826037617,0.1802279703159355,0.6393333333333333,False
GigaPath,2,4,h2->h4,0.1,123,1400,3000,300,0.9941453333333332,0.7921002972028639,0.1336344215162007,0.2714174117805139,0.2704789475052146,0.8575132561081834,0.2234933044307948,0.2250570398030735,0.8668181228155039,0.2234375871860769,0.699,False
GigaPath,2,4,h2->h4,0.1,456,1400,3000,300,0.993728,0.8383487927252171,0.1215372910966488,0.2563967449895175,0.2572025362124497,0.9565511964581292,0.1931266910571897,0.1977672138930254,1.0869541723564768,0.2036693360987911,0.657,False
GigaPath,2,4,h2->h4,0.25,42,3500,3000,750,0.9947848888888888,0.8476478290383692,0.1121257977271751,0.2303335964802186,0.2333756359315345,1.0806031827340992,0.1882272674929071,0.1905125212128743,1.040457669961476,0.1878764820243124,0.6483333333333333,False
GigaPath,2,4,h2->h4,0.25,123,3500,3000,750,0.9945813333333332,0.8282481805791544,0.1197649800371968,0.2414569398894516,0.2410747355606446,1.0627614852692064,0.2029950556606339,0.205309738172594,1.1449217183925038,0.2031940566708917,0.6663333333333333,False
GigaPath,2,4,h2->h4,0.25,456,3500,3000,750,0.9941791111111112,0.8419341884060263,0.113780187481537,0.2271694364627038,0.2317466263212299,1.1380012418548378,0.1896003229674698,0.1938031727453342,1.189665876503328,0.189584771914389,0.6536666666666666,False
GigaPath,2,4,h2->h4,0.5,42,7000,3000,1500,0.9953884444444444,0.8469351403850212,0.1098064594520138,0.2157348881869862,0.2185952315642211,1.1790837670628114,0.1892820070636629,0.191810317749494,1.24123745389633,0.1900713557097934,0.649,False
GigaPath,2,4,h2->h4,0.5,123,7000,3000,1500,0.9951066666666666,0.8551057206710396,0.1074325885333005,0.2172616613110115,0.2196685885600989,1.1773383634163557,0.1848869535495769,0.1867263572820759,1.2979430577755708,0.1861286532719685,0.6413333333333333,False
GigaPath,2,4,h2->h4,0.5,456,7000,3000,1500,0.995036,0.8813948639808592,0.0960524668282079,0.2035600833434989,0.2024111377043186,1.2258911038976452,0.1638010844449833,0.1677072794009132,1.2055164029928735,0.163447958122486,0.6163333333333333,False
GigaPath,2,4,h2->h4,1.0,42,14000,3000,3000,0.9952751111111112,0.8810475922275416,0.0941339200200217,0.1888401641013342,0.192445052590802,1.292463658291212,0.1637908541564561,0.1656852819040443,1.292463658291212,0.1637908541564561,0.6166666666666667,False
GigaPath,2,4,h2->h4,1.0,123,14000,3000,3000,0.9952751111111112,0.8810475922275416,0.0941339200200217,0.1888401641013342,0.192445052590802,1.292463658291212,0.1637908541564561,0.1656852819040443,1.292463658291212,0.1637908541564561,0.6166666666666667,False
GigaPath,2,4,h2->h4,1.0,456,14000,3000,3000,0.9952751111111112,0.8810475922275416,0.0941339200200217,0.1888401641013342,0.192445052590802,1.292463658291212,0.1637908541564561,0.1656852819040443,1.292463658291212,0.1637908541564561,0.6166666666666667,False
GigaPath,3,0,h3->h0,0.01,42,140,3000,30,0.9925728888888888,0.9689854403872928,0.0936096945124344,0.2551856349326885,0.2488748971093564,0.5070204289168413,0.0354714615785982,0.0343515674280919,0.1000052749944835,0.025713131763643,0.5216666666666666,False
GigaPath,3,0,h3->h0,0.01,123,140,3000,30,0.9943342222222222,0.9646334063501496,0.0988279451425467,0.2734039331413995,0.2611295095240465,0.4629976348553716,0.0489895504888337,0.0520472012890238,0.1000052749944835,0.0316633451285956,0.5306666666666666,False
GigaPath,3,0,h3->h0,0.01,456,140,3000,30,0.994192,0.952227804553592,0.0981709816221792,0.2687749575642982,0.2578805602943093,0.5092518760889402,0.0701781580400046,0.0736053223308505,0.1000041730863971,0.0471588829165672,0.547,False
GigaPath,3,0,h3->h0,0.05,42,700,3000,150,0.9946195555555556,0.969976461545852,0.0483214572728834,0.1584659855131567,0.1470816789257208,0.8389303331415272,0.0416929893265339,0.045045132352394,0.1000039819235673,0.0295348204339381,0.528,False
GigaPath,3,0,h3->h0,0.05,123,700,3000,150,0.9951577777777778,0.9729865262796076,0.0450730913846224,0.1556282583481655,0.1421596134270447,0.7686202147011667,0.0307930554110551,0.0324820476816815,0.7913272828401163,0.0321812462884228,0.5223333333333333,False
GigaPath,3,0,h3->h0,0.05,456,700,3000,150,0.9947764444444444,0.9673012304079872,0.0500119940653616,0.1631098822082499,0.1525890937497264,0.787406818187477,0.0455252170355892,0.0500085541608511,1.0538725430465086,0.067962688704358,0.5313333333333333,False
GigaPath,3,0,h3->h0,0.1,42,1400,3000,300,0.9947742222222222,0.9709788435769676,0.0401785269047297,0.1279239177466577,0.1191068751807159,0.9539187620171512,0.0422836522272269,0.043329131257363,0.1000046669503276,0.0291610038038048,0.527,False
GigaPath,3,0,h3->h0,0.1,123,1400,3000,300,0.9952653333333332,0.9763241760507592,0.0355142856650128,0.1227758952529154,0.111494450823332,0.8624829343209277,0.0276440620342667,0.0290146690542814,0.8024722262773227,0.0257263697478808,0.5196666666666667,False
GigaPath,3,0,h3->h0,0.1,456,1400,3000,300,0.9951697777777778,0.97498752433297,0.0373153810768599,0.1288278673351896,0.117531331186862,0.8440881178066258,0.0289629789863866,0.0311279403092207,1.0579799379943484,0.0440513123149116,0.5223333333333333,False
GigaPath,3,0,h3->h0,0.25,42,3500,3000,750,0.9954675555555555,0.977658025287336,0.0268513271010189,0.0873031187016774,0.0787875624869044,1.034329722333775,0.0281770378246596,0.0297987776614317,1.089821113026081,0.0298088798535693,0.5196666666666667,False
GigaPath,3,0,h3->h0,0.25,123,3500,3000,750,0.9954333333333334,0.976656042572264,0.0279973741609331,0.0891447379019863,0.0823599050309054,1.0370769130639883,0.030433938634801,0.0310174564947354,0.8978020127855406,0.0276840890202234,0.5213333333333333,False
GigaPath,3,0,h3->h0,0.25,456,3500,3000,750,0.995298222222222,0.974653644272346,0.0275888458705777,0.0879697116142193,0.0801491582384378,1.0366592870964253,0.0300148595161294,0.0305628627415075,1.112939015556321,0.0321487722590707,0.5226666666666666,False
GigaPath,3,0,h3->h0,0.5,42,7000,3000,1500,0.9955982222222224,0.9789924162622708,0.0226328237580852,0.0671125765169317,0.0611672044438798,1.1252392193609324,0.0274572827041206,0.0275349900680889,1.1177983461548089,0.0273343003078267,0.519,False
GigaPath,3,0,h3->h0,0.5,123,7000,3000,1500,0.9952253333333332,0.9756537875202648,0.0248262018885138,0.0686634879944575,0.0651139671626498,1.142319156425674,0.0319711993638135,0.0319739833320414,1.279036503005238,0.034514942002736,0.523,False
GigaPath,3,0,h3->h0,0.5,456,7000,3000,1500,0.9952573333333332,0.97865868975915,0.0233716102669211,0.0662629366282774,0.06147423350248,1.1356265140929211,0.0279891843437799,0.0288514799748266,0.9977608376066192,0.0258178641301635,0.5193333333333333,False
GigaPath,3,0,h3->h0,1.0,42,14000,3000,3000,0.9953288888888888,0.9783237741177192,0.0218787895948679,0.0550202426614668,0.053972205206669,1.272793822537361,0.0314894691311664,0.0317696560093684,1.272793822537361,0.0314894691311664,0.521,False
GigaPath,3,0,h3->h0,1.0,123,14000,3000,3000,0.9953288888888888,0.9783237741177192,0.0218787895948679,0.0550202426614668,0.053972205206669,1.272793822537361,0.0314894691311664,0.0317696560093684,1.272793822537361,0.0314894691311664,0.521,False
GigaPath,3,0,h3->h0,1.0,456,14000,3000,3000,0.9953288888888888,0.9783237741177192,0.0218787895948679,0.0550202426614668,0.053972205206669,1.272793822537361,0.0314894691311664,0.0317696560093684,1.272793822537361,0.0314894691311664,0.521,False
GigaPath,3,1,h3->h1,0.01,42,140,3000,30,0.992072888888889,0.9492227517705224,0.0980903157653126,0.2490023994283189,0.244319299710553,0.5070204289168413,0.0574653649527033,0.0583808860541341,0.1000052749944835,0.0471371690977179,0.5466666666666666,False
GigaPath,3,1,h3->h1,0.01,123,140,3000,30,0.9940426666666666,0.9421667671969458,0.1033442797488229,0.2715295412493685,0.260534645735763,0.4629976348553716,0.0762426588274657,0.077533772058703,0.1000052749944835,0.0546750303699823,0.5536666666666666,False
GigaPath,3,1,h3->h1,0.01,456,140,3000,30,0.9939595555555556,0.931364663560183,0.105573559414543,0.270316263152699,0.2633142194591675,0.5092518760889402,0.0913839923741139,0.0919869649991809,0.1000041730863971,0.0679870506758768,0.5663333333333334,False
GigaPath,3,1,h3->h1,0.05,42,700,3000,150,0.9941662222222222,0.9488704661665626,0.060623510626128,0.1645699800168375,0.1580510232702533,0.8389303331415272,0.0709901627399408,0.0710435104569447,0.1000039819235673,0.0505533371219561,0.5503333333333333,False
GigaPath,3,1,h3->h1,0.05,123,700,3000,150,0.9950551111111112,0.9622905918141218,0.0525173406882006,0.1606721216782888,0.1514377736797105,0.7686202147011667,0.0469734308394711,0.0475045632490505,0.7913272828401163,0.0475853245161519,0.5336666666666666,False
GigaPath,3,1,h3->h1,0.05,456,700,3000,150,0.9947337777777778,0.9522307834407622,0.0583204245410275,0.1714665410673528,0.1623676137088798,0.787406818187477,0.0598709287158466,0.0600492828109115,1.0538725430465086,0.0764362538965786,0.5463333333333333,False
GigaPath,3,1,h3->h1,0.1,42,1400,3000,300,0.9945062222222222,0.955919754361718,0.0481012773889053,0.134044889353132,0.1272039873424632,0.9539187620171512,0.0601201858550229,0.0607717360102444,0.1000046669503276,0.0436541823702711,0.5426666666666666,False
GigaPath,3,1,h3->h1,0.1,123,1400,3000,300,0.9954057777777776,0.9669709307491628,0.0410153197442366,0.1249005757226806,0.1176429590796986,0.8624829343209277,0.040234858206818,0.0404397419141557,0.8024722262773227,0.0389991457155028,0.5296666666666666,False
GigaPath,3,1,h3->h1,0.1,456,1400,3000,300,0.9947875555555556,0.9642975316915018,0.0448915893274211,0.1305291434504711,0.1239445769830383,0.8440881178066258,0.044682895228979,0.0447046559022932,1.0579799379943484,0.0505220816516134,0.5316666666666666,False
GigaPath,3,1,h3->h1,0.25,42,3500,3000,750,0.9954768888888887,0.9679724420657064,0.0330915029765533,0.0930706172803589,0.0858336928836924,1.034329722333775,0.0392412702966811,0.0392886385249087,1.089821113026081,0.0404363645261031,0.5293333333333333,False
GigaPath,3,1,h3->h1,0.25,123,3500,3000,750,0.9957911111111112,0.9679736814831388,0.0334148746038306,0.0931818815574508,0.0896234121611162,1.0370769130639883,0.0403104850044946,0.0404306967928055,0.8978020127855406,0.0376646512847629,0.5286666666666666,False
GigaPath,3,1,h3->h1,0.25,456,3500,3000,750,0.9952284444444444,0.9669722236400812,0.0335394393300287,0.0888430297627064,0.0840075274461905,1.0366592870964253,0.0392575526661717,0.0392762559299142,1.112939015556321,0.0405072078108464,0.529,False
GigaPath,3,1,h3->h1,0.5,42,7000,3000,1500,0.9962471111111112,0.971982018682212,0.0267948153674224,0.0687924938348083,0.0671523060919898,1.1252392193609324,0.0325155989817705,0.032555329182972,1.1177983461548089,0.0324224917721983,0.5253333333333333,False
GigaPath,3,1,h3->h1,0.5,123,7000,3000,1500,0.9961928888888888,0.9729848685246923,0.0270736218954329,0.0656600167744947,0.0653999946559094,1.142319156425674,0.033539301930191,0.0335535497737587,1.279036503005238,0.0352973910261504,0.5236666666666666,False
GigaPath,3,1,h3->h1,0.5,456,7000,3000,1500,0.9957897777777778,0.973319625549838,0.0276775519216184,0.0659977092066309,0.0647046059337292,1.1356265140929211,0.0323990133178266,0.0324129317336379,0.9977608376066192,0.0307366513319525,0.5226666666666666,False
GigaPath,3,1,h3->h1,1.0,42,14000,3000,3000,0.9962991111111112,0.975322102147822,0.0235177524132308,0.0479737296298078,0.0489635821462869,1.272793822537361,0.0290330797182084,0.0291070120075993,1.272793822537361,0.0290330797182084,0.5213333333333333,False
GigaPath,3,1,h3->h1,1.0,123,14000,3000,3000,0.9962991111111112,0.975322102147822,0.0235177524132308,0.0479737296298078,0.0489635821462869,1.272793822537361,0.0290330797182084,0.0291070120075993,1.272793822537361,0.0290330797182084,0.5213333333333333,False
GigaPath,3,1,h3->h1,1.0,456,14000,3000,3000,0.9962991111111112,0.975322102147822,0.0235177524132308,0.0479737296298078,0.0489635821462869,1.272793822537361,0.0290330797182084,0.0291070120075993,1.272793822537361,0.0290330797182084,0.5213333333333333,False
GigaPath,3,2,h3->h2,0.01,42,140,3000,30,0.981319111111111,0.911334019972236,0.138270706661228,0.2883008515554839,0.2954430499742168,0.5070204289168413,0.1106322614648795,0.1143003882865379,0.1000052749944835,0.0871592150417545,0.5866666666666667,False
GigaPath,3,2,h3->h2,0.01,123,140,3000,30,0.9904546666666666,0.9123364747775916,0.1371301143075297,0.3228919765540714,0.3112446730233799,0.4629976348553716,0.1238906999750474,0.1278202893251636,0.1000052749944835,0.0930883870928931,0.587,False
GigaPath,3,2,h3->h2,0.01,456,140,3000,30,0.9854,0.850109011627907,0.1427647648248715,0.3068548873678632,0.3005696903288503,0.5092518760889402,0.174975128391676,0.1761219074380727,0.1000041730863971,0.1481624537413021,0.6466666666666666,False
GigaPath,3,2,h3->h2,0.05,42,700,3000,150,0.9880822222222222,0.8896893997585311,0.1035322517675055,0.2359932540126648,0.2296278596479253,0.8389303331415272,0.1433691694789139,0.1448690153643509,0.1000039819235673,0.1094436443136704,0.609,False
GigaPath,3,2,h3->h2,0.05,123,700,3000,150,0.9901306666666666,0.9242367015297036,0.0893166821849821,0.2207656516720634,0.2133295662450045,0.7686202147011667,0.1100745119898187,0.1105394161272108,0.7913272828401163,0.1108928138400446,0.5753333333333334,False
GigaPath,3,2,h3->h2,0.05,456,700,3000,150,0.987204,0.8827648705891972,0.102985459440288,0.2291159540313511,0.2231597277018873,0.787406818187477,0.1428739896987983,0.1428739896987983,1.0538725430465086,0.1490935662747503,0.6156666666666667,False
GigaPath,3,2,h3->h2,0.1,42,1400,3000,300,0.9883591111111112,0.8831118464229297,0.0982798335822116,0.2078742657368244,0.2063549845815327,0.9539187620171512,0.1491773245463744,0.1491773245463744,0.1000046669503276,0.1154716013177085,0.6153333333333333,False
GigaPath,3,2,h3->h2,0.1,123,1400,3000,300,0.9898035555555555,0.9027643086469446,0.0894632578741448,0.1993471467242461,0.1977280139613997,0.8624829343209277,0.1302194189692988,0.1305857265132496,0.8024722262773227,0.1278978864613006,0.5963333333333334,False
GigaPath,3,2,h3->h2,0.1,456,1400,3000,300,0.9878493333333334,0.9007065542088921,0.0923562846278053,0.1987763620406222,0.196959449514032,0.8440881178066258,0.1314319465310784,0.1314319465310784,1.0579799379943484,0.1367503774947904,0.5983333333333334,False
GigaPath,3,2,h3->h2,0.25,42,3500,3000,750,0.9889226666666668,0.8765052682626998,0.095846294281142,0.1853773637770299,0.1860547676371631,1.034329722333775,0.1544391995466698,0.1544391995466698,1.089821113026081,0.1559003516942137,0.6216666666666667,False
GigaPath,3,2,h3->h2,0.25,123,3500,3000,750,0.9895653333333334,0.8855384403447623,0.0899428233637296,0.1821797523763054,0.1816496278380779,1.0370769130639883,0.1434267010368814,0.1434267010368813,0.8978020127855406,0.1389358735668319,0.613,False
GigaPath,3,2,h3->h2,0.25,456,3500,3000,750,0.989532,0.8917607690447938,0.0860982246976686,0.174698268229239,0.1746049832873426,1.0366592870964253,0.1369557221425729,0.136955722142573,1.112939015556321,0.1390985082361343,0.607,False
GigaPath,3,2,h3->h2,0.5,42,7000,3000,1500,0.9893946666666666,0.8631980140289361,0.100098679875757,0.1820406336115506,0.1846084997846489,1.1252392193609324,0.1648274327237565,0.1648274327237565,1.1177983461548089,0.1646463257684193,0.6343333333333333,False
GigaPath,3,2,h3->h2,0.5,123,7000,3000,1500,0.989216,0.8751105474727148,0.0931932938416644,0.1697408563971922,0.172557928298403,1.142319156425674,0.1527550412033279,0.1527550412033278,1.279036503005238,0.1559393446789427,0.623,False
GigaPath,3,2,h3->h2,0.5,456,7000,3000,1500,0.98936,0.8792906346776705,0.0901827479330587,0.1713576905997748,0.1721190058985673,1.1356265140929211,0.1481031801050517,0.1481031801050518,0.9977608376066192,0.1440469695643159,0.619,False
GigaPath,3,2,h3->h2,1.0,42,14000,3000,3000,0.9886555555555556,0.8486856095925144,0.1055581131313833,0.1807814491538905,0.1815425396702014,1.272793822537361,0.1737666427450203,0.1737666427450203,1.272793822537361,0.1737666427450203,0.648,False
GigaPath,3,2,h3->h2,1.0,123,14000,3000,3000,0.9886555555555556,0.8486856095925144,0.1055581131313833,0.1807814491538905,0.1815425396702014,1.272793822537361,0.1737666427450203,0.1737666427450203,1.272793822537361,0.1737666427450203,0.648,False
GigaPath,3,2,h3->h2,1.0,456,14000,3000,3000,0.9886555555555556,0.8486856095925144,0.1055581131313833,0.1807814491538905,0.1815425396702014,1.272793822537361,0.1737666427450203,0.1737666427450203,1.272793822537361,0.1737666427450203,0.648,False
GigaPath,3,4,h3->h4,0.01,42,140,3000,30,0.986758222222222,0.6352341438743951,0.1909140144695563,0.3799965727507063,0.3740878225842319,0.5070204289168413,0.2766484355524257,0.2799810028170023,0.1000052749944835,0.3180627836558866,0.826,False
GigaPath,3,4,h3->h4,0.01,123,140,3000,30,0.9921351111111112,0.4401329229216307,0.1994403230500861,0.38591843162439,0.3843676797795905,0.4629976348553716,0.3417477260367513,0.3461979782535147,0.1000052749944835,0.4344934698233899,0.9476666666666668,False
GigaPath,3,4,h3->h4,0.01,456,140,3000,30,0.9919066666666666,0.3573222549183247,0.2182586048814908,0.3570190618499856,0.392607057589031,0.5092518760889402,0.4079345056052783,0.4095009202168691,0.1000041730863971,0.4846770401531286,0.989,False
GigaPath,3,4,h3->h4,0.05,42,700,3000,150,0.9901471111111112,0.4718626040950898,0.1966069418542616,0.3335359835301156,0.3416744900253639,0.8389303331415272,0.3344944054608607,0.3385074628316552,0.1000039819235673,0.4254099327575665,0.9303333333333332,False
GigaPath,3,4,h3->h4,0.05,123,700,3000,150,0.991588888888889,0.4401329229216307,0.2015072684203955,0.3395928024886584,0.3435548973524447,0.7686202147011667,0.3572754464764676,0.3587200353406817,0.7913272828401163,0.3543185295377062,0.9476666666666668,False
GigaPath,3,4,h3->h4,0.05,456,700,3000,150,0.9916604444444445,0.4126292342821109,0.2100947139808166,0.3510807004991734,0.3535688152125121,0.787406818187477,0.368580019260488,0.3701419102183494,1.0538725430465086,0.350049006730784,0.962,False
GigaPath,3,4,h3->h4,0.1,42,1400,3000,300,0.9899457777777776,0.423004029144614,0.2207479656691072,0.330160598786074,0.3420544299555618,0.9539187620171512,0.3674536284799254,0.3692140121781758,0.1000046669503276,0.4533059812081302,0.9566666666666668,False
GigaPath,3,4,h3->h4,0.1,123,1400,3000,300,0.9917146666666666,0.4457404558500835,0.2118123828008577,0.3383777385019998,0.3396835672022254,0.8624829343209277,0.3659293243180719,0.3671788150622672,0.8024722262773227,0.3726280195480004,0.9446666666666668,False
GigaPath,3,4,h3->h4,0.1,456,1400,3000,300,0.9922,0.4249304230316136,0.2158791515353854,0.3432884332564329,0.3464526764529178,0.8440881178066258,0.3757133248597608,0.3759533168284386,1.0579799379943484,0.3515868106101872,0.9556666666666668,False
GigaPath,3,4,h3->h4,0.25,42,3500,3000,750,0.989224,0.4274898137570739,0.2457532450863696,0.3329870268342648,0.3415833502498241,1.034329722333775,0.3877843579826592,0.3884365447065305,1.089821113026081,0.3829075491537272,0.9543333333333334,False
GigaPath,3,4,h3->h4,0.25,123,3500,3000,750,0.9933568888888888,0.4549766199156805,0.2217278575218491,0.3341691049731896,0.3340147312126569,1.0370769130639883,0.3647410682383493,0.3661295295355012,0.8978020127855406,0.3769757575447554,0.9396666666666668,False
GigaPath,3,4,h3->h4,0.25,456,3500,3000,750,0.9932297777777778,0.4171892404991069,0.2348678568614287,0.3381867767648456,0.3442252074487082,1.0366592870964253,0.3815925853132872,0.3821424991442481,1.112939015556321,0.3748787599388117,0.9596666666666668,False
GigaPath,3,4,h3->h4,0.5,42,7000,3000,1500,0.9887297777777778,0.449451220051473,0.2488735081720502,0.3368829025891697,0.3376138312849955,1.1252392193609324,0.3797948642560507,0.3801597709976642,1.1177983461548089,0.3803526641468356,0.9426666666666668,False
GigaPath,3,4,h3->h4,0.5,123,7000,3000,1500,0.9933182222222222,0.4482167305112638,0.2400577716457602,0.3372330862132258,0.3372731289871358,1.142319156425674,0.3740403522183577,0.374832021563296,1.279036503005238,0.3641704209528963,0.9433333333333334,False
GigaPath,3,4,h3->h4,0.5,456,7000,3000,1500,0.9932822222222222,0.4525268801853215,0.2375608260242998,0.3359530072514418,0.3366259619702829,1.1356265140929211,0.3727498001760369,0.3731140897285825,0.9977608376066192,0.3829464319341673,0.941,False
GigaPath,3,4,h3->h4,1.0,42,14000,3000,3000,0.9905528888888888,0.4376245461229285,0.2730720040765723,0.3455869510309554,0.352283270486102,1.272793822537361,0.3901418606144511,0.3906360277163463,1.272793822537361,0.3901418606144511,0.949,False
GigaPath,3,4,h3->h4,1.0,123,14000,3000,3000,0.9905528888888888,0.4376245461229285,0.2730720040765723,0.3455869510309554,0.352283270486102,1.272793822537361,0.3901418606144511,0.3906360277163463,1.272793822537361,0.3901418606144511,0.949,False
GigaPath,3,4,h3->h4,1.0,456,14000,3000,3000,0.9905528888888888,0.4376245461229285,0.2730720040765723,0.3455869510309554,0.352283270486102,1.272793822537361,0.3901418606144511,0.3906360277163463,1.272793822537361,0.3901418606144511,0.949,False
GigaPath,4,0,h4->h0,0.01,42,140,3000,30,0.9898844444444443,0.944589436654822,0.1510059636638727,0.3297216953145056,0.3298443237342545,0.4012569484456428,0.0803728787729883,0.0831861433997817,0.100006639427806,0.0447878786940271,0.5373333333333333,False
GigaPath,4,0,h4->h0,0.01,123,140,3000,30,0.9888817777777776,0.946971948160577,0.15433532439081,0.3315518316267685,0.3280315816553674,0.4888150719626785,0.109688292069311,0.1064484496307654,0.2808939994881901,0.038792941158997,0.523,False
GigaPath,4,0,h4->h0,0.01,456,140,3000,30,0.986908,0.8821799212754817,0.1635353636845599,0.3357347341193334,0.3345537003842151,0.4552668089891514,0.1582026993580396,0.1593115006867259,0.1000053700033014,0.1193128097025592,0.6123333333333333,False
GigaPath,4,0,h4->h0,0.05,42,700,3000,150,0.9928551111111112,0.9552912872728307,0.0901776727445746,0.236825666095657,0.2341841290813807,0.7735371826276138,0.0734971246164103,0.0739027492723406,0.8117857744295766,0.0794385065631777,0.5306666666666666,False
GigaPath,4,0,h4->h0,0.05,123,700,3000,150,0.992296,0.945895253210215,0.0930152346227514,0.2367437915467755,0.2338737798158397,0.773943171027863,0.0793982255216858,0.0812892079939856,0.2902482398269747,0.047143745798934,0.544,False
GigaPath,4,0,h4->h0,0.05,456,700,3000,150,0.992044,0.9341091213155878,0.1058922838434899,0.2559895628581826,0.2547161231113982,0.752878494876892,0.1091832333499988,0.1103386155809587,0.4545359033976479,0.0830309118069609,0.5583333333333333,False
GigaPath,4,0,h4->h0,0.1,42,1400,3000,300,0.9940306666666666,0.9522504347826086,0.0740506993106925,0.2032660965836423,0.2009076061050332,0.8871522439253656,0.0764804488036767,0.0782505896577202,1.0714165700841256,0.099366169553159,0.5416666666666666,False
GigaPath,4,0,h4->h0,0.1,123,1400,3000,300,0.9941235555555556,0.941821871499003,0.0787726384359921,0.2066709615936758,0.2042786689211619,0.8995149205596964,0.0912411425128246,0.0900527415091668,0.6339344363542219,0.0733742933231017,0.5553333333333333,False
GigaPath,4,0,h4->h0,0.1,456,1400,3000,300,0.9925124444444444,0.9232651815705528,0.0914753954309608,0.2227046084597824,0.2230611420241635,0.9275667971358936,0.1168996628968761,0.1180016653674427,1.0240012748451657,0.1257829888652007,0.5723333333333334,False
GigaPath,4,0,h4->h0,0.25,42,3500,3000,750,0.9947973333333332,0.9482123516325638,0.0642212022717093,0.1691099464155205,0.1672400808339549,1.0600649257457224,0.0874457523431646,0.0867729591675414,1.248836382141306,0.1015011784519089,0.5483333333333333,False
GigaPath,4,0,h4->h0,0.25,123,3500,3000,750,0.9952733333333332,0.9451773934747728,0.0635317304239209,0.1666856117090344,0.1657590249096544,1.1231527140998756,0.0937223698343932,0.0936185722556028,0.9196580202191922,0.0808895272316084,0.5533333333333333,False
GigaPath,4,0,h4->h0,0.25,456,3500,3000,750,0.993848,0.9404888208138454,0.0658472133143866,0.167338017556776,0.1678703740816266,1.1289317683846682,0.0923923618087277,0.0910778743595804,1.21691049723101,0.0977598654530868,0.5546666666666666,False
GigaPath,4,0,h4->h0,0.5,42,7000,3000,1500,0.9952875555555556,0.9485481215386916,0.0559403214354818,0.1434064272344009,0.1428745884727014,1.1957002080483596,0.083368297464028,0.0840098413712399,1.2247113903712852,0.0849826308008119,0.548,False
GigaPath,4,0,h4->h0,0.5,123,7000,3000,1500,0.9955413333333334,0.949548807074304,0.054116262532325,0.1398249936177525,0.1397913221904751,1.2355832096257091,0.0836156209185822,0.0840444327809091,1.130477223866991,0.0767421183134087,0.5483333333333333,False
GigaPath,4,0,h4->h0,0.5,456,7000,3000,1500,0.9954284444444444,0.9519011515220612,0.0538465632618662,0.1412130033076382,0.1418891492969839,1.2201755720056275,0.0822431021552713,0.0821399904583123,1.222481435487084,0.0823636888784477,0.5453333333333333,False
GigaPath,4,0,h4->h0,1.0,42,14000,3000,3000,0.9960008888888888,0.9488738832312908,0.0507975677552909,0.1223731571368879,0.1216760315708885,1.322175561333054,0.0843980514273111,0.0859128957369441,1.322175561333054,0.0843980514273111,0.5496666666666666,False
GigaPath,4,0,h4->h0,1.0,123,14000,3000,3000,0.9960008888888888,0.9488738832312908,0.0507975677552909,0.1223731571368879,0.1216760315708885,1.322175561333054,0.0843980514273111,0.0859128957369441,1.322175561333054,0.0843980514273111,0.5496666666666666,False
GigaPath,4,0,h4->h0,1.0,456,14000,3000,3000,0.9960008888888888,0.9488738832312908,0.0507975677552909,0.1223731571368879,0.1216760315708885,1.322175561333054,0.0843980514273111,0.0859128957369441,1.322175561333054,0.0843980514273111,0.5496666666666666,False
GigaPath,4,1,h4->h1,0.01,42,140,3000,30,0.968310222222222,0.7227851023215529,0.1861079910275614,0.3271064868155858,0.3227759535949785,0.4012569484456428,0.216078265964934,0.2190053487861175,0.100006639427806,0.2510433698480311,0.7563333333333333,False
GigaPath,4,1,h4->h1,0.01,123,140,3000,30,0.9658902222222224,0.7617311215129233,0.1851019249260897,0.3079268466393325,0.3211447370056359,0.4888150719626785,0.1930804149084089,0.1893471496855225,0.2808939994881901,0.1907215258707041,0.7206666666666667,False
GigaPath,4,1,h4->h1,0.01,456,140,3000,30,0.9417604444444446,0.5876169821213982,0.2067826325197102,0.2633390317126264,0.3059586879803353,0.4552668089891514,0.3001511824913444,0.3012114090006648,0.1000053700033014,0.3581346829484708,0.8586666666666667,False
GigaPath,4,1,h4->h1,0.05,42,700,3000,150,0.9751724444444444,0.779870606642242,0.1461965027400792,0.2648805488138759,0.2678473604783644,0.7735371826276138,0.182805065129876,0.1832183595829238,0.8117857744295766,0.1829944063712446,0.7073333333333334,False
GigaPath,4,1,h4->h1,0.05,123,700,3000,150,0.9774346666666666,0.7562941233358047,0.147974100016838,0.2676592658876465,0.2735067888750407,0.773943171027863,0.1976258328638929,0.1978505860766194,0.2902482398269747,0.2180722131695758,0.7283333333333334,False
GigaPath,4,1,h4->h1,0.05,456,700,3000,150,0.9754004444444444,0.6912111144669284,0.1654947141045712,0.288278875861029,0.2868682423962402,0.752878494876892,0.2426313427153138,0.2457921131424643,0.4545359033976479,0.2658476343047191,0.7833333333333333,False
GigaPath,4,1,h4->h1,0.1,42,1400,3000,300,0.97906,0.7922147239398586,0.1330597980044844,0.2425185130161396,0.2410844782537747,0.8871522439253656,0.1815996737361068,0.1833948526752423,1.0714165700841256,0.182466591169064,0.6976666666666667,False
GigaPath,4,1,h4->h1,0.1,123,1400,3000,300,0.979979111111111,0.7355317214612991,0.1452611589285124,0.2493580679819846,0.2538825112036449,0.8995149205596964,0.2185784361800332,0.2195456401985253,0.6339344363542219,0.2296548117252505,0.747,False
GigaPath,4,1,h4->h1,0.1,456,1400,3000,300,0.9718586666666668,0.6954571759259259,0.1624613148858484,0.2564543585178784,0.259169046793169,0.9275667971358936,0.2426955158927649,0.2433226208461227,1.0240012748451657,0.2360253712159701,0.78,False
GigaPath,4,1,h4->h1,0.25,42,3500,3000,750,0.979671111111111,0.8199230205278593,0.1200849646583077,0.2099518255192873,0.2096712241495806,1.0600649257457224,0.1753809735236692,0.1766850961283622,1.248836382141306,0.1744850428686183,0.6733333333333333,False
GigaPath,4,1,h4->h1,0.25,123,3500,3000,750,0.981124,0.7569192701105332,0.1358110583048593,0.2203931504174424,0.2254164572649136,1.1231527140998756,0.209393412881875,0.2098874013344413,0.9196580202191922,0.2148039885169635,0.729,False
GigaPath,4,1,h4->h1,0.25,456,3500,3000,750,0.9751946666666668,0.7490632813464138,0.1418106545204206,0.226077942897308,0.2278967538252621,1.1289317683846682,0.2095344275556621,0.2095344275556622,1.21691049723101,0.2057816734347339,0.7356666666666667,False
GigaPath,4,1,h4->h1,0.5,42,7000,3000,1500,0.9790106666666668,0.8232451301745274,0.1152996074304291,0.1902633029159071,0.1890827653892413,1.1957002080483596,0.1714193354943257,0.1714193354943256,1.2247113903712852,0.1709449222569721,0.6696666666666666,False
GigaPath,4,1,h4->h1,0.5,123,7000,3000,1500,0.9806648888888888,0.8283261802575108,0.1134549679661398,0.1918353950296184,0.1916531731854438,1.2355832096257091,0.1714133009198175,0.1727781149275589,1.130477223866991,0.172692845679985,0.665,False
GigaPath,4,1,h4->h1,0.5,456,7000,3000,1500,0.980657777777778,0.8362276515421326,0.1115262355633885,0.1919558359500876,0.1905471848903077,1.2201755720056275,0.1672321846580068,0.1687983140483583,1.222481435487084,0.1672026296444191,0.6583333333333333,False
GigaPath,4,1,h4->h1,1.0,42,14000,3000,3000,0.9799813333333334,0.838059003919382,0.1075521640171575,0.1695440058817034,0.172497071464616,1.322175561333054,0.1650285800169871,0.1650285800169871,1.322175561333054,0.1650285800169871,0.656,False
GigaPath,4,1,h4->h1,1.0,123,14000,3000,3000,0.9799813333333334,0.838059003919382,0.1075521640171575,0.1695440058817034,0.172497071464616,1.322175561333054,0.1650285800169871,0.1650285800169871,1.322175561333054,0.1650285800169871,0.656,False
GigaPath,4,1,h4->h1,1.0,456,14000,3000,3000,0.9799813333333334,0.838059003919382,0.1075521640171575,0.1695440058817034,0.172497071464616,1.322175561333054,0.1650285800169871,0.1650285800169871,1.322175561333054,0.1650285800169871,0.656,False
GigaPath,4,2,h4->h2,0.01,42,140,3000,30,0.9925066666666666,0.925994478496038,0.1543197865708527,0.3407262508960461,0.3366381628127733,0.4012569484456428,0.1143498827576989,0.1122513744837764,0.100006639427806,0.0717819392880027,0.5676666666666667,False
GigaPath,4,2,h4->h2,0.01,123,140,3000,30,0.9943528888888888,0.9448712130282132,0.1503669498563374,0.3485349670786652,0.339061766330157,0.4888150719626785,0.1269954657264588,0.1255844387226894,0.2808939994881901,0.0646039165164762,0.5483333333333333,False
GigaPath,4,2,h4->h2,0.01,456,140,3000,30,0.9914706666666668,0.8195578445422664,0.1698749430952484,0.357196329924342,0.3525477749743959,0.4552668089891514,0.2007559788948496,0.2011250105844794,0.1000053700033014,0.1757862770365278,0.6736666666666666,False
GigaPath,4,2,h4->h2,0.05,42,700,3000,150,0.9949475555555556,0.9452035509880958,0.0949129682225177,0.2622719928164749,0.2506612229710023,0.7735371826276138,0.1044782503027439,0.1027066362098497,0.8117857744295766,0.1107306729964205,0.5486666666666666,False
GigaPath,4,2,h4->h2,0.05,123,700,3000,150,0.9959484444444444,0.927658903693013,0.0975222801566619,0.2615325623327524,0.2539725233082018,0.773943171027863,0.1183232505160602,0.1165475142320101,0.2902482398269747,0.0744923884849466,0.5686666666666667,False
GigaPath,4,2,h4->h2,0.05,456,700,3000,150,0.9955342222222224,0.8956087893358429,0.1129190426155308,0.284295131899067,0.2736347280502466,0.752878494876892,0.1515434344736966,0.1498270417698687,0.4545359033976479,0.1233821828297847,0.6006666666666667,False
GigaPath,4,2,h4->h2,0.1,42,1400,3000,300,0.995308888888889,0.922579858094354,0.084873647839677,0.2293639934191334,0.2212936545111118,0.8871522439253656,0.1142794133393453,0.1141757184326432,1.0714165700841256,0.1351798501095381,0.5736666666666667,False
GigaPath,4,2,h4->h2,0.1,123,1400,3000,300,0.9964906666666666,0.8969835249948492,0.0954352129343397,0.2439596615015938,0.2363790371681229,0.8995149205596964,0.1441525659217843,0.1438463856951313,0.6339344363542219,0.12552801986675,0.5993333333333334,False
GigaPath,4,2,h4->h2,0.1,456,1400,3000,300,0.9955213333333336,0.8852614509071994,0.1028611836769808,0.250508026715884,0.2446949821009018,0.9275667971358936,0.1585867871660535,0.158583308677833,1.0240012748451657,0.1668732900109292,0.6106666666666667,False
GigaPath,4,2,h4->h2,0.25,42,3500,3000,750,0.9958133333333332,0.9215627033559542,0.0754168171924393,0.1987967481191485,0.1919698202049429,1.0600649257457224,0.1172771689355902,0.1177978633559299,1.248836382141306,0.1345920682436168,0.5746666666666667,False
GigaPath,4,2,h4->h2,0.25,123,3500,3000,750,0.9960302222222222,0.9041831184999312,0.0809286447439879,0.2025555184946944,0.1974543468676893,1.1231527140998756,0.1353384277815926,0.1353384277815927,0.9196580202191922,0.1228151452934337,0.5923333333333334,False
GigaPath,4,2,h4->h2,0.25,456,3500,3000,750,0.995604,0.9100010343164712,0.0800776380512635,0.2027576458700355,0.1975292015752558,1.1289317683846682,0.1319501974289009,0.1327422257174426,1.21691049723101,0.1398242692643598,0.586,False
GigaPath,4,2,h4->h2,0.5,42,7000,3000,1500,0.995788,0.922579858094354,0.0686372419212763,0.1717361651197755,0.1686100266792815,1.1957002080483596,0.1133845564859618,0.1139264564121873,1.2247113903712852,0.114761327436758,0.5736666666666667,False
GigaPath,4,2,h4->h2,0.5,123,7000,3000,1500,0.9959213333333332,0.9374489263793934,0.0607714240821965,0.1675203736334076,0.1591280803803834,1.2355832096257091,0.1053412347660338,0.1020650539376638,1.130477223866991,0.0954171664523816,0.559,False
GigaPath,4,2,h4->h2,0.5,456,7000,3000,1500,0.9961062222222222,0.9340771939327372,0.062620155298839,0.1705059194093402,0.1622396588460286,1.2201755720056275,0.1073117379450801,0.1057476411465973,1.222481435487084,0.1074977836811854,0.5623333333333334,False
GigaPath,4,2,h4->h2,1.0,42,14000,3000,3000,0.996048,0.9317144449834888,0.058078443174745,0.1452006461575075,0.1402511780479576,1.322175561333054,0.1003139065746253,0.1014174958104647,1.322175561333054,0.1003139065746253,0.5646666666666667,False
GigaPath,4,2,h4->h2,1.0,123,14000,3000,3000,0.996048,0.9317144449834888,0.058078443174745,0.1452006461575075,0.1402511780479576,1.322175561333054,0.1003139065746253,0.1014174958104647,1.322175561333054,0.1003139065746253,0.5646666666666667,False
GigaPath,4,2,h4->h2,1.0,456,14000,3000,3000,0.996048,0.9317144449834888,0.058078443174745,0.1452006461575075,0.1402511780479576,1.322175561333054,0.1003139065746253,0.1014174958104647,1.322175561333054,0.1003139065746253,0.5646666666666667,False
GigaPath,4,3,h4->h3,0.01,42,140,3000,30,0.985458222222222,0.8756209937341823,0.1708754727912907,0.3430789370261018,0.3464724040843684,0.4012569484456428,0.1576601630136858,0.1589509404031077,0.100006639427806,0.124826632169083,0.6173333333333333,False
GigaPath,4,3,h4->h3,0.01,123,140,3000,30,0.9822831111111112,0.9111305965506822,0.1685580236961354,0.3404986682109907,0.3385149219558463,0.4888150719626785,0.1445130571321011,0.1450255007115098,0.2808939994881901,0.0912156994147665,0.5776666666666667,False
GigaPath,4,3,h4->h3,0.01,456,140,3000,30,0.9808546666666668,0.798947444308269,0.178552253574986,0.3465228699553732,0.341195843791633,0.4552668089891514,0.2089434868726526,0.2090555374616937,0.1000053700033014,0.2001936219347918,0.6916666666666667,False
GigaPath,4,3,h4->h3,0.05,42,700,3000,150,0.9872466666666668,0.9239713609829732,0.108364234394175,0.2593206110052872,0.2543842752153114,0.7735371826276138,0.1098884341194249,0.1101801791982557,0.8117857744295766,0.1142150936007023,0.569,False
GigaPath,4,3,h4->h3,0.05,123,700,3000,150,0.9870297777777776,0.9025081624200566,0.1154744499761472,0.2634646575417738,0.2603787821236809,0.773943171027863,0.1249977890814556,0.12924590606094,0.2902482398269747,0.0986848603807069,0.592,False
GigaPath,4,3,h4->h3,0.05,456,700,3000,150,0.9876462222222224,0.8629697751121455,0.1294164052831518,0.2824445703558456,0.2778382745795605,0.752878494876892,0.1680087045188049,0.1681307498159059,0.4545359033976479,0.1557573092630959,0.6313333333333333,False
GigaPath,4,3,h4->h3,0.1,42,1400,3000,300,0.9879524444444446,0.9103522953337866,0.0978922408776465,0.2284292646701728,0.2259689951949678,0.8871522439253656,0.1179936005718593,0.1198856394588011,1.0714165700841256,0.1399009334584815,0.585,False
GigaPath,4,3,h4->h3,0.1,123,1400,3000,300,0.9888017777777778,0.8838590661278567,0.1071869599070591,0.2400362578856988,0.2365714001679313,0.8995149205596964,0.143480762534261,0.1474313819854746,0.6339344363542219,0.13701413670858,0.6126666666666667,False
GigaPath,4,3,h4->h3,0.1,456,1400,3000,300,0.986708,0.8622668034499792,0.116794734103757,0.2494415129024794,0.2474117379527223,0.9275667971358936,0.1611433220115941,0.1656056249470968,1.0240012748451657,0.1705777346934165,0.632,False
GigaPath,4,3,h4->h3,0.25,42,3500,3000,750,0.9894102222222222,0.9083059678708142,0.0864565563734548,0.2001110142688917,0.1954803251153613,1.0600649257457224,0.1218824420857789,0.123432371628665,1.248836382141306,0.1344298322209697,0.587,False
GigaPath,4,3,h4->h3,0.25,123,3500,3000,750,0.9901364444444444,0.8925115117699896,0.0908692784319375,0.1987579317083152,0.1996433294262519,1.1231527140998756,0.1359140904141516,0.1387630496997614,0.9196580202191922,0.132416812725614,0.6036666666666667,False
GigaPath,4,3,h4->h3,0.25,456,3500,3000,750,0.9874413333333332,0.9004662840746055,0.0905361884145468,0.2028279919019725,0.1991418837904731,1.1289317683846682,0.1282800769547573,0.1291531629237416,1.21691049723101,0.1346609810223884,0.5933333333333334,False
GigaPath,4,3,h4->h3,0.5,42,7000,3000,1500,0.9896231111111112,0.9195514906214916,0.0747300373277842,0.1687064970076484,0.1653266057956242,1.1957002080483596,0.1096008801101296,0.1110287502694323,1.2247113903712852,0.1100539688671236,0.5746666666666667,False
GigaPath,4,3,h4->h3,0.5,123,7000,3000,1500,0.990167111111111,0.919874579690765,0.0732932410082858,0.1658793988199079,0.1653484861421163,1.2355832096257091,0.1084581617136545,0.1115008656351287,1.130477223866991,0.1063652188225565,0.5756666666666667,False
GigaPath,4,3,h4->h3,0.5,456,7000,3000,1500,0.9899146666666666,0.9191958387756928,0.0741766201425437,0.1671517035587694,0.1659789826067594,1.2201755720056275,0.1096346169426361,0.1124026051079018,1.222481435487084,0.1096680591971386,0.5763333333333334,False
GigaPath,4,3,h4->h3,1.0,42,14000,3000,3000,0.9898653333333336,0.9188646958163686,0.0692209415289471,0.1451558952735725,0.141576421741553,1.322175561333054,0.1107611982738843,0.111078942722062,1.322175561333054,0.1107611982738843,0.576,False
GigaPath,4,3,h4->h3,1.0,123,14000,3000,3000,0.9898653333333336,0.9188646958163686,0.0692209415289471,0.1451558952735725,0.141576421741553,1.322175561333054,0.1107611982738843,0.111078942722062,1.322175561333054,0.1107611982738843,0.576,False
GigaPath,4,3,h4->h3,1.0,456,14000,3000,3000,0.9898653333333336,0.9188646958163686,0.0692209415289471,0.1451558952735725,0.141576421741553,1.322175561333054,0.1107611982738843,0.111078942722062,1.322175561333054,0.1107611982738843,0.576,False
H-Optimus-0,0,1,h0->h1,0.01,42,140,3000,30,0.9895671111111112,0.880681313082432,0.1324745116736447,0.2995576838076429,0.2979894476980976,0.4839598569929344,0.1385338453129885,0.1392605088692604,0.1000052749944835,0.1218073709978119,0.6176666666666667,False
H-Optimus-0,0,1,h0->h1,0.01,123,140,3000,30,0.991328,0.8461905561456196,0.1374857564463275,0.3088767967511722,0.3017824901299801,0.5073579845187166,0.1657409326357647,0.1671450547404455,0.2799111963479327,0.1625412752477419,0.6503333333333333,False
H-Optimus-0,0,1,h0->h1,0.01,456,140,3000,30,0.9910035555555556,0.8267576522517217,0.1402896322476679,0.2996874635682047,0.3021645275197503,0.5499425367051327,0.168549447513018,0.1715598786211706,0.7440117183360497,0.1853809638373542,0.6683333333333333,False
H-Optimus-0,0,1,h0->h1,0.05,42,700,3000,150,0.991968,0.8813761582300106,0.0944354119276855,0.2097236273650864,0.2085458042824673,0.8615128886364337,0.1432035485381982,0.1432035485381982,0.100005877387794,0.1190665390918082,0.617,False
H-Optimus-0,0,1,h0->h1,0.05,123,700,3000,150,0.9931564444444444,0.8702180461072699,0.095799279148253,0.2150579940207687,0.2118637845727013,0.8646392564103531,0.1473994155621541,0.1480785607457501,0.8831961654874952,0.1476056842558867,0.6276666666666667,False
H-Optimus-0,0,1,h0->h1,0.05,456,700,3000,150,0.9945902222222224,0.9048196781335598,0.0858564188409534,0.2034900992195629,0.2050387506761485,0.8125334333046889,0.1230187048682431,0.1242513464267432,1.0451163529335077,0.131580952750116,0.5943333333333334,False
H-Optimus-0,0,1,h0->h1,0.1,42,1400,3000,300,0.992321777777778,0.9313460910529444,0.0691630778970939,0.1652273928159215,0.1624001856862142,0.963701916566582,0.1001524075754194,0.1001524075754194,0.9101482022287573,0.0990577959846739,0.5683333333333334,False
H-Optimus-0,0,1,h0->h1,0.1,123,1400,3000,300,0.9924555555555556,0.9099480117775456,0.0773972305089181,0.1714417921821696,0.171662088090189,0.9946879516543796,0.1211894248882749,0.1211894248882749,0.998835825844754,0.1212692096240856,0.5893333333333334,False
H-Optimus-0,0,1,h0->h1,0.1,456,1400,3000,300,0.9935337777777778,0.92152254315254,0.0740239604315458,0.1717548004597879,0.1682557782852142,0.958085917043506,0.1125166737248569,0.1134514967833895,1.1391485950505025,0.1156335068724982,0.578,False
H-Optimus-0,0,1,h0->h1,0.25,42,3500,3000,750,0.9927182222222224,0.9448331201885704,0.0555671605558531,0.123893044552864,0.1231615220617995,1.1474777751502334,0.086287999417156,0.0864192820172892,1.1859613274281071,0.0869822589357163,0.555,False
H-Optimus-0,0,1,h0->h1,0.25,123,3500,3000,750,0.9923982222222222,0.92152254315254,0.0654024736361739,0.1320725415211359,0.1337476580185615,1.1838177499027087,0.1069852103160754,0.1069852103160754,1.1970241141989413,0.1072168582864159,0.578,False
H-Optimus-0,0,1,h0->h1,0.25,456,3500,3000,750,0.9933013333333336,0.9232192824881064,0.0671008527311394,0.1397535134568734,0.13834891201473,1.1885280621494736,0.1111063236237076,0.1111063236237076,1.2027404444196312,0.1113872687230448,0.5763333333333334,False
H-Optimus-0,0,1,h0->h1,0.5,42,7000,3000,1500,0.9919422222222222,0.943495741284051,0.0526463025870325,0.1059642927142307,0.1075461942740131,1.266309729018002,0.0846258708165085,0.0846258708165085,1.274865236476042,0.0847673791992977,0.555,False
H-Optimus-0,0,1,h0->h1,0.5,123,7000,3000,1500,0.9920702222222222,0.9303317637139245,0.0588022354858961,0.114604633287995,0.1127294277929133,1.3211102667540005,0.098004329096866,0.0980043290968659,1.3186798339540926,0.0979643569333457,0.5693333333333334,False
H-Optimus-0,0,1,h0->h1,0.5,456,7000,3000,1500,0.9930782222222222,0.933379391199228,0.0581090854342756,0.1157036626162104,0.1165349588715725,1.326971925604892,0.0981502522910419,0.0982966138536404,1.3165230954636895,0.0979497862840161,0.5656666666666667,False
H-Optimus-0,0,1,h0->h1,1.0,42,14000,3000,3000,0.9914551111111112,0.9414765238927943,0.0517504715553898,0.094479125533114,0.097349865064522,1.4206080864105617,0.086408407005176,0.086408407005176,1.4206080864105617,0.086408407005176,0.557,False
H-Optimus-0,0,1,h0->h1,1.0,123,14000,3000,3000,0.9914551111111112,0.9414765238927943,0.0517504715553898,0.094479125533114,0.097349865064522,1.4206080864105617,0.086408407005176,0.086408407005176,1.4206080864105617,0.086408407005176,0.557,False
H-Optimus-0,0,1,h0->h1,1.0,456,14000,3000,3000,0.9914551111111112,0.9414765238927943,0.0517504715553898,0.094479125533114,0.097349865064522,1.4206080864105617,0.086408407005176,0.086408407005176,1.4206080864105617,0.086408407005176,0.557,False
H-Optimus-0,0,2,h0->h2,0.01,42,140,3000,30,0.9896217777777778,0.9421409261977972,0.1276818424452535,0.3098190049090297,0.3033273546281159,0.4839598569929344,0.0902396763944091,0.0907566618380628,0.1000052749944835,0.0590623590293843,0.5576666666666666,False
H-Optimus-0,0,2,h0->h2,0.01,123,140,3000,30,0.9927364444444444,0.9276248069994854,0.1250045926628005,0.3136830542983496,0.2975666959323317,0.5073579845187166,0.1089610714290997,0.1087223903710797,0.2799111963479327,0.0881051226009572,0.572,False
H-Optimus-0,0,2,h0->h2,0.01,456,140,3000,30,0.9882773333333332,0.9238976133464588,0.1262859459410601,0.3081387048765246,0.296448532887352,0.5499425367051327,0.1053902255446577,0.1043261288502866,0.7440117183360497,0.1453526944786512,0.5756666666666667,False
H-Optimus-0,0,2,h0->h2,0.05,42,700,3000,150,0.9939262222222222,0.9218619962124868,0.0827230785052167,0.2166026363048962,0.2090347521256653,0.8615128886364337,0.1165619807576538,0.1169719730334059,0.100005877387794,0.0787364736573356,0.5776666666666667,False
H-Optimus-0,0,2,h0->h2,0.05,123,700,3000,150,0.9948813333333332,0.9177850049916249,0.0847030554619639,0.2200768947877162,0.2136723784531891,0.8646392564103531,0.1229335563585027,0.1244147942057776,0.8831961654874952,0.1236868843346055,0.5816666666666667,False
H-Optimus-0,0,2,h0->h2,0.05,456,700,3000,150,0.993349777777778,0.9262701639930292,0.0805790444145995,0.2139656350159137,0.204356018226075,0.8125334333046889,0.1043875484415107,0.1048516930189119,1.0451163529335077,0.1214019555948014,0.5733333333333334,False
H-Optimus-0,0,2,h0->h2,0.1,42,1400,3000,300,0.994644,0.9535698391456584,0.0622513501817095,0.1805986223395091,0.1694188747365954,0.963701916566582,0.0867240800270034,0.0875639424763312,0.9101482022287573,0.0845123587103478,0.5456666666666666,False
H-Optimus-0,0,2,h0->h2,0.1,123,1400,3000,300,0.9952973333333331,0.9235584737443474,0.0721137612480656,0.1880858921317692,0.1824763964509972,0.9946879516543796,0.114374184760544,0.1155815626887803,0.998835825844754,0.1145405324394591,0.576,False
H-Optimus-0,0,2,h0->h2,0.1,456,1400,3000,300,0.9941653333333332,0.9320220775325598,0.0697150530523299,0.1839856803651718,0.1769363402905595,0.958085917043506,0.1035253626893786,0.1035253626893786,1.1391485950505025,0.1122165080193564,0.5676666666666667,False
H-Optimus-0,0,2,h0->h2,0.25,42,3500,3000,750,0.9951906666666668,0.9552493014660864,0.052034412962248,0.1440910874450584,0.1375428864280689,1.1474777751502334,0.0862346714700852,0.0864399011893173,1.1859613274281071,0.0876942299717145,0.5433333333333333,False
H-Optimus-0,0,2,h0->h2,0.25,123,3500,3000,750,0.99544,0.9357476739765588,0.0605116284353841,0.1534778699635832,0.1510219133112409,1.1838177499027087,0.1061031351552445,0.1066831415582124,1.1970241141989413,0.1066002257210809,0.5626666666666666,False
H-Optimus-0,0,2,h0->h2,0.25,456,3500,3000,750,0.9951164444444444,0.9418087187929748,0.0560199406303824,0.1461559383384516,0.1402153680417174,1.1885280621494736,0.0961422478782159,0.0963481914052346,1.2027404444196312,0.0966404909348076,0.5573333333333333,False
H-Optimus-0,0,2,h0->h2,0.5,42,7000,3000,1500,0.995588,0.9562573913043478,0.045213119090609,0.12190450703857,0.1185642593903193,1.266309729018002,0.0809942155003218,0.0819977494441965,1.274865236476042,0.0813055291688492,0.5416666666666666,False
H-Optimus-0,0,2,h0->h2,0.5,123,7000,3000,1500,0.9955524444444444,0.949548807074304,0.0479047519925072,0.1242640780737858,0.1215269388933189,1.3211102667540005,0.088114360520103,0.0893242741527309,1.3186798339540926,0.088031118719633,0.5483333333333333,False
H-Optimus-0,0,2,h0->h2,0.5,456,7000,3000,1500,0.9954577777777778,0.9364169690393028,0.0542357255360455,0.1313002720342591,0.1267023498736429,1.326971925604892,0.1000033137827281,0.100134476330547,1.3165230954636895,0.0996532864597163,0.5626666666666666,False
H-Optimus-0,0,2,h0->h2,1.0,42,14000,3000,3000,0.9957697777777778,0.9589396641175504,0.0401035431007672,0.1024895929505063,0.0987291973530794,1.4206080864105617,0.0764832872743489,0.0766064698820102,1.4206080864105617,0.0764832872743489,0.5383333333333333,False
H-Optimus-0,0,2,h0->h2,1.0,123,14000,3000,3000,0.9957697777777778,0.9589396641175504,0.0401035431007672,0.1024895929505063,0.0987291973530794,1.4206080864105617,0.0764832872743489,0.0766064698820102,1.4206080864105617,0.0764832872743489,0.5383333333333333,False
H-Optimus-0,0,2,h0->h2,1.0,456,14000,3000,3000,0.9957697777777778,0.9589396641175504,0.0401035431007672,0.1024895929505063,0.0987291973530794,1.4206080864105617,0.0764832872743489,0.0766064698820102,1.4206080864105617,0.0764832872743489,0.5383333333333333,False
H-Optimus-0,0,3,h0->h3,0.01,42,140,3000,30,0.9958413333333332,0.936754262199428,0.095059839817269,0.25889071460792,0.2522848480224198,0.4839598569929344,0.0689132322521318,0.0708922263224941,0.1000052749944835,0.0629471886978546,0.5623333333333334,False
H-Optimus-0,0,3,h0->h3,0.01,123,140,3000,30,0.9963244444444443,0.9235662298618248,0.1015813912781133,0.2747456411854776,0.2670495432828608,0.5073579845187166,0.0905002370398822,0.0923791768032825,0.2799111963479327,0.0811730479527132,0.5753333333333334,False
H-Optimus-0,0,3,h0->h3,0.01,456,140,3000,30,0.9957186666666666,0.9228879340403504,0.0989020920191332,0.2598774695653114,0.2560359594003233,0.5499425367051327,0.0850533155988233,0.0892208564424055,0.7440117183360497,0.1084436856002851,0.576,False
H-Optimus-0,0,3,h0->h3,0.05,42,700,3000,150,0.99752,0.945173459140186,0.0502929091287967,0.1536533629943188,0.1484434011611924,0.8615128886364337,0.0653183125738309,0.0665977625416732,0.100005877387794,0.0547702403501905,0.554,False
H-Optimus-0,0,3,h0->h3,0.05,123,700,3000,150,0.9973324444444444,0.9401249081385636,0.0542818852426549,0.159500750311084,0.155964906734169,0.8646392564103531,0.0728193830059597,0.0740594539461036,0.8831961654874952,0.0732238795463539,0.559,False
H-Optimus-0,0,3,h0->h3,0.05,456,700,3000,150,0.997832,0.950213796659112,0.0466122192041532,0.1502098404762762,0.144091417649705,0.8125334333046889,0.0562073665019737,0.0574840759174902,1.0451163529335077,0.0685229945899615,0.549,False
H-Optimus-0,0,3,h0->h3,0.1,42,1400,3000,300,0.9975853333333334,0.9569228008728086,0.0370035157372367,0.1153850892002157,0.1103597268400207,0.963701916566582,0.0496909299822091,0.0507283549868349,0.9101482022287573,0.0490142691886771,0.5423333333333333,False
H-Optimus-0,0,3,h0->h3,0.1,123,1400,3000,300,0.9973097777777776,0.9478626121900776,0.0422244929478222,0.1219582043621248,0.1188375387968141,0.9946879516543796,0.0607608786430295,0.0617732602230308,0.998835825844754,0.0608348642101589,0.5513333333333333,False
H-Optimus-0,0,3,h0->h3,0.1,456,1400,3000,300,0.9979177777777778,0.9572579363330248,0.0362082043583393,0.1154203048664996,0.1096825214604975,0.958085917043506,0.0487323461955489,0.0501853479508886,1.1391485950505025,0.0542145065378011,0.542,False
H-Optimus-0,0,3,h0->h3,0.25,42,3500,3000,750,0.9976853333333332,0.9646257740614818,0.0289952164600962,0.0818387763662542,0.0788732952775788,1.1474777751502334,0.0430762988450889,0.0446621986810516,1.1859613274281071,0.0435427364427378,0.534,False
H-Optimus-0,0,3,h0->h3,0.25,123,3500,3000,750,0.9973106666666666,0.9586004273504274,0.0333962019012928,0.0863569894058606,0.084397464439366,1.1838177499027087,0.0515756297096945,0.052460955282758,1.1970241141989413,0.0517660425937958,0.54,False
H-Optimus-0,0,3,h0->h3,0.25,456,3500,3000,750,0.9978324444444444,0.9585981972853772,0.0323802239643516,0.0844867761315776,0.0830968106005907,1.1885280621494736,0.0506171265552187,0.0518711994631521,1.2027404444196312,0.0508357144638434,0.5406666666666666,False
H-Optimus-0,0,3,h0->h3,0.5,42,7000,3000,1500,0.9972173333333332,0.9669668751164362,0.0278691614314897,0.0660493891353352,0.0658724674653356,1.266309729018002,0.0432840692535169,0.0435663145790472,1.274865236476042,0.0433976916973204,0.5316666666666666,False
H-Optimus-0,0,3,h0->h3,0.5,123,7000,3000,1500,0.9970097777777778,0.962952871936756,0.0299709568321564,0.0684400300296112,0.067692005025712,1.3211102667540005,0.0476544196296803,0.0479751412278113,1.3186798339540926,0.0476204614047556,0.5356666666666666,False
H-Optimus-0,0,3,h0->h3,0.5,456,7000,3000,1500,0.9975417777777776,0.9636221037437528,0.0288843069658799,0.0677670211219441,0.0669553901518181,1.326971925604892,0.046795118015036,0.0473884433487863,1.3165230954636895,0.0466382841976321,0.535,False
H-Optimus-0,0,3,h0->h3,1.0,42,14000,3000,3000,0.996894222222222,0.9619488423324692,0.029146572935023,0.0593304654353987,0.0607950749199228,1.4206080864105617,0.047551753809259,0.0478166139580108,1.4206080864105617,0.047551753809259,0.5366666666666666,False
H-Optimus-0,0,3,h0->h3,1.0,123,14000,3000,3000,0.996894222222222,0.9619488423324692,0.029146572935023,0.0593304654353987,0.0607950749199228,1.4206080864105617,0.047551753809259,0.0478166139580108,1.4206080864105617,0.047551753809259,0.5366666666666666,False
H-Optimus-0,0,3,h0->h3,1.0,456,14000,3000,3000,0.996894222222222,0.9619488423324692,0.029146572935023,0.0593304654353987,0.0607950749199228,1.4206080864105617,0.047551753809259,0.0478166139580108,1.4206080864105617,0.047551753809259,0.5366666666666666,False
H-Optimus-0,0,4,h0->h4,0.01,42,140,3000,30,0.9884986666666666,0.880681313082432,0.1580471695428811,0.3462877873633626,0.339179234014516,0.4839598569929344,0.164635830031037,0.1642211173972377,0.1000052749944835,0.1255266200322944,0.6176666666666667,False
H-Optimus-0,0,4,h0->h4,0.01,123,140,3000,30,0.9919115555555555,0.8543691963175822,0.1603520171161433,0.3426187208524174,0.3428346359058981,0.5073579845187166,0.1917699498384396,0.1911450764179972,0.2799111963479327,0.1710965700292021,0.6426666666666667,False
H-Optimus-0,0,4,h0->h4,0.01,456,140,3000,30,0.9880595555555556,0.8102903133084219,0.1673426355798912,0.3352436772716674,0.3447217031236246,0.5499425367051327,0.2183568993095081,0.2183104893334351,0.7440117183360497,0.2410134198976616,0.6833333333333333,False
H-Optimus-0,0,4,h0->h4,0.05,42,700,3000,150,0.9919688888888888,0.7863853478439764,0.1379823160415706,0.2811695112787381,0.2792275795185515,0.8615128886364337,0.2235028477557879,0.2249782276965905,0.100005877387794,0.2036848752814831,0.7046666666666667,False
H-Optimus-0,0,4,h0->h4,0.05,123,700,3000,150,0.9921333333333332,0.7555868709061975,0.1465122406154125,0.2895888022463025,0.2882948935671385,0.8646392564103531,0.2412963040874485,0.2428000568237978,0.8831961654874952,0.2407701062388494,0.7313333333333333,False
H-Optimus-0,0,4,h0->h4,0.05,456,700,3000,150,0.9910928888888888,0.8017683097063992,0.1382418641708057,0.2785752381956046,0.2834656839364044,0.8125334333046889,0.2191891230944145,0.2207132937777509,1.0451163529335077,0.2273444447646868,0.691,False
H-Optimus-0,0,4,h0->h4,0.1,42,1400,3000,300,0.9927444444444444,0.878942757733574,0.1059261629248984,0.2376857908636562,0.2347261840568476,0.963701916566582,0.1613271896726726,0.164238254396998,0.9101482022287573,0.1605898597562559,0.6193333333333333,False
H-Optimus-0,0,4,h0->h4,0.1,123,1400,3000,300,0.9927768888888888,0.7950459378000834,0.1328848764162243,0.2565609566800315,0.2578146587767467,0.9946879516543796,0.2209828137412891,0.2222221597233017,0.998835825844754,0.2209578500763858,0.697,False
H-Optimus-0,0,4,h0->h4,0.1,456,1400,3000,300,0.9916426666666668,0.8165424130650256,0.1272259512526846,0.2554813855200969,0.2538080435159948,0.958085917043506,0.2075853071936126,0.2077879438560835,1.1391485950505025,0.2064051243816051,0.6776666666666666,False
H-Optimus-0,0,4,h0->h4,0.25,42,3500,3000,750,0.9927888888888888,0.8803337673769567,0.0987172648276413,0.2044191433077787,0.205645635320281,1.1474777751502334,0.1609994460681988,0.1626463524444821,1.1859613274281071,0.1614530470287936,0.618,False
H-Optimus-0,0,4,h0->h4,0.25,123,3500,3000,750,0.9924893333333332,0.8198368354363066,0.1214665898937515,0.2221956871752878,0.225037179953885,1.1838177499027087,0.2031614442306972,0.2037450733188441,1.1970241141989413,0.2032231150392922,0.6746666666666666,False
H-Optimus-0,0,4,h0->h4,0.25,456,3500,3000,750,0.9923128888888888,0.8095521992580816,0.1262032281839963,0.2270807690835751,0.2302518690504821,1.1885280621494736,0.21210988650797,0.2134892284210211,1.2027404444196312,0.2121332236573259,0.684,False
H-Optimus-0,0,4,h0->h4,0.5,42,7000,3000,1500,0.9921848888888888,0.8670636068989466,0.1012351485015204,0.1917568502928076,0.1945967083759553,1.266309729018002,0.1689189801715004,0.1706087202021861,1.274865236476042,0.1690215995908568,0.6306666666666667,False
H-Optimus-0,0,4,h0->h4,0.5,123,7000,3000,1500,0.9928675555555556,0.8504645986575423,0.1089781176306349,0.2031985417434246,0.2023812245725424,1.3211102667540005,0.1837349667525827,0.1848545436047154,1.3186798339540926,0.1837050486786543,0.6463333333333333,False
H-Optimus-0,0,4,h0->h4,0.5,456,7000,3000,1500,0.9925346666666668,0.8187398671745008,0.1223056425483468,0.2151215171623544,0.2199383734377164,1.326971925604892,0.205579644498166,0.2062935399147156,1.3165230954636895,0.2055124442997437,0.6756666666666666,False
H-Optimus-0,0,4,h0->h4,1.0,42,14000,3000,3000,0.9924551111111112,0.8614371413667188,0.101679327820832,0.1818821518957275,0.1870570974936395,1.4206080864105617,0.1712612286047886,0.1723482395848573,1.4206080864105617,0.1712612286047886,0.636,False
H-Optimus-0,0,4,h0->h4,1.0,123,14000,3000,3000,0.9924551111111112,0.8614371413667188,0.101679327820832,0.1818821518957275,0.1870570974936395,1.4206080864105617,0.1712612286047886,0.1723482395848573,1.4206080864105617,0.1712612286047886,0.636,False
H-Optimus-0,0,4,h0->h4,1.0,456,14000,3000,3000,0.9924551111111112,0.8614371413667188,0.101679327820832,0.1818821518957275,0.1870570974936395,1.4206080864105617,0.1712612286047886,0.1723482395848573,1.4206080864105617,0.1712612286047886,0.636,False
H-Optimus-0,1,0,h1->h0,0.01,42,140,3000,30,0.9952048888888888,0.9786657184763768,0.1208008587652765,0.3116426979197662,0.3040087570608911,0.353497132240271,0.0418924829800486,0.0358441980775443,0.4257705227359777,0.0604886100483312,0.5066666666666667,False
H-Optimus-0,1,0,h1->h0,0.01,123,140,3000,30,0.9966866666666668,0.9856639890183934,0.1157356347846588,0.3147701252066995,0.2980719784379401,0.4389136783143594,0.0577654336610291,0.0491894421769257,0.1000052749944835,0.0142795966965066,0.5136666666666667,False
H-Optimus-0,1,0,h1->h0,0.01,456,140,3000,30,0.9950986666666668,0.9799948786889444,0.118822829932579,0.3118591053259116,0.2983532771622633,0.3862479345354215,0.0503569765986081,0.0434552332419561,0.1000033743186624,0.0186532312376363,0.516,False
H-Optimus-0,1,0,h1->h0,0.05,42,700,3000,150,0.9965533333333334,0.9876649877344416,0.0619246608532421,0.2094123683202542,0.1908779557117456,0.6944975194384905,0.0429175788892757,0.0391770971808469,0.6114351283890189,0.0330868705113222,0.5116666666666667,False
H-Optimus-0,1,0,h1->h0,0.05,123,700,3000,150,0.9963182222222222,0.9866651494570048,0.0613226566183007,0.205411486593556,0.1874228387534963,0.7206967603520237,0.0470735833390496,0.0346548396019106,0.1000052749944835,0.0113875664774784,0.5106666666666667,False
H-Optimus-0,1,0,h1->h0,0.05,456,700,3000,150,0.9964688888888888,0.9866649538540728,0.0611833540442358,0.2069136684015295,0.1894845554924197,0.6801192557504658,0.0399133418430964,0.031121229750779,0.6217745576588954,0.0325608667911371,0.5113333333333333,False
H-Optimus-0,1,0,h1->h0,0.1,42,1400,3000,300,0.9966604444444443,0.9883317451542016,0.0484819713101474,0.1718283252322126,0.1550471782153232,0.8555579759617431,0.045893357282456,0.0425229438366652,1.0593794996763013,0.0699847270105816,0.5116666666666667,False
H-Optimus-0,1,0,h1->h0,0.1,123,1400,3000,300,0.9964595555555557,0.9876651741527392,0.0477452659448473,0.1671084186564565,0.1500292646397839,0.8476666570079606,0.0446457435401008,0.0352040654002854,0.7983941300136466,0.0392544722492851,0.511,False
H-Optimus-0,1,0,h1->h0,0.1,456,1400,3000,300,0.9966239999999998,0.9883319214958344,0.045299202183909,0.1667148960375832,0.1481387266041887,0.8343597945328559,0.0388911602328792,0.0321288628511164,0.8316208952138582,0.038593735308059,0.511,False
H-Optimus-0,1,0,h1->h0,0.25,42,3500,3000,750,0.9968715555555556,0.9869978026286444,0.0353205026602133,0.1315479392925555,0.1179647775217212,1.020405924609416,0.0429126233086081,0.0399257957114509,1.0267806257922645,0.0432896204277605,0.513,False
H-Optimus-0,1,0,h1->h0,0.25,123,3500,3000,750,0.996832,0.9883317451542016,0.0322694473074367,0.1238895693155258,0.108863499157323,1.041479906131325,0.0375524159327764,0.0333260488785301,1.0701087495302646,0.0397390494226614,0.5116666666666667,False
H-Optimus-0,1,0,h1->h0,0.25,456,3500,3000,750,0.9968124444444444,0.9873317061613692,0.0356623364280499,0.1306484452926221,0.1155344084222031,1.032057129981243,0.0425625496743965,0.0378546496354157,1.0930598444351876,0.0480418168312226,0.5113333333333333,False
H-Optimus-0,1,0,h1->h0,0.5,42,7000,3000,1500,0.9969706666666666,0.986331023276267,0.0292459751434531,0.1071623436824955,0.0949056158810223,1.1578487319283104,0.0404041650960571,0.0380014247610376,1.151046011779223,0.0398944777534174,0.513,False
H-Optimus-0,1,0,h1->h0,0.5,123,7000,3000,1500,0.9967631111111112,0.9873315090706396,0.029181286331652,0.1067669185038547,0.0938980244723332,1.1562809057799337,0.039678927893138,0.0370423527435675,1.279927721595077,0.049348664128298,0.512,False
H-Optimus-0,1,0,h1->h0,0.5,456,7000,3000,1500,0.997032,0.9856637213578656,0.0313982246730006,0.1109088935068065,0.0996533959465503,1.1679961976286912,0.0452272646735698,0.0439873621107299,1.1396833887751607,0.0432455870396347,0.5143333333333333,False
H-Optimus-0,1,0,h1->h0,1.0,42,14000,3000,3000,0.9970524444444444,0.98666452706412,0.0243497053094742,0.0877755457671145,0.0783511621489631,1.2533922431296007,0.0367644950462907,0.0353544772975037,1.2533922431296007,0.0367644950462907,0.5126666666666667,False
H-Optimus-0,1,0,h1->h0,1.0,123,14000,3000,3000,0.9970524444444444,0.98666452706412,0.0243497053094742,0.0877755457671145,0.0783511621489631,1.2533922431296007,0.0367644950462907,0.0353544772975037,1.2533922431296007,0.0367644950462907,0.5126666666666667,False
H-Optimus-0,1,0,h1->h0,1.0,456,14000,3000,3000,0.9970524444444444,0.98666452706412,0.0243497053094742,0.0877755457671145,0.0783511621489631,1.2533922431296007,0.0367644950462907,0.0353544772975037,1.2533922431296007,0.0367644950462907,0.5126666666666667,False
H-Optimus-0,1,2,h1->h2,0.01,42,140,3000,30,0.9919493333333332,0.9569252173913044,0.1340124033032777,0.3217032118034391,0.3148764452671992,0.353497132240271,0.0742338498474592,0.0780370379884665,0.4257705227359777,0.0897668919818151,0.5416666666666666,False
H-Optimus-0,1,2,h1->h2,0.01,123,140,3000,30,0.9916999999999998,0.9316902989955796,0.1321903035849541,0.3171000629959124,0.3051456874021883,0.4389136783143594,0.1166024457178325,0.1194977943060426,0.1000052749944835,0.0732661385143688,0.5673333333333334,False
H-Optimus-0,1,2,h1->h2,0.01,456,140,3000,30,0.990595111111111,0.9461859486052412,0.1362541458663046,0.3214624973922438,0.3147682944083574,0.3862479345354215,0.0847854243923229,0.0911412867780637,0.1000033743186624,0.0563311438951993,0.5523333333333333,False
H-Optimus-0,1,2,h1->h2,0.05,42,700,3000,150,0.9926475555555556,0.953910771253146,0.0847641746518588,0.2266790756018687,0.2170816511566052,0.6944975194384905,0.0879230313812293,0.0890507075364498,0.6114351283890189,0.083027503202271,0.544,False
H-Optimus-0,1,2,h1->h2,0.05,123,700,3000,150,0.9921866666666668,0.9532343772756486,0.0821505147592574,0.2248548563206208,0.2120350662622422,0.7206967603520237,0.083578149502007,0.0880760911411947,0.1000052749944835,0.046112028001984,0.546,False
H-Optimus-0,1,2,h1->h2,0.05,456,700,3000,150,0.9921173333333332,0.961612202913222,0.0788610158362467,0.220021116507261,0.2091143312431339,0.6801192557504658,0.0740278547695847,0.0800479359126076,0.6217745576588954,0.0706833501404529,0.5376666666666666,False
H-Optimus-0,1,2,h1->h2,0.1,42,1400,3000,300,0.9925466666666666,0.9612793653732492,0.0686198352873952,0.1894187533273024,0.1800224170647089,0.8555579759617431,0.080436348544572,0.0832427377086192,1.0593794996763013,0.0992969915700344,0.5373333333333333,False
H-Optimus-0,1,2,h1->h2,0.1,123,1400,3000,300,0.9926328888888888,0.9646257740614818,0.0626167210432905,0.1827220653695541,0.1708415460369268,0.8476666570079606,0.0670494743115034,0.0703508542842795,0.7983941300136466,0.0651290110786561,0.534,False
H-Optimus-0,1,2,h1->h2,0.1,456,1400,3000,300,0.9925875555555554,0.9602749595934024,0.0691034940830341,0.1927183496081045,0.1815466042503337,0.8343597945328559,0.0797086780354527,0.0840488037656622,0.8316208952138582,0.0795825988306778,0.5383333333333333,False
H-Optimus-0,1,2,h1->h2,0.25,42,3500,3000,750,0.993441777777778,0.9629563337494164,0.053456331176943,0.149167445194413,0.140878970146719,1.020405924609416,0.0740989736734442,0.0753398087028761,1.0267806257922645,0.0743430617951762,0.5343333333333333,False
H-Optimus-0,1,2,h1->h2,0.25,123,3500,3000,750,0.9932937777777778,0.9559172223397268,0.0566862405626027,0.1506851866120019,0.1443380350601499,1.041479906131325,0.0838921574673059,0.0843047015483092,1.0701087495302646,0.0849726912109562,0.5433333333333333,False
H-Optimus-0,1,2,h1->h2,0.25,456,3500,3000,750,0.9934248888888888,0.960611768224512,0.0563194592320881,0.1541869300264517,0.1456237559534432,1.032057129981243,0.0797047828369127,0.0804289256243257,1.0930598444351876,0.0827645032699562,0.5373333333333333,False
H-Optimus-0,1,2,h1->h2,0.5,42,7000,3000,1500,0.9939417777777778,0.9478696741854636,0.0575905882224087,0.1424066141408337,0.1378441608984654,1.1578487319283104,0.096394910078913,0.096394910078913,1.151046011779223,0.0961311383721273,0.55,False
H-Optimus-0,1,2,h1->h2,0.5,123,7000,3000,1500,0.9937484444444444,0.9529017792772504,0.0528318545819296,0.1359498581941135,0.1316376283692547,1.1562809057799337,0.0866198803195827,0.0866198803195828,1.279927721595077,0.0909139106027092,0.5456666666666666,False
H-Optimus-0,1,2,h1->h2,0.5,456,7000,3000,1500,0.9937924444444444,0.959609361326086,0.0498027832411076,0.1321298579637077,0.1256786271694707,1.1679961976286912,0.0794952078983024,0.0797601010271676,1.1396833887751607,0.0784641100280458,0.5376666666666666,False
H-Optimus-0,1,2,h1->h2,1.0,42,14000,3000,3000,0.994368,0.9512301363017478,0.050281503144259,0.12395823533833,0.120921602159042,1.2533922431296007,0.0883858041776668,0.0883858041776669,1.2533922431296007,0.0883858041776668,0.546,False
H-Optimus-0,1,2,h1->h2,1.0,123,14000,3000,3000,0.994368,0.9512301363017478,0.050281503144259,0.12395823533833,0.120921602159042,1.2533922431296007,0.0883858041776668,0.0883858041776669,1.2533922431296007,0.0883858041776668,0.546,False
H-Optimus-0,1,2,h1->h2,1.0,456,14000,3000,3000,0.994368,0.9512301363017478,0.050281503144259,0.12395823533833,0.120921602159042,1.2533922431296007,0.0883858041776668,0.0883858041776669,1.2533922431296007,0.0883858041776668,0.546,False
H-Optimus-0,1,3,h1->h3,0.01,42,140,3000,30,0.9960035555555556,0.977999911999648,0.0923144855831896,0.260869314205199,0.2540058781085772,0.353497132240271,0.0215929284085553,0.0216890551343382,0.4257705227359777,0.033395516905062,0.502,False
H-Optimus-0,1,3,h1->h3,0.01,123,140,3000,30,0.9957417777777778,0.9703185288751244,0.089172387444269,0.2555259193902206,0.2426706325599201,0.4389136783143594,0.0260865484298343,0.0253272482171295,0.1000052749944835,0.0249663014559447,0.5223333333333333,False
H-Optimus-0,1,3,h1->h3,0.01,456,140,3000,30,0.9959457777777778,0.9726590719644346,0.092558389493051,0.2624662442639924,0.2532574572375749,0.3862479345354215,0.0216808437768517,0.0220211609882354,0.1000033743186624,0.0206402566052422,0.5166666666666667,False
H-Optimus-0,1,3,h1->h3,0.05,42,700,3000,150,0.9966115555555556,0.9759952950778352,0.0440783440376507,0.1521279625010837,0.1401645780137866,0.6944975194384905,0.0218662461850597,0.0172458739050066,0.6114351283890189,0.0151365284911308,0.514,False
H-Optimus-0,1,3,h1->h3,0.05,123,700,3000,150,0.9964822222222224,0.976327523055381,0.0427783936627924,0.1422086357354048,0.1320230113445351,0.7206967603520237,0.0205885872884451,0.0192835383766405,0.1000052749944835,0.0216369472325324,0.5156666666666667,False
H-Optimus-0,1,3,h1->h3,0.05,456,700,3000,150,0.996449777777778,0.9766606918037684,0.0457187951619026,0.1514197953145613,0.1399563300311731,0.6801192557504658,0.0225160254875536,0.0187941270856191,0.6217745576588954,0.0171317745682807,0.516,False
H-Optimus-0,1,3,h1->h3,0.1,42,1400,3000,300,0.996784,0.9789952739366355,0.033265773675369,0.1181268180831325,0.1041359925399056,0.8555579759617431,0.0202242656302458,0.016787149550958,1.0593794996763013,0.0354861154446445,0.515,False
H-Optimus-0,1,3,h1->h3,0.1,123,1400,3000,300,0.9964471111111112,0.9789948444012536,0.0335305067094939,0.1104456172386303,0.1007457319739925,0.8476666570079606,0.0182881042914344,0.0187194031317781,0.7983941300136466,0.0154469174715016,0.5156666666666667,False
H-Optimus-0,1,3,h1->h3,0.1,456,1400,3000,300,0.9965973333333332,0.9806628765904783,0.0335490141412073,0.1148434076807478,0.1022802502779929,0.8343597945328559,0.0189087649483101,0.0176435493788761,0.8316208952138582,0.0184865398386813,0.514,False
H-Optimus-0,1,3,h1->h3,0.25,42,3500,3000,750,0.9969826666666668,0.9809960957534498,0.0249844296065038,0.0851742584708217,0.0726054736715979,1.020405924609416,0.0178909951914303,0.0147946939953214,1.0267806257922645,0.0180384649782835,0.5143333333333333,False
H-Optimus-0,1,3,h1->h3,0.25,123,3500,3000,750,0.9967702222222222,0.9799956968521228,0.0243383373473606,0.0758815812063991,0.0681803995796451,1.041479906131325,0.0168418033378239,0.0175774064930936,1.0701087495302646,0.0178097082897742,0.5146666666666667,False
H-Optimus-0,1,3,h1->h3,0.25,456,3500,3000,750,0.9965137777777776,0.9793280413119092,0.0268443015460875,0.081586936707033,0.0738246116984704,1.032057129981243,0.0170610998868206,0.0183718651552501,1.0930598444351876,0.0205496506220557,0.516,False
H-Optimus-0,1,3,h1->h3,0.5,42,7000,3000,1500,0.9967933333333332,0.9799956968521228,0.0218612805760729,0.0629307263648585,0.0557764352467849,1.1578487319283104,0.0169562387265728,0.0167611435321719,1.151046011779223,0.0170980995785219,0.5146666666666667,False
H-Optimus-0,1,3,h1->h3,0.5,123,7000,3000,1500,0.9966284444444444,0.9799948786889444,0.0222907895826334,0.0589441503617633,0.0560593496970665,1.1562809057799337,0.0172862626843863,0.0201146710798228,1.279927721595077,0.0212161629501186,0.516,False
H-Optimus-0,1,3,h1->h3,0.5,456,7000,3000,1500,0.9965715555555557,0.979660788634582,0.0228213440822149,0.0626956174585243,0.0587264689638634,1.1679961976286912,0.0185473141657099,0.0205277344455057,1.1396833887751607,0.017615249950183,0.517,False
H-Optimus-0,1,3,h1->h3,1.0,42,14000,3000,3000,0.9966426666666668,0.9799948786889444,0.0202552809123079,0.0491681870353302,0.0457236605872504,1.2533922431296007,0.0171552054762647,0.0182806600217754,1.2533922431296007,0.0171552054762647,0.516,False
H-Optimus-0,1,3,h1->h3,1.0,123,14000,3000,3000,0.9966426666666668,0.9799948786889444,0.0202552809123079,0.0491681870353302,0.0457236605872504,1.2533922431296007,0.0171552054762647,0.0182806600217754,1.2533922431296007,0.0171552054762647,0.516,False
H-Optimus-0,1,3,h1->h3,1.0,456,14000,3000,3000,0.9966426666666668,0.9799948786889444,0.0202552809123079,0.0491681870353302,0.0457236605872504,1.2533922431296007,0.0171552054762647,0.0182806600217754,1.2533922431296007,0.0171552054762647,0.516,False
H-Optimus-0,1,4,h1->h4,0.01,42,140,3000,30,0.9703982222222224,0.9094993309295554,0.1819018029694014,0.3365305941348438,0.3368862771512204,0.353497132240271,0.1147613688629713,0.1169173309998575,0.4257705227359777,0.1404924116771113,0.543,False
H-Optimus-0,1,4,h1->h4,0.01,123,140,3000,30,0.969868,0.8210285714285714,0.1844982003959214,0.3141801177370273,0.3313841606408885,0.4389136783143594,0.1726031549292161,0.1714108568465789,0.1000052749944835,0.1691856754681622,0.6666666666666666,False
H-Optimus-0,1,4,h1->h4,0.01,456,140,3000,30,0.970494222222222,0.92462324965847,0.1808238604491922,0.3161112485206969,0.3355160923408877,0.3862479345354215,0.1191386603797154,0.1111503348580139,0.1000033743186624,0.0377045367581579,0.524,False
H-Optimus-0,1,4,h1->h4,0.05,42,700,3000,150,0.9715502222222224,0.8901814737153667,0.1443471045756246,0.2714893198468065,0.2733888415129063,0.6944975194384905,0.1280341438788144,0.1287252172929279,0.6114351283890189,0.1115359764944679,0.5863333333333334,False
H-Optimus-0,1,4,h1->h4,0.05,123,700,3000,150,0.9792355555555556,0.8822505198352767,0.1399892016088118,0.2845491623848689,0.2802353771460483,0.7206967603520237,0.1475977739788082,0.1498424641136864,0.1000052749944835,0.1128044918806055,0.6096666666666667,False
H-Optimus-0,1,4,h1->h4,0.05,456,700,3000,150,0.9836391111111112,0.9089883161372,0.1340109305011859,0.2872227330045176,0.2827254285463139,0.6801192557504658,0.1380778343255862,0.1402199004790144,0.6217745576588954,0.1282474590927286,0.5863333333333334,False
H-Optimus-0,1,4,h1->h4,0.1,42,1400,3000,300,0.9787608888888888,0.902271586700831,0.1250057882020928,0.2583132114639817,0.250898463692551,0.8555579759617431,0.1334320650580168,0.1314708326238858,1.0593794996763013,0.1622363032726091,0.5863333333333334,False
H-Optimus-0,1,4,h1->h4,0.1,123,1400,3000,300,0.9796004444444444,0.8615384615384616,0.1297453514460587,0.2568140206554774,0.2555025277548027,0.8476666570079606,0.1553737892863619,0.1555747223684141,0.7983941300136466,0.1517337297220585,0.6333333333333333,False
H-Optimus-0,1,4,h1->h4,0.1,456,1400,3000,300,0.9836773333333332,0.8900827189354432,0.1215043225926494,0.2554062574925838,0.2556502282419893,0.8343597945328559,0.1484864844586282,0.1505884997057952,0.8316208952138582,0.1482788716122061,0.6066666666666667,False
H-Optimus-0,1,4,h1->h4,0.25,42,3500,3000,750,0.9810995555555556,0.8658012883076323,0.1179196079256256,0.2339574893120442,0.2267820614117449,1.020405924609416,0.1487373678591289,0.152245275456541,1.0267806257922645,0.1512874368478862,0.628,False
H-Optimus-0,1,4,h1->h4,0.25,123,3500,3000,750,0.9812555555555555,0.852001736059329,0.1183400285322429,0.2258877612479592,0.2261389256669742,1.041479906131325,0.1580227357095674,0.1594095852671556,1.0701087495302646,0.157785764185393,0.6423333333333333,False
H-Optimus-0,1,4,h1->h4,0.25,456,3500,3000,750,0.9810413333333332,0.8566559856882437,0.1191669373231259,0.2262382748027105,0.2277584830472362,1.032057129981243,0.1568995421995232,0.1619546676521037,1.0930598444351876,0.1633569902231095,0.6366666666666667,False
H-Optimus-0,1,4,h1->h4,0.5,42,7000,3000,1500,0.9823275555555556,0.8075308996838172,0.1225770021010019,0.2149422440824029,0.2154701206051892,1.1578487319283104,0.1829219235893626,0.1856835273638887,1.151046011779223,0.1830811769546404,0.6833333333333333,False
H-Optimus-0,1,4,h1->h4,0.5,123,7000,3000,1500,0.9819462222222222,0.8196008333410647,0.1193763635500222,0.2127501631574821,0.2122660594602176,1.1562809057799337,0.1737024165176505,0.1773033216381017,1.279927721595077,0.1751295478925195,0.673,False
H-Optimus-0,1,4,h1->h4,0.5,456,7000,3000,1500,0.9795044444444444,0.811169832749767,0.1229594631993821,0.2091423338930285,0.2136684770473384,1.1679961976286912,0.1774699173488483,0.1782959358129775,1.1396833887751607,0.1781944135438549,0.6806666666666666,False
H-Optimus-0,1,4,h1->h4,1.0,42,14000,3000,3000,0.9800226666666666,0.8098387763538653,0.120171927321343,0.1977745490885042,0.1964577339393307,1.2533922431296007,0.1801382198897593,0.180430529353818,1.2533922431296007,0.1801382198897593,0.68,False
H-Optimus-0,1,4,h1->h4,1.0,123,14000,3000,3000,0.9800226666666666,0.8098387763538653,0.120171927321343,0.1977745490885042,0.1964577339393307,1.2533922431296007,0.1801382198897593,0.180430529353818,1.2533922431296007,0.1801382198897593,0.68,False
H-Optimus-0,1,4,h1->h4,1.0,456,14000,3000,3000,0.9800226666666666,0.8098387763538653,0.120171927321343,0.1977745490885042,0.1964577339393307,1.2533922431296007,0.1801382198897593,0.180430529353818,1.2533922431296007,0.1801382198897593,0.68,False
H-Optimus-0,2,0,h2->h0,0.01,42,140,3000,30,0.9958297777777778,0.9743172816343548,0.1301500626025755,0.3288971562483269,0.3154895874333474,0.5028316820348179,0.1059265557469296,0.098706523697101,0.5904019150716805,0.1285976272202507,0.525,False
H-Optimus-0,2,0,h2->h0,0.01,123,140,3000,30,0.9949706666666668,0.9562524441024788,0.1313624695535516,0.3256260839544553,0.3130144448425024,0.5113360468862986,0.1214909175617464,0.1144024796505836,0.1000055889217703,0.0502930749964843,0.543,False
H-Optimus-0,2,0,h2->h0,0.01,456,140,3000,30,0.9940715555555556,0.9572672209760968,0.1360262865051355,0.329709069685752,0.3166926853833361,0.4366174769348626,0.0989297056818588,0.0946005016972674,0.1000053351041915,0.0471380203762053,0.5393333333333333,False
H-Optimus-0,2,0,h2->h0,0.05,42,700,3000,150,0.996508,0.9743189490913744,0.0787674119859158,0.229272050245351,0.216563358471676,0.7912704789617093,0.0848256802362236,0.0822709841222659,0.7292875489229614,0.076494135299191,0.5236666666666666,False
H-Optimus-0,2,0,h2->h0,0.05,123,700,3000,150,0.996056,0.968643239682625,0.081386398870288,0.2329358470641262,0.2172360934258982,0.8074837459506997,0.0920573337923822,0.0868944841837685,0.9375787504808965,0.1116038044581173,0.5273333333333333,False
H-Optimus-0,2,0,h2->h0,0.05,456,700,3000,150,0.9965875555555556,0.9743189490913744,0.0786700200345627,0.2316466594314828,0.2163807528372952,0.8037820329418581,0.0888734499548377,0.0838761455616484,0.954157243795281,0.1094907640452995,0.5236666666666666,False
H-Optimus-0,2,0,h2->h0,0.1,42,1400,3000,300,0.9971964444444444,0.977323012784485,0.061837950025867,0.1938715286441268,0.1812320450167223,0.892954351379641,0.0738623182863692,0.071147094869861,0.9226689647129028,0.0774389161436097,0.5213333333333333,False
H-Optimus-0,2,0,h2->h0,0.1,123,1400,3000,300,0.9968564444444444,0.9729865262796076,0.0650424462358468,0.1976100784973637,0.1826772234035262,0.9072023633696248,0.0768612475509775,0.0737720478594907,0.9540288487776412,0.0825124088573166,0.5223333333333333,False
H-Optimus-0,2,0,h2->h0,0.1,456,1400,3000,300,0.9974457777777778,0.9793256057041766,0.0591895359792607,0.1924148246990078,0.1786276156350066,0.96408994282909,0.078299508044477,0.0751583662048804,1.1117305599917946,0.0969305707451114,0.5193333333333333,False
H-Optimus-0,2,0,h2->h0,0.25,42,3500,3000,750,0.9976915555555554,0.97865868975915,0.0454257739376964,0.1507042752276938,0.1412511201941707,1.1101277210887883,0.069429824905744,0.0674265770269732,1.1762729097320093,0.075158179768648,0.5193333333333333,False
H-Optimus-0,2,0,h2->h0,0.25,123,3500,3000,750,0.997592,0.9809940680374576,0.0425294963800091,0.1443019722849397,0.1336372326761943,1.1208809112545646,0.0636080613878647,0.0604988826720903,1.2585004258376573,0.0768137379271251,0.5176666666666667,False
H-Optimus-0,2,0,h2->h0,0.25,456,3500,3000,750,0.9976924444444444,0.9809940680374576,0.0447655747939359,0.1500168542902288,0.139904378345782,1.1516930034302106,0.0724606607476752,0.0688405765886613,1.2345139602714763,0.080426123962922,0.5176666666666667,False
H-Optimus-0,2,0,h2->h0,0.5,42,7000,3000,1500,0.9978835555555554,0.9799939893052312,0.0360837148222767,0.1224469051527427,0.1137617944686421,1.2068568856681614,0.0572486694492362,0.0554260848454293,1.2476383097812331,0.0604479728076797,0.5173333333333333,False
H-Optimus-0,2,0,h2->h0,0.5,123,7000,3000,1500,0.9979582222222222,0.9793256057041766,0.0363920023773522,0.11845930268863,0.1131610954905974,1.2126726374634698,0.0587161742815115,0.0590931135981277,1.336505307384537,0.068428187888031,0.5193333333333333,False
H-Optimus-0,2,0,h2->h0,0.5,456,7000,3000,1500,0.997728,0.9836629908396056,0.0336879231851361,0.1193716781979788,0.1099918463467719,1.2487145169408425,0.0571384382710071,0.0536711761190252,1.2410703792792777,0.0564371344386517,0.515,False
H-Optimus-0,2,0,h2->h0,1.0,42,14000,3000,3000,0.9980631111111112,0.9826618505140317,0.0296413323084435,0.0952559181395714,0.0907257870251962,1.328964345145537,0.0509642648158389,0.0507943099642289,1.328964345145537,0.0509642648158389,0.5166666666666667,False
H-Optimus-0,2,0,h2->h0,1.0,123,14000,3000,3000,0.9980631111111112,0.9826618505140317,0.0296413323084435,0.0952559181395714,0.0907257870251962,1.328964345145537,0.0509642648158389,0.0507943099642289,1.328964345145537,0.0509642648158389,0.5166666666666667,False
H-Optimus-0,2,0,h2->h0,1.0,456,14000,3000,3000,0.9980631111111112,0.9826618505140317,0.0296413323084435,0.0952559181395714,0.0907257870251962,1.328964345145537,0.0509642648158389,0.0507943099642289,1.328964345145537,0.0509642648158389,0.5166666666666667,False
H-Optimus-0,2,1,h2->h1,0.01,42,140,3000,30,0.9901475555555556,0.7962249399418062,0.1494627645940814,0.3129326300949958,0.3160046278493581,0.5028316820348179,0.1795540959183673,0.180946932434261,0.5904019150716805,0.1842532056992806,0.6953333333333334,False
H-Optimus-0,2,1,h2->h1,0.01,123,140,3000,30,0.9892515555555554,0.8106591647689473,0.1441097479535401,0.3034313810706605,0.30725671758238,0.5113360468862986,0.1694443388579845,0.1740926472089933,0.1000055889217703,0.1810137868593893,0.683,False
H-Optimus-0,2,1,h2->h1,0.01,456,140,3000,30,0.986488,0.7681098500770631,0.1556054172754643,0.3051268606184429,0.3084683531088123,0.4366174769348626,0.1980365272385451,0.1990156562074573,0.1000053351041915,0.2163635458211924,0.72,False
H-Optimus-0,2,1,h2->h1,0.05,42,700,3000,150,0.993236,0.8533055434507733,0.1028365803315585,0.2339957304769166,0.230964708974003,0.7912704789617093,0.1467872785236428,0.1502301107380299,0.7292875489229614,0.1472751969048268,0.6436666666666667,False
H-Optimus-0,2,1,h2->h1,0.05,123,700,3000,150,0.991918222222222,0.7972920294186439,0.1192198413443705,0.2425700257154353,0.248594754141262,0.8074837459506997,0.1816470879722411,0.1850108317601322,0.9375787504808965,0.1823224026564479,0.695,False
H-Optimus-0,2,1,h2->h1,0.05,456,700,3000,150,0.9929786666666666,0.8462220228930286,0.1045595348035437,0.2346183219207651,0.232382021340422,0.8037820329418581,0.1467913338956704,0.1508347328429275,0.954157243795281,0.1540159406540125,0.6496666666666666,False
H-Optimus-0,2,1,h2->h1,0.1,42,1400,3000,300,0.9938262222222222,0.8747825051079714,0.0892314640285014,0.1996664711896762,0.2003674730205942,0.892954351379641,0.1304800178734416,0.1340662403672007,0.9226689647129028,0.1303170278182027,0.6226666666666667,False
H-Optimus-0,2,1,h2->h1,0.1,123,1400,3000,300,0.9929626666666668,0.8059034813041075,0.110732934306652,0.2207166239918082,0.220494685059518,0.9072023633696248,0.1757953856230245,0.1773411389061513,0.9540288487776412,0.17489822409918,0.6866666666666666,False
H-Optimus-0,2,1,h2->h1,0.1,456,1400,3000,300,0.9948555555555556,0.8702627117983812,0.0889244133585709,0.2044654107444121,0.2013039613276409,0.96408994282909,0.133248644492533,0.1382059961644418,1.1117305599917946,0.1436150201524441,0.6263333333333333,False
H-Optimus-0,2,1,h2->h1,0.25,42,3500,3000,750,0.994677777777778,0.880371726274289,0.0793460374488795,0.1675617289394074,0.1691624702110223,1.1101277210887883,0.1256022227478562,0.1287419716859906,1.1762729097320093,0.1255631898828874,0.6166666666666667,False
H-Optimus-0,2,1,h2->h1,0.25,123,3500,3000,750,0.9940431111111112,0.8358322552224724,0.0957205891442846,0.1827799013847773,0.1828548731365634,1.1208809112545646,0.1544648961683406,0.1559594053309247,1.2585004258376573,0.1530841172377832,0.6593333333333333,False
H-Optimus-0,2,1,h2->h1,0.25,456,3500,3000,750,0.9944924444444444,0.8611103407596099,0.0860852604253374,0.1778776134753074,0.1781752819227905,1.1516930034302106,0.135978326111272,0.1398197095724455,1.2345139602714763,0.1395670464161204,0.6356666666666667,False
H-Optimus-0,2,1,h2->h1,0.5,42,7000,3000,1500,0.994576888888889,0.8723386243386243,0.0803176600989585,0.1589456228766666,0.1587681224958713,1.2068568856681614,0.1298069491051289,0.1313599365807049,1.2476383097812331,0.1298049543840712,0.625,False
H-Optimus-0,2,1,h2->h1,0.5,123,7000,3000,1500,0.9939404444444444,0.8340312575605606,0.0965432413986653,0.1720643006941363,0.1737071325409536,1.2126726374634698,0.1558372316854796,0.1566418300784936,1.336505307384537,0.1547816179798208,0.661,False
H-Optimus-0,2,1,h2->h1,0.5,456,7000,3000,1500,0.9938111111111112,0.8702404414128817,0.0814212703389202,0.1578811400878654,0.1579874718441324,1.2487145169408425,0.1289398715735381,0.1311410227507222,1.2410703792792777,0.1289771120591538,0.627,False
H-Optimus-0,2,1,h2->h1,1.0,42,14000,3000,3000,0.9938622222222222,0.8480040132393276,0.0898432553342277,0.1532892602101187,0.1540132836724894,1.328964345145537,0.1444995837032143,0.1456690871300743,1.328964345145537,0.1444995837032143,0.648,False
H-Optimus-0,2,1,h2->h1,1.0,123,14000,3000,3000,0.9938622222222222,0.8480040132393276,0.0898432553342277,0.1532892602101187,0.1540132836724894,1.328964345145537,0.1444995837032143,0.1456690871300743,1.328964345145537,0.1444995837032143,0.648,False
H-Optimus-0,2,1,h2->h1,1.0,456,14000,3000,3000,0.9938622222222222,0.8480040132393276,0.0898432553342277,0.1532892602101187,0.1540132836724894,1.328964345145537,0.1444995837032143,0.1456690871300743,1.328964345145537,0.1444995837032143,0.648,False
H-Optimus-0,2,3,h2->h3,0.01,42,140,3000,30,0.9936853333333332,0.9174539486988595,0.1246529385385639,0.3038564716276375,0.2956524350005579,0.5028316820348179,0.1079368666626421,0.1069008691148892,0.5904019150716805,0.1205643237435369,0.5813333333333334,False
H-Optimus-0,2,3,h2->h3,0.01,123,140,3000,30,0.9935853333333332,0.9123466808553844,0.1242352106658062,0.2974503344473239,0.2973058520410107,0.5113360468862986,0.1157665317310798,0.1166244455561432,0.1000055889217703,0.0902723915372906,0.5863333333333334,False
H-Optimus-0,2,3,h2->h3,0.01,456,140,3000,30,0.9911306666666668,0.8969417521069687,0.1349794062764988,0.3022405492214451,0.2996326966530612,0.4366174769348626,0.1171074021231652,0.1210572733230216,0.1000053351041915,0.1033008046597439,0.6013333333333334,False
H-Optimus-0,2,3,h2->h3,0.05,42,700,3000,150,0.9947435555555556,0.933722843660445,0.0744100582513831,0.2033792682993327,0.199770393027129,0.7912704789617093,0.0828809417672364,0.0843108553220071,0.7292875489229614,0.0793403995496168,0.5646666666666667,False
H-Optimus-0,2,3,h2->h3,0.05,123,700,3000,150,0.9939213333333334,0.9239053006494866,0.0794991254946047,0.2069543482419838,0.2025499151941835,0.8074837459506997,0.0903814495108712,0.094146161049326,0.9375787504808965,0.1042572136919092,0.575,False
H-Optimus-0,2,3,h2->h3,0.05,456,700,3000,150,0.994756,0.9320402834846396,0.0749028480171812,0.2010593091017508,0.2019239352490347,0.8037820329418581,0.0855217732847299,0.085593141771925,0.954157243795281,0.0997299689859206,0.5656666666666667,False
H-Optimus-0,2,3,h2->h3,0.1,42,1400,3000,300,0.9950568888888888,0.9411443412736452,0.0590073139921942,0.1670132953130141,0.1612644955960455,0.892954351379641,0.0679637359303719,0.0720098678359371,0.9226689647129028,0.0691460041568726,0.5566666666666666,False
H-Optimus-0,2,3,h2->h3,0.1,123,1400,3000,300,0.9940808888888888,0.9286603519355652,0.0666085897461219,0.169900137280859,0.1674495541222574,0.9072023633696248,0.0832759136064437,0.0851471239310413,0.9540288487776412,0.0836276475187337,0.569,False
H-Optimus-0,2,3,h2->h3,0.1,456,1400,3000,300,0.9956671111111112,0.942490585619704,0.0565362048377073,0.1607940295201416,0.1584767412070543,0.96408994282909,0.0718360528733309,0.0729173793038847,1.1117305599917946,0.0817599303883196,0.5553333333333333,False
H-Optimus-0,2,3,h2->h3,0.25,42,3500,3000,750,0.9957328888888888,0.9515626825098636,0.0431997311204645,0.1184138606929299,0.1170602153522404,1.1101277210887883,0.0555864506486204,0.057916584061784,1.1762729097320093,0.0613945866869973,0.5463333333333333,False
H-Optimus-0,2,3,h2->h3,0.25,123,3500,3000,750,0.9949408888888888,0.941817539804828,0.0494798704875862,0.1271842845470337,0.1240075889920917,1.1208809112545646,0.066808492119529,0.0689248929193915,1.2585004258376573,0.0727208351503928,0.556,False
H-Optimus-0,2,3,h2->h3,0.25,456,3500,3000,750,0.9955133333333334,0.9461896896994476,0.0461943889089377,0.1233199141285724,0.1211105876319492,1.1516930034302106,0.0652189930500143,0.0646203033928432,1.2345139602714763,0.0686916822710397,0.5516666666666666,False
H-Optimus-0,2,3,h2->h3,0.5,42,7000,3000,1500,0.9950964444444445,0.9472048416501672,0.0418272860641277,0.1002959636952258,0.1002004110324329,1.2068568856681614,0.0564712736965487,0.0592202666114969,1.2476383097812331,0.0570150269239289,0.5493333333333333,False
H-Optimus-0,2,3,h2->h3,0.5,123,7000,3000,1500,0.9952288888888888,0.9441765251925992,0.0448666847019992,0.1057339694132318,0.105269396880149,1.2126726374634698,0.063731210131858,0.0648584009068784,1.336505307384537,0.0669609135075403,0.553,False
H-Optimus-0,2,3,h2->h3,0.5,456,7000,3000,1500,0.9952924444444444,0.9539134597188051,0.0398529558177659,0.100114487799305,0.0982671319913001,1.2487145169408425,0.0545698076358342,0.0561163013543182,1.2410703792792777,0.0543793305560146,0.5433333333333333,False
H-Optimus-0,2,3,h2->h3,1.0,42,14000,3000,3000,0.9949266666666668,0.9492195625844392,0.0398918750032239,0.0837970986627096,0.0833221706036086,1.328964345145537,0.057893724970702,0.0586568353007155,1.328964345145537,0.057893724970702,0.5473333333333333,False
H-Optimus-0,2,3,h2->h3,1.0,123,14000,3000,3000,0.9949266666666668,0.9492195625844392,0.0398918750032239,0.0837970986627096,0.0833221706036086,1.328964345145537,0.057893724970702,0.0586568353007155,1.328964345145537,0.057893724970702,0.5473333333333333,False
H-Optimus-0,2,3,h2->h3,1.0,456,14000,3000,3000,0.9949266666666668,0.9492195625844392,0.0398918750032239,0.0837970986627096,0.0833221706036086,1.328964345145537,0.057893724970702,0.0586568353007155,1.328964345145537,0.057893724970702,0.5473333333333333,False
H-Optimus-0,2,4,h2->h4,0.01,42,140,3000,30,0.9909728888888888,0.937086264102047,0.152664411981012,0.3389050034398136,0.3412365374318868,0.5028316820348179,0.1463646462463032,0.1425928181768181,0.5904019150716805,0.1685666488172608,0.5626666666666666,False
H-Optimus-0,2,4,h2->h4,0.01,123,140,3000,30,0.99004,0.915403084161846,0.1545564258846113,0.3456450992349773,0.3385671163170308,0.5113360468862986,0.1550183516836931,0.1567169652747728,0.1000055889217703,0.0907874582094902,0.584,False
H-Optimus-0,2,4,h2->h4,0.01,456,140,3000,30,0.9895591111111112,0.880681313082432,0.1555426952804273,0.3422298783363102,0.3343912818320104,0.4366174769348626,0.1498465682069665,0.150966596751822,0.1000053351041915,0.1234816800018551,0.6176666666666667,False
H-Optimus-0,2,4,h2->h4,0.05,42,700,3000,150,0.9933217777777776,0.9283018345349292,0.1000881851388736,0.2619099197160588,0.2508372834195426,0.7912704789617093,0.1223434888292119,0.1222492694962976,0.7292875489229614,0.1130335392271585,0.5713333333333334,False
H-Optimus-0,2,4,h2->h4,0.05,123,700,3000,150,0.9931431111111112,0.9031070344293004,0.1045773600700911,0.253738726843341,0.251381294826956,0.8074837459506997,0.1399968782277056,0.1415004312086279,0.9375787504808965,0.1523679396902128,0.596,False
H-Optimus-0,2,4,h2->h4,0.05,456,700,3000,150,0.991774222222222,0.9333735026754948,0.1015283881610864,0.2594558078110033,0.2529737791073849,0.8037820329418581,0.1200783269406058,0.1190421335048868,0.954157243795281,0.142151402690994,0.5663333333333334,False
H-Optimus-0,2,4,h2->h4,0.1,42,1400,3000,300,0.9942724444444444,0.9367489566087802,0.0823395996088253,0.2194160083159755,0.2147207326369181,0.892954351379641,0.107436424787766,0.1065334317334114,0.9226689647129028,0.1098232433392593,0.563,False
H-Optimus-0,2,4,h2->h4,0.1,123,1400,3000,300,0.9936106666666666,0.9078983753811236,0.09281578100982,0.2267935039422235,0.2219397592768587,0.9072023633696248,0.1316439560914508,0.1334283971172962,0.9540288487776412,0.1353656527512008,0.5913333333333334,False
H-Optimus-0,2,4,h2->h4,0.1,456,1400,3000,300,0.9927835555555554,0.939783219590526,0.082925508485561,0.222074804442714,0.2149083366968422,0.96408994282909,0.1101152839966867,0.1090475215418339,1.1117305599917946,0.1270539724253667,0.56,False
H-Optimus-0,2,4,h2->h4,0.25,42,3500,3000,750,0.994425777777778,0.9475229436709496,0.0615378334837003,0.1673910639741309,0.1646920969603828,1.1101277210887883,0.0907536761952581,0.0917386319511607,1.1762729097320093,0.095420472994628,0.5523333333333333,False
H-Optimus-0,2,4,h2->h4,0.25,123,3500,3000,750,0.9939822222222222,0.9150625823145973,0.0762380049061027,0.1792349385956421,0.1801113811921881,1.1208809112545646,0.121609838580598,0.1235221435658132,1.2585004258376573,0.1282089602876592,0.5843333333333334,False
H-Optimus-0,2,4,h2->h4,0.25,456,3500,3000,750,0.9936844444444444,0.937086264102047,0.0701912815447588,0.1827359812905293,0.1776799243996812,1.1516930034302106,0.1080540601192784,0.1069014029855526,1.2345139602714763,0.113523963473113,0.5626666666666666,False
H-Optimus-0,2,4,h2->h4,0.5,42,7000,3000,1500,0.9948391111111112,0.9461783209173888,0.0549732583344722,0.1430756945246654,0.1415163809088183,1.2068568856681614,0.0854225402450512,0.0867433171839355,1.2476383097812331,0.0875397841546216,0.5536666666666666,False
H-Optimus-0,2,4,h2->h4,0.5,123,7000,3000,1500,0.9945573333333332,0.9242367015297036,0.0672266293212739,0.1575258578858961,0.1576150451987961,1.2126726374634698,0.1105334153287909,0.1119892666011804,1.336505307384537,0.1152048548580843,0.5753333333333334,False
H-Optimus-0,2,4,h2->h4,0.5,456,7000,3000,1500,0.9942688888888888,0.9418042294277952,0.0592808806072227,0.1532250092704862,0.1496837539062388,1.2487145169408425,0.0949278601720133,0.0971293643750124,1.2410703792792777,0.0944776017987406,0.558,False
H-Optimus-0,2,4,h2->h4,1.0,42,14000,3000,3000,0.9950364444444444,0.9293170136404764,0.0593288336659753,0.1338793761659143,0.1340256178768773,1.328964345145537,0.1023554940215069,0.1028713046593158,1.328964345145537,0.1023554940215069,0.5703333333333334,False
H-Optimus-0,2,4,h2->h4,1.0,123,14000,3000,3000,0.9950364444444444,0.9293170136404764,0.0593288336659753,0.1338793761659143,0.1340256178768773,1.328964345145537,0.1023554940215069,0.1028713046593158,1.328964345145537,0.1023554940215069,0.5703333333333334,False
H-Optimus-0,2,4,h2->h4,1.0,456,14000,3000,3000,0.9950364444444444,0.9293170136404764,0.0593288336659753,0.1338793761659143,0.1340256178768773,1.328964345145537,0.1023554940215069,0.1028713046593158,1.328964345145537,0.1023554940215069,0.5703333333333334,False
H-Optimus-0,3,0,h3->h0,0.01,42,140,3000,30,0.990476888888889,0.9613294662799614,0.1094875008291556,0.272149104601506,0.2685507899349005,0.4167672502178107,0.0355183959721678,0.0325834969748789,0.1000052749944835,0.0293235972726237,0.51,False
H-Optimus-0,3,0,h3->h0,0.01,123,140,3000,30,0.99424,0.969638730925644,0.11386182320369,0.2975561013804056,0.2844040788424728,0.3947948112336494,0.0611445555346317,0.0617326306644267,0.1000052749944835,0.0330425381338618,0.5303333333333333,False
H-Optimus-0,3,0,h3->h0,0.01,456,140,3000,30,0.9943604444444446,0.9451694753565768,0.1170541815819633,0.2942780071518582,0.2818393935498555,0.4417012074161532,0.102235139025002,0.1024786722741471,0.1000033606863641,0.0594859446368526,0.5546666666666666,False
H-Optimus-0,3,0,h3->h0,0.05,42,700,3000,150,0.9945377777777776,0.9716479889918592,0.0609499680072506,0.1806345734259547,0.1687905965242503,0.7443234423805584,0.0489375702968622,0.050242368188581,0.1000052749944835,0.0268296729187893,0.5256666666666666,False
H-Optimus-0,3,0,h3->h0,0.05,123,700,3000,150,0.995664,0.9749843652282676,0.0580326544094741,0.1849765037726632,0.171451272457735,0.7201353370110561,0.0488593095407011,0.0492263015640908,0.5214123141471265,0.0375420299055622,0.525,False
H-Optimus-0,3,0,h3->h0,0.05,456,700,3000,150,0.9951795555555556,0.9646224998231124,0.0655615329212079,0.1917157704106257,0.1807965450754379,0.711546472265745,0.0664962641361326,0.0665453665440151,0.7996796947548799,0.0719099381114103,0.5353333333333333,False
H-Optimus-0,3,0,h3->h0,0.1,42,1400,3000,300,0.9953031111111112,0.9743205249818492,0.0515077387590663,0.1561461327500432,0.144480429196673,0.8696869226431777,0.0521127519215259,0.0540810436872316,0.1000052749944835,0.0245131287885038,0.5223333333333333,False
H-Optimus-0,3,0,h3->h0,0.1,123,1400,3000,300,0.9957502222222222,0.9776561774833186,0.0460904260033176,0.1517915914216494,0.1391295249177096,0.8116279955603678,0.041927814114282,0.0417688658541982,0.6070488704538471,0.0314984719662301,0.5216666666666666,False
H-Optimus-0,3,0,h3->h0,0.1,456,1400,3000,300,0.9957497777777778,0.9729831144465292,0.0512683404694386,0.1584288154099528,0.1477114354847964,0.8003036138168201,0.0530635037230767,0.053252792902366,0.8019482644785564,0.0531526477459406,0.525,False
H-Optimus-0,3,0,h3->h0,0.25,42,3500,3000,750,0.9958742222222222,0.975321388885554,0.0404522867964708,0.1231794667451769,0.1153289589921185,1.0096226390397427,0.0537916167649884,0.053096620516661,1.0475093311497037,0.0557181623357411,0.522,False
H-Optimus-0,3,0,h3->h0,0.25,123,3500,3000,750,0.9960026666666668,0.9793245025986654,0.0361959565185584,0.116942452584547,0.1083821097987806,1.001612114919225,0.0449178156484786,0.0452148744014284,0.955514903665132,0.0429800739142268,0.5206666666666667,False
H-Optimus-0,3,0,h3->h0,0.25,456,3500,3000,750,0.9961457777777778,0.9773216817173624,0.0391046113615163,0.1205670140018779,0.1145762425196617,1.0068918983368664,0.0527931315844805,0.0537892538537168,0.9727589439670916,0.0512268708962834,0.5226666666666666,False
H-Optimus-0,3,0,h3->h0,0.5,42,7000,3000,1500,0.9960804444444444,0.9799919967987194,0.0333488109130192,0.1017645983357164,0.0962377238142134,1.1346119742488052,0.050181301852651,0.0505087605829555,1.1506875882404786,0.0508513811981368,0.52,False
H-Optimus-0,3,0,h3->h0,0.5,123,7000,3000,1500,0.9960746666666666,0.9796582564858204,0.0313013571130574,0.0979240327669698,0.0920045843189314,1.1406190536755616,0.0460100328675256,0.04663061837826,1.240887936833828,0.0499207398700611,0.5203333333333333,False
H-Optimus-0,3,0,h3->h0,0.5,456,7000,3000,1500,0.9960711111111112,0.9809931385230068,0.03121298074334,0.0970796771969247,0.0916757703418732,1.1387833067839983,0.045058595193343,0.0464581189273808,0.9839630311922184,0.0390187946164437,0.519,False
H-Optimus-0,3,0,h3->h0,1.0,42,14000,3000,3000,0.9961626666666666,0.9793245025986654,0.0287849728527477,0.0855454920205294,0.0823627494598279,1.2785357201449812,0.0496255640803219,0.0496388223246881,1.2785357201449812,0.0496255640803219,0.5206666666666667,False
H-Optimus-0,3,0,h3->h0,1.0,123,14000,3000,3000,0.9961626666666666,0.9793245025986654,0.0287849728527477,0.0855454920205294,0.0823627494598279,1.2785357201449812,0.0496255640803219,0.0496388223246881,1.2785357201449812,0.0496255640803219,0.5206666666666667,False
H-Optimus-0,3,0,h3->h0,1.0,456,14000,3000,3000,0.9961626666666666,0.9793245025986654,0.0287849728527477,0.0855454920205294,0.0823627494598279,1.2785357201449812,0.0496255640803219,0.0496388223246881,1.2785357201449812,0.0496255640803219,0.5206666666666667,False
H-Optimus-0,3,1,h3->h1,0.01,42,140,3000,30,0.9917937777777776,0.8965978909786992,0.1196038588054393,0.2659358013874953,0.2606200634794832,0.4167672502178107,0.1246732131796328,0.1248108891554475,0.1000052749944835,0.1027078019927713,0.6016666666666667,False
H-Optimus-0,3,1,h3->h1,0.01,123,140,3000,30,0.9955542222222222,0.8945184531485006,0.1219067922163444,0.2863310206458401,0.2810983671427459,0.3947948112336494,0.1333382584594431,0.1334204770031438,0.1000052749944835,0.1057026042828664,0.6043333333333333,False
H-Optimus-0,3,1,h3->h1,0.01,456,140,3000,30,0.9952791111111112,0.84690396514184,0.13088828623951,0.2986889223612162,0.2912942680375829,0.4417012074161532,0.1771347369267173,0.1772575744218302,0.1000033606863641,0.153071632067609,0.6496666666666666,False
H-Optimus-0,3,1,h3->h1,0.05,42,700,3000,150,0.9951555555555556,0.9041348167209062,0.0875625759164785,0.1956858391285396,0.1940892723925069,0.7443234423805584,0.1279950446176787,0.1280298373050602,0.1000052749944835,0.0969983099448849,0.595,False
H-Optimus-0,3,1,h3->h1,0.05,123,700,3000,150,0.9963377777777778,0.9289786685867738,0.0777389772850994,0.1946586131959278,0.1868775243945933,0.7201353370110561,0.1056136803377869,0.1057305366782825,0.5214123141471265,0.0943651956811037,0.5706666666666667,False
H-Optimus-0,3,1,h3->h1,0.05,456,700,3000,150,0.9961693333333334,0.909265046879726,0.0868878044900608,0.202948246998851,0.2004037416914814,0.711546472265745,0.1254551467339254,0.1255792458375678,0.7996796947548799,0.1300387947841303,0.59,False
H-Optimus-0,3,1,h3->h1,0.1,42,1400,3000,300,0.9962288888888888,0.928640275629448,0.0702120712968817,0.1623601195733559,0.1593289633858855,0.8696869226431777,0.1053831462103087,0.1054523859189054,0.1000052749944835,0.0730377412323607,0.571,False
H-Optimus-0,3,1,h3->h1,0.1,123,1400,3000,300,0.9965382222222222,0.9431550676254066,0.0640882025874618,0.1603345509910426,0.1577274295058384,0.8116279955603678,0.0885585807959833,0.0886536050465324,0.6070488704538471,0.0785431291034717,0.556,False
H-Optimus-0,3,1,h3->h1,0.1,456,1400,3000,300,0.99638,0.926947584109692,0.0716476818479531,0.1705335647286743,0.1652938659087378,0.8003036138168201,0.1049064098913565,0.1049823045794705,0.8019482644785564,0.104986096813468,0.5726666666666667,False
H-Optimus-0,3,1,h3->h1,0.25,42,3500,3000,750,0.9967937777777778,0.9384350730927364,0.0595008198609294,0.1333486315621231,0.1328054172967911,1.0096226390397427,0.0942960937142824,0.0943998875440603,1.0475093311497037,0.0957903045053546,0.5613333333333334,False
H-Optimus-0,3,1,h3->h1,0.25,123,3500,3000,750,0.9968844444444444,0.9445008104219008,0.0542986727440472,0.1289624793628723,0.1281377937980413,1.001612114919225,0.0837563019133854,0.0838422077601554,0.955514903665132,0.0819037479074189,0.5546666666666666,False
H-Optimus-0,3,1,h3->h1,0.25,456,3500,3000,750,0.9965635555555556,0.9448331201885704,0.0551748764443499,0.1281530263756659,0.1245688350907725,1.0068918983368664,0.0854196795971845,0.0854919762808407,0.9727589439670916,0.0841169410614325,0.555,False
H-Optimus-0,3,1,h3->h1,0.5,42,7000,3000,1500,0.9971146666666668,0.9582631737283708,0.0433291880144244,0.099987033348518,0.1017793128537477,1.1346119742488052,0.0684071800897608,0.0684795172177621,1.1506875882404786,0.0689198948219249,0.541,False
H-Optimus-0,3,1,h3->h1,0.5,123,7000,3000,1500,0.9971613333333332,0.9612774179248168,0.0414007459267957,0.098412696154047,0.0993059018227204,1.1406190536755616,0.0650869690644157,0.0652892672086503,1.240887936833828,0.0682979642728448,0.538,False
H-Optimus-0,3,1,h3->h1,0.5,456,7000,3000,1500,0.9968066666666666,0.9616141163920072,0.0411636417303025,0.0967394191291144,0.097108026093475,1.1387833067839983,0.0635619914586486,0.0636766896740269,0.9839630311922184,0.058640253877849,0.537,False
H-Optimus-0,3,1,h3->h1,1.0,42,14000,3000,3000,0.9972186666666668,0.966632498344972,0.0354179027351699,0.0814512289015187,0.0813824680828923,1.2785357201449812,0.0571957677503494,0.0573054450032338,1.2785357201449812,0.0571957677503494,0.532,False
H-Optimus-0,3,1,h3->h1,1.0,123,14000,3000,3000,0.9972186666666668,0.966632498344972,0.0354179027351699,0.0814512289015187,0.0813824680828923,1.2785357201449812,0.0571957677503494,0.0573054450032338,1.2785357201449812,0.0571957677503494,0.532,False
H-Optimus-0,3,1,h3->h1,1.0,456,14000,3000,3000,0.9972186666666668,0.966632498344972,0.0354179027351699,0.0814512289015187,0.0813824680828923,1.2785357201449812,0.0571957677503494,0.0573054450032338,1.2785357201449812,0.0571957677503494,0.532,False
H-Optimus-0,3,2,h3->h2,0.01,42,140,3000,30,0.979824,0.7761120785496161,0.1608401889335591,0.3121851687581666,0.308269242938091,0.4167672502178107,0.215533096953686,0.215533096953686,0.1000052749944835,0.2168428295118488,0.7136666666666667,False
H-Optimus-0,3,2,h3->h2,0.01,123,140,3000,30,0.9895773333333332,0.7528382757255336,0.1584926500027939,0.3288265813767891,0.3218421723439374,0.3947948112336494,0.2339538980923656,0.2339538980923656,0.1000052749944835,0.2349196296670403,0.7336666666666667,False
H-Optimus-0,3,2,h3->h2,0.01,456,140,3000,30,0.9849475555555556,0.5982175469354957,0.1773970264369727,0.3075248752129708,0.3225861151152934,0.4417012074161532,0.3177757354466757,0.3177757354466757,0.1000033606863641,0.3492565950554452,0.852,False
H-Optimus-0,3,2,h3->h2,0.05,42,700,3000,150,0.989108,0.7680382388846401,0.1370914169025838,0.2600120522066345,0.2588319734065378,0.7443234423805584,0.2295466260384014,0.2295669372909882,0.1000052749944835,0.2216278520019088,0.7206666666666667,False
H-Optimus-0,3,2,h3->h2,0.05,123,700,3000,150,0.9897435555555556,0.7397545798230142,0.1414569789438098,0.2661729582566204,0.2660435524312962,0.7201353370110561,0.2436234568389151,0.2436234568389151,0.5214123141471265,0.2457699753846978,0.7446666666666667,False
H-Optimus-0,3,2,h3->h2,0.05,456,700,3000,150,0.9889417777777778,0.7033404300133936,0.1541471900485923,0.2759983547880189,0.2747398078151071,0.711546472265745,0.2682738523111194,0.2682738523111195,0.7996796947548799,0.265962159788439,0.7743333333333333,False
H-Optimus-0,3,2,h3->h2,0.1,42,1400,3000,300,0.990704,0.776494691748929,0.1320183475224705,0.2439977589473423,0.2465078996790343,0.8696869226431777,0.2255471171100224,0.2255639252861323,0.1000052749944835,0.2146360515348533,0.7133333333333334,False
H-Optimus-0,3,2,h3->h2,0.1,123,1400,3000,300,0.9907942222222222,0.7551947727919831,0.1360399624918008,0.2556129919742145,0.2513864669150503,0.8116279955603678,0.2349798740253273,0.2349798740253274,0.6070488704538471,0.2354852860085411,0.7316666666666667,False
H-Optimus-0,3,2,h3->h2,0.1,456,1400,3000,300,0.9899453333333332,0.6999797459250859,0.1526692177620353,0.2646609135095217,0.2635767514530651,0.8003036138168201,0.2665043826939682,0.2665043826939682,0.8019482644785564,0.2664686343490446,0.777,False
H-Optimus-0,3,2,h3->h2,0.25,42,3500,3000,750,0.9911524444444444,0.6995585822246531,0.15433749097802,0.2518578933051819,0.2555100065662986,1.0096226390397427,0.2645793229541537,0.2645793229541536,1.0475093311497037,0.2639526397417545,0.7773333333333333,False
H-Optimus-0,3,2,h3->h2,0.25,123,3500,3000,750,0.9914146666666668,0.7622245108714676,0.1359518738483485,0.2394084209076762,0.239437007746009,1.001612114919225,0.2345530839104164,0.2345530839104163,0.955514903665132,0.2346786428986012,0.7256666666666667,False
H-Optimus-0,3,2,h3->h2,0.25,456,3500,3000,750,0.990987111111111,0.7296982556456205,0.1453346045801818,0.2445611149717423,0.2466626220752899,1.0068918983368664,0.2495287313847144,0.2495287313847144,0.9727589439670916,0.2498508396333694,0.753,False
H-Optimus-0,3,2,h3->h2,0.5,42,7000,3000,1500,0.9915982222222222,0.713332342294817,0.1511981165846356,0.2469634901220249,0.24849541489897,1.1346119742488052,0.2555000558176615,0.2555000558176615,1.1506875882404786,0.2553148611486409,0.7663333333333333,False
H-Optimus-0,3,2,h3->h2,0.5,123,7000,3000,1500,0.9916204444444444,0.7995327971614674,0.1230481213322775,0.2203271263435267,0.2235269616838531,1.1406190536755616,0.2118805781642756,0.2118805781642756,1.240887936833828,0.2122805422029639,0.693,False
H-Optimus-0,3,2,h3->h2,0.5,456,7000,3000,1500,0.9912537777777778,0.7909140459915005,0.1266960956411755,0.2200795576518043,0.2242146635105386,1.1387833067839983,0.2169210919106182,0.2169210919106182,0.9839630311922184,0.2158584282260053,0.7006666666666667,False
H-Optimus-0,3,2,h3->h2,1.0,42,14000,3000,3000,0.9914435555555556,0.7630019749835418,0.1364250826205328,0.2268673970620388,0.2307835114909791,1.2785357201449812,0.2310619696755954,0.2310619696755954,1.2785357201449812,0.2310619696755954,0.725,False
H-Optimus-0,3,2,h3->h2,1.0,123,14000,3000,3000,0.9914435555555556,0.7630019749835418,0.1364250826205328,0.2268673970620388,0.2307835114909791,1.2785357201449812,0.2310619696755954,0.2310619696755954,1.2785357201449812,0.2310619696755954,0.725,False
H-Optimus-0,3,2,h3->h2,1.0,456,14000,3000,3000,0.9914435555555556,0.7630019749835418,0.1364250826205328,0.2268673970620388,0.2307835114909791,1.2785357201449812,0.2310619696755954,0.2310619696755954,1.2785357201449812,0.2310619696755954,0.725,False
H-Optimus-0,3,4,h3->h4,0.01,42,140,3000,30,0.9796835555555556,0.9004026514429277,0.1693432069129731,0.3345087801628602,0.3386551194676421,0.4167672502178107,0.1325987910790524,0.1345750331597381,0.1000052749944835,0.1060419344257954,0.5966666666666667,False
H-Optimus-0,3,4,h3->h4,0.01,123,140,3000,30,0.9831746666666666,0.5883820712083715,0.1893433682512378,0.3459135379683428,0.3533728928146334,0.3947948112336494,0.3057393816097338,0.3057393816097338,0.1000052749944835,0.3512700818574436,0.8586666666666667,False
H-Optimus-0,3,4,h3->h4,0.01,456,140,3000,30,0.9867066666666666,0.5238095238095238,0.1900271260108698,0.3635954755192748,0.3558327001588015,0.4417012074161532,0.3274755857014869,0.3274755857014869,0.1000033606863641,0.389183085405092,0.9,False
H-Optimus-0,3,4,h3->h4,0.05,42,700,3000,150,0.9862035555555556,0.8479732723832656,0.1337177052424063,0.2821036139274871,0.2741139755214938,0.7443234423805584,0.1828791336450642,0.185565327508637,0.1000052749944835,0.1552280757203956,0.6486666666666666,False
H-Optimus-0,3,4,h3->h4,0.05,123,700,3000,150,0.9863368888888888,0.7292933130699089,0.1529086413071793,0.292168684832612,0.2922290009640769,0.7201353370110561,0.2408290538252359,0.2416100831802747,0.5214123141471265,0.2483074349798441,0.7533333333333333,False
H-Optimus-0,3,4,h3->h4,0.05,456,700,3000,150,0.986974222222222,0.6389174969909792,0.1647882420962928,0.3036615926228125,0.3006507797789187,0.711546472265745,0.2795637323890818,0.2795637323890817,0.7996796947548799,0.2729635457821327,0.8233333333333334,False
H-Optimus-0,3,4,h3->h4,0.1,42,1400,3000,300,0.9875466666666668,0.8088135349894238,0.1308882404527437,0.2614101930411405,0.2578082223818921,0.8696869226431777,0.2036294313589816,0.2049884671369307,0.1000052749944835,0.1850188260826724,0.6846666666666666,False
H-Optimus-0,3,4,h3->h4,0.1,123,1400,3000,300,0.9880044444444444,0.7645547669823207,0.1408321166244726,0.2692261058304642,0.2700125855299863,0.8116279955603678,0.2243282049504536,0.2259296177485305,0.6070488704538471,0.2278000838825233,0.7236666666666667,False
H-Optimus-0,3,4,h3->h4,0.1,456,1400,3000,300,0.9885688888888888,0.7457279166110165,0.1439991245934027,0.274412159264444,0.2734243567145432,0.8003036138168201,0.2357662483014778,0.2357662483014778,0.8019482644785564,0.2357144663146667,0.7396666666666667,False
H-Optimus-0,3,4,h3->h4,0.25,42,3500,3000,750,0.989316,0.6910840773421048,0.155099849645643,0.2668784317510088,0.2636687090059606,1.0096226390397427,0.263938329543358,0.2643772330659518,1.0475093311497037,0.2627252609639715,0.784,False
H-Optimus-0,3,4,h3->h4,0.25,123,3500,3000,750,0.9902022222222222,0.7532314923619272,0.1395722551324979,0.2538991820472636,0.2525858061484644,1.001612114919225,0.234350783617623,0.2358581301611933,0.955514903665132,0.235178546876499,0.7333333333333333,False
H-Optimus-0,3,4,h3->h4,0.25,456,3500,3000,750,0.9900911111111113,0.7357474086197491,0.142836897150909,0.2543443259525986,0.2562637863052356,1.0068918983368664,0.2421553603400369,0.2434003685279014,0.9727589439670916,0.2428607728957905,0.748,False
H-Optimus-0,3,4,h3->h4,0.5,42,7000,3000,1500,0.9893866666666666,0.6855222058284429,0.158349835123968,0.254139183677896,0.2603646114706178,1.1346119742488052,0.264740603073208,0.2650744561388748,1.1506875882404786,0.2642599730131816,0.7883333333333333,False
H-Optimus-0,3,4,h3->h4,0.5,123,7000,3000,1500,0.9903493333333334,0.7795496487677105,0.1306653799841891,0.2360479977086982,0.2350463507993893,1.1406190536755616,0.218849375234966,0.219978373107586,1.240887936833828,0.2174845221348003,0.7106666666666667,False
H-Optimus-0,3,4,h3->h4,0.5,456,7000,3000,1500,0.9902635555555556,0.7449340277699982,0.1399914900908622,0.242027543962274,0.2432173675472472,1.1387833067839983,0.236742706708906,0.2372209906628634,0.9839630311922184,0.2386009360793789,0.7403333333333333,False
H-Optimus-0,3,4,h3->h4,1.0,42,14000,3000,3000,0.990140888888889,0.7313159291694222,0.1466206633029805,0.243330181383846,0.2432491633000064,1.2785357201449812,0.2440878922201259,0.2451978192398748,1.2785357201449812,0.2440878922201259,0.7516666666666667,False
H-Optimus-0,3,4,h3->h4,1.0,123,14000,3000,3000,0.990140888888889,0.7313159291694222,0.1466206633029805,0.243330181383846,0.2432491633000064,1.2785357201449812,0.2440878922201259,0.2451978192398748,1.2785357201449812,0.2440878922201259,0.7516666666666667,False
H-Optimus-0,3,4,h3->h4,1.0,456,14000,3000,3000,0.990140888888889,0.7313159291694222,0.1466206633029805,0.243330181383846,0.2432491633000064,1.2785357201449812,0.2440878922201259,0.2451978192398748,1.2785357201449812,0.2440878922201259,0.7516666666666667,False
H-Optimus-0,4,0,h4->h0,0.01,42,140,3000,30,0.9882995555555556,0.8422921123298894,0.1700928605930355,0.3575934780843627,0.3506706240930684,0.5001776219018436,0.1974169510348617,0.1984157993567149,0.1000047283497253,0.1648372073220351,0.6533333333333333,False
H-Optimus-0,4,0,h4->h0,0.01,123,140,3000,30,0.992668,0.7453310696095077,0.1697268138568211,0.3519036432109024,0.3514593010621205,0.5120179954272438,0.2435994727401311,0.2467592782397903,0.7551791160856047,0.267124478118261,0.74,False
H-Optimus-0,4,0,h4->h0,0.01,456,140,3000,30,0.9923146666666668,0.7780234876279506,0.1682540569999439,0.3455676820970505,0.348210339894125,0.5703598778449404,0.2383486564175553,0.2386354465967887,0.5585355565831236,0.2374553818569706,0.712,False
H-Optimus-0,4,0,h4->h0,0.05,42,700,3000,150,0.9951493333333332,0.8465473145780051,0.1273116356322389,0.2935982250022219,0.2859196013644349,0.8439629541403386,0.2034553732104738,0.2075368786529992,0.9818021277801452,0.2161139842677301,0.65,False
H-Optimus-0,4,0,h4->h0,0.05,123,700,3000,150,0.9953568888888888,0.7757292989759004,0.1385588624462671,0.2921385125761451,0.2899153907645267,0.8216814452887414,0.2327349083349261,0.2357368201204237,0.7827179062502961,0.2333868240998346,0.714,False
H-Optimus-0,4,0,h4->h0,0.05,456,700,3000,150,0.9950071111111112,0.6755751964085297,0.1546946063257691,0.3087405512595022,0.3051112314547648,0.866991623753063,0.2688496916751063,0.2725063166464326,0.8751167079111863,0.2684322684010931,0.796,False
H-Optimus-0,4,0,h4->h0,0.1,42,1400,3000,300,0.9953004444444444,0.8132373163327986,0.1270518203991259,0.2715590369513099,0.2678543609222518,0.97507876105117,0.2169602707874047,0.2192265778392815,1.0596491119663936,0.2168322010234925,0.6806666666666666,False
H-Optimus-0,4,0,h4->h0,0.1,123,1400,3000,300,0.996087111111111,0.7995327971614674,0.1282536872508066,0.2720302263144978,0.2680388594671069,0.9648982246470442,0.2224548243858577,0.2243460777109123,0.8721897412156444,0.222477394032407,0.693,False
H-Optimus-0,4,0,h4->h0,0.1,456,1400,3000,300,0.9945831111111112,0.7703527232806328,0.1369875956678278,0.2748400280430109,0.2712475282360504,1.0043946002472623,0.234707555957738,0.2383233700232694,1.13389020357841,0.2330478154270609,0.7186666666666667,False
H-Optimus-0,4,0,h4->h0,0.25,42,3500,3000,750,0.9958093333333332,0.8106591647689473,0.1220237213656138,0.2464202419952987,0.2448184617419586,1.1143404028520316,0.2149386371399031,0.2155715369936693,1.2648932849005254,0.2149235226735488,0.683,False
H-Optimus-0,4,0,h4->h0,0.25,123,3500,3000,750,0.9957595555555556,0.8415427543147727,0.1109585168063938,0.2379351365935481,0.2333473632468302,1.1600956399894229,0.1963312299732444,0.1976208763741237,1.122016008329084,0.1958895862614682,0.6546666666666666,False
H-Optimus-0,4,0,h4->h0,0.25,456,3500,3000,750,0.9954155555555556,0.7684244183663376,0.1330058872516235,0.2555072883571045,0.2531108853193934,1.156668246921455,0.2320379964675152,0.2326806972016379,1.2534527943440648,0.2309551198186485,0.7203333333333334,False
H-Optimus-0,4,0,h4->h0,0.5,42,7000,3000,1500,0.996212,0.7707378682121928,0.1329240741031731,0.2441334562956475,0.2449841004249553,1.2526888868802466,0.2337200012510859,0.2341471580290687,1.3198787858311125,0.2334529190602125,0.7183333333333334,False
H-Optimus-0,4,0,h4->h0,0.5,123,7000,3000,1500,0.9960484444444444,0.8267576522517217,0.1134381047219142,0.227242458951869,0.226024403455031,1.2673811037588498,0.203076463784823,0.203076463784823,1.2622853526597202,0.2030351923459039,0.6683333333333333,False
H-Optimus-0,4,0,h4->h0,0.5,456,7000,3000,1500,0.9962862222222222,0.7867635966615458,0.125256267350359,0.2367819219257781,0.2361606263169851,1.2531847912294527,0.2208111372151266,0.2217479092696976,1.30293165554024,0.220783940149175,0.7043333333333334,False
H-Optimus-0,4,0,h4->h0,1.0,42,14000,3000,3000,0.996564,0.8202022329530461,0.1128776131506385,0.2163250959239347,0.2154543239455975,1.3554139489901802,0.2019618503316568,0.2022199342558966,1.3554139489901802,0.2019618503316568,0.6743333333333333,False
H-Optimus-0,4,0,h4->h0,1.0,123,14000,3000,3000,0.996564,0.8202022329530461,0.1128776131506385,0.2163250959239347,0.2154543239455975,1.3554139489901802,0.2019618503316568,0.2022199342558966,1.3554139489901802,0.2019618503316568,0.6743333333333333,False
H-Optimus-0,4,0,h4->h0,1.0,456,14000,3000,3000,0.996564,0.8202022329530461,0.1128776131506385,0.2163250959239347,0.2154543239455975,1.3554139489901802,0.2019618503316568,0.2022199342558966,1.3554139489901802,0.2019618503316568,0.6743333333333333,False
H-Optimus-0,4,1,h4->h1,0.01,42,140,3000,30,0.9223715555555556,0.5043329063416625,0.2150437424077406,0.2817318328179405,0.2915447377921258,0.5001776219018436,0.3304987369251133,0.3304987369251132,0.1000047283497253,0.4073864235494953,0.9116666666666666,False
H-Optimus-0,4,1,h4->h1,0.01,123,140,3000,30,0.9669048888888888,0.4113202937856685,0.2153207029624566,0.3007693248666763,0.3408768102584584,0.5120179954272438,0.3800657721148585,0.3800657721148585,0.7551791160856047,0.3337768107402513,0.9626666666666668,False
H-Optimus-0,4,1,h4->h1,0.01,456,140,3000,30,0.9589795555555556,0.3721309510783195,0.2191474481818033,0.3000968798116867,0.3277780984099754,0.5703598778449404,0.377251072010609,0.377251072010609,0.5585355565831236,0.3798457537274014,0.982,False
H-Optimus-0,4,1,h4->h1,0.05,42,700,3000,150,0.9846235555555556,0.554302038161572,0.1902205521357767,0.3144496381195303,0.3140332196915972,0.8439629541403386,0.3237377842533682,0.3237377842533682,0.9818021277801452,0.3106822621866495,0.881,False
H-Optimus-0,4,1,h4->h1,0.05,123,700,3000,150,0.9839533333333332,0.4783742664638122,0.2111419296939298,0.3158126670596928,0.3219723617169481,0.8216814452887414,0.3632462624068371,0.3632462624068371,0.7827179062502961,0.3672324586815715,0.9266666666666666,False
H-Optimus-0,4,1,h4->h1,0.05,456,700,3000,150,0.9871275555555556,0.3769914589959504,0.2245048185787316,0.3326180106801795,0.3372124370004438,0.866991623753063,0.3854401460168769,0.3854401460168769,0.8751167079111863,0.384503693725727,0.9796666666666668,False
H-Optimus-0,4,1,h4->h1,0.1,42,1400,3000,300,0.984148,0.5903610529147543,0.1865005654780249,0.2913330712126448,0.2929032617705433,0.97507876105117,0.3131723315212341,0.3131723315212341,1.0596491119663936,0.3075804653342713,0.8573333333333333,False
H-Optimus-0,4,1,h4->h1,0.1,123,1400,3000,300,0.9882164444444445,0.5421732035468096,0.1970745487897221,0.3065344203202084,0.3061404615988181,0.9648982246470442,0.3326236236942542,0.3326236236942542,0.8721897412156444,0.3391470267620323,0.8886666666666667,False
H-Optimus-0,4,1,h4->h1,0.1,456,1400,3000,300,0.9833844444444444,0.4777850749262234,0.2146133223814136,0.3128733064119658,0.3129749183337749,1.0043946002472623,0.3539738898064741,0.3540798105978914,1.13389020357841,0.3431171721456533,0.927,False
H-Optimus-0,4,1,h4->h1,0.25,42,3500,3000,750,0.9847853333333334,0.6512036924817444,0.1777764634340141,0.2660186965012623,0.2707219939793189,1.1143404028520316,0.2911811326722903,0.2911811326722904,1.2648932849005254,0.2853091690135022,0.8143333333333334,False
H-Optimus-0,4,1,h4->h1,0.25,123,3500,3000,750,0.9882973333333334,0.6833715471121302,0.1645000896897848,0.2593070512468261,0.2655749363469845,1.1600956399894229,0.2726190157746337,0.272640220624856,1.122016008329084,0.2737017707530301,0.79,False
H-Optimus-0,4,1,h4->h1,0.25,456,3500,3000,750,0.9823768888888889,0.5982175469354957,0.1952535146173281,0.2780519344625242,0.2805911363972458,1.156668246921455,0.3121051398402608,0.3121051398402608,1.2534527943440648,0.3072753087764786,0.852,False
H-Optimus-0,4,1,h4->h1,0.5,42,7000,3000,1500,0.9872337777777778,0.6872381164106269,0.1706981037327652,0.2560115471490079,0.2587426393709114,1.2526888868802466,0.2755104865838516,0.275646656172554,1.3198787858311125,0.2740056494902939,0.787,False
H-Optimus-0,4,1,h4->h1,0.5,123,7000,3000,1500,0.9874533333333332,0.7477092423220926,0.1477351263778318,0.2348368875488557,0.2364984001061408,1.2673811037588498,0.2426385798245604,0.2426385798245605,1.2622853526597202,0.2426978480969547,0.738,False
H-Optimus-0,4,1,h4->h1,0.5,456,7000,3000,1500,0.9858106666666666,0.7153973612006551,0.1592899677942319,0.2433042625131218,0.2450050436237517,1.2531847912294527,0.2577995753245983,0.2577995753245983,1.30293165554024,0.2568998435090459,0.7646666666666667,False
H-Optimus-0,4,1,h4->h1,1.0,42,14000,3000,3000,0.9861435555555556,0.7916666666666667,0.1333570404101178,0.211884524662215,0.2131191039391905,1.3554139489901802,0.2172313746164516,0.2173545290402557,1.3554139489901802,0.2172313746164516,0.7,False
H-Optimus-0,4,1,h4->h1,1.0,123,14000,3000,3000,0.9861435555555556,0.7916666666666667,0.1333570404101178,0.211884524662215,0.2131191039391905,1.3554139489901802,0.2172313746164516,0.2173545290402557,1.3554139489901802,0.2172313746164516,0.7,False
H-Optimus-0,4,1,h4->h1,1.0,456,14000,3000,3000,0.9861435555555556,0.7916666666666667,0.1333570404101178,0.211884524662215,0.2131191039391905,1.3554139489901802,0.2172313746164516,0.2173545290402557,1.3554139489901802,0.2172313746164516,0.7,False
H-Optimus-0,4,2,h4->h2,0.01,42,140,3000,30,0.9907671111111108,0.8332730598136606,0.1667938524629385,0.3515101744386926,0.3460280759882321,0.5001776219018436,0.2068856504933988,0.2074072115469933,0.1000047283497253,0.1714292218747098,0.6623333333333333,False
H-Optimus-0,4,2,h4->h2,0.01,123,140,3000,30,0.9943213333333334,0.742547663800065,0.1667873416665973,0.3556124453101195,0.3459853545145306,0.5120179954272438,0.2505735244669707,0.255891593124312,0.7551791160856047,0.2642182115603393,0.7423333333333333,False
H-Optimus-0,4,2,h4->h2,0.01,456,140,3000,30,0.989752,0.7091852525888445,0.1727995449664,0.3313890397391461,0.3415684948313121,0.5703598778449404,0.2497332693563235,0.2519053323859089,0.5585355565831236,0.2500557108120475,0.7696666666666667,False
H-Optimus-0,4,2,h4->h2,0.05,42,700,3000,150,0.9947386666666668,0.8209326419171825,0.1321230437357722,0.2841502298699485,0.2839917798158445,0.8439629541403386,0.2119638099996793,0.2171486225907867,0.9818021277801452,0.2227233292298049,0.6736666666666666,False
H-Optimus-0,4,2,h4->h2,0.05,123,700,3000,150,0.9957062222222224,0.7369516853729162,0.1469925142529384,0.2953942946395262,0.294289757967798,0.8216814452887414,0.2556000719094847,0.2567518096921254,0.7827179062502961,0.2565243193696517,0.747,False
H-Optimus-0,4,2,h4->h2,0.05,456,700,3000,150,0.9949284444444444,0.6016253483246428,0.1660162069757298,0.3062801339932756,0.3037553074003358,0.866991623753063,0.295465567025852,0.297042539518593,0.8751167079111863,0.2949489761942812,0.8496666666666667,False
H-Optimus-0,4,2,h4->h2,0.1,42,1400,3000,300,0.9949155555555556,0.8121801678109891,0.1273138782749727,0.2649199982953838,0.2645939137698774,0.97507876105117,0.2153038260278738,0.217656423127088,1.0596491119663936,0.2146673706040286,0.681,False
H-Optimus-0,4,2,h4->h2,0.1,123,1400,3000,300,0.995908,0.7260461612218341,0.1474025011468164,0.2816341977916212,0.2798965083802184,0.9648982246470442,0.2589744029355805,0.2599791220932557,0.8721897412156444,0.2607962901743144,0.756,False
H-Optimus-0,4,2,h4->h2,0.1,456,1400,3000,300,0.9951497777777776,0.7579355845949456,0.1419913267369106,0.273128991698949,0.273361205963109,1.0043946002472623,0.2466818367995397,0.2482976055475491,1.13389020357841,0.2437487959697518,0.7293333333333333,False
H-Optimus-0,4,2,h4->h2,0.25,42,3500,3000,750,0.995600888888889,0.8264346241657885,0.1179804916066023,0.2406058435072644,0.2384235425316167,1.1143404028520316,0.2045911139227117,0.206074392019961,1.2648932849005254,0.2050284401008786,0.668,False
H-Optimus-0,4,2,h4->h2,0.25,123,3500,3000,750,0.9952328888888888,0.8151656206677649,0.1216450458502266,0.2419647256229277,0.2407263986178076,1.1600956399894229,0.2111213127803234,0.2119769752574734,1.122016008329084,0.2109430188669258,0.6776666666666666,False
H-Optimus-0,4,2,h4->h2,0.25,456,3500,3000,750,0.9945964444444444,0.813651310256331,0.1237218271014409,0.2398918380741662,0.2405751364495389,1.156668246921455,0.2133485178360568,0.2145036630552129,1.2534527943440648,0.2133050049509633,0.6796666666666666,False
H-Optimus-0,4,2,h4->h2,0.5,42,7000,3000,1500,0.9952808888888888,0.7999590227479123,0.1246493702816522,0.230286477812021,0.2322488351963421,1.2526888868802466,0.2162699488824452,0.2171136125769689,1.3198787858311125,0.2164000938781017,0.692,False
H-Optimus-0,4,2,h4->h2,0.5,123,7000,3000,1500,0.9952311111111112,0.8319036393603848,0.1119891384764877,0.2180501928668549,0.2212830207287532,1.2673811037588498,0.19538175115449,0.1968537304942802,1.2622853526597202,0.1953341579757529,0.6623333333333333,False
H-Optimus-0,4,2,h4->h2,0.5,456,7000,3000,1500,0.9946671111111112,0.836587230283463,0.1117797539075833,0.2159595865965201,0.2195317689764384,1.2531847912294527,0.19414611149857,0.1956808734817923,1.30293165554024,0.194587657067629,0.658,False
H-Optimus-0,4,2,h4->h2,1.0,42,14000,3000,3000,0.9944106666666668,0.8639751921505884,0.0966302824398615,0.1907915142298765,0.1921400908325082,1.3554139489901802,0.1687753628065593,0.1696712662106549,1.3554139489901802,0.1687753628065593,0.6316666666666667,False
H-Optimus-0,4,2,h4->h2,1.0,123,14000,3000,3000,0.9944106666666668,0.8639751921505884,0.0966302824398615,0.1907915142298765,0.1921400908325082,1.3554139489901802,0.1687753628065593,0.1696712662106549,1.3554139489901802,0.1687753628065593,0.6316666666666667,False
H-Optimus-0,4,2,h4->h2,1.0,456,14000,3000,3000,0.9944106666666668,0.8639751921505884,0.0966302824398615,0.1907915142298765,0.1921400908325082,1.3554139489901802,0.1687753628065593,0.1696712662106549,1.3554139489901802,0.1687753628065593,0.6316666666666667,False
H-Optimus-0,4,3,h4->h3,0.01,42,140,3000,30,0.9836951111111112,0.732526993906927,0.1788412272452766,0.3511403908691431,0.348213824227023,0.5001776219018436,0.2321328595200722,0.2330827443375891,0.1000047283497253,0.250670153648356,0.7506666666666667,False
H-Optimus-0,4,3,h4->h3,0.01,123,140,3000,30,0.9832555555555554,0.6916368358823117,0.1745199917752782,0.3377015864863284,0.3310837810365085,0.5120179954272438,0.2598096848493409,0.2600299872139235,0.7551791160856047,0.2504992316033933,0.783,False
H-Optimus-0,4,3,h4->h3,0.01,456,140,3000,30,0.9874320000000002,0.7248249640505765,0.1709904569478418,0.3421385377558815,0.3383817240046726,0.5703598778449404,0.2452164518627966,0.2487168321404132,0.5585355565831236,0.2463682087005908,0.757,False
H-Optimus-0,4,3,h4->h3,0.05,42,700,3000,150,0.9907813333333332,0.8433652203221171,0.124979044775533,0.2696775935983438,0.2654901935596656,0.8439629541403386,0.193518985330336,0.1936679627047799,0.9818021277801452,0.1968029461351291,0.6523333333333333,False
H-Optimus-0,4,3,h4->h3,0.05,123,700,3000,150,0.9891813333333334,0.7909722222222222,0.139937442361419,0.275218580835787,0.2746051309100967,0.8216814452887414,0.2289784309187864,0.2295990853561935,0.7827179062502961,0.2291838527783387,0.7,False
H-Optimus-0,4,3,h4->h3,0.05,456,700,3000,150,0.9929924444444446,0.7337361931195868,0.1475494009210171,0.2861127904360415,0.2825738913210087,0.866991623753063,0.2525862943413396,0.253996994598415,0.8751167079111863,0.252388197831467,0.7496666666666667,False
H-Optimus-0,4,3,h4->h3,0.1,42,1400,3000,300,0.9904102222222222,0.8289727477156095,0.1233982646256584,0.2433560799244658,0.2457989906274585,0.97507876105117,0.2028480437818306,0.2035517067722212,1.0596491119663936,0.2030216165786425,0.6656666666666666,False
H-Optimus-0,4,3,h4->h3,0.1,123,1400,3000,300,0.9919386666666664,0.8249815601486902,0.1235730093380059,0.2446246682543651,0.2455701288823242,0.9648982246470442,0.2052186632759317,0.2057938627617538,0.8721897412156444,0.2040030290305236,0.6693333333333333,False
H-Optimus-0,4,3,h4->h3,0.1,456,1400,3000,300,0.9904635555555554,0.8213401413428534,0.1270646885400284,0.2451571131505386,0.2465231415101917,1.0043946002472623,0.2101839267435223,0.2104700828485063,1.13389020357841,0.2098264067757081,0.6726666666666666,False
H-Optimus-0,4,3,h4->h3,0.25,42,3500,3000,750,0.9917346666666668,0.861161259895372,0.1048116925912095,0.2109824790551375,0.2097980757671099,1.1143404028520316,0.1745871284978263,0.175006468902953,1.2648932849005254,0.1766355398843657,0.6343333333333333,False
H-Optimus-0,4,3,h4->h3,0.25,123,3500,3000,750,0.992388888888889,0.8705903609015764,0.0985164940537196,0.2050073683907116,0.2034708906875261,1.1600956399894229,0.1646240656206225,0.1653403288422124,1.122016008329084,0.1638265264578727,0.6266666666666667,False
H-Optimus-0,4,3,h4->h3,0.25,456,3500,3000,750,0.9888968888888888,0.8516182459643112,0.1082767196490294,0.2131977397411788,0.2107574313503272,1.156668246921455,0.1784330595173556,0.1784330595173557,1.2534527943440648,0.1792374813570229,0.6433333333333333,False
H-Optimus-0,4,3,h4->h3,0.5,42,7000,3000,1500,0.9919679999999998,0.8741264988082622,0.0943551056625102,0.182816334126544,0.1834267823594745,1.2526888868802466,0.1602015292204651,0.1603831550259396,1.3198787858311125,0.161535774329083,0.622,False
H-Optimus-0,4,3,h4->h3,0.5,123,7000,3000,1500,0.992296,0.895594585467844,0.0821379470452832,0.173231721758456,0.172716241780794,1.2673811037588498,0.1387479020046647,0.1389190900008347,1.2622853526597202,0.1386341958700375,0.6013333333333334,False
H-Optimus-0,4,3,h4->h3,0.5,456,7000,3000,1500,0.9906626666666666,0.8855903588109093,0.0890287235278806,0.1795081843927881,0.1794902258883853,1.2531847912294527,0.1488599405268814,0.1488599405268814,1.30293165554024,0.1497579808139794,0.611,False
H-Optimus-0,4,3,h4->h3,1.0,42,14000,3000,3000,0.9922435555555555,0.9144103730600104,0.0684820548359031,0.1399118067288428,0.1422683845657557,1.3554139489901802,0.1155995365807408,0.1156204088595822,1.3554139489901802,0.1155995365807408,0.583,False
H-Optimus-0,4,3,h4->h3,1.0,123,14000,3000,3000,0.9922435555555555,0.9144103730600104,0.0684820548359031,0.1399118067288428,0.1422683845657557,1.3554139489901802,0.1155995365807408,0.1156204088595822,1.3554139489901802,0.1155995365807408,0.583,False
H-Optimus-0,4,3,h4->h3,1.0,456,14000,3000,3000,0.9922435555555555,0.9144103730600104,0.0684820548359031,0.1399118067288428,0.1422683845657557,1.3554139489901802,0.1155995365807408,0.1156204088595822,1.3554139489901802,0.1155995365807408,0.583,False
MIDNIGHT,0,1,h0->h1,0.01,42,140,3000,30,0.974291111111111,0.8463155080147087,0.1193049666535839,0.202654233048909,0.2033247273956623,0.6800624499652685,0.1568886923002522,0.1570996537920698,0.5264502386444727,0.1550386517916095,0.6476666666666666,False
MIDNIGHT,0,1,h0->h1,0.01,123,140,3000,30,0.9810933333333332,0.8249407887962105,0.1269648631386332,0.231269926240715,0.2292153498926602,0.679728856767525,0.1821792596811422,0.182408928509231,0.1000052749944835,0.1708990983011107,0.67,False
MIDNIGHT,0,1,h0->h1,0.01,456,140,3000,30,0.965968888888889,0.8140646118587296,0.1347375550599777,0.210071094028878,0.2109500848684296,0.7973142199181962,0.1874259302353943,0.1874259302353943,1.0599860264375165,0.1842604737188671,0.6786666666666666,False
MIDNIGHT,0,1,h0->h1,0.05,42,700,3000,150,0.9859044444444444,0.8615384615384616,0.096585527561185,0.1627422826212772,0.1624208447467293,1.0747361725244609,0.144653282632739,0.1448393083468321,0.1000045681365336,0.1336932585810062,0.6333333333333333,False
MIDNIGHT,0,1,h0->h1,0.05,123,700,3000,150,0.9863777777777778,0.8427153494693207,0.1060536442899872,0.1772097815114706,0.1773022330777195,1.0560297809323846,0.1622213043298852,0.1627331772429728,1.197428349142677,0.1629488630418533,0.6516666666666666,False
MIDNIGHT,0,1,h0->h1,0.05,456,700,3000,150,0.9843173333333332,0.859072839646059,0.0975386599429387,0.1627312009342031,0.1653921792331931,1.0263610519863249,0.1439123860744771,0.1441209662347224,1.0074908072819475,0.1437633402354163,0.6356666666666667,False
MIDNIGHT,0,1,h0->h1,0.1,42,1400,3000,300,0.9888453333333334,0.8966399453055849,0.0751650875120244,0.128109237893377,0.129492506681631,1.1534363433409005,0.1105999948093966,0.111043811309801,1.0125670673019012,0.1092958446365211,0.5996666666666667,False
MIDNIGHT,0,1,h0->h1,0.1,123,1400,3000,300,0.987678222222222,0.8737776937549061,0.0879829117461,0.1427385471439161,0.1434205979585762,1.1993229675099333,0.1327175041948942,0.1329040362522652,1.143464387165302,0.1322320490935048,0.6223333333333333,False
MIDNIGHT,0,1,h0->h1,0.1,456,1400,3000,300,0.9871622222222224,0.8869906694773942,0.0796699374248302,0.1314249792787425,0.1326845093643807,1.160323449674081,0.1178993447223836,0.1180645647894288,0.9364497100452044,0.1154012887863069,0.609,False
MIDNIGHT,0,1,h0->h1,0.25,42,3500,3000,750,0.9909933333333334,0.9110136153645794,0.0636511993382692,0.1043239333530632,0.1047880161001823,1.3212170510188834,0.0951393780750519,0.0955698917099316,1.391281002893006,0.0956750816697573,0.5856666666666667,False
MIDNIGHT,0,1,h0->h1,0.25,123,3500,3000,750,0.9914071111111112,0.9100010343164712,0.0642167209233139,0.1079053702496788,0.1074439072066509,1.3219715837470036,0.0969308332408452,0.097368778086519,1.2268811307212515,0.0960508132214794,0.586,False
MIDNIGHT,0,1,h0->h1,0.25,456,3500,3000,750,0.9909084444444444,0.8969835249948492,0.0721435055201075,0.1161527806970112,0.11748177158809,1.3376704468365523,0.1095231907393314,0.1099558442280204,1.1089129039726475,0.107421020065185,0.5993333333333334,False
MIDNIGHT,0,1,h0->h1,0.5,42,7000,3000,1500,0.9926755555555556,0.922918807810894,0.0532232985758036,0.0846301744406907,0.0868523721863516,1.4289967648741333,0.0798093460493704,0.0802154686297714,1.4635561817153049,0.0800605830246907,0.5733333333333334,False
MIDNIGHT,0,1,h0->h1,0.5,123,7000,3000,1500,0.9926057777777778,0.9137294297560064,0.0611169181640609,0.0953694815112115,0.0995491766510266,1.448905400281015,0.0929879606001893,0.0934372313773079,1.4094916207028647,0.0926986121862,0.5836666666666667,False
MIDNIGHT,0,1,h0->h1,0.5,456,7000,3000,1500,0.99324,0.9082734338696816,0.0638698424546526,0.1028040203322431,0.1066887313707983,1.4463158459592984,0.0988176990211837,0.0992991525436466,1.356479474916593,0.09802326337403,0.589,False
MIDNIGHT,0,1,h0->h1,1.0,42,14000,3000,3000,0.9946715555555556,0.9286669141184252,0.0510014757768334,0.0814149729121818,0.0857242032065619,1.520224954014857,0.0786760627793512,0.07912192384292,1.520224954014857,0.0786760627793512,0.5683333333333334,False
MIDNIGHT,0,1,h0->h1,1.0,123,14000,3000,3000,0.9946715555555556,0.9286669141184252,0.0510014757768334,0.0814149729121818,0.0857242032065619,1.520224954014857,0.0786760627793512,0.07912192384292,1.520224954014857,0.0786760627793512,0.5683333333333334,False
MIDNIGHT,0,1,h0->h1,1.0,456,14000,3000,3000,0.9946715555555556,0.9286669141184252,0.0510014757768334,0.0814149729121818,0.0857242032065619,1.520224954014857,0.0786760627793512,0.07912192384292,1.520224954014857,0.0786760627793512,0.5683333333333334,False
MIDNIGHT,0,2,h0->h2,0.01,42,140,3000,30,0.9621911111111112,0.8785947973418009,0.1094752204282874,0.2101188038861609,0.2106486456346913,0.6800624499652685,0.1235841326566345,0.1244225387556755,0.5264502386444727,0.1250790819910449,0.6196666666666667,False
MIDNIGHT,0,2,h0->h2,0.01,123,140,3000,30,0.9737551111111112,0.8723169483953876,0.1080898870784895,0.2097969272095118,0.2117680369886337,0.679728856767525,0.1364260281797809,0.1364260281797809,0.1000052749944835,0.1259824164098554,0.6256666666666667,False
MIDNIGHT,0,2,h0->h2,0.01,456,140,3000,30,0.9407177777777778,0.8325510488159922,0.1300325945890527,0.1919550846008672,0.1917329574578621,0.7973142199181962,0.1483907637936398,0.1483907637936398,1.0599860264375165,0.1462415937951217,0.663,False
MIDNIGHT,0,2,h0->h2,0.05,42,700,3000,150,0.979888,0.8945184531485006,0.0790030950432828,0.138036084733809,0.1353034718195251,1.0747361725244609,0.1161705197332035,0.1161705197332036,0.1000045681365336,0.104888463447283,0.6043333333333333,False
MIDNIGHT,0,2,h0->h2,0.05,123,700,3000,150,0.9837448888888888,0.898989898989899,0.0758220466623791,0.1347810067869763,0.1349590670248711,1.0560297809323846,0.1117958410851139,0.1117958410851139,1.197428349142677,0.1120445537037312,0.6,False
MIDNIGHT,0,2,h0->h2,0.05,456,700,3000,150,0.9757031111111112,0.8851920219710954,0.0839043806440567,0.1362066105829569,0.1350741182995679,1.0263610519863249,0.1196211955449629,0.1196211955449629,1.0074908072819475,0.119635808940035,0.6133333333333333,False
MIDNIGHT,0,2,h0->h2,0.1,42,1400,3000,300,0.985924,0.9201641978693456,0.0612991560989575,0.1077431625073187,0.1072890767801786,1.1534363433409005,0.0899807799806147,0.0899807799806147,1.0125670673019012,0.0891605035176223,0.5793333333333334,False
MIDNIGHT,0,2,h0->h2,0.1,123,1400,3000,300,0.9850493333333332,0.9068727151736172,0.0675255281633406,0.1059430253783365,0.1097076153060237,1.1993229675099333,0.1010395614970539,0.1010395614970538,1.143464387165302,0.1008158937136388,0.5923333333333334,False
MIDNIGHT,0,2,h0->h2,0.1,456,1400,3000,300,0.9817475555555556,0.9055042803870714,0.0702154758468733,0.1080731807879649,0.1098013903037027,1.160323449674081,0.1032485368883684,0.1032485368883684,0.9364497100452044,0.1020640522457345,0.5936666666666667,False
MIDNIGHT,0,2,h0->h2,0.25,42,3500,3000,750,0.9906768888888888,0.9289786685867738,0.052765509560139,0.087403619860388,0.0887236120892108,1.3212170510188834,0.0810378036141851,0.0814468897322794,1.391281002893006,0.0814134192413118,0.5706666666666667,False
MIDNIGHT,0,2,h0->h2,0.25,123,3500,3000,750,0.9913248888888888,0.9374235292661006,0.0471546609612007,0.0817279512201424,0.0821957317546113,1.3219715837470036,0.0718138643033802,0.0718138643033803,1.2268811307212515,0.071285364557825,0.5623333333333334,False
MIDNIGHT,0,2,h0->h2,0.25,456,3500,3000,750,0.99006,0.9296553110240175,0.0525509543229029,0.0909560052610988,0.0910745834754194,1.3376704468365523,0.0798181870456032,0.0799621441261062,1.1089129039726475,0.0784406614526436,0.57,False
MIDNIGHT,0,2,h0->h2,0.5,42,7000,3000,1500,0.992856,0.9374235292661006,0.0457480583183225,0.0713241387767516,0.0762611810766993,1.4289967648741333,0.0701927227413867,0.0706483537217087,1.4635561817153049,0.0703260594670111,0.5623333333333334,False
MIDNIGHT,0,2,h0->h2,0.5,123,7000,3000,1500,0.9931071111111112,0.934386599511872,0.047819120225764,0.0772810785368834,0.078298188147889,1.448905400281015,0.0747282614722376,0.0747282614722376,1.4094916207028647,0.0745238592147453,0.5653333333333334,False
MIDNIGHT,0,2,h0->h2,0.5,456,7000,3000,1500,0.9924746666666666,0.9333735026754948,0.0502696589965431,0.0831624755113046,0.0865869226081234,1.4463158459592984,0.0786513693034581,0.0790884509943214,1.356479474916593,0.0781727986086215,0.5663333333333334,False
MIDNIGHT,0,2,h0->h2,1.0,42,14000,3000,3000,0.9949728888888888,0.9428142033466732,0.0427050994084459,0.0671959467765143,0.0698164343580569,1.520224954014857,0.0666161332648476,0.0671005305562501,1.520224954014857,0.0666161332648476,0.557,False
MIDNIGHT,0,2,h0->h2,1.0,123,14000,3000,3000,0.9949728888888888,0.9428142033466732,0.0427050994084459,0.0671959467765143,0.0698164343580569,1.520224954014857,0.0666161332648476,0.0671005305562501,1.520224954014857,0.0666161332648476,0.557,False
MIDNIGHT,0,2,h0->h2,1.0,456,14000,3000,3000,0.9949728888888888,0.9428142033466732,0.0427050994084459,0.0671959467765143,0.0698164343580569,1.520224954014857,0.0666161332648476,0.0671005305562501,1.520224954014857,0.0666161332648476,0.557,False
MIDNIGHT,0,3,h0->h3,0.01,42,140,3000,30,0.9915795555555555,0.9262773784593225,0.0770515490847961,0.1843592203804162,0.1818340561459775,0.6800624499652685,0.083652419651126,0.0841060930741711,0.5264502386444727,0.0804412146531285,0.5726666666666667,False
MIDNIGHT,0,3,h0->h3,0.01,123,140,3000,30,0.991795111111111,0.9116750079117476,0.0839386297775613,0.1961715412848176,0.1961755032082945,0.679728856767525,0.1017581601070121,0.1022676239603882,0.1000052749944835,0.0870547202771657,0.5863333333333334,False
MIDNIGHT,0,3,h0->h3,0.01,456,140,3000,30,0.9888413333333332,0.9137098872688508,0.0815433798063818,0.1737600280081482,0.1704827373428559,0.7973142199181962,0.0980060828941291,0.0996773045551199,1.0599860264375165,0.1000182606660525,0.585,False
MIDNIGHT,0,3,h0->h3,0.05,42,700,3000,150,0.9929377777777778,0.9310205960445558,0.0556109194423386,0.113368959874201,0.1126679560565,1.0747361725244609,0.0793860535722988,0.0798441133758695,0.1000045681365336,0.0675741056085704,0.5673333333333334,False
MIDNIGHT,0,3,h0->h3,0.05,123,700,3000,150,0.992612,0.9222173943363534,0.0604356533132805,0.1195238627946547,0.1202952270724585,1.0560297809323846,0.0872062373785023,0.0877108651722502,1.197428349142677,0.0884176437335174,0.576,False
MIDNIGHT,0,3,h0->h3,0.05,456,700,3000,150,0.9920284444444444,0.920520571254761,0.062350779434965,0.1192098205470846,0.1190324053222518,1.0263610519863249,0.0887171071879855,0.0895247420118358,1.0074908072819475,0.0885490106649498,0.5776666666666667,False
MIDNIGHT,0,3,h0->h3,0.1,42,1400,3000,300,0.9933186666666666,0.940803144144567,0.0466327392251801,0.0884425294202636,0.0892518749511674,1.1534363433409005,0.0654018046131902,0.0660815050781219,1.0125670673019012,0.0641734136861731,0.5576666666666666,False
MIDNIGHT,0,3,h0->h3,0.1,123,1400,3000,300,0.9920355555555556,0.9242518699062734,0.0569611933682744,0.0964383467871982,0.0982597057772283,1.1993229675099333,0.0819812540450388,0.0821310541718954,1.143464387165302,0.0816030427367392,0.574,False
MIDNIGHT,0,3,h0->h3,0.1,456,1400,3000,300,0.9940648888888888,0.9397927801285848,0.0470782269888021,0.0882841737974793,0.0904070525871319,1.160323449674081,0.0667007183217942,0.0673670145773526,0.9364497100452044,0.0648479363303125,0.5586666666666666,False
MIDNIGHT,0,3,h0->h3,0.25,42,3500,3000,750,0.9945204444444444,0.9411398534917444,0.0456537901992482,0.0795193928641782,0.0803397696586624,1.3212170510188834,0.0666620935446433,0.0671189811338818,1.391281002893006,0.0670498870857896,0.5573333333333333,False
MIDNIGHT,0,3,h0->h3,0.25,123,3500,3000,750,0.9930906666666668,0.940803144144567,0.0471772385615997,0.0751089826064672,0.0786132817953979,1.3219715837470036,0.067447598638525,0.0679227651785477,1.2268811307212515,0.0669641658460196,0.5576666666666666,False
MIDNIGHT,0,3,h0->h3,0.25,456,3500,3000,750,0.9946911111111112,0.9445048427882372,0.0418731995651124,0.0743329674188577,0.0746123101580454,1.3376704468365523,0.06060930988474,0.0612803595942497,1.1089129039726475,0.0591389179340393,0.554,False
MIDNIGHT,0,3,h0->h3,0.5,42,7000,3000,1500,0.9943004444444444,0.9458497993768492,0.0421130803643109,0.0651380641509214,0.0673618377978128,1.4289967648741333,0.0600330873549685,0.0603986426386352,1.4635561817153049,0.0601454863579734,0.5526666666666666,False
MIDNIGHT,0,3,h0->h3,0.5,123,7000,3000,1500,0.9941244444444444,0.9424863037151172,0.0439654757500263,0.0684796475700194,0.0697662386730897,1.448905400281015,0.0638404382133925,0.064083997597775,1.4094916207028647,0.0636688346571992,0.556,False
MIDNIGHT,0,3,h0->h3,0.5,456,7000,3000,1500,0.9944204444444444,0.9397927801285848,0.0462687254765485,0.0719605676317735,0.0772921391805223,1.4463158459592984,0.0679947311146864,0.0681259239250904,1.356479474916593,0.0675375040936944,0.5586666666666666,False
MIDNIGHT,0,3,h0->h3,1.0,42,14000,3000,3000,0.9935364444444444,0.9424863037151172,0.0449297861521676,0.0643588391849777,0.0671984801974961,1.520224954014857,0.0640286593934124,0.0643909734133977,1.520224954014857,0.0640286593934124,0.556,False
MIDNIGHT,0,3,h0->h3,1.0,123,14000,3000,3000,0.9935364444444444,0.9424863037151172,0.0449297861521676,0.0643588391849777,0.0671984801974961,1.520224954014857,0.0640286593934124,0.0643909734133977,1.520224954014857,0.0640286593934124,0.556,False
MIDNIGHT,0,3,h0->h3,1.0,456,14000,3000,3000,0.9935364444444444,0.9424863037151172,0.0449297861521676,0.0643588391849777,0.0671984801974961,1.520224954014857,0.0640286593934124,0.0643909734133977,1.520224954014857,0.0640286593934124,0.556,False
MIDNIGHT,0,4,h0->h4,0.01,42,140,3000,30,0.9847862222222222,0.919510300669272,0.1130663547170422,0.2561689673797558,0.252261774364537,0.6800624499652685,0.1105794420328876,0.1080067015901989,0.5264502386444727,0.1019181757349793,0.578,False
MIDNIGHT,0,4,h0->h4,0.01,123,140,3000,30,0.9889217777777778,0.8845166809238665,0.1176691947859937,0.2592663002828746,0.2580956226303068,0.679728856767525,0.1348930021916688,0.1358146067956545,0.1000052749944835,0.1130022428653395,0.6133333333333333,False
MIDNIGHT,0,4,h0->h4,0.01,456,140,3000,30,0.9771648888888887,0.9141077562932844,0.1174688990768097,0.2368636640902901,0.2448376155522253,0.7973142199181962,0.1339915215472775,0.1353889579847152,1.0599860264375165,0.1597353805946808,0.5806666666666667,False
MIDNIGHT,0,4,h0->h4,0.05,42,700,3000,150,0.9898595555555556,0.8941739977199102,0.0882205640392934,0.1836407680471459,0.1819140979239645,1.0747361725244609,0.1314835465924496,0.1318755342735065,0.1000045681365336,0.1055837916261843,0.6046666666666667,False
MIDNIGHT,0,4,h0->h4,0.05,123,700,3000,150,0.9922168888888888,0.898660011521111,0.0858565239089094,0.1881698933155869,0.1873271812049013,1.0560297809323846,0.1279176825127894,0.1302484840543656,1.197428349142677,0.1331160335448376,0.5996666666666667,False
MIDNIGHT,0,4,h0->h4,0.05,456,700,3000,150,0.9902951111111112,0.9143911402775584,0.0822204103828831,0.1828489829629382,0.1799440862145041,1.0263610519863249,0.1109863695706489,0.111495368777433,1.0074908072819475,0.1107279704545323,0.5843333333333334,False
MIDNIGHT,0,4,h0->h4,0.1,42,1400,3000,300,0.9926035555555556,0.9330533774347928,0.0656088666261721,0.1525718251955452,0.1489274724513926,1.1534363433409005,0.0917575371353518,0.0935504183220881,1.0125670673019012,0.0892947463107236,0.5646666666666667,False
MIDNIGHT,0,4,h0->h4,0.1,123,1400,3000,300,0.9933835555555556,0.907214664923916,0.0736948924790484,0.1596489476678782,0.1580585407279086,1.1993229675099333,0.1154333767219079,0.1179055420091989,1.143464387165302,0.1146007654411001,0.592,False
MIDNIGHT,0,4,h0->h4,0.1,456,1400,3000,300,0.9926848888888888,0.9306762968193146,0.0674905302821168,0.1550805131117083,0.151703320118959,1.160323449674081,0.096389746163607,0.0997502867418677,0.9364497100452044,0.0921658464464583,0.5683333333333334,False
MIDNIGHT,0,4,h0->h4,0.25,42,3500,3000,750,0.9945706666666666,0.928647032727116,0.0598555296151111,0.1322879233083809,0.1310593479109772,1.3212170510188834,0.0968891000896534,0.0987152576310089,1.391281002893006,0.0979879909628054,0.5703333333333334,False
MIDNIGHT,0,4,h0->h4,0.25,123,3500,3000,750,0.995316,0.935742255045237,0.0539883865710592,0.1247532224570208,0.12358969687109,1.3219715837470036,0.0866254161932562,0.0878526270223268,1.2268811307212515,0.0844169358792396,0.5633333333333334,False
MIDNIGHT,0,4,h0->h4,0.25,456,3500,3000,750,0.993913777777778,0.9293236428939166,0.0608012449334621,0.1333556885585819,0.1310224344128605,1.3376704468365523,0.0977751328446823,0.1006741955622487,1.1089129039726475,0.0934516997137449,0.5696666666666667,False
MIDNIGHT,0,4,h0->h4,0.5,42,7000,3000,1500,0.995472,0.9340547145021048,0.0521112322051108,0.113587359433551,0.1130098063453804,1.4289967648741333,0.0870973755028928,0.0886360765881548,1.4635561817153049,0.0875904657264677,0.565,False
MIDNIGHT,0,4,h0->h4,0.5,123,7000,3000,1500,0.9957968888888888,0.9300000636363056,0.0545472111012146,0.1168805554367067,0.1181526079472631,1.448905400281015,0.0932658251960413,0.09439568656248,1.4094916207028647,0.0926656211032649,0.569,False
MIDNIGHT,0,4,h0->h4,0.5,456,7000,3000,1500,0.995132,0.8889983410481548,0.0743507351259481,0.1436743792370904,0.143311126467902,1.4463158459592984,0.1278370996094506,0.1288895610434063,1.356479474916593,0.1265018750929309,0.6096666666666667,False
MIDNIGHT,0,4,h0->h4,1.0,42,14000,3000,3000,0.9962915555555556,0.9218619962124868,0.0584360161482007,0.1171997362328856,0.1173391312713893,1.520224954014857,0.1033431473159496,0.1044602929276628,1.520224954014857,0.1033431473159496,0.5776666666666667,False
MIDNIGHT,0,4,h0->h4,1.0,123,14000,3000,3000,0.9962915555555556,0.9218619962124868,0.0584360161482007,0.1171997362328856,0.1173391312713893,1.520224954014857,0.1033431473159496,0.1044602929276628,1.520224954014857,0.1033431473159496,0.5776666666666667,False
MIDNIGHT,0,4,h0->h4,1.0,456,14000,3000,3000,0.9962915555555556,0.9218619962124868,0.0584360161482007,0.1171997362328856,0.1173391312713893,1.520224954014857,0.1033431473159496,0.1044602929276628,1.520224954014857,0.1033431473159496,0.5776666666666667,False
MIDNIGHT,1,0,h1->h0,0.01,42,140,3000,30,0.992204,0.9689992249806244,0.0830077729085245,0.2299103663980907,0.2245520301750128,0.6611000620470322,0.0554692054288623,0.0529461890568449,0.2372001979190417,0.0188627180774223,0.505,False
MIDNIGHT,1,0,h1->h0,0.01,123,140,3000,30,0.9957511111111113,0.9726564462539108,0.068904068752752,0.2153640870670969,0.2027039174669489,0.6728087028900082,0.0403360446872924,0.0354522897005162,0.7747137133911229,0.0540508674691902,0.5193333333333333,False
MIDNIGHT,1,0,h1->h0,0.01,456,140,3000,30,0.992536,0.9719880357788372,0.0741518023423206,0.2160538170005695,0.2070453225714229,0.711720299059313,0.0488571331588669,0.0405238118572069,0.7859052908540749,0.0591225971139646,0.5206666666666667,False
MIDNIGHT,1,0,h1->h0,0.05,42,700,3000,150,0.996439111111111,0.981998199819982,0.0364723092169956,0.1263492816152734,0.1129131154212658,0.9310671267872525,0.0262798034129932,0.0240837807630721,0.8468343414344143,0.0203260555268034,0.51,False
MIDNIGHT,1,0,h1->h0,0.05,123,700,3000,150,0.996444,0.9806649823717976,0.0351255566173916,0.1224019853729078,0.1118676123340206,0.94178009254342,0.0256399443644582,0.0220926001338816,0.69955158648072,0.0121525652794154,0.5093333333333333,False
MIDNIGHT,1,0,h1->h0,0.05,456,700,3000,150,0.9960746666666668,0.9799984976649356,0.0341109985604287,0.1163130239254518,0.1066149023787628,0.9947455918062792,0.025053290688032,0.020140458577648,0.8296711981760051,0.0142614869394684,0.5086666666666667,False
MIDNIGHT,1,0,h1->h0,0.1,42,1400,3000,300,0.9965933333333332,0.9806632290184922,0.0270692693494025,0.0935400736888125,0.0801646568138622,1.0686802666769313,0.0215830101854623,0.0183854232299114,1.2032702649942912,0.0305396577142531,0.5133333333333333,False
MIDNIGHT,1,0,h1->h0,0.1,123,1400,3000,300,0.9967204444444444,0.9819979517669566,0.0252884017581896,0.0881859626364582,0.0778019411889534,1.0805498093130996,0.0197259109021927,0.0177432300225007,0.9152820327836968,0.0113169868359294,0.5106666666666667,False
MIDNIGHT,1,0,h1->h0,0.1,456,1400,3000,300,0.996424,0.9809967884572492,0.0270244114507406,0.090358122518703,0.0791242017294981,1.111095845843038,0.0237414143990927,0.0203660378320882,1.0177890143753374,0.0183272052178662,0.513,False
MIDNIGHT,1,0,h1->h0,0.25,42,3500,3000,750,0.9970888888888888,0.983664443215882,0.0191786437772077,0.0634538796723814,0.0529862566647477,1.1751299565401765,0.0164820582850591,0.0138432378080775,1.1819749874852763,0.0166809011498525,0.5116666666666667,False
MIDNIGHT,1,0,h1->h0,0.25,123,3500,3000,750,0.9970542222222222,0.9829974137177088,0.0186918027003693,0.0595427017825055,0.0480634177684619,1.2552217443168436,0.0176388012448311,0.0128203576055165,1.1481997709163954,0.0140138270693653,0.5123333333333333,False
MIDNIGHT,1,0,h1->h0,0.25,456,3500,3000,750,0.996890222222222,0.9839976956681762,0.0197217160716383,0.0634056461687511,0.0512537795472631,1.23160483398356,0.018159376287213,0.0138128166903928,1.2700238869770082,0.0196614896061949,0.512,False
MIDNIGHT,1,0,h1->h0,0.5,42,7000,3000,1500,0.9972955555555556,0.983663905866758,0.0155719307165438,0.0449289168379463,0.0379063872541376,1.2756981891557808,0.01358014651337,0.0129219435876742,1.2608802042952203,0.013280955508979,0.513,False
MIDNIGHT,1,0,h1->h0,0.5,123,7000,3000,1500,0.9972502222222224,0.984330949896712,0.015457146659838,0.0439756774222149,0.0336794316725589,1.310379497949138,0.0128600041542192,0.0105375442362623,1.2964757964719964,0.0123974324141385,0.5123333333333333,False
MIDNIGHT,1,0,h1->h0,0.5,456,7000,3000,1500,0.9972537777777776,0.984330949896712,0.0157536535356443,0.0451018333689872,0.0342012092655086,1.2956810108176149,0.0130968524824827,0.0102063146614586,1.2507474075403813,0.0117941636244249,0.5123333333333333,False
MIDNIGHT,1,0,h1->h0,1.0,42,14000,3000,3000,0.9973791111111112,0.9853312210291616,0.013949616614423,0.0322132998113333,0.0249481221162391,1.3185868437160906,0.0103192710670659,0.0095296235997838,1.3185868437160906,0.0103192710670659,0.512,False
MIDNIGHT,1,0,h1->h0,1.0,123,14000,3000,3000,0.9973791111111112,0.9853312210291616,0.013949616614423,0.0322132998113333,0.0249481221162391,1.3185868437160906,0.0103192710670659,0.0095296235997838,1.3185868437160906,0.0103192710670659,0.512,False
MIDNIGHT,1,0,h1->h0,1.0,456,14000,3000,3000,0.9973791111111112,0.9853312210291616,0.013949616614423,0.0322132998113333,0.0249481221162391,1.3185868437160906,0.0103192710670659,0.0095296235997838,1.3185868437160906,0.0103192710670659,0.512,False
MIDNIGHT,1,2,h1->h2,0.01,42,140,3000,30,0.9658844444444444,0.9273273256511656,0.1036736603693564,0.206023711852552,0.2130612147322003,0.6611000620470322,0.060508494979237,0.0622282598390572,0.2372001979190417,0.0660237455339131,0.5683333333333334,False
MIDNIGHT,1,2,h1->h2,0.01,123,140,3000,30,0.9812284444444443,0.910641339869281,0.0974224096759094,0.2234263505261,0.2200081066837786,0.6728087028900082,0.0949258129857482,0.0949258129857482,0.7747137133911229,0.0940273019379789,0.588,False
MIDNIGHT,1,2,h1->h2,0.01,456,140,3000,30,0.9699733333333334,0.9055396036136985,0.108830139595909,0.2282547996787331,0.2283923596437443,0.711720299059313,0.08601309290011,0.0843436996749997,0.7859052908540749,0.0931147889042048,0.5916666666666667,False
MIDNIGHT,1,2,h1->h2,0.05,42,700,3000,150,0.9826146666666667,0.9211994582546584,0.0662532896795275,0.1335874443603986,0.1335874443603986,0.9310671267872525,0.0812544825582196,0.0812544825582196,0.8468343414344143,0.0813224154291567,0.577,False
MIDNIGHT,1,2,h1->h2,0.05,123,700,3000,150,0.9874035555555556,0.9404663956215376,0.0583466204138417,0.1451890476789246,0.1382228103018659,0.94178009254342,0.0617998382033979,0.0620105379869449,0.69955158648072,0.062440326576736,0.558,False
MIDNIGHT,1,2,h1->h2,0.05,456,700,3000,150,0.9807373333333332,0.9296683785904292,0.0643177347080129,0.1345726432990495,0.1310074120291385,0.9947455918062792,0.0703994569045814,0.0761263321452371,0.8296711981760051,0.0720371633696657,0.5686666666666667,False
MIDNIGHT,1,2,h1->h2,0.1,42,1400,3000,300,0.9877937777777778,0.9340604240818472,0.054219586945389,0.1119110492693295,0.1094774681734065,1.0686802666769313,0.0695890963989592,0.0698324682848985,1.2032702649942912,0.068995038834549,0.5643333333333334,False
MIDNIGHT,1,2,h1->h2,0.1,123,1400,3000,300,0.9890093333333332,0.9421497487749736,0.050319186984798,0.1135546131034105,0.1091389326750435,1.0805498093130996,0.0613822455157868,0.0618800580506699,0.9152820327836968,0.0618309657791498,0.5563333333333333,False
MIDNIGHT,1,2,h1->h2,0.1,456,1400,3000,300,0.987004,0.9310143436584096,0.0557657146524795,0.1131405805342077,0.1107110774293252,1.111095845843038,0.0727738519923234,0.0727738519923233,1.0177890143753374,0.0729656310007191,0.568,False
MIDNIGHT,1,2,h1->h2,0.25,42,3500,3000,750,0.9917417777777776,0.9438280138611064,0.0444058931123354,0.0914659728311753,0.0914978640230765,1.1751299565401765,0.0618136568974557,0.0620889261057054,1.1819749874852763,0.0618157725209439,0.5553333333333333,False
MIDNIGHT,1,2,h1->h2,0.25,123,3500,3000,750,0.9917595555555556,0.9458459618470316,0.0431718324360222,0.0867418641225963,0.0855254716069885,1.2552217443168436,0.0600719630074171,0.0612340577365397,1.1481997709163954,0.0600030180126906,0.5533333333333333,False
MIDNIGHT,1,2,h1->h2,0.25,456,3500,3000,750,0.9908835555555554,0.9441602985072296,0.0450551006031704,0.0910118349400462,0.0914720067645901,1.23160483398356,0.0598168739714047,0.0608328999045306,1.2700238869770082,0.0596815344198197,0.5556666666666666,False
MIDNIGHT,1,2,h1->h2,0.5,42,7000,3000,1500,0.9931337777777778,0.9478626121900776,0.0402583366967562,0.0793828361277891,0.0811044321090968,1.2756981891557808,0.0578338948630541,0.0590513029671917,1.2608802042952203,0.0578180945358602,0.5513333333333333,False
MIDNIGHT,1,2,h1->h2,0.5,123,7000,3000,1500,0.9932235555555556,0.952227804553592,0.037554377917648,0.0724729102478298,0.074468420015432,1.310379497949138,0.0533887402258741,0.0535883436394667,1.2964757964719964,0.0533784399113375,0.547,False
MIDNIGHT,1,2,h1->h2,0.5,456,7000,3000,1500,0.9924444444444444,0.9468507036264868,0.0418139104852442,0.0787325978528201,0.0804335656373452,1.2956810108176149,0.059961104333188,0.0601736924096706,1.2507474075403813,0.0599079073317947,0.553,False
MIDNIGHT,1,2,h1->h2,1.0,42,14000,3000,3000,0.9941204444444446,0.953905270208642,0.0365861012906127,0.0672582991779003,0.0691838314193682,1.3185868437160906,0.0537511226649996,0.0539664601562367,1.3185868437160906,0.0537511226649996,0.5453333333333333,False
MIDNIGHT,1,2,h1->h2,1.0,123,14000,3000,3000,0.9941204444444446,0.953905270208642,0.0365861012906127,0.0672582991779003,0.0691838314193682,1.3185868437160906,0.0537511226649996,0.0539664601562367,1.3185868437160906,0.0537511226649996,0.5453333333333333,False
MIDNIGHT,1,2,h1->h2,1.0,456,14000,3000,3000,0.9941204444444446,0.953905270208642,0.0365861012906127,0.0672582991779003,0.0691838314193682,1.3185868437160906,0.0537511226649996,0.0539664601562367,1.3185868437160906,0.0537511226649996,0.5453333333333333,False
MIDNIGHT,1,3,h1->h3,0.01,42,140,3000,30,0.9932626666666666,0.9673211186936984,0.0658299832816448,0.1849490661040035,0.1824849647572536,0.6611000620470322,0.0329345079084064,0.02657476905809,0.2372001979190417,0.0162473699977992,0.5193333333333333,False
MIDNIGHT,1,3,h1->h3,0.01,123,140,3000,30,0.9940795555555556,0.9542539130434784,0.0632961418363279,0.1827267865609655,0.1716770176256116,0.6728087028900082,0.0364979405843785,0.0403542580206247,0.7747137133911229,0.0452960679221014,0.5416666666666666,False
MIDNIGHT,1,3,h1->h3,0.01,456,140,3000,30,0.9934217777777776,0.962295524122801,0.0651307234651668,0.1837506097712993,0.1777513669452738,0.711720299059313,0.0362859268527658,0.031840975300892,0.7859052908540749,0.046262532791969,0.5316666666666666,False
MIDNIGHT,1,3,h1->h3,0.05,42,700,3000,150,0.9944844444444444,0.953923800204694,0.0398403748876172,0.0952059654114704,0.0947573342084962,0.9310671267872525,0.0319247352711462,0.0339695410778949,0.8468343414344143,0.0332560404564739,0.5406666666666666,False
MIDNIGHT,1,3,h1->h3,0.05,123,700,3000,150,0.9954746666666668,0.9653048216067336,0.0364898614407822,0.0985836298938113,0.0963278758391737,0.94178009254342,0.0255265589799874,0.0276483562088699,0.69955158648072,0.0251202383340967,0.5286666666666666,False
MIDNIGHT,1,3,h1->h3,0.05,456,700,3000,150,0.994622222222222,0.9609557455066572,0.0375620211143471,0.0939558673220953,0.0906338922364425,0.9947455918062792,0.0279845965109196,0.0284972244355598,0.8296711981760051,0.026231985744838,0.5336666666666666,False
MIDNIGHT,1,3,h1->h3,0.1,42,1400,3000,300,0.9956133333333332,0.9653034789045152,0.0314218309902617,0.0773009936354428,0.0745200918072661,1.0686802666769313,0.0262191329260364,0.0268676631000774,1.2032702649942912,0.0319598295431947,0.5293333333333333,False
MIDNIGHT,1,3,h1->h3,0.1,123,1400,3000,300,0.9956364444444444,0.9606193398644416,0.0324405020335393,0.0784480858898811,0.0753834957184798,1.0805498093130996,0.0309576130663614,0.0301519806186719,0.9152820327836968,0.028257458625493,0.5346666666666666,False
MIDNIGHT,1,3,h1->h3,0.1,456,1400,3000,300,0.9954417777777778,0.9576065197389496,0.0326425309645367,0.0764898656855106,0.0742776264985483,1.111095845843038,0.0331490230773633,0.0334002840221889,1.0177890143753374,0.0297283674630011,0.5376666666666666,False
MIDNIGHT,1,3,h1->h3,0.25,42,3500,3000,750,0.9958862222222222,0.9719829531835148,0.0258504039427522,0.0596355391896009,0.0573858787501561,1.1751299565401765,0.0211030832196856,0.0241057566582675,1.1819749874852763,0.0211286588982607,0.5246666666666666,False
MIDNIGHT,1,3,h1->h3,0.25,123,3500,3000,750,0.9960893333333334,0.971982018682212,0.0252492382725667,0.0570718111480054,0.0533133974767891,1.2552217443168436,0.0236408326080504,0.0248394932605819,1.1481997709163954,0.0202667819956779,0.5253333333333333,False
MIDNIGHT,1,3,h1->h3,0.25,456,3500,3000,750,0.995848,0.9706457925636008,0.0262191296079113,0.0581046366193001,0.054924817782089,1.23160483398356,0.0255528141125169,0.0249882632379001,1.2700238869770082,0.0259579337116609,0.5266666666666666,False
MIDNIGHT,1,3,h1->h3,0.5,42,7000,3000,1500,0.9960106666666666,0.9706468239196364,0.0244001962001268,0.0494569229146214,0.0481830419143876,1.2756981891557808,0.0234186047847472,0.0247029130252179,1.2608802042952203,0.0231420031937703,0.526,False
MIDNIGHT,1,3,h1->h3,0.5,123,7000,3000,1500,0.9960031111111112,0.9706468239196364,0.0241396906296712,0.0474105112749813,0.0456836156033751,1.310379497949138,0.0233405231676731,0.0242921456539006,1.2964757964719964,0.0231957610229864,0.526,False
MIDNIGHT,1,3,h1->h3,0.5,456,7000,3000,1500,0.996106222222222,0.9723169418870352,0.0227465989321452,0.0468730441757232,0.0428001801522023,1.2956810108176149,0.0188655293777401,0.0204107347567769,1.2507474075403813,0.0186981761898167,0.5243333333333333,False
MIDNIGHT,1,3,h1->h3,1.0,42,14000,3000,3000,0.9961951111111113,0.9716489472587032,0.0219489152161047,0.0413001966398478,0.0393712919418297,1.3185868437160906,0.020075044675272,0.0217829360388032,1.3185868437160906,0.020075044675272,0.525,False
MIDNIGHT,1,3,h1->h3,1.0,123,14000,3000,3000,0.9961951111111113,0.9716489472587032,0.0219489152161047,0.0413001966398478,0.0393712919418297,1.3185868437160906,0.020075044675272,0.0217829360388032,1.3185868437160906,0.020075044675272,0.525,False
MIDNIGHT,1,3,h1->h3,1.0,456,14000,3000,3000,0.9961951111111113,0.9716489472587032,0.0219489152161047,0.0413001966398478,0.0393712919418297,1.3185868437160906,0.020075044675272,0.0217829360388032,1.3185868437160906,0.020075044675272,0.525,False
MIDNIGHT,1,4,h1->h4,0.01,42,140,3000,30,0.9808528888888888,0.9305153445280834,0.1011458046862523,0.212112400017911,0.2128858847958145,0.6611000620470322,0.0474070684641449,0.0472601895301609,0.2372001979190417,0.0482497520929933,0.5466666666666666,False
MIDNIGHT,1,4,h1->h4,0.01,123,140,3000,30,0.989404,0.9286925141981686,0.0972794152461939,0.2345988210378416,0.2299377547854192,0.6728087028900082,0.0772578541408442,0.0786868798104097,0.7747137133911229,0.0892253803290639,0.5656666666666667,False
MIDNIGHT,1,4,h1->h4,0.01,456,140,3000,30,0.9803342222222222,0.9091737729158872,0.1068322429699802,0.2211562316990867,0.2161228346765798,0.711720299059313,0.0796231513454516,0.0799527661784709,0.7859052908540749,0.0845334938964104,0.5736666666666667,False
MIDNIGHT,1,4,h1->h4,0.05,42,700,3000,150,0.984337777777778,0.9083687523348348,0.0766837626676462,0.1418293362650907,0.1403764459076896,0.9310671267872525,0.0837423787024261,0.0864428925363055,0.8468343414344143,0.0842158134393997,0.583,False
MIDNIGHT,1,4,h1->h4,0.05,123,700,3000,150,0.9873533333333332,0.9192672999400702,0.0707108767037001,0.1437676907379169,0.1440385644423649,0.94178009254342,0.0717112160957818,0.0731350013642366,0.69955158648072,0.0728169318873109,0.5703333333333334,False
MIDNIGHT,1,4,h1->h4,0.05,456,700,3000,150,0.9848435555555556,0.9182737997413344,0.0724621989362273,0.1377602107061868,0.1407148131144657,0.9947455918062792,0.0688616763602852,0.0708627851042558,0.8296711981760051,0.0701143341450802,0.5693333333333334,False
MIDNIGHT,1,4,h1->h4,0.1,42,1400,3000,300,0.988891111111111,0.9192441430502324,0.0644079947640835,0.1249956827519898,0.1274002181600012,1.0686802666769313,0.0751003003815619,0.0773278734149547,1.2032702649942912,0.0778598355068135,0.5723333333333334,False
MIDNIGHT,1,4,h1->h4,0.1,123,1400,3000,300,0.9887862222222222,0.9158167757154316,0.0657321861189526,0.1244078611917183,0.1269136547138209,1.0805498093130996,0.0802524218380114,0.0813615639982592,0.9152820327836968,0.0806442597487037,0.5783333333333334,False
MIDNIGHT,1,4,h1->h4,0.1,456,1400,3000,300,0.9882768888888888,0.9097113347182072,0.0685307086665748,0.1294031921377135,0.1308506634089987,1.111095845843038,0.0870057437538081,0.0898641796182255,1.0177890143753374,0.0874215443996669,0.583,False
MIDNIGHT,1,4,h1->h4,0.25,42,3500,3000,750,0.9902746666666666,0.9175236164083748,0.060331696016429,0.1083029565489652,0.1092378353404299,1.1751299565401765,0.0803341462388383,0.0813701294601391,1.1819749874852763,0.0803339268530957,0.576,False
MIDNIGHT,1,4,h1->h4,0.25,123,3500,3000,750,0.9914586666666666,0.9215468546323564,0.0591368550569372,0.1082608912957255,0.1081992999481261,1.2552217443168436,0.0832975336293866,0.0846155464455807,1.1481997709163954,0.0830281366992236,0.576,False
MIDNIGHT,1,4,h1->h4,0.25,456,3500,3000,750,0.9902968888888888,0.8965978909786992,0.0709403386734542,0.1257857880976787,0.1216175163838747,1.23160483398356,0.1047930311405251,0.1056762763365457,1.2700238869770082,0.1048264116465257,0.6016666666666667,False
MIDNIGHT,1,4,h1->h4,0.5,42,7000,3000,1500,0.991268888888889,0.9086148838580288,0.0626980820113761,0.1100336719310734,0.1093856644835699,1.2756981891557808,0.0922820667954224,0.0930290742855258,1.2608802042952203,0.0922475332498276,0.5886666666666667,False
MIDNIGHT,1,4,h1->h4,0.5,123,7000,3000,1500,0.9911871111111112,0.9062234362758,0.06525005865734,0.1100224030032015,0.1103084242077872,1.310379497949138,0.096916617658599,0.0975443448531441,1.2964757964719964,0.0968859136123965,0.591,False
MIDNIGHT,1,4,h1->h4,0.5,456,7000,3000,1500,0.9924724444444444,0.9113236556688592,0.0617478584519029,0.1124690252671698,0.1129331208130114,1.2956810108176149,0.0939393018554757,0.0946537377537684,1.2507474075403813,0.0937200502919603,0.5873333333333334,False
MIDNIGHT,1,4,h1->h4,1.0,42,14000,3000,3000,0.9918604444444444,0.9007455745704106,0.0664194048030684,0.1083988060616828,0.1096262387672109,1.3185868437160906,0.1019718056667097,0.1024891143000666,1.3185868437160906,0.1019718056667097,0.5963333333333334,False
MIDNIGHT,1,4,h1->h4,1.0,123,14000,3000,3000,0.9918604444444444,0.9007455745704106,0.0664194048030684,0.1083988060616828,0.1096262387672109,1.3185868437160906,0.1019718056667097,0.1024891143000666,1.3185868437160906,0.1019718056667097,0.5963333333333334,False
MIDNIGHT,1,4,h1->h4,1.0,456,14000,3000,3000,0.9918604444444444,0.9007455745704106,0.0664194048030684,0.1083988060616828,0.1096262387672109,1.3185868437160906,0.1019718056667097,0.1024891143000666,1.3185868437160906,0.1019718056667097,0.5963333333333334,False
MIDNIGHT,2,0,h2->h0,0.01,42,140,3000,30,0.9929346666666669,0.9636665657404604,0.0852552357073923,0.2296546445466963,0.2221526339904699,0.7753060777339797,0.0644411575405488,0.0585978937068387,0.57100507077693,0.0290025759089547,0.5016666666666667,False
MIDNIGHT,2,0,h2->h0,0.01,123,140,3000,30,0.9926164444444444,0.9603333289259256,0.0851050166028232,0.2257585782507097,0.2215671284924062,0.6959858723487884,0.0452918978455483,0.044299153128222,0.1000061698286037,0.0343397897152145,0.5003333333333333,False
MIDNIGHT,2,0,h2->h0,0.01,456,140,3000,30,0.9904964444444444,0.9489646097921904,0.0920001685705578,0.2327885372879695,0.2246182575533198,0.7207556291426171,0.0627177726375035,0.0596032709986832,0.5970999810621926,0.0425727440629343,0.5263333333333333,False
MIDNIGHT,2,0,h2->h0,0.05,42,700,3000,150,0.9928404444444444,0.961331253814094,0.0514103269677777,0.1377203403354185,0.1348082656776453,1.0686993435679646,0.044640311813123,0.0436692892487905,0.889454751432487,0.0265903271395255,0.5073333333333333,False
MIDNIGHT,2,0,h2->h0,0.05,123,700,3000,150,0.9922084444444444,0.95565176073069,0.055477221205135,0.1415385586248276,0.1396907112414743,1.040874468892516,0.0508055476015938,0.0505215787750637,1.1337221021671329,0.0592684928100736,0.5183333333333333,False
MIDNIGHT,2,0,h2->h0,0.05,456,700,3000,150,0.994511111111111,0.964662646061063,0.047510383521414,0.136553523392858,0.1312569462722426,1.1428502922257195,0.0503960145464114,0.0498533157743502,1.2544073813606809,0.0625064607549229,0.5106666666666667,False
MIDNIGHT,2,0,h2->h0,0.1,42,1400,3000,300,0.9936595555555556,0.9619918240190336,0.0442767564960397,0.1134104100631402,0.109545740002926,1.1713707278074517,0.0439940016919377,0.0421699065012782,1.1639745481927684,0.042997290410697,0.5146666666666667,False
MIDNIGHT,2,0,h2->h0,0.1,123,1400,3000,300,0.9932084444444444,0.9573162598372682,0.0457102993549281,0.1115883113059461,0.1088302392858112,1.164738522055115,0.0454532468014462,0.0441109376658923,1.2073367045153691,0.0489141195052939,0.52,False
MIDNIGHT,2,0,h2->h0,0.1,456,1400,3000,300,0.9946591111111112,0.9646603840682788,0.0399011296895699,0.1056507153725047,0.1019769294977946,1.2575379147701289,0.0435320534414487,0.0421947216497682,1.3470640523019843,0.0509057929356831,0.5133333333333333,False
MIDNIGHT,2,0,h2->h0,0.25,42,3500,3000,750,0.9950515555555556,0.964326670348095,0.0338603200459684,0.0797005248347308,0.0778126492386868,1.375215005864879,0.0384570347938682,0.0386381241870498,1.4904744507522694,0.045349509672121,0.5136666666666667,False
MIDNIGHT,2,0,h2->h0,0.25,123,3500,3000,750,0.9954404444444444,0.9636569711541936,0.0341052592558215,0.0805026818168246,0.0789656604878819,1.3790599368525596,0.0425802944622325,0.0414857097928443,1.5631324645374065,0.0519083960328177,0.5163333333333333,False
MIDNIGHT,2,0,h2->h0,0.25,456,3500,3000,750,0.9957795555555556,0.9689957799811642,0.0308412582404783,0.0749101832288769,0.0727004110187552,1.4227888444792285,0.0374444460253449,0.0363693298208921,1.536187490356001,0.0439291634432544,0.5116666666666667,False
MIDNIGHT,2,0,h2->h0,0.5,42,7000,3000,1500,0.9962164444444446,0.969662537400924,0.0283139537346871,0.0655147122302088,0.0634839217618703,1.4726427293651765,0.0372276933568369,0.0364815828334686,1.5666827769212597,0.041908841812038,0.5116666666666667,False
MIDNIGHT,2,0,h2->h0,0.5,123,7000,3000,1500,0.996344888888889,0.9679911086412892,0.0293301547182688,0.0663752822849942,0.0653095859837703,1.4756787927723989,0.0401388393928161,0.0400918004962742,1.7039915499885596,0.0511059789237196,0.5166666666666667,False
MIDNIGHT,2,0,h2->h0,0.5,456,7000,3000,1500,0.9966435555555556,0.9713300713325606,0.0268387085282412,0.061671333526194,0.0605437332689336,1.5377969497183652,0.0388755518116513,0.0373774569715732,1.538255193365495,0.0388511635632234,0.5106666666666667,False
MIDNIGHT,2,0,h2->h0,1.0,42,14000,3000,3000,0.9968453333333333,0.9713292047388158,0.0251577507039789,0.0534463972393694,0.0533362867204738,1.570741296693197,0.0360419998282881,0.0359994916538615,1.570741296693197,0.0360419998282881,0.512,False
MIDNIGHT,2,0,h2->h0,1.0,123,14000,3000,3000,0.9968453333333333,0.9713292047388158,0.0251577507039789,0.0534463972393694,0.0533362867204738,1.570741296693197,0.0360419998282881,0.0359994916538615,1.570741296693197,0.0360419998282881,0.512,False
MIDNIGHT,2,0,h2->h0,1.0,456,14000,3000,3000,0.9968453333333333,0.9713292047388158,0.0251577507039789,0.0534463972393694,0.0533362867204738,1.570741296693197,0.0360419998282881,0.0359994916538615,1.570741296693197,0.0360419998282881,0.512,False
MIDNIGHT,2,1,h2->h1,0.01,42,140,3000,30,0.9817902222222222,0.9136313401737908,0.1112920116081675,0.2396263713695363,0.2389646589657843,0.7753060777339797,0.096123461240063,0.0937893214862946,0.57100507077693,0.0700305815598378,0.5653333333333334,False
MIDNIGHT,2,1,h2->h1,0.01,123,140,3000,30,0.9811644444444446,0.9006321940948667,0.1204976431165472,0.2514130168620916,0.248095667195088,0.6959858723487884,0.1026649888465614,0.1043188141611925,0.1000061698286037,0.0911227982829343,0.584,False
MIDNIGHT,2,1,h2->h1,0.01,456,140,3000,30,0.9766164444444444,0.918911694835676,0.117526313973048,0.2418740633312252,0.239018378761064,0.7207556291426171,0.0756177808473693,0.0747749336942606,0.5970999810621926,0.0543898162434689,0.533,False
MIDNIGHT,2,1,h2->h1,0.05,42,700,3000,150,0.981536,0.9197422835549708,0.0807336127463348,0.1641456810536715,0.1633126013299352,1.0686993435679646,0.0737590890708976,0.0733802711947574,0.889454751432487,0.0619236148831211,0.5566666666666666,False
MIDNIGHT,2,1,h2->h1,0.05,123,700,3000,150,0.982446222222222,0.9176835756648556,0.0861441825531505,0.1777677243227372,0.1739792488222522,1.040874468892516,0.0851736852240241,0.0863475444110553,1.1337221021671329,0.0940539681654847,0.562,False
MIDNIGHT,2,1,h2->h1,0.05,456,700,3000,150,0.9838488888888888,0.9355652822179432,0.0752343170737322,0.1570169091593282,0.1568004444987898,1.1428502922257195,0.0745237351895175,0.0732644757830601,1.2544073813606809,0.0855509124260612,0.5396666666666666,False
MIDNIGHT,2,1,h2->h1,0.1,42,1400,3000,300,0.984025777777778,0.9352398196328832,0.0671430546442721,0.1365930685827868,0.1347946942082259,1.1713707278074517,0.0585524846397,0.0587624704796105,1.1639745481927684,0.0576072810735428,0.538,False
MIDNIGHT,2,1,h2->h1,0.1,123,1400,3000,300,0.9831728888888888,0.9179796524814614,0.0777849292805433,0.1481825537867525,0.1473235321270999,1.164738522055115,0.0861685210915075,0.0868593026759714,1.2073367045153691,0.0900016912514846,0.5656666666666667,False
MIDNIGHT,2,1,h2->h1,0.1,456,1400,3000,300,0.9854902222222222,0.9422847948457986,0.0615312833481367,0.1227528603280956,0.1222478645078305,1.2575379147701289,0.0581915523915486,0.0570677046246222,1.3470640523019843,0.0658557915271417,0.529,False
MIDNIGHT,2,1,h2->h1,0.25,42,3500,3000,750,0.9862884444444444,0.943279991316278,0.0531658801964001,0.0943063317090525,0.0924056135684672,1.375215005864879,0.0465268045447153,0.0457448571904316,1.4904744507522694,0.0532761370222881,0.5306666666666666,False
MIDNIGHT,2,1,h2->h1,0.25,123,3500,3000,750,0.9863546666666666,0.9362079536101566,0.0564567729087792,0.1023663354244848,0.1011982756018344,1.3790599368525596,0.0585780854464993,0.0592837528051703,1.5631324645374065,0.0694059899404025,0.5443333333333333,False
MIDNIGHT,2,1,h2->h1,0.25,456,3500,3000,750,0.9876622222222222,0.946274826619522,0.051901072551439,0.0936939238171381,0.0952838572836889,1.4227888444792285,0.0546970036264552,0.0538281779514668,1.536187490356001,0.0623948440269688,0.533,False
MIDNIGHT,2,1,h2->h1,0.5,42,7000,3000,1500,0.9875657777777778,0.9479510508549374,0.0469146958978154,0.0766182586637039,0.0740083435800921,1.4726427293651765,0.0433426596816211,0.040989520867528,1.5666827769212597,0.0486584368940911,0.5306666666666666,False
MIDNIGHT,2,1,h2->h1,0.5,123,7000,3000,1500,0.987712888888889,0.9482918231580352,0.046458301324443,0.0772102613586246,0.0747038121339988,1.4756787927723989,0.0428668882777584,0.0410809397092532,1.7039915499885596,0.0564936864752491,0.5283333333333333,False
MIDNIGHT,2,1,h2->h1,0.5,456,7000,3000,1500,0.9879031111111112,0.9442676372626356,0.0468377437749173,0.0775372644326513,0.0752262782978318,1.5377969497183652,0.0482645926036732,0.0457761852297182,1.538255193365495,0.0488674155433885,0.5343333333333333,False
MIDNIGHT,2,1,h2->h1,1.0,42,14000,3000,3000,0.987696888888889,0.9479552183567728,0.0429861500351544,0.0616811063043221,0.0607152680407444,1.570741296693197,0.0346336854664201,0.0369758890327784,1.570741296693197,0.0346336854664201,0.5293333333333333,False
MIDNIGHT,2,1,h2->h1,1.0,123,14000,3000,3000,0.987696888888889,0.9479552183567728,0.0429861500351544,0.0616811063043221,0.0607152680407444,1.570741296693197,0.0346336854664201,0.0369758890327784,1.570741296693197,0.0346336854664201,0.5293333333333333,False
MIDNIGHT,2,1,h2->h1,1.0,456,14000,3000,3000,0.987696888888889,0.9479552183567728,0.0429861500351544,0.0616811063043221,0.0607152680407444,1.570741296693197,0.0346336854664201,0.0369758890327784,1.570741296693197,0.0346336854664201,0.5293333333333333,False
MIDNIGHT,2,3,h2->h3,0.01,42,140,3000,30,0.9893657777777778,0.937504114869442,0.0829773116436497,0.2028211158905682,0.1987802403518746,0.7753060777339797,0.0597810241865476,0.0603892324163991,0.57100507077693,0.0478505957195631,0.551,False
MIDNIGHT,2,3,h2->h3,0.01,123,140,3000,30,0.9840511111111112,0.9310907421192562,0.0920066649061745,0.2033567315369698,0.2030408183694781,0.6959858723487884,0.0581586271235215,0.0601749039429886,0.1000061698286037,0.0662203154550117,0.5593333333333333,False
MIDNIGHT,2,3,h2->h3,0.01,456,140,3000,30,0.9783386666666666,0.9278383257778872,0.0916324525694175,0.1885195932431048,0.188043877710593,0.7207556291426171,0.0383284353219076,0.0408579242997388,0.5970999810621926,0.0389915980490623,0.5473333333333333,False
MIDNIGHT,2,3,h2->h3,0.05,42,700,3000,150,0.984504,0.9368483729434371,0.0595107998735455,0.1144723069886269,0.1160199305287989,1.0686993435679646,0.0429215268444818,0.0461290947839512,0.889454751432487,0.0408311759787184,0.549,False
MIDNIGHT,2,3,h2->h3,0.05,123,700,3000,150,0.9795293333333334,0.9314837663874956,0.0661087845773232,0.1139317670823094,0.1141043593044784,1.040874468892516,0.0413666016691177,0.0421811528972689,1.1337221021671329,0.0442834742617141,0.5516666666666666,False
MIDNIGHT,2,3,h2->h3,0.05,456,700,3000,150,0.9850866666666668,0.9344940512131746,0.0605481771987667,0.1094300995747317,0.1088189146566595,1.1428502922257195,0.0505252397549698,0.0523270937094825,1.2544073813606809,0.0560236081226371,0.5513333333333333,False
MIDNIGHT,2,3,h2->h3,0.1,42,1400,3000,300,0.9818217777777776,0.939200926462073,0.055237846120518,0.0850728600178434,0.0854032394968087,1.1713707278074517,0.0349646225097133,0.0354097275485833,1.1639745481927684,0.0338219097477019,0.5466666666666666,False
MIDNIGHT,2,3,h2->h3,0.1,123,1400,3000,300,0.9818262222222222,0.9368483729434371,0.0573030113521338,0.0915315680462545,0.0885331869807843,1.164738522055115,0.0407992054854079,0.0430235379812395,1.2073367045153691,0.0409107005536583,0.549,False
MIDNIGHT,2,3,h2->h3,0.1,456,1400,3000,300,0.9855537777777776,0.9361758934455984,0.0537428978930254,0.0823997062293488,0.0825222406292223,1.2575379147701289,0.0421320208218637,0.0468230248323251,1.3470640523019843,0.0474458516238116,0.5496666666666666,False
MIDNIGHT,2,3,h2->h3,0.25,42,3500,3000,750,0.9856764444444446,0.9418908839932764,0.0464128906260535,0.0594073422647336,0.0585220734113053,1.375215005864879,0.0329844801567392,0.0331954094074656,1.4904744507522694,0.0358041523408046,0.5433333333333333,False
MIDNIGHT,2,3,h2->h3,0.25,123,3500,3000,750,0.9837764444444445,0.942548597651351,0.0474898955385243,0.0603795664187215,0.0579541148423404,1.3790599368525596,0.032132404592303,0.0349646143569759,1.5631324645374065,0.0373577433982144,0.5453333333333333,False
MIDNIGHT,2,3,h2->h3,0.25,456,3500,3000,750,0.988157777777778,0.9432166372135448,0.0448136125210076,0.0635916452112729,0.0626198497249258,1.4227888444792285,0.0400435981401954,0.0404255954590254,1.536187490356001,0.0425734209493937,0.5453333333333333,False
MIDNIGHT,2,3,h2->h3,0.5,42,7000,3000,1500,0.9874004444444444,0.9485816321124848,0.0404829112715697,0.0465165870909439,0.0458385737492951,1.4726427293651765,0.0276870018807797,0.0301140382958011,1.5666827769212597,0.0296578365838191,0.5406666666666666,False
MIDNIGHT,2,3,h2->h3,0.5,123,7000,3000,1500,0.9869364444444444,0.9492626166959816,0.0405069665129466,0.0456509782300555,0.0456509782300555,1.4756787927723989,0.0258446450534773,0.026589510719589,1.7039915499885596,0.0341697226172638,0.5373333333333333,False
MIDNIGHT,2,3,h2->h3,0.5,456,7000,3000,1500,0.9870622222222222,0.946901821467894,0.041758747100721,0.048177122384166,0.0470949856353606,1.5377969497183652,0.030895470717467,0.0317742754268972,1.538255193365495,0.0309069561383421,0.543,False
MIDNIGHT,2,3,h2->h3,1.0,42,14000,3000,3000,0.9863617777777776,0.949587345154971,0.0392350210457024,0.0381992254976366,0.0336704883464377,1.570741296693197,0.0245536683143797,0.0258604455380705,1.570741296693197,0.0245536683143797,0.5396666666666666,False
MIDNIGHT,2,3,h2->h3,1.0,123,14000,3000,3000,0.9863617777777776,0.949587345154971,0.0392350210457024,0.0381992254976366,0.0336704883464377,1.570741296693197,0.0245536683143797,0.0258604455380705,1.570741296693197,0.0245536683143797,0.5396666666666666,False
MIDNIGHT,2,3,h2->h3,1.0,456,14000,3000,3000,0.9863617777777776,0.949587345154971,0.0392350210457024,0.0381992254976366,0.0336704883464377,1.570741296693197,0.0245536683143797,0.0258604455380705,1.570741296693197,0.0245536683143797,0.5396666666666666,False
MIDNIGHT,2,4,h2->h4,0.01,42,140,3000,30,0.9850044444444443,0.9359041696118108,0.1124600983619234,0.2503581271024752,0.2484743816666547,0.7753060777339797,0.0885463397594048,0.0885085453413529,0.57100507077693,0.0528874600949699,0.5386666666666666,False
MIDNIGHT,2,4,h2->h4,0.01,123,140,3000,30,0.9859751111111112,0.9202609187818368,0.1148667675831722,0.2540823977226849,0.2546048182464673,0.6959858723487884,0.0950712832061443,0.0969634742274554,0.1000061698286037,0.0746875460566321,0.5713333333333334,False
MIDNIGHT,2,4,h2->h4,0.01,456,140,3000,30,0.9751511111111112,0.9225300096036076,0.124579551046216,0.2515463331474857,0.2511893160708398,0.7207556291426171,0.0842941451556974,0.0794509705719967,0.5970999810621926,0.0539873303993658,0.542,False
MIDNIGHT,2,4,h2->h4,0.05,42,700,3000,150,0.9894613333333332,0.945277297285754,0.0721207260069171,0.1720649552383102,0.1674085781881042,1.0686993435679646,0.070824631928677,0.0711850481284639,0.889454751432487,0.0506524991319194,0.532,False
MIDNIGHT,2,4,h2->h4,0.05,123,700,3000,150,0.985559111111111,0.9291163032056816,0.0803612735608685,0.1753262218658313,0.1706665833289856,1.040874468892516,0.0784289827657475,0.0751129440535073,1.1337221021671329,0.0873799175114289,0.5553333333333333,False
MIDNIGHT,2,4,h2->h4,0.05,456,700,3000,150,0.9865546666666668,0.9314593311433754,0.078175642562412,0.1674921236041047,0.1681104848643618,1.1428502922257195,0.0886768443401322,0.0841454042497867,1.2544073813606809,0.0962869551242997,0.555,False
MIDNIGHT,2,4,h2->h4,0.1,42,1400,3000,300,0.9901133333333334,0.9503153971917196,0.0614304440632296,0.1449784552527795,0.1401562040100035,1.1713707278074517,0.0648067407903037,0.0584075531080784,1.1639745481927684,0.0631951174282815,0.519,False
MIDNIGHT,2,4,h2->h4,0.1,123,1400,3000,300,0.9893173333333334,0.9405550422459952,0.0663288075916053,0.1495739303866132,0.1489422019815944,1.164738522055115,0.0712521022214453,0.0727723793841219,1.2073367045153691,0.0747181940866621,0.5433333333333333,False
MIDNIGHT,2,4,h2->h4,0.1,456,1400,3000,300,0.9879626666666668,0.942594999712975,0.0636738939173282,0.1361841356872261,0.1338088840341996,1.2575379147701289,0.0650910687607938,0.0666737855381159,1.3470640523019843,0.0751477667464887,0.5353333333333333,False
MIDNIGHT,2,4,h2->h4,0.25,42,3500,3000,750,0.9927942222222222,0.9569833621203934,0.0461954638037641,0.1085943658588055,0.1048807757103774,1.375215005864879,0.0555886258721721,0.0548142689400818,1.4904744507522694,0.0665438037292791,0.5196666666666667,False
MIDNIGHT,2,4,h2->h4,0.25,123,3500,3000,750,0.9931693333333332,0.9549585568677136,0.0469859661499812,0.1118164128427878,0.1082637673171238,1.3790599368525596,0.0615566753856179,0.0605371286173205,1.5631324645374065,0.0765501343510955,0.5303333333333333,False
MIDNIGHT,2,4,h2->h4,0.25,456,3500,3000,750,0.9917315555555556,0.9482599256656472,0.0517043206229565,0.1138456615505734,0.1108357167573471,1.4227888444792285,0.0678058304377952,0.0668389672650249,1.536187490356001,0.076947317043428,0.5376666666666666,False
MIDNIGHT,2,4,h2->h4,0.5,42,7000,3000,1500,0.9948635555555556,0.964330856309466,0.0369566643719319,0.091008979941316,0.084854894856346,1.4726427293651765,0.0525678730420047,0.0454197122043822,1.5666827769212597,0.0580301309898849,0.5083333333333333,False
MIDNIGHT,2,4,h2->h4,0.5,123,7000,3000,1500,0.9942555555555556,0.9629974303771096,0.0389316038440054,0.0901324772388124,0.0857492091834744,1.4756787927723989,0.0510768902954893,0.0462258054650964,1.7039915499885596,0.0680807213395325,0.5083333333333333,False
MIDNIGHT,2,4,h2->h4,0.5,456,7000,3000,1500,0.9945853333333332,0.9629836758010284,0.0386698082842955,0.0918115080877105,0.0879446231704496,1.5377969497183652,0.0581833905376564,0.055739326886003,1.538255193365495,0.058215640634607,0.521,False
MIDNIGHT,2,4,h2->h4,1.0,42,14000,3000,3000,0.995296,0.967999487991808,0.0322925576643237,0.072311734088326,0.065425242979616,1.570741296693197,0.0442353061491497,0.0374716644962308,1.570741296693197,0.0442353061491497,0.504,False
MIDNIGHT,2,4,h2->h4,1.0,123,14000,3000,3000,0.995296,0.967999487991808,0.0322925576643237,0.072311734088326,0.065425242979616,1.570741296693197,0.0442353061491497,0.0374716644962308,1.570741296693197,0.0442353061491497,0.504,False
MIDNIGHT,2,4,h2->h4,1.0,456,14000,3000,3000,0.995296,0.967999487991808,0.0322925576643237,0.072311734088326,0.065425242979616,1.570741296693197,0.0442353061491497,0.0374716644962308,1.570741296693197,0.0442353061491497,0.504,False
MIDNIGHT,3,0,h3->h0,0.01,42,140,3000,30,0.9781013333333332,0.8806389327716342,0.078372193080629,0.1602947910335923,0.1457692052892297,0.7517471038501403,0.0741736321908695,0.0650222759688264,0.7862503389431934,0.0723868504159329,0.555,False
MIDNIGHT,3,0,h3->h0,0.01,123,140,3000,30,0.9901755555555556,0.96330317669943,0.0666687937489158,0.1844054250618796,0.1797127866486642,0.5742788732604791,0.0260222859396204,0.0184048591878833,0.1000052749944835,0.0329628531116821,0.5286666666666666,False
MIDNIGHT,3,0,h3->h0,0.01,456,140,3000,30,0.9912902222222222,0.9522504347826086,0.0718846675217574,0.1877329390722238,0.1828320870823724,0.659394000528757,0.0460746742260512,0.0467884310902003,0.100005876218359,0.0452259485501626,0.5416666666666666,False
MIDNIGHT,3,0,h3->h0,0.05,42,700,3000,150,0.991537777777778,0.968315586541306,0.0375227812195765,0.0896830788303067,0.0842455065644813,0.9276893347009796,0.0246845481615744,0.0171272346372211,0.8996483343042626,0.0246808003023832,0.5236666666666666,False
MIDNIGHT,3,0,h3->h0,0.05,123,700,3000,150,0.9948293333333336,0.9706533106622748,0.0334768417903083,0.0951945979903318,0.0890241265915294,0.9300320124475384,0.0213907261497395,0.0225298102416106,0.6622445556653854,0.0222305580950783,0.5213333333333333,False
MIDNIGHT,3,0,h3->h0,0.05,456,700,3000,150,0.9937177777777776,0.9696456175888192,0.0341750074757055,0.0896815270538271,0.0801792011473708,0.9360074786645912,0.0233280083936547,0.0218545387785012,1.26725296164168,0.0345712509345949,0.5263333333333333,False
MIDNIGHT,3,0,h3->h0,0.1,42,1400,3000,300,0.9936102222222222,0.9713210842497616,0.0298234091779678,0.0702382723755005,0.0586790314102172,1.0723111726510002,0.020353006719916,0.0166535308175858,0.9048435304169308,0.0172463394923788,0.5206666666666667,False
MIDNIGHT,3,0,h3->h0,0.1,123,1400,3000,300,0.9949933333333332,0.9723226283410284,0.0285331338185521,0.0719298777565666,0.0666211361998567,1.0034928578636504,0.0192211543856086,0.0212046816570548,1.1820496035271364,0.0223352578519697,0.5196666666666667,False
MIDNIGHT,3,0,h3->h0,0.1,456,1400,3000,300,0.9948133333333332,0.9719902401547916,0.0276745619979618,0.0695062116476717,0.062655957773829,1.0253833424792007,0.0156305020564617,0.0168290018643696,1.0721760299327183,0.0149832362911939,0.5186666666666667,False
MIDNIGHT,3,0,h3->h0,0.25,42,3500,3000,750,0.9950586666666668,0.971652527577366,0.0232881793818679,0.0424869324840495,0.0386603825484326,1.2360473707597386,0.0189318003526165,0.0183580625374783,1.2980760775388722,0.0183078936028161,0.5223333333333333,False
MIDNIGHT,3,0,h3->h0,0.25,123,3500,3000,750,0.9958444444444444,0.9766591042164328,0.0221384745732104,0.0479593393261041,0.0436892245089398,1.1717500551765112,0.0178632754924126,0.0172462627994899,1.3597049379246515,0.0181245992678327,0.518,False
MIDNIGHT,3,0,h3->h0,0.25,456,3500,3000,750,0.9956915555555556,0.9749909717407984,0.0221383213172406,0.0468954956304143,0.042020284213199,1.1658205471927083,0.0157202606443091,0.015791641445739,1.1826404917838105,0.0156322253747786,0.519,False
MIDNIGHT,3,0,h3->h0,0.5,42,7000,3000,1500,0.9955253333333332,0.9729888323828106,0.0212582882581274,0.0338030949517682,0.0304549223908263,1.2776276411985208,0.0166433743693464,0.016975927676314,1.2587878215527522,0.0170000678257298,0.5203333333333333,False
MIDNIGHT,3,0,h3->h0,0.5,123,7000,3000,1500,0.9957608888888888,0.9736550485430742,0.0214597854152537,0.0383755118787778,0.0347564968886018,1.2744294117459838,0.0192964731716633,0.0193512081846731,1.385225061251356,0.0191249520096031,0.521,False
MIDNIGHT,3,0,h3->h0,0.5,456,7000,3000,1500,0.99584,0.9749903268141822,0.0207539951797986,0.0359723959464079,0.0348465316713108,1.2705633451189933,0.0168759241665932,0.0171965966029748,1.121197693889412,0.0178368285416668,0.5196666666666667,False
MIDNIGHT,3,0,h3->h0,1.0,42,14000,3000,3000,0.9960902222222222,0.97498897013583,0.0198744957991868,0.0302357597720612,0.0296147510974394,1.3383131290104096,0.0202047371715967,0.0206595012071987,1.3383131290104096,0.0202047371715967,0.521,False
MIDNIGHT,3,0,h3->h0,1.0,123,14000,3000,3000,0.9960902222222222,0.97498897013583,0.0198744957991868,0.0302357597720612,0.0296147510974394,1.3383131290104096,0.0202047371715967,0.0206595012071987,1.3383131290104096,0.0202047371715967,0.521,False
MIDNIGHT,3,0,h3->h0,1.0,456,14000,3000,3000,0.9960902222222222,0.97498897013583,0.0198744957991868,0.0302357597720612,0.0296147510974394,1.3383131290104096,0.0202047371715967,0.0206595012071987,1.3383131290104096,0.0202047371715967,0.521,False
MIDNIGHT,3,1,h3->h1,0.01,42,140,3000,30,0.9574111111111112,0.8710444155104837,0.096977143706852,0.1199774613144365,0.1118524799679719,0.7517471038501403,0.0748377011169849,0.0699541341380792,0.7862503389431934,0.0734012078804974,0.5473333333333333,False
MIDNIGHT,3,1,h3->h1,0.01,123,140,3000,30,0.9770777777777776,0.9119689925559686,0.0872125118898207,0.1503770403994677,0.1474850826921205,0.5742788732604791,0.0636419986654665,0.063693769101821,0.1000052749944835,0.0807742025451347,0.5643333333333334,False
MIDNIGHT,3,1,h3->h1,0.01,456,140,3000,30,0.9748191111111112,0.887526889155392,0.1016239772766363,0.1711630270769401,0.1684326551539291,0.659394000528757,0.1107149118305732,0.1107149118305731,0.100005876218359,0.1045368562902065,0.6006666666666667,False
MIDNIGHT,3,1,h3->h1,0.05,42,700,3000,150,0.9766986666666668,0.9149553571428573,0.0692634529121391,0.0781911485537817,0.0791340314198675,0.9276893347009796,0.0664584711212258,0.0664867020710764,0.8996483343042626,0.06645590835477,0.5666666666666667,False
MIDNIGHT,3,1,h3->h1,0.05,123,700,3000,150,0.986132,0.9300615915327008,0.0586179390675289,0.0943991275298216,0.09454838408928,0.9300320124475384,0.0629666561468136,0.0630187191895505,0.6622445556653854,0.0618085279447762,0.5623333333333334,False
MIDNIGHT,3,1,h3->h1,0.05,456,700,3000,150,0.9829142222222222,0.9202908290691532,0.0633399290786933,0.0889316226431834,0.0886397530440717,0.9360074786645912,0.066166794204933,0.0662474287444242,1.26725296164168,0.0675318126838829,0.5686666666666667,False
MIDNIGHT,3,1,h3->h1,0.1,42,1400,3000,300,0.9837280000000002,0.930421720198084,0.0549328787510349,0.0619502120174044,0.064847739094988,1.0723111726510002,0.0563319924339525,0.0563593449874976,0.9048435304169308,0.0562409670693991,0.5593333333333333,False
MIDNIGHT,3,1,h3->h1,0.1,123,1400,3000,300,0.9871324444444444,0.9415411685463873,0.0490581912957456,0.0666977992285997,0.0671134328837902,1.0034928578636504,0.0471752436851867,0.0472032530066363,1.1820496035271364,0.0475895353955327,0.5463333333333333,False
MIDNIGHT,3,1,h3->h1,0.1,456,1400,3000,300,0.9849244444444444,0.9287406078950275,0.0547261328174129,0.0687181758721823,0.0681854841837424,1.0253833424792007,0.0556441362662274,0.0556816807055309,1.0721760299327183,0.055735854320515,0.5603333333333333,False
MIDNIGHT,3,1,h3->h1,0.25,42,3500,3000,750,0.9873626666666666,0.9368269831452832,0.0482395790878809,0.0553010874909207,0.0561929851421777,1.2360473707597386,0.0536908839875449,0.0537152537469811,1.2980760775388722,0.0538256328941322,0.5523333333333333,False
MIDNIGHT,3,1,h3->h1,0.25,123,3500,3000,750,0.9887995555555557,0.9462369840350556,0.0431343840161693,0.050254594195359,0.0522574298497897,1.1717500551765112,0.0432450900738509,0.0433289300946621,1.3597049379246515,0.0436912294656166,0.5423333333333333,False
MIDNIGHT,3,1,h3->h1,0.25,456,3500,3000,750,0.9886742222222222,0.944552716337932,0.0440906807959731,0.0486215559548564,0.0510754519563662,1.1658205471927083,0.0455335810982507,0.0455539003390121,1.1826404917838105,0.0455663343217222,0.5453333333333333,False
MIDNIGHT,3,1,h3->h1,0.5,42,7000,3000,1500,0.989288888888889,0.9492600648670012,0.0389730735874442,0.035865368214828,0.0365124246950728,1.2776276411985208,0.0360326109482738,0.0360457045590902,1.2587878215527522,0.0360397518965174,0.538,False
MIDNIGHT,3,1,h3->h1,0.5,123,7000,3000,1500,0.9904897777777778,0.9549529057655944,0.0361016712928809,0.0335454130960169,0.0371483541622062,1.2744294117459838,0.0326179584513946,0.0326906896863386,1.385225061251356,0.0326620068053384,0.5323333333333333,False
MIDNIGHT,3,1,h3->h1,0.5,456,7000,3000,1500,0.9897742222222222,0.9516004076247048,0.0386403220065931,0.039450852605267,0.0408830270151608,1.2705633451189933,0.0372176320000637,0.0372325522931897,1.121197693889412,0.0370326583816904,0.537,False
MIDNIGHT,3,1,h3->h1,1.0,42,14000,3000,3000,0.991948,0.9592998868848224,0.0320850534347722,0.0284685734882262,0.0292238581135434,1.3383131290104096,0.0283296179371317,0.0283436828966964,1.3383131290104096,0.0283296179371317,0.5286666666666666,False
MIDNIGHT,3,1,h3->h1,1.0,123,14000,3000,3000,0.991948,0.9592998868848224,0.0320850534347722,0.0284685734882262,0.0292238581135434,1.3383131290104096,0.0283296179371317,0.0283436828966964,1.3383131290104096,0.0283296179371317,0.5286666666666666,False
MIDNIGHT,3,1,h3->h1,1.0,456,14000,3000,3000,0.991948,0.9592998868848224,0.0320850534347722,0.0284685734882262,0.0292238581135434,1.3383131290104096,0.0283296179371317,0.0283436828966964,1.3383131290104096,0.0283296179371317,0.5286666666666666,False
MIDNIGHT,3,2,h3->h2,0.01,42,140,3000,30,0.9150497777777776,0.8499865389706844,0.1303190961374897,0.1469481617000901,0.1436638466386023,0.7517471038501403,0.0745880965873583,0.0720330584013956,0.7862503389431934,0.0800823275206733,0.5673333333333334,False
MIDNIGHT,3,2,h3->h2,0.01,123,140,3000,30,0.9602853333333332,0.923935354657273,0.103589729147487,0.1988090719271137,0.2019344716824622,0.5742788732604791,0.0668680604582665,0.0679277933587843,0.1000052749944835,0.072870516440104,0.5723333333333334,False
MIDNIGHT,3,2,h3->h2,0.01,456,140,3000,30,0.9621675555555556,0.8938444496542418,0.1041852955275045,0.1964785613136355,0.1978945638385135,0.659394000528757,0.1080517679462738,0.1080517679462737,0.100005876218359,0.1049275046407599,0.6043333333333333,False
MIDNIGHT,3,2,h3->h2,0.05,42,700,3000,150,0.963332,0.9252829113977066,0.0720533685499658,0.1221387553735253,0.1217154250164685,0.9276893347009796,0.066416506921066,0.0683036625622755,0.8996483343042626,0.0669127023347967,0.5716666666666667,False
MIDNIGHT,3,2,h3->h2,0.05,123,700,3000,150,0.9763257777777776,0.9394462442676056,0.0596125095207308,0.1086496983478598,0.1068823037087779,0.9300320124475384,0.0642178218532469,0.064217821853247,0.6622445556653854,0.0645174282261272,0.5603333333333333,False
MIDNIGHT,3,2,h3->h2,0.05,456,700,3000,150,0.9762062222222224,0.9279633450695376,0.0639830902406037,0.1135913852143522,0.1083633421579035,0.9360074786645912,0.0771104664369538,0.0771104664369538,1.26725296164168,0.0760262243653067,0.5716666666666667,False
MIDNIGHT,3,2,h3->h2,0.1,42,1400,3000,300,0.9737373333333336,0.935742255045237,0.0569691776423088,0.0963688573617917,0.0896919039676844,1.0723111726510002,0.0652210947341329,0.0652210947341329,0.9048435304169308,0.0659212475063669,0.5633333333333334,False
MIDNIGHT,3,2,h3->h2,0.1,123,1400,3000,300,0.9800431111111112,0.9428142033466732,0.0513753839542483,0.0893270508123518,0.0904067637234109,1.0034928578636504,0.0621542708143798,0.0622554235560757,1.1820496035271364,0.0619950014825715,0.557,False
MIDNIGHT,3,2,h3->h2,0.1,456,1400,3000,300,0.981038222222222,0.9326978807868522,0.0551865475948146,0.0883265998662596,0.0884814512476623,1.0253833424792007,0.0721706112139077,0.0721706112139077,1.0721760299327183,0.0723353880825439,0.567,False
MIDNIGHT,3,2,h3->h2,0.25,42,3500,3000,750,0.9806751111111112,0.943823831535696,0.0480927660911836,0.0722231354801317,0.0727828724324991,1.2360473707597386,0.0632920222244028,0.0632920222244029,1.2980760775388722,0.0633397396776168,0.556,False
MIDNIGHT,3,2,h3->h2,0.25,123,3500,3000,750,0.9839302222222224,0.9515565978744372,0.0414314696994234,0.0649721827614195,0.0651160770006029,1.1717500551765112,0.0530005676161364,0.0530005676161364,1.3597049379246515,0.0526706156730221,0.5476666666666666,False
MIDNIGHT,3,2,h3->h2,0.25,456,3500,3000,750,0.9854831111111112,0.951889152607608,0.0418796605339771,0.0630928917492356,0.0653148203329876,1.1658205471927083,0.0554175956883781,0.055417595688378,1.1826404917838105,0.0554628689007685,0.548,False
MIDNIGHT,3,2,h3->h2,0.5,42,7000,3000,1500,0.9852408888888888,0.9505495460136476,0.0408553361932018,0.0553183968219587,0.0596781029156521,1.2776276411985208,0.0547306008656086,0.0547306008656086,1.2587878215527522,0.0546967439794312,0.5486666666666666,False
MIDNIGHT,3,2,h3->h2,0.5,123,7000,3000,1500,0.986566222222222,0.953905270208642,0.0383176013253898,0.053693708358915,0.0547421774793651,1.2744294117459838,0.0515009989124885,0.0515009989124885,1.385225061251356,0.0516196869408211,0.5453333333333333,False
MIDNIGHT,3,2,h3->h2,0.5,456,7000,3000,1500,0.9849564444444444,0.950213796659112,0.0413254406482993,0.0577131836558722,0.0595308008675713,1.2705633451189933,0.0561367025554288,0.0561367025554288,1.121197693889412,0.0556522337679462,0.549,False
MIDNIGHT,3,2,h3->h2,1.0,42,14000,3000,3000,0.9884204444444444,0.950213796659112,0.0387687811012636,0.0558178981728607,0.0573723233432541,1.3383131290104096,0.0549883717824323,0.0549883717824323,1.3383131290104096,0.0549883717824323,0.549,False
MIDNIGHT,3,2,h3->h2,1.0,123,14000,3000,3000,0.9884204444444444,0.950213796659112,0.0387687811012636,0.0558178981728607,0.0573723233432541,1.3383131290104096,0.0549883717824323,0.0549883717824323,1.3383131290104096,0.0549883717824323,0.549,False
MIDNIGHT,3,2,h3->h2,1.0,456,14000,3000,3000,0.9884204444444444,0.950213796659112,0.0387687811012636,0.0558178981728607,0.0573723233432541,1.3383131290104096,0.0549883717824323,0.0549883717824323,1.3383131290104096,0.0549883717824323,0.549,False
MIDNIGHT,3,4,h3->h4,0.01,42,140,3000,30,0.976472888888889,0.8778171106257271,0.1028853929749226,0.2220299564929466,0.2203392575951671,0.7517471038501403,0.0907282968792952,0.0805710513019255,0.7862503389431934,0.0933695739004387,0.565,False
MIDNIGHT,3,4,h3->h4,0.01,123,140,3000,30,0.9825795555555557,0.9459988239743888,0.0996742852424644,0.2374890097460626,0.2356431842789323,0.5742788732604791,0.0543829570040637,0.0551206713191488,0.1000052749944835,0.0462544417109087,0.5046666666666667,False
MIDNIGHT,3,4,h3->h4,0.01,456,140,3000,30,0.9841591111111112,0.9458718003662898,0.0999414171015111,0.2355255043631835,0.2351268288437842,0.659394000528757,0.0715602121126861,0.0673732624638728,0.100005876218359,0.0511501060127574,0.5486666666666666,False
MIDNIGHT,3,4,h3->h4,0.05,42,700,3000,150,0.985856,0.9559887331156776,0.0619560665530517,0.1408192594978403,0.1393665909842972,0.9276893347009796,0.041746097072543,0.0408226900473353,0.8996483343042626,0.0393809993932555,0.516,False
MIDNIGHT,3,4,h3->h4,0.05,123,700,3000,150,0.990608888888889,0.9602883223529248,0.0574438211615597,0.1497493204639741,0.142907864814305,0.9300320124475384,0.0445851693748046,0.0438442180015612,0.6622445556653854,0.0356619381891918,0.5336666666666666,False
MIDNIGHT,3,4,h3->h4,0.05,456,700,3000,150,0.9896822222222222,0.9639689973239196,0.0578274881042542,0.1459508772902157,0.1407515000811684,0.9360074786645912,0.0427103509201463,0.0419935694832463,1.26725296164168,0.0730819491406854,0.5293333333333333,False
MIDNIGHT,3,4,h3->h4,0.1,42,1400,3000,300,0.9894644444444444,0.960311103141215,0.0502460264428216,0.1124240603572262,0.1081522114174691,1.0723111726510002,0.0344880148115887,0.0341639095336229,0.9048435304169308,0.0276625383521017,0.5236666666666666,False
MIDNIGHT,3,4,h3->h4,0.1,123,1400,3000,300,0.9916973333333332,0.962303071076503,0.0478271535035887,0.121978948358855,0.1130615557688904,1.0034928578636504,0.0352351530849301,0.0370454814630029,1.1820496035271364,0.0496261151390533,0.5283333333333333,False
MIDNIGHT,3,4,h3->h4,0.1,456,1400,3000,300,0.9923124444444444,0.9663184797829176,0.0450552475470837,0.1182481281682596,0.1121942061770209,1.0253833424792007,0.032780900689765,0.0320996703310857,1.0721760299327183,0.0377149423771237,0.521,False
MIDNIGHT,3,4,h3->h4,0.25,42,3500,3000,750,0.9913528888888892,0.959293368467086,0.0413140549451491,0.0815213232030613,0.078431731692888,1.2360473707597386,0.0395522835632042,0.0384657646976267,1.2980760775388722,0.0398736297126125,0.5313333333333333,False
MIDNIGHT,3,4,h3->h4,0.25,123,3500,3000,750,0.992014222222222,0.959634261949176,0.0417565625478843,0.0901414557964596,0.0846593638193132,1.1717500551765112,0.037156533459814,0.0375346686274414,1.3597049379246515,0.0457940843389654,0.5283333333333333,False
MIDNIGHT,3,4,h3->h4,0.25,456,3500,3000,750,0.9931715555555556,0.9653144489777769,0.0367597302862683,0.083715036601014,0.0785118923086241,1.1658205471927083,0.0342711030206661,0.0320654969746925,1.1826404917838105,0.034896891180982,0.5233333333333333,False
MIDNIGHT,3,4,h3->h4,0.5,42,7000,3000,1500,0.9917853333333332,0.9582998573855124,0.0389170084398726,0.0702607266433152,0.0659009806761702,1.2776276411985208,0.0369090295399575,0.0360963853881233,1.2587878215527522,0.0355854891539751,0.5283333333333333,False
MIDNIGHT,3,4,h3->h4,0.5,123,7000,3000,1500,0.9928355555555556,0.961305817470201,0.0360909374058871,0.0711350001114526,0.0649213020862123,1.2744294117459838,0.0320712260460784,0.0319841835226561,1.385225061251356,0.0355255318817424,0.5266666666666666,False
MIDNIGHT,3,4,h3->h4,0.5,456,7000,3000,1500,0.993136,0.9633110101212692,0.035005766030143,0.0716561031336453,0.0653354724899548,1.2705633451189933,0.0329228012577371,0.0320581820474575,1.121197693889412,0.0322150624112574,0.5246666666666666,False
MIDNIGHT,3,4,h3->h4,1.0,42,14000,3000,3000,0.9938564444444444,0.964317597393784,0.0318317011277643,0.0556910420213659,0.0525270525399134,1.3383131290104096,0.0300735525186755,0.0294078936003997,1.3383131290104096,0.0300735525186755,0.521,False
MIDNIGHT,3,4,h3->h4,1.0,123,14000,3000,3000,0.9938564444444444,0.964317597393784,0.0318317011277643,0.0556910420213659,0.0525270525399134,1.3383131290104096,0.0300735525186755,0.0294078936003997,1.3383131290104096,0.0300735525186755,0.521,False
MIDNIGHT,3,4,h3->h4,1.0,456,14000,3000,3000,0.9938564444444444,0.964317597393784,0.0318317011277643,0.0556910420213659,0.0525270525399134,1.3383131290104096,0.0300735525186755,0.0294078936003997,1.3383131290104096,0.0300735525186755,0.521,False
MIDNIGHT,4,0,h4->h0,0.01,42,140,3000,30,0.9927755555555556,0.9488934200668038,0.0769380548986763,0.2175068327939812,0.2044093406117784,0.5231958166140512,0.0458822065960109,0.0459790203932172,0.1000036141666664,0.0472919051817345,0.5456666666666666,False
MIDNIGHT,4,0,h4->h0,0.01,123,140,3000,30,0.9937937777777778,0.9525748515793242,0.0762815846196797,0.2154159795326442,0.209873653777883,0.5587218337450778,0.0467938644055196,0.0473811656437191,0.407087734583171,0.0451051464501129,0.544,False
MIDNIGHT,4,0,h4->h0,0.01,456,140,3000,30,0.9879604444444444,0.9333735026754948,0.0814796992279993,0.1947317951284131,0.1954115125810748,0.6544722983093116,0.0697111898979484,0.0701970272014955,0.1000052749944835,0.0663914699991063,0.5663333333333334,False
MIDNIGHT,4,0,h4->h0,0.05,42,700,3000,150,0.9949222222222222,0.9596113746385468,0.0380646591117325,0.1056239882941507,0.102198741147442,0.8872261030968421,0.0378846107801389,0.0386288885746241,0.8656667126687578,0.0378943941082302,0.537,False
MIDNIGHT,4,0,h4->h0,0.05,123,700,3000,150,0.995092,0.9552568922194185,0.0407291265472732,0.1131185485481598,0.1103704856217312,0.9176655409747912,0.0431085643455602,0.044133172710696,0.4460672473835603,0.040910914326261,0.5413333333333333,False
MIDNIGHT,4,0,h4->h0,0.05,456,700,3000,150,0.9932737777777778,0.9542487392522108,0.04274759698044,0.1092244832556824,0.1040687700114984,0.979038278791104,0.0443083904903444,0.0448534684182966,1.0885082245348474,0.0445873016233547,0.543,False
MIDNIGHT,4,0,h4->h0,0.1,42,1400,3000,300,0.9954826666666666,0.9632957481794692,0.0315852563443404,0.0803436608816289,0.0777836209477297,1.0400176013024371,0.0330679655165097,0.0340940985882992,1.161391970478205,0.0325056572512578,0.532,False
MIDNIGHT,4,0,h4->h0,0.1,123,1400,3000,300,0.9950777777777778,0.9542487392522108,0.0358309635023883,0.0837487443845988,0.0845339172212017,1.0961305290932808,0.0443061257496898,0.0452340450124369,1.0717817809665071,0.0442060017507182,0.543,False
MIDNIGHT,4,0,h4->h0,0.1,456,1400,3000,300,0.9945968888888888,0.9525720426219244,0.0381791005845908,0.08723557972658,0.0875498081280344,1.1338350888704354,0.0474739114131541,0.0480203061211546,1.3456994588556013,0.0501592140850309,0.5446666666666666,False
MIDNIGHT,4,0,h4->h0,0.25,42,3500,3000,750,0.9966995555555556,0.9676406893311577,0.0258960010472738,0.0627077160343125,0.0603008359734793,1.1997038823328017,0.0275761349497113,0.0297523753202146,1.3220874581337545,0.0287070999021045,0.5283333333333333,False
MIDNIGHT,4,0,h4->h0,0.25,123,3500,3000,750,0.996208,0.9612831563039032,0.0294849586195963,0.0615548008599878,0.0611760220095248,1.2778868065976825,0.0378169094279413,0.0391647668641295,1.1953090378054023,0.0377006108498936,0.536,False
MIDNIGHT,4,0,h4->h0,0.25,456,3500,3000,750,0.9959582222222224,0.9599421564739484,0.0306182446710919,0.0659485586352925,0.0657663117485368,1.2802505658494991,0.0398228677055987,0.0402889555421706,1.338101165442187,0.0399394552359529,0.538,False
MIDNIGHT,4,0,h4->h0,0.5,42,7000,3000,1500,0.9968728888888888,0.9689795644263872,0.0234938800280636,0.0460624425898606,0.0468424372986756,1.3415266800412609,0.0253408994415086,0.0271189638993734,1.3603968108519815,0.0252502062261079,0.5256666666666666,False
MIDNIGHT,4,0,h4->h0,0.5,123,7000,3000,1500,0.9968937777777775,0.965299264922762,0.0254585085301624,0.0477357386701522,0.0484730555459297,1.3766361922135022,0.031113434276994,0.0323852317143925,1.350897212255611,0.031158826407223,0.5313333333333333,False
MIDNIGHT,4,0,h4->h0,0.5,456,7000,3000,1500,0.9966622222222222,0.9666379604851107,0.025099219354632,0.0495741147446159,0.0487349987003494,1.3687331499204147,0.0287309570760317,0.0306607928660066,1.405355300810493,0.028593413648446,0.5293333333333333,False
MIDNIGHT,4,0,h4->h0,1.0,42,14000,3000,3000,0.9970075555555556,0.9686465447158088,0.0222736554753226,0.0388430562486022,0.0381866593727384,1.4408726665114358,0.0220862828039911,0.0248839210230423,1.4408726665114358,0.0220862828039911,0.5253333333333333,False
MIDNIGHT,4,0,h4->h0,1.0,123,14000,3000,3000,0.9970075555555556,0.9686465447158088,0.0222736554753226,0.0388430562486022,0.0381866593727384,1.4408726665114358,0.0220862828039911,0.0248839210230423,1.4408726665114358,0.0220862828039911,0.5253333333333333,False
MIDNIGHT,4,0,h4->h0,1.0,456,14000,3000,3000,0.9970075555555556,0.9686465447158088,0.0222736554753226,0.0388430562486022,0.0381866593727384,1.4408726665114358,0.0220862828039911,0.0248839210230423,1.4408726665114358,0.0220862828039911,0.5253333333333333,False
MIDNIGHT,4,1,h4->h1,0.01,42,140,3000,30,0.98292,0.8803905350394914,0.1090093010156047,0.2230429072043643,0.2243511779120778,0.5231958166140512,0.1206898539727206,0.1208831214439658,0.1000036141666664,0.1159201087947497,0.616,False
MIDNIGHT,4,1,h4->h1,0.01,123,140,3000,30,0.986196,0.8962962962962963,0.0991102596834093,0.2123653109824925,0.2124588664472121,0.5587218337450778,0.1065717533575675,0.1066586105834697,0.407087734583171,0.1047880665290734,0.6,False
MIDNIGHT,4,1,h4->h1,0.01,456,140,3000,30,0.9732333333333332,0.8355081481603074,0.1253861288788048,0.2094795852667467,0.2099646737810208,0.6544722983093116,0.1693453955618583,0.1694636367868075,0.1000052749944835,0.1591346548206642,0.659,False
MIDNIGHT,4,1,h4->h1,0.05,42,700,3000,150,0.9864462222222224,0.8914469647627408,0.0804521143702335,0.1407613330128393,0.1418541895463906,0.8872261030968421,0.1126124788612194,0.1128681911252486,0.8656667126687578,0.1124733262827729,0.606,False
MIDNIGHT,4,1,h4->h1,0.05,123,700,3000,150,0.9867506666666668,0.8862823309400132,0.0818100554485371,0.1468602944167048,0.1471934007771076,0.9176655409747912,0.1153477398108664,0.1154372294750784,0.4460672473835603,0.1114788621792043,0.6103333333333333,False
MIDNIGHT,4,1,h4->h1,0.05,456,700,3000,150,0.9833822222222224,0.87584897145778,0.0893030649210536,0.1467208557092873,0.1493623103801698,0.979038278791104,0.125797575350286,0.1258894123973733,1.0885082245348474,0.1264979788044778,0.621,False
MIDNIGHT,4,1,h4->h1,0.1,42,1400,3000,300,0.9875746666666666,0.8942036635631577,0.075331076694763,0.1236966227744214,0.1280933226161305,1.0400176013024371,0.1072620949833276,0.1076898243002536,1.161391970478205,0.1076004406213564,0.6033333333333334,False
MIDNIGHT,4,1,h4->h1,0.1,123,1400,3000,300,0.9864706666666668,0.8765457013720563,0.0856867625937995,0.1399583295311259,0.1402715435067979,1.0961305290932808,0.1256034650296485,0.1256849835546637,1.0717817809665071,0.1254720723658142,0.6203333333333333,False
MIDNIGHT,4,1,h4->h1,0.1,456,1400,3000,300,0.984898222222222,0.8737567322691668,0.0887613945558532,0.1426250020054944,0.1425091779273916,1.1338350888704354,0.1287437192996814,0.1291943965777298,1.3456994588556013,0.1292573152216041,0.623,False
MIDNIGHT,4,1,h4->h1,0.25,42,3500,3000,750,0.9881355555555555,0.905197592422262,0.0678151351298609,0.1074385540607803,0.1073496419904827,1.1997038823328017,0.0960266633377746,0.0960266633377747,1.3220874581337545,0.0962346629273895,0.592,False
MIDNIGHT,4,1,h4->h1,0.25,123,3500,3000,750,0.9875248888888888,0.8852269535722773,0.08000796607615,0.1204350044893174,0.1235941313467732,1.2778868065976825,0.1170833680077538,0.1174395360489643,1.1953090378054023,0.116701709234874,0.612,False
MIDNIGHT,4,1,h4->h1,0.25,456,3500,3000,750,0.9879231111111112,0.8921518448100996,0.0740947126410171,0.114250665552954,0.1158695334609746,1.2802505658494991,0.1078506262481537,0.1078506262481536,1.338101165442187,0.1080045268972097,0.6046666666666667,False
MIDNIGHT,4,1,h4->h1,0.5,42,7000,3000,1500,0.9888373333333332,0.912386697145205,0.0626507558181633,0.0949674835841104,0.0944585262786368,1.3415266800412609,0.0884998158384168,0.0884998158384169,1.3603968108519815,0.0885379279226915,0.5836666666666667,False
MIDNIGHT,4,1,h4->h1,0.5,123,7000,3000,1500,0.9888364444444444,0.9055279168367744,0.0683427578364832,0.0990573282161748,0.1031276383775119,1.3766361922135022,0.0988713268352158,0.0988713268352158,1.350897212255611,0.0987758689784704,0.5923333333333334,False
MIDNIGHT,4,1,h4->h1,0.5,456,7000,3000,1500,0.988908888888889,0.9110238137207994,0.064000640748643,0.0960845663372199,0.0975858989219218,1.3687331499204147,0.0916079905171144,0.0916079905171144,1.405355300810493,0.0917023659406401,0.585,False
MIDNIGHT,4,1,h4->h1,1.0,42,14000,3000,3000,0.9889546666666668,0.925980928534084,0.0563587503593722,0.0805425015039289,0.0820952670927831,1.4408726665114358,0.0766063345448537,0.0768787937822007,1.4408726665114358,0.0766063345448537,0.569,False
MIDNIGHT,4,1,h4->h1,1.0,123,14000,3000,3000,0.9889546666666668,0.925980928534084,0.0563587503593722,0.0805425015039289,0.0820952670927831,1.4408726665114358,0.0766063345448537,0.0768787937822007,1.4408726665114358,0.0766063345448537,0.569,False
MIDNIGHT,4,1,h4->h1,1.0,456,14000,3000,3000,0.9889546666666668,0.925980928534084,0.0563587503593722,0.0805425015039289,0.0820952670927831,1.4408726665114358,0.0766063345448537,0.0768787937822007,1.4408726665114358,0.0766063345448537,0.569,False
MIDNIGHT,4,2,h4->h2,0.01,42,140,3000,30,0.9805004444444444,0.890034815562075,0.1088361675057294,0.2369729417923481,0.2358354717388633,0.5231958166140512,0.1212858796646436,0.1212858796646437,0.1000036141666664,0.1116562830766428,0.6086666666666667,False
MIDNIGHT,4,2,h4->h2,0.01,123,140,3000,30,0.9813586666666668,0.8883069778668973,0.1079693282538962,0.2390108654432391,0.2374990974604363,0.5587218337450778,0.1225300824181723,0.1225300824181723,0.407087734583171,0.1202716727298145,0.6103333333333333,False
MIDNIGHT,4,2,h4->h2,0.01,456,140,3000,30,0.9625453333333334,0.8497533194806576,0.1220721789133046,0.2194674800345038,0.2230327756536274,0.6544722983093116,0.1495458848988243,0.1495458848988243,0.1000052749944835,0.1473999453139699,0.647,False
MIDNIGHT,4,2,h4->h2,0.05,42,700,3000,150,0.9846751111111112,0.8945184531485006,0.0790783351322828,0.1441351270418135,0.1439634275692731,0.8872261030968421,0.1135225101776563,0.1135225101776563,0.8656667126687578,0.1133821368318149,0.6043333333333333,False
MIDNIGHT,4,2,h4->h2,0.05,123,700,3000,150,0.987922222222222,0.8952071478384537,0.0782453611247486,0.1534729710110832,0.1517180391456758,0.9176655409747912,0.1144226200449293,0.1144226200449293,0.4460672473835603,0.1080241006040968,0.6036666666666667,False
MIDNIGHT,4,2,h4->h2,0.05,456,700,3000,150,0.9814168888888888,0.8921057363783492,0.0809670748099893,0.1401341775290282,0.1396999954482886,0.979038278791104,0.1147880427763302,0.1147880427763302,1.0885082245348474,0.1148066477017354,0.6066666666666667,False
MIDNIGHT,4,2,h4->h2,0.1,42,1400,3000,300,0.9888204444444444,0.9116543578083608,0.0656454847250091,0.1214067007648445,0.1220026117540223,1.0400176013024371,0.0948136009590121,0.0948136009590121,1.161391970478205,0.0949619362614673,0.5876666666666667,False
MIDNIGHT,4,2,h4->h2,0.1,123,1400,3000,300,0.98988,0.901049681137646,0.0722660805112285,0.1285741709492898,0.1333068835524365,1.0961305290932808,0.1094695383975399,0.1098956947864227,1.0717817809665071,0.1092421539624907,0.598,False
MIDNIGHT,4,2,h4->h2,0.1,456,1400,3000,300,0.9873075555555556,0.8883069778668973,0.0786222021027387,0.1327114130881574,0.1329465053880236,1.1338350888704354,0.118620633498517,0.118620633498517,1.3456994588556013,0.1190663580362449,0.6103333333333333,False
MIDNIGHT,4,2,h4->h2,0.25,42,3500,3000,750,0.9922528888888889,0.9245757385292268,0.0541423424261792,0.0919204897972888,0.0939013022256502,1.1997038823328017,0.0799340775558999,0.0801580899561128,1.3220874581337545,0.0801597806075209,0.575,False
MIDNIGHT,4,2,h4->h2,0.25,123,3500,3000,750,0.9922257777777777,0.9164242466350688,0.0599408302773559,0.1025300491124808,0.1023439591152608,1.2778868065976825,0.0917603312034791,0.0917603312034791,1.1953090378054023,0.0911853729784889,0.583,False
MIDNIGHT,4,2,h4->h2,0.25,456,3500,3000,750,0.9907533333333334,0.9000200969704069,0.0682166068711363,0.1122721554390188,0.1119519056866003,1.2802505658494991,0.1043692837748634,0.1043692837748634,1.338101165442187,0.1045891071864639,0.599,False
MIDNIGHT,4,2,h4->h2,0.5,42,7000,3000,1500,0.993572888888889,0.9387721712492184,0.0461691498318853,0.0757340871485075,0.0753976234028053,1.3415266800412609,0.0685667371880889,0.0686607933377823,1.3603968108519815,0.0686133097883187,0.561,False
MIDNIGHT,4,2,h4->h2,0.5,123,7000,3000,1500,0.9943786666666669,0.9272862200908732,0.050034502956071,0.083290677211157,0.0853512225097233,1.3766361922135022,0.0771485087077373,0.077274329516134,1.350897212255611,0.0770112515979378,0.5723333333333334,False
MIDNIGHT,4,2,h4->h2,0.5,456,7000,3000,1500,0.9934404444444443,0.9293170136404764,0.0506404944012085,0.0836004010616628,0.0838005082362112,1.3687331499204147,0.0771865021523843,0.0772953416530474,1.405355300810493,0.0773027881527141,0.5703333333333334,False
MIDNIGHT,4,2,h4->h2,1.0,42,14000,3000,3000,0.9956404444444444,0.955579360367282,0.0349191418077279,0.056572184326674,0.0594923872756932,1.4408726665114358,0.0506932322343231,0.0511428778464223,1.4408726665114358,0.0506932322343231,0.5443333333333333,False
MIDNIGHT,4,2,h4->h2,1.0,123,14000,3000,3000,0.9956404444444444,0.955579360367282,0.0349191418077279,0.056572184326674,0.0594923872756932,1.4408726665114358,0.0506932322343231,0.0511428778464223,1.4408726665114358,0.0506932322343231,0.5443333333333333,False
MIDNIGHT,4,2,h4->h2,1.0,456,14000,3000,3000,0.9956404444444444,0.955579360367282,0.0349191418077279,0.056572184326674,0.0594923872756932,1.4408726665114358,0.0506932322343231,0.0511428778464223,1.4408726665114358,0.0506932322343231,0.5443333333333333,False
MIDNIGHT,4,3,h4->h3,0.01,42,140,3000,30,0.9928484444444444,0.9461859486052412,0.0802405968316917,0.2192053343259336,0.2107512346325386,0.5231958166140512,0.0619745799127169,0.0624079757896495,0.1000036141666664,0.0552983108332066,0.5523333333333333,False
MIDNIGHT,4,3,h4->h3,0.01,123,140,3000,30,0.9930711111111112,0.9357476739765588,0.0792288758755375,0.2170868792643872,0.2080772412813931,0.5587218337450778,0.06622954349568,0.0670521743871985,0.407087734583171,0.0651556660544285,0.5626666666666666,False
MIDNIGHT,4,3,h4->h3,0.01,456,140,3000,30,0.9914582222222222,0.9259458739174332,0.0827095438126086,0.2024307265101532,0.1952244338453186,0.6544722983093116,0.0851458123670588,0.0863531911277249,0.1000052749944835,0.0720129971878392,0.5723333333333334,False
MIDNIGHT,4,3,h4->h3,0.05,42,700,3000,150,0.993384888888889,0.9465257560923874,0.0473814916687445,0.1129105074456144,0.1089302441058052,0.8872261030968421,0.0584304279277619,0.0588042003989716,0.8656667126687578,0.058350211891452,0.5513333333333333,False
MIDNIGHT,4,3,h4->h3,0.05,123,700,3000,150,0.9934551111111112,0.93844506891476,0.0509002802528366,0.1190689256904373,0.1185663304861926,0.9176655409747912,0.0647691429790307,0.0647691429790306,0.4460672473835603,0.0615242455363966,0.56,False
MIDNIGHT,4,3,h4->h3,0.05,456,700,3000,150,0.9933715555555556,0.9461859486052412,0.0478301221302345,0.1105306459385054,0.1097594797177183,0.979038278791104,0.0594371490616612,0.0598441164138572,1.0885082245348474,0.0597369473233845,0.5523333333333333,False
MIDNIGHT,4,3,h4->h3,0.1,42,1400,3000,300,0.992686222222222,0.9492130472572596,0.0424763002861289,0.0922616812556406,0.092571196245063,1.0400176013024371,0.0536019815768173,0.0539518849335531,1.161391970478205,0.0532914920945016,0.5486666666666666,False
MIDNIGHT,4,3,h4->h3,0.1,123,1400,3000,300,0.9933826666666667,0.9424863037151172,0.0458017395652312,0.0919929132681847,0.0923769736909526,1.0961305290932808,0.062826446365625,0.063287731336087,1.0717817809665071,0.0627266413152462,0.556,False
MIDNIGHT,4,3,h4->h3,0.1,456,1400,3000,300,0.9930631111111112,0.9428228206271634,0.0450718964995075,0.0902021017058209,0.0917407124250401,1.1338350888704354,0.0611977343854146,0.0615989985870514,1.3456994588556013,0.061530073809895,0.5556666666666666,False
MIDNIGHT,4,3,h4->h3,0.25,42,3500,3000,750,0.9928355555555556,0.9535781505156666,0.0377170136444898,0.0719090769800071,0.0716065048493112,1.1997038823328017,0.048019290462308,0.0484002887017382,1.3220874581337545,0.0474868761514203,0.5436666666666666,False
MIDNIGHT,4,3,h4->h3,0.25,123,3500,3000,750,0.9932857777777776,0.94753374632778,0.0408439828701439,0.0723679873510602,0.0717363222511636,1.2778868065976825,0.0563284519656305,0.0571238110975529,1.1953090378054023,0.0561970152164942,0.5503333333333333,False
MIDNIGHT,4,3,h4->h3,0.25,456,3500,3000,750,0.9928564444444444,0.9468617875093116,0.0405965282313842,0.0719706064715694,0.0734874727627406,1.2802505658494991,0.0550787382954426,0.0559194123212626,1.338101165442187,0.0550250011042762,0.551,False
MIDNIGHT,4,3,h4->h3,0.5,42,7000,3000,1500,0.9917333333333334,0.9552544020986352,0.0353641351786518,0.0531862747040143,0.0565151721264387,1.3415266800412609,0.0433934992306206,0.0433934992306205,1.3603968108519815,0.0432696399060987,0.542,False
MIDNIGHT,4,3,h4->h3,0.5,123,7000,3000,1500,0.9924857777777776,0.9519011515220612,0.0375295385826875,0.0585024652374653,0.0594294900011237,1.3766361922135022,0.0493320356049142,0.0493320356049141,1.350897212255611,0.0494034561944647,0.5453333333333333,False
MIDNIGHT,4,3,h4->h3,0.5,456,7000,3000,1500,0.991435111111111,0.9508945815789652,0.0375968742664596,0.0588476633963622,0.0593211375223327,1.3687331499204147,0.0474153328201022,0.0477108764310623,1.405355300810493,0.0471858931404678,0.5463333333333333,False
MIDNIGHT,4,3,h4->h3,1.0,42,14000,3000,3000,0.9902404444444446,0.9539161068327052,0.0346710953981615,0.0450495075288766,0.0448513756353712,1.4408726665114358,0.0388234395940175,0.0388234395940176,1.4408726665114358,0.0388234395940175,0.5426666666666666,False
MIDNIGHT,4,3,h4->h3,1.0,123,14000,3000,3000,0.9902404444444446,0.9539161068327052,0.0346710953981615,0.0450495075288766,0.0448513756353712,1.4408726665114358,0.0388234395940175,0.0388234395940176,1.4408726665114358,0.0388234395940175,0.5426666666666666,False
MIDNIGHT,4,3,h4->h3,1.0,456,14000,3000,3000,0.9902404444444446,0.9539161068327052,0.0346710953981615,0.0450495075288766,0.0448513756353712,1.4408726665114358,0.0388234395940175,0.0388234395940176,1.4408726665114358,0.0388234395940175,0.5426666666666666,False
PLIP,0,1,h0->h1,0.01,42,140,3000,30,0.953468,0.8537549349265752,0.1498634805653679,0.2413791402204,0.2416766608059667,0.4307386391600571,0.1069388500417674,0.1069388500417674,0.361943126753887,0.1100351271054911,0.6143333333333333,False
PLIP,0,1,h0->h1,0.01,123,140,3000,30,0.9532613333333332,0.8532565409631836,0.1472132610719791,0.2346416004153012,0.2345125840163131,0.4294122615632518,0.0983121071129517,0.0983121071129517,0.4959167345784591,0.0949040156863756,0.609,False
PLIP,0,1,h0->h1,0.01,456,140,3000,30,0.9455857777777776,0.831780232792548,0.1498952940662211,0.2123528666216509,0.216367809098913,0.5474282685427037,0.1312882083404049,0.1312882083404049,0.7154644551046463,0.1244673347265412,0.6453333333333333,False
PLIP,0,1,h0->h1,0.05,42,700,3000,150,0.9597057777777778,0.8722520748952467,0.0999642334013966,0.1327981466045265,0.13449736619727,0.8075454930612647,0.0795383746973022,0.0798494268701778,0.4633361119481379,0.0919299414669024,0.592,False
PLIP,0,1,h0->h1,0.05,123,700,3000,150,0.959712,0.8768317363783005,0.0987605846993974,0.1329352168806258,0.1329374092187359,0.8315351380927044,0.0701268163784647,0.0701268163784647,0.8123856095177431,0.0706313366456642,0.5823333333333334,False
PLIP,0,1,h0->h1,0.05,456,700,3000,150,0.9632364444444445,0.879898013955985,0.0967351746990551,0.1385651233153701,0.1350324630692821,0.815436801895401,0.064457871877594,0.0648957896327922,0.907205262057425,0.0621134365495063,0.58,False
PLIP,0,1,h0->h1,0.1,42,1400,3000,300,0.9633528888888888,0.8929977743537065,0.084025732973821,0.0915365954013052,0.0918029373626714,0.9190980645696042,0.04476247141996,0.045012151366344,0.8255310136914845,0.0494514555728244,0.556,False
PLIP,0,1,h0->h1,0.1,123,1400,3000,300,0.9628737777777776,0.8916762805825051,0.0845107957305639,0.0925376407433293,0.090045730496584,0.9551916333811876,0.0395056833111223,0.0398652959367969,0.8648065203686747,0.041557396867722,0.5546666666666666,False
PLIP,0,1,h0->h1,0.1,456,1400,3000,300,0.9658595555555556,0.8960263916889761,0.0827488228179795,0.0965400384535329,0.0992322739112178,0.943246095526476,0.0402438045560445,0.0388366247478275,0.974127143440988,0.0391492052251471,0.5543333333333333,False
PLIP,0,1,h0->h1,0.25,42,3500,3000,750,0.9664551111111112,0.9042735042735042,0.0734125016161406,0.0536740969434434,0.0536906100055164,1.0738396406369557,0.0197238048079795,0.0203169443459214,1.0510293152118453,0.0214587457544435,0.525,False
PLIP,0,1,h0->h1,0.25,123,3500,3000,750,0.964343111111111,0.9009832661719832,0.0755833959276446,0.0591302468388044,0.0559385606080018,1.0788138763235513,0.021855730706431,0.0193138072032972,0.971879439318606,0.0313711967739457,0.513,False
PLIP,0,1,h0->h1,0.25,456,3500,3000,750,0.9670817777777778,0.90162048294894,0.0732614906626306,0.0580632878106747,0.0553248959122756,1.1244287438155771,0.0184000977591083,0.0146378445573165,1.0493287150092985,0.022367013922876,0.5216666666666666,False
PLIP,0,1,h0->h1,0.5,42,7000,3000,1500,0.9666133333333335,0.9013326316987142,0.0718723577285244,0.0443247004996026,0.045288480173584,1.2090768487067474,0.0260405973744917,0.0252087206985153,1.119173895482572,0.031732021754324,0.5026666666666667,False
PLIP,0,1,h0->h1,0.5,123,7000,3000,1500,0.9663466666666668,0.901999825777468,0.0719389877543537,0.0464719331547998,0.0460844959051805,1.2270980884694895,0.0248281736071559,0.0238924149729292,1.1771164229388924,0.027096027415192,0.5013333333333333,False
PLIP,0,1,h0->h1,0.5,456,7000,3000,1500,0.9660573333333332,0.902,0.0715099755588817,0.0433011869238021,0.0422262098780207,1.240580436150443,0.0258476843975226,0.0220185833793344,1.197189730633886,0.0266635019133761,0.5,False
PLIP,0,1,h0->h1,1.0,42,14000,3000,3000,0.9696324444444444,0.898902845634655,0.0726476776262229,0.0603820110564255,0.0603335745276961,1.3331421457765045,0.0480944504929621,0.0505724094605672,1.3331421457765045,0.0480944504929621,0.531,False
PLIP,0,1,h0->h1,1.0,123,14000,3000,3000,0.9696324444444444,0.898902845634655,0.0726476776262229,0.0603820110564255,0.0603335745276961,1.3331421457765045,0.0480944504929621,0.0505724094605672,1.3331421457765045,0.0480944504929621,0.531,False
PLIP,0,1,h0->h1,1.0,456,14000,3000,3000,0.9696324444444444,0.898902845634655,0.0726476776262229,0.0603820110564255,0.0603335745276961,1.3331421457765045,0.0480944504929621,0.0505724094605672,1.3331421457765045,0.0480944504929621,0.531,False
PLIP,0,2,h0->h2,0.01,42,140,3000,30,0.9869342222222222,0.9513284661799511,0.1021816400680193,0.2462315718578199,0.2438647767047495,0.4307386391600571,0.0207165438090664,0.0190704680102726,0.361943126753887,0.0140544591697521,0.51,False
PLIP,0,2,h0->h2,0.01,123,140,3000,30,0.985211111111111,0.9436639061980704,0.1032601507393102,0.24039003349164,0.2404003855614633,0.4294122615632518,0.0199694608135922,0.0188209867423419,0.4959167345784591,0.0292178013578272,0.507,False
PLIP,0,2,h0->h2,0.01,456,140,3000,30,0.9801142222222222,0.9422953187716664,0.1048826300270681,0.2353747355927289,0.2381470052496474,0.5474282685427037,0.0298469886497204,0.0316845905473812,0.7154644551046463,0.0634413082342711,0.5256666666666666,False
PLIP,0,2,h0->h2,0.05,42,700,3000,150,0.989544,0.9569994218811164,0.0514840071333196,0.1194040576083498,0.1178731807639222,0.8075454930612647,0.0173359503430826,0.0159903018553405,0.4633361119481379,0.0218987642861246,0.5036666666666667,False
PLIP,0,2,h0->h2,0.05,123,700,3000,150,0.990168,0.9589979909015542,0.0507197114684423,0.1217478514471099,0.1174132016713247,0.8315351380927044,0.0161307700558635,0.0143978226218847,0.8123856095177431,0.0143222153737609,0.507,False
PLIP,0,2,h0->h2,0.05,456,700,3000,150,0.9885391111111111,0.955333154665952,0.054553267114766,0.1262932061552251,0.1226903745071864,0.815436801895401,0.0225545455311487,0.0223006691832573,0.907205262057425,0.0290256360700756,0.502,False
PLIP,0,2,h0->h2,0.1,42,1400,3000,300,0.9897635555555556,0.9583308841152997,0.0450513890076091,0.0912395302889144,0.0913460125741765,0.9190980645696042,0.0207744886681034,0.0249776324144877,0.8255310136914845,0.0183717785391136,0.5076666666666667,False
PLIP,0,2,h0->h2,0.1,123,1400,3000,300,0.9904666666666666,0.961666662407407,0.0424859496545554,0.0879258916092663,0.0849280398181481,0.9551916333811876,0.0164408144002508,0.0184420912867207,0.8648065203686747,0.0129004608162666,0.5003333333333333,False
PLIP,0,2,h0->h2,0.1,456,1400,3000,300,0.9902844444444444,0.9596638655462184,0.044910589928068,0.0947622080198984,0.093368279894104,0.943246095526476,0.0219255757744577,0.0258885452970994,0.974127143440988,0.0231465788838041,0.5083333333333333,False
PLIP,0,2,h0->h2,0.25,42,3500,3000,750,0.9904568888888888,0.9556591730669152,0.0385369831557275,0.0657371049407224,0.0640110641811906,1.0738396406369557,0.0218373458759224,0.0258693292433928,1.0510293152118453,0.0214199854927659,0.513,False
PLIP,0,2,h0->h2,0.25,123,3500,3000,750,0.9914515555555556,0.9593297905061952,0.0366631341537829,0.0646816419316486,0.06545887229813,1.0788138763235513,0.0220074180478853,0.0252464642171189,0.971879439318606,0.0205785940625245,0.5093333333333333,False
PLIP,0,2,h0->h2,0.25,456,3500,3000,750,0.9909688888888888,0.9576587582636268,0.0391756796783431,0.0685327474187347,0.0704396298457803,1.1244287438155771,0.0290461771143831,0.0315893324015582,1.0493287150092985,0.0273245710966953,0.5136666666666667,False
PLIP,0,2,h0->h2,0.5,42,7000,3000,1500,0.9912946666666668,0.9569885254944124,0.0356842571512396,0.0534687093122993,0.0531314787272352,1.2090768487067474,0.0266458465768759,0.0294302152121472,1.119173895482572,0.0259348726757374,0.5163333333333333,False
PLIP,0,2,h0->h2,0.5,123,7000,3000,1500,0.9914231111111113,0.9559905330746704,0.0353516324253838,0.0527979724694611,0.0536396162143371,1.2270980884694895,0.0265479369287814,0.0295679255725789,1.1771164229388924,0.0256313113765522,0.5146666666666667,False
PLIP,0,2,h0->h2,0.5,456,7000,3000,1500,0.9911311111111112,0.9563197002264374,0.0371458075868991,0.0558818122014546,0.0562655259451379,1.240580436150443,0.0309536013476854,0.0333944730621018,1.197189730633886,0.030114417992446,0.5176666666666667,False
PLIP,0,2,h0->h2,1.0,42,14000,3000,3000,0.991928,0.9539763540734706,0.0363145512268945,0.0518565213252986,0.0518442485734385,1.3331421457765045,0.0356689360409717,0.037922323306668,1.3331421457765045,0.0356689360409717,0.5226666666666666,False
PLIP,0,2,h0->h2,1.0,123,14000,3000,3000,0.991928,0.9539763540734706,0.0363145512268945,0.0518565213252986,0.0518442485734385,1.3331421457765045,0.0356689360409717,0.037922323306668,1.3331421457765045,0.0356689360409717,0.5226666666666666,False
PLIP,0,2,h0->h2,1.0,456,14000,3000,3000,0.991928,0.9539763540734706,0.0363145512268945,0.0518565213252986,0.0518442485734385,1.3331421457765045,0.0356689360409717,0.037922323306668,1.3331421457765045,0.0356689360409717,0.5226666666666666,False
PLIP,0,3,h0->h3,0.01,42,140,3000,30,0.9767617777777776,0.9038881607688948,0.1183779695335503,0.2407408942710769,0.2415390896653066,0.4307386391600571,0.089316792600585,0.089316792600585,0.361943126753887,0.0897954218617043,0.59,False
PLIP,0,3,h0->h3,0.01,123,140,3000,30,0.9743324444444444,0.9042067359806558,0.118298566984028,0.2371795280504246,0.2311624176849792,0.4294122615632518,0.0872684182501381,0.0872684182501382,0.4959167345784591,0.0862034395970022,0.591,False
PLIP,0,3,h0->h3,0.01,456,140,3000,30,0.9720417777777776,0.8821075388681986,0.1226033145704429,0.2282487917239256,0.2293436952813442,0.5474282685427037,0.1139446499775385,0.1139446499775386,0.7154644551046463,0.111112902234428,0.615,False
PLIP,0,3,h0->h3,0.05,42,700,3000,150,0.9783248888888888,0.919583118888317,0.0694342620331338,0.1189542410710543,0.1156259494684446,0.8075454930612647,0.0677414274734993,0.0677414274734993,0.4633361119481379,0.069343272068243,0.572,False
PLIP,0,3,h0->h3,0.05,123,700,3000,150,0.9768768888888888,0.9151636720784196,0.0722461125411835,0.1182795562998482,0.1169891261141076,0.8315351380927044,0.0755736094983135,0.0755736094983135,0.8123856095177431,0.0756628552944609,0.577,False
PLIP,0,3,h0->h3,0.05,456,700,3000,150,0.977584,0.9127844178404616,0.0754817529775068,0.1270465449081295,0.1251375132308808,0.815436801895401,0.0793952729249689,0.0793952729249689,0.907205262057425,0.0790808597117473,0.5793333333333334,False
PLIP,0,3,h0->h3,0.1,42,1400,3000,300,0.9788324444444444,0.9240188642973568,0.0613387043755503,0.0810452740094857,0.0820796583245576,0.9190980645696042,0.0606270634869376,0.0606270634869376,0.8255310136914845,0.0610670978330591,0.5643333333333334,False
PLIP,0,3,h0->h3,0.1,123,1400,3000,300,0.9768377777777778,0.919598492739744,0.064439532361268,0.084870437606631,0.0868609686624095,0.9551916333811876,0.0671397363517106,0.0671397363517105,0.8648065203686747,0.0675437144028099,0.5706666666666667,False
PLIP,0,3,h0->h3,0.1,456,1400,3000,300,0.9781844444444444,0.9209309950945948,0.0635012420403247,0.0872672151807731,0.0877206299101241,0.943246095526476,0.0658830927534753,0.0658830927534753,0.974127143440988,0.0657054759926168,0.5713333333333334,False
PLIP,0,3,h0->h3,0.25,42,3500,3000,750,0.9777706666666666,0.9267091084514438,0.0585963168509381,0.0585141618197903,0.0611849609793897,1.0738396406369557,0.059415637544986,0.059415637544986,1.0510293152118453,0.0594805077404969,0.563,False
PLIP,0,3,h0->h3,0.25,123,3500,3000,750,0.9761564444444444,0.9233427899542233,0.0607287297851859,0.0620774497322769,0.0668775969905604,1.0788138763235513,0.0637593423276699,0.0637593423276699,0.971879439318606,0.0639221133964332,0.565,False
PLIP,0,3,h0->h3,0.25,456,3500,3000,750,0.978429777777778,0.925019782726968,0.0588338192487127,0.0617425814323139,0.0618225833609769,1.1244287438155771,0.0628415623695036,0.0628415623695037,1.0493287150092985,0.0630283679399872,0.5646666666666667,False
PLIP,0,3,h0->h3,0.5,42,7000,3000,1500,0.9772635555555556,0.9250389529726516,0.0580817625094603,0.0579894930184609,0.0582165446361498,1.2090768487067474,0.0601642225038718,0.0601642225038718,1.119173895482572,0.0602829338047669,0.5626666666666666,False
PLIP,0,3,h0->h3,0.5,123,7000,3000,1500,0.9765786666666668,0.92503263088611,0.0593543022340602,0.0608672670757726,0.0610365408940254,1.2270980884694895,0.0627283469312402,0.0627283469312403,1.1771164229388924,0.0627672701675025,0.5633333333333334,False
PLIP,0,3,h0->h3,0.5,456,7000,3000,1500,0.9777208888888888,0.925382914471978,0.0572021569515226,0.0564965076874547,0.0564965076874547,1.240580436150443,0.0587022889007862,0.0587022889007862,1.197189730633886,0.0587693382340714,0.5616666666666666,False
PLIP,0,3,h0->h3,1.0,42,14000,3000,3000,0.9766622222222222,0.9274024033484554,0.0575152727164195,0.0576512700692637,0.0583229324454999,1.3331421457765045,0.0591171299676431,0.059117129967643,1.3331421457765045,0.0591171299676431,0.5603333333333333,False
PLIP,0,3,h0->h3,1.0,123,14000,3000,3000,0.9766622222222222,0.9274024033484554,0.0575152727164195,0.0576512700692637,0.0583229324454999,1.3331421457765045,0.0591171299676431,0.059117129967643,1.3331421457765045,0.0591171299676431,0.5603333333333333,False
PLIP,0,3,h0->h3,1.0,456,14000,3000,3000,0.9766622222222222,0.9274024033484554,0.0575152727164195,0.0576512700692637,0.0583229324454999,1.3331421457765045,0.0591171299676431,0.059117129967643,1.3331421457765045,0.0591171299676431,0.5603333333333333,False
PLIP,0,4,h0->h4,0.01,42,140,3000,30,0.9828111111111112,0.9267391833526448,0.1302095441427657,0.2804814733367345,0.2808820197637284,0.4307386391600571,0.0703713754835631,0.0722013651414342,0.361943126753887,0.0683710209079351,0.5596666666666666,False
PLIP,0,4,h0->h4,0.01,123,140,3000,30,0.9825328888888888,0.9189804120080404,0.1347729577008408,0.2850048039799485,0.2847463359938544,0.4294122615632518,0.084448334109268,0.0856642300622429,0.4959167345784591,0.0891603666640454,0.566,False
PLIP,0,4,h0->h4,0.01,456,140,3000,30,0.9732404444444446,0.9003461712294363,0.1343030152840543,0.2582688346604986,0.2594352005468212,0.5474282685427037,0.0951962822226709,0.097250054956947,0.7154644551046463,0.1091411601896909,0.581,False
PLIP,0,4,h0->h4,0.05,42,700,3000,150,0.9848453333333334,0.9192519356360864,0.0853109361279764,0.1781814184220503,0.1794354551334027,0.8075454930612647,0.0945415472343275,0.0945415472343275,0.4633361119481379,0.082546176379972,0.5716666666666667,False
PLIP,0,4,h0->h4,0.05,123,700,3000,150,0.9837266666666666,0.8668063749925863,0.1068393281955271,0.202045000998179,0.2026300295994448,0.8315351380927044,0.1504692386366512,0.1504692386366512,0.8123856095177431,0.150183304656263,0.6283333333333333,False
PLIP,0,4,h0->h4,0.05,456,700,3000,150,0.9820808888888888,0.9087878441023294,0.0897731960247199,0.1786792708759508,0.1787671170401447,0.815436801895401,0.0968001997087093,0.0968001997087093,0.907205262057425,0.0982543620099928,0.5773333333333334,False
PLIP,0,4,h0->h4,0.1,42,1400,3000,300,0.9838368888888888,0.9111305965506822,0.081168767738954,0.1516289411877643,0.1563589885404705,0.9190980645696042,0.0997900330891577,0.1002602492578735,0.8255310136914845,0.0976206826735366,0.5776666666666667,False
PLIP,0,4,h0->h4,0.1,123,1400,3000,300,0.9836235555555556,0.8925998128745329,0.0902371294451812,0.1653431515991851,0.1671743451129126,0.9551916333811876,0.124059309265782,0.1240593092657819,0.8648065203686747,0.1222105847394372,0.5996666666666667,False
PLIP,0,4,h0->h4,0.1,456,1400,3000,300,0.9828075555555552,0.8964311334289814,0.0879973413050118,0.1607181708153614,0.1628947730441276,0.943246095526476,0.1152964539994904,0.1152964539994904,0.974127143440988,0.1157765107860538,0.5933333333333334,False
PLIP,0,4,h0->h4,0.25,42,3500,3000,750,0.9825088888888888,0.9036260664514502,0.0790554777558231,0.1298205863210593,0.1289980342465483,1.0738396406369557,0.1050300988862321,0.1050300988862321,1.0510293152118453,0.1046483262008692,0.5856666666666667,False
PLIP,0,4,h0->h4,0.25,123,3500,3000,750,0.9827093333333332,0.9008933595751292,0.079829451649694,0.1313352834652126,0.1326345596912735,1.0788138763235513,0.1078034722699318,0.1078034722699318,0.971879439318606,0.1058551130772587,0.5883333333333334,False
PLIP,0,4,h0->h4,0.25,456,3500,3000,750,0.9826119999999998,0.9008815494196196,0.0790822791651226,0.1283942930074615,0.1264102854603818,1.1244287438155771,0.1086422494371648,0.1086422494371648,1.0493287150092985,0.1073238576436799,0.589,False
PLIP,0,4,h0->h4,0.5,42,7000,3000,1500,0.9828373333333332,0.9104410626721368,0.0707637136146567,0.1077242884618385,0.1083741280548298,1.2090768487067474,0.0941018897737186,0.0941018897737186,1.119173895482572,0.0926542182042098,0.579,False
PLIP,0,4,h0->h4,0.5,123,7000,3000,1500,0.9826893333333332,0.9094105242155734,0.0726748741486276,0.109480996110403,0.1082377635773408,1.2270980884694895,0.0978047493245738,0.0978047493245738,1.1771164229388924,0.0970524538475453,0.5806666666666667,False
PLIP,0,4,h0->h4,0.5,456,7000,3000,1500,0.9824475555555556,0.903592398064637,0.0752575429654517,0.1116463844072413,0.1147592541573544,1.240580436150443,0.1038645349841419,0.103864534984142,1.197189730633886,0.1031895782519675,0.5876666666666667,False
PLIP,0,4,h0->h4,1.0,42,14000,3000,3000,0.9824968888888888,0.9118285123793776,0.0676182802919657,0.094760303370941,0.094760303370941,1.3331421457765045,0.0889667039414556,0.0889667039414556,1.3331421457765045,0.0889667039414556,0.5756666666666667,False
PLIP,0,4,h0->h4,1.0,123,14000,3000,3000,0.9824968888888888,0.9118285123793776,0.0676182802919657,0.094760303370941,0.094760303370941,1.3331421457765045,0.0889667039414556,0.0889667039414556,1.3331421457765045,0.0889667039414556,0.5756666666666667,False
PLIP,0,4,h0->h4,1.0,456,14000,3000,3000,0.9824968888888888,0.9118285123793776,0.0676182802919657,0.094760303370941,0.094760303370941,1.3331421457765045,0.0889667039414556,0.0889667039414556,1.3331421457765045,0.0889667039414556,0.5756666666666667,False
PLIP,1,0,h1->h0,0.01,42,140,3000,30,0.9632808888888889,0.8821777949312866,0.1355069482076129,0.2275585433155719,0.2339508541833256,0.4553682752452523,0.0444640352711131,0.0453040767524534,0.5345629022123725,0.0555523620502927,0.5363333333333333,False
PLIP,1,0,h1->h0,0.01,123,140,3000,30,0.984456,0.9483262999686068,0.1233324250578507,0.271773082280166,0.2762647502839379,0.447814896776427,0.0424344687097987,0.0386997213219029,0.4941125751573871,0.0549772138710489,0.5116666666666667,False
PLIP,1,0,h1->h0,0.01,456,140,3000,30,0.9758768888888888,0.9198802120147634,0.1330918509148093,0.2565653261914263,0.2625424608008926,0.4125209675386314,0.0409882429061038,0.0373449250090227,0.1000052749944835,0.0587585350185313,0.5386666666666666,False
PLIP,1,0,h1->h0,0.05,42,700,3000,150,0.9814195555555556,0.934229847652512,0.0771153577764162,0.1555342797584173,0.1551893978011757,0.7543427315805518,0.0337790053365606,0.0317588150415463,0.9607782832887258,0.0406079808741378,0.5396666666666666,False
PLIP,1,0,h1->h0,0.05,123,700,3000,150,0.9839297777777776,0.9388904849591008,0.0747406580532376,0.1598936461409725,0.1589749890440009,0.7524005429903878,0.0378404754005732,0.0378100598397543,0.6075308516155946,0.0392098149118807,0.5423333333333333,False
PLIP,1,0,h1->h0,0.05,456,700,3000,150,0.9820737777777776,0.9386063917864248,0.0716855978703859,0.1436530183059462,0.146097276385526,0.7927647540864236,0.0264980560973026,0.0236078440817883,0.9509945459190472,0.0339824446185632,0.5313333333333333,False
PLIP,1,0,h1->h0,0.1,42,1400,3000,300,0.9822115555555556,0.93082937143057,0.0658230842677863,0.1107442483936579,0.107890039616709,0.8834730676153711,0.0467398403627409,0.0467398403627409,1.0373926484522331,0.0460805057473679,0.5496666666666666,False
PLIP,1,0,h1->h0,0.1,123,1400,3000,300,0.9841524444444444,0.9321022925231692,0.0645456713041971,0.116373297287085,0.1166005182869173,0.8967528453044237,0.0576955173427163,0.0579509540955158,0.9184839276263996,0.0576261639665765,0.5583333333333333,False
PLIP,1,0,h1->h0,0.1,456,1400,3000,300,0.9850924444444444,0.9402158308702516,0.0602694314375804,0.1136218224214505,0.1129123292091362,0.9064721896193364,0.0395992499347264,0.0395992499347264,0.9594730163681892,0.0397308245018767,0.5443333333333333,False
PLIP,1,0,h1->h0,0.25,42,3500,3000,750,0.9834204444444448,0.921637652505184,0.0616053186299723,0.0857815423023643,0.0857206713383382,1.0577934917653762,0.0686568823803359,0.0686568823803359,1.136298145022108,0.0687058794264594,0.568,False
PLIP,1,0,h1->h0,0.25,123,3500,3000,750,0.985724888888889,0.928698752228164,0.0571559004466136,0.0842129796278016,0.0844806774291958,1.0751717646342345,0.0661773033938072,0.0661773033938072,1.0176908385045464,0.0661114475313178,0.565,False
PLIP,1,0,h1->h0,0.25,456,3500,3000,750,0.9838026666666668,0.924025374409314,0.0604940291347195,0.0840058824072208,0.0841381483995319,1.08533534113717,0.0661156666128404,0.0661156666128405,1.123203917969343,0.0661827004647919,0.5636666666666666,False
PLIP,1,0,h1->h0,0.5,42,7000,3000,1500,0.9845706666666668,0.9165135429674172,0.0614939212329716,0.0794613604565844,0.0831671655216571,1.185047144349901,0.0777907089302032,0.0781057954485755,1.196520069154566,0.0778314575902557,0.5763333333333334,False
PLIP,1,0,h1->h0,0.5,123,7000,3000,1500,0.9845733333333332,0.917863062862918,0.0613629874782716,0.0787585266560917,0.0829570878070047,1.2013147019753747,0.0777877316933097,0.0780740488914103,1.1990826566352946,0.0777788023769441,0.5756666666666667,False
PLIP,1,0,h1->h0,0.5,456,7000,3000,1500,0.9853257777777776,0.9219248353971128,0.0590525358330139,0.077399656152196,0.0800066021731291,1.1732971767806812,0.0740584320626806,0.0743561281428708,1.120112444219722,0.0738498019205597,0.5723333333333334,False
PLIP,1,0,h1->h0,1.0,42,14000,3000,3000,0.986144,0.91307743793455,0.0639087921123598,0.0910630977631143,0.0916011246188699,1.2878573294173663,0.0875671260019428,0.0875671260019428,1.2878573294173663,0.0875671260019428,0.5823333333333334,False
PLIP,1,0,h1->h0,1.0,123,14000,3000,3000,0.986144,0.91307743793455,0.0639087921123598,0.0910630977631143,0.0916011246188699,1.2878573294173663,0.0875671260019428,0.0875671260019428,1.2878573294173663,0.0875671260019428,0.5823333333333334,False
PLIP,1,0,h1->h0,1.0,456,14000,3000,3000,0.986144,0.91307743793455,0.0639087921123598,0.0910630977631143,0.0916011246188699,1.2878573294173663,0.0875671260019428,0.0875671260019428,1.2878573294173663,0.0875671260019428,0.5823333333333334,False
PLIP,1,2,h1->h2,0.01,42,140,3000,30,0.8957751111111112,0.735414935671243,0.1741757012021068,0.1955334969401944,0.1975731185240189,0.4553682752452523,0.1684308181368367,0.1687605634918227,0.5345629022123725,0.1610072498443083,0.6903333333333334,False
PLIP,1,2,h1->h2,0.01,123,140,3000,30,0.9680311111111112,0.8888686065417561,0.1419733685722173,0.2558914206089003,0.2604820175486979,0.447814896776427,0.0822725714074158,0.0839143545483694,0.4941125751573871,0.0873642386628659,0.5646666666666667,False
PLIP,1,2,h1->h2,0.01,456,140,3000,30,0.9392,0.8292927366421003,0.1609175096069714,0.2350776959798629,0.2347183742656708,0.4125209675386314,0.1076464795105217,0.1081928137612254,0.1000052749944835,0.1463346959085466,0.6093333333333333,False
PLIP,1,2,h1->h2,0.05,42,700,3000,150,0.9448093333333332,0.8435092611622225,0.1185552620724818,0.1440792896827131,0.1419432998534866,0.7543427315805518,0.0880234649274065,0.0894152654396482,0.9607782832887258,0.0865869243974465,0.586,False
PLIP,1,2,h1->h2,0.05,123,700,3000,150,0.957189777777778,0.8524627462833103,0.1138507631189293,0.1662012219974989,0.1617634328064943,0.7524005429903878,0.0955642482047104,0.0974041478435519,0.6075308516155946,0.0969954467002127,0.5903333333333334,False
PLIP,1,2,h1->h2,0.05,456,700,3000,150,0.9589862222222224,0.8437179159013364,0.1143031587633368,0.1614325301117381,0.1659081401730267,0.7927647540864236,0.1171493437357592,0.1189723613518334,0.9509945459190472,0.1172240918365151,0.6116666666666667,False
PLIP,1,2,h1->h2,0.1,42,1400,3000,300,0.9455684444444444,0.8453015808209754,0.1111686365941079,0.1200309929062759,0.1195636215947586,0.8834730676153711,0.0833207163091841,0.0850349685028017,1.0373926484522331,0.0812940571444595,0.5816666666666667,False
PLIP,1,2,h1->h2,0.1,123,1400,3000,300,0.9589688888888888,0.8667048318047184,0.099468631862568,0.1292479648082311,0.1260704240129145,0.8967528453044237,0.0702371903174474,0.0736190364080657,0.9184839276263996,0.0703282522498437,0.5686666666666667,False
PLIP,1,2,h1->h2,0.1,456,1400,3000,300,0.9628186666666668,0.8526034712950601,0.105470592264639,0.1430117359947317,0.1427461769262992,0.9064721896193364,0.1125335020273144,0.1145449063106591,0.9594730163681892,0.1127184270529471,0.6083333333333333,False
PLIP,1,2,h1->h2,0.25,42,3500,3000,750,0.9555271111111112,0.8623446227489076,0.0980537620439821,0.101974616817583,0.1006405729450329,1.0577934917653762,0.0755774257919599,0.0792240178124893,1.136298145022108,0.075979575423392,0.569,False
PLIP,1,2,h1->h2,0.25,123,3500,3000,750,0.9668724444444444,0.8825630169862058,0.086148610807364,0.1058975610806276,0.1049066517468691,1.0751717646342345,0.0690918995038549,0.071473254397548,1.0176908385045464,0.0685386228871417,0.561,False
PLIP,1,2,h1->h2,0.25,456,3500,3000,750,0.9592635555555558,0.8606757773144579,0.0974084884955557,0.1086114243909904,0.1086901822803966,1.08533534113717,0.0884887352597684,0.0905835244455526,1.123203917969343,0.0886277371796562,0.5843333333333334,False
PLIP,1,2,h1->h2,0.5,42,7000,3000,1500,0.9573337777777776,0.8756637949014134,0.0905130709734014,0.0787549433773691,0.0781845299700692,1.185047144349901,0.0616858533953515,0.0643157243907011,1.196520069154566,0.0615886555264527,0.552,False
PLIP,1,2,h1->h2,0.5,123,7000,3000,1500,0.9614048888888888,0.87861479078217,0.0877091303760249,0.0832280432481311,0.0821446807397244,1.2013147019753747,0.0659603615119475,0.0687737083156011,1.1990826566352946,0.0659241463335732,0.5563333333333333,False
PLIP,1,2,h1->h2,0.5,456,7000,3000,1500,0.9640444444444444,0.8826450011284135,0.085125603045195,0.0871796638074717,0.0861367576667807,1.1732971767806812,0.0638258959259784,0.0664642723466666,1.120112444219722,0.0640452233298602,0.555,False
PLIP,1,2,h1->h2,1.0,42,14000,3000,3000,0.962675111111111,0.8891251349756766,0.082681086073642,0.0680628921018614,0.0691412913970071,1.2878573294173663,0.0552271259123627,0.0587675330266379,1.2878573294173663,0.0552271259123627,0.5433333333333333,False
PLIP,1,2,h1->h2,1.0,123,14000,3000,3000,0.962675111111111,0.8891251349756766,0.082681086073642,0.0680628921018614,0.0691412913970071,1.2878573294173663,0.0552271259123627,0.0587675330266379,1.2878573294173663,0.0552271259123627,0.5433333333333333,False
PLIP,1,2,h1->h2,1.0,456,14000,3000,3000,0.962675111111111,0.8891251349756766,0.082681086073642,0.0680628921018614,0.0691412913970071,1.2878573294173663,0.0552271259123627,0.0587675330266379,1.2878573294173663,0.0552271259123627,0.5433333333333333,False
PLIP,1,3,h1->h3,0.01,42,140,3000,30,0.9785431111111113,0.9111507382282522,0.1202888281308733,0.2423916410025339,0.2458535313120184,0.4553682752452523,0.0496082539626554,0.053882307663486,0.5345629022123725,0.0615095905293138,0.5453333333333333,False
PLIP,1,3,h1->h3,0.01,123,140,3000,30,0.9824271111111113,0.9326616088052836,0.1141688289720168,0.2572978661188861,0.2600455420596363,0.447814896776427,0.0288164580644646,0.0287473182525746,0.4941125751573871,0.0383712553677593,0.5086666666666667,False
PLIP,1,3,h1->h3,0.01,456,140,3000,30,0.9817724444444446,0.9333283255497856,0.1208227713421013,0.2545313008650487,0.2558635874204088,0.4125209675386314,0.0158323918695172,0.0156544862356793,0.1000052749944835,0.0520531957810559,0.5086666666666667,False
PLIP,1,3,h1->h3,0.05,42,700,3000,150,0.9828577777777778,0.9373293224099676,0.0687927578380157,0.1379646039404581,0.1363366389281975,0.7543427315805518,0.015575022711673,0.013103828006408,0.9607782832887258,0.0270666883941361,0.508,False
PLIP,1,3,h1->h3,0.05,123,700,3000,150,0.9853355555555556,0.945323613086771,0.0654103508827037,0.1429607796019007,0.1433671488853441,0.7524005429903878,0.0158282806508241,0.0142375716252249,0.6075308516155946,0.022092578368587,0.5133333333333333,False
PLIP,1,3,h1->h3,0.05,456,700,3000,150,0.9818986666666666,0.933318989507076,0.0676728116230183,0.1304194330519156,0.1245621183725139,0.7927647540864236,0.0205310055805901,0.0135323496205029,0.9509945459190472,0.0201661299351477,0.5146666666666667,False
PLIP,1,3,h1->h3,0.1,42,1400,3000,300,0.9846364444444444,0.9413128841338492,0.0554156685385015,0.0990366898741896,0.0958508434564655,0.8834730676153711,0.0159172400837163,0.013386761933485,1.0373926484522331,0.0178563695844715,0.5186666666666667,False
PLIP,1,3,h1->h3,0.1,123,1400,3000,300,0.985124,0.943279991316278,0.0553629197259493,0.1027376164633246,0.1000500876773055,0.8967528453044237,0.0264580356155571,0.025434415345139,0.9184839276263996,0.0255197613397685,0.5306666666666666,False
PLIP,1,3,h1->h3,0.1,456,1400,3000,300,0.9835177777777776,0.93828834553723,0.0577703767370747,0.0989696989763149,0.0965024304214669,0.9064721896193364,0.0245964609969415,0.0250895399930499,0.9594730163681892,0.024103092150276,0.527,False
PLIP,1,3,h1->h3,0.25,42,3500,3000,750,0.9840946666666668,0.9369040310311983,0.050535033233226,0.0646112754724413,0.0599396478656117,1.0577934917653762,0.0331121996953747,0.0332162478472838,1.136298145022108,0.0322897802608144,0.539,False
PLIP,1,3,h1->h3,0.25,123,3500,3000,750,0.9847102222222224,0.940900653999373,0.0490440670923757,0.0622570799802627,0.0600875295146109,1.0751717646342345,0.0367260535774838,0.036820559837753,1.0176908385045464,0.0372786032761631,0.541,False
PLIP,1,3,h1->h3,0.25,456,3500,3000,750,0.9832764444444444,0.9352190597547408,0.052644627154008,0.0652897430679589,0.0629148001583404,1.08533534113717,0.0395310739745078,0.0389707756719328,1.123203917969343,0.0386661339138126,0.542,False
PLIP,1,3,h1->h3,0.5,42,7000,3000,1500,0.9840942222222224,0.9368442086974768,0.0498020354116485,0.0516281612601036,0.0530524686297875,1.185047144349901,0.0453794175833818,0.0450870682976755,1.196520069154566,0.0451364074307224,0.5496666666666666,False
PLIP,1,3,h1->h3,0.5,123,7000,3000,1500,0.9836066666666669,0.9341665479399532,0.0506898387738983,0.0504381289575487,0.0529877610099174,1.2013147019753747,0.0484775329486509,0.0479721978932426,1.1990826566352946,0.0484943689207294,0.5503333333333333,False
PLIP,1,3,h1->h3,0.5,456,7000,3000,1500,0.984108,0.9358395989974936,0.0496029909357415,0.0510404046055921,0.0499999689951325,1.1732971767806812,0.0456712634306348,0.0450480943198432,1.120112444219722,0.0453842365515762,0.55,False
PLIP,1,3,h1->h3,1.0,42,14000,3000,3000,0.983448,0.9300899765416748,0.052947555322137,0.0553002830984022,0.0579189219402191,1.2878573294173663,0.0577425081092814,0.0581460429194786,1.2878573294173663,0.0577425081092814,0.559,False
PLIP,1,3,h1->h3,1.0,123,14000,3000,3000,0.983448,0.9300899765416748,0.052947555322137,0.0553002830984022,0.0579189219402191,1.2878573294173663,0.0577425081092814,0.0581460429194786,1.2878573294173663,0.0577425081092814,0.559,False
PLIP,1,3,h1->h3,1.0,456,14000,3000,3000,0.983448,0.9300899765416748,0.052947555322137,0.0553002830984022,0.0579189219402191,1.2878573294173663,0.0577425081092814,0.0581460429194786,1.2878573294173663,0.0577425081092814,0.559,False
PLIP,1,4,h1->h4,0.01,42,140,3000,30,0.9218862222222222,0.8504312231792567,0.1663047505169586,0.2322396034574421,0.2362022957775755,0.4553682752452523,0.037329158012484,0.0378482835609969,0.5345629022123725,0.0471393228319042,0.5616666666666666,False
PLIP,1,4,h1->h4,0.01,123,140,3000,30,0.960015111111111,0.8785690740701813,0.1609799499748511,0.2790726096302105,0.281101470256897,0.447814896776427,0.1041393353261017,0.1060119831518019,0.4941125751573871,0.106556204443517,0.5793333333333334,False
PLIP,1,4,h1->h4,0.01,456,140,3000,30,0.9350444444444443,0.8614486638365099,0.1696628053733724,0.2586880943378697,0.2586880943378697,0.4125209675386314,0.0664508014758348,0.0664508014758348,0.1000052749944835,0.105564241894722,0.5396666666666666,False
PLIP,1,4,h1->h4,0.05,42,700,3000,150,0.9283057777777776,0.8155129794025404,0.1401445123037706,0.16919172452313,0.1705916945733815,0.7543427315805518,0.1025775882981497,0.1029467594333835,0.9607782832887258,0.0998825709307874,0.5993333333333334,False
PLIP,1,4,h1->h4,0.05,123,700,3000,150,0.9407435555555556,0.8235767195767196,0.1363218622306007,0.1792798638116877,0.178135343547308,0.7524005429903878,0.1217278442551564,0.1217278442551564,0.6075308516155946,0.1242596970884949,0.625,False
PLIP,1,4,h1->h4,0.05,456,700,3000,150,0.9513168888888888,0.8866084085868118,0.1167217546952911,0.171408928692124,0.1703748442869295,0.7927647540864236,0.0482906348233926,0.0481647687226142,0.9509945459190472,0.060762053800467,0.5226666666666666,False
PLIP,1,4,h1->h4,0.1,42,1400,3000,300,0.9270217777777778,0.7838774396703521,0.1421648434729471,0.1569552032177083,0.1573620626383484,0.8834730676153711,0.1499796389314893,0.1499796389314893,1.0373926484522331,0.1453640952476023,0.6636666666666666,False
PLIP,1,4,h1->h4,0.1,123,1400,3000,300,0.9332431111111112,0.7984033958282806,0.1367365738678494,0.1496658930125096,0.1524356640682571,0.8967528453044237,0.14313434818474,0.14313434818474,0.9184839276263996,0.1426480699944383,0.651,False
PLIP,1,4,h1->h4,0.1,456,1400,3000,300,0.9511875555555556,0.8798140589952722,0.1085189163843863,0.1364906204740767,0.1378749968845437,0.9064721896193364,0.0508511716560388,0.0510305621550333,0.9594730163681892,0.0537152973863258,0.5393333333333333,False
PLIP,1,4,h1->h4,0.25,42,3500,3000,750,0.9189253333333334,0.7703070756784809,0.1459536516014068,0.1413205899638116,0.1401389487838562,1.0577934917653762,0.1601250638168039,0.1601250638168039,1.136298145022108,0.1577944007787064,0.679,False
PLIP,1,4,h1->h4,0.25,123,3500,3000,750,0.9365764444444444,0.8131432560428643,0.1291955363098613,0.1323093340274228,0.1323831624552705,1.0751717646342345,0.1395486022044346,0.1395486022044346,1.0176908385045464,0.1405831503073459,0.6436666666666667,False
PLIP,1,4,h1->h4,0.25,456,3500,3000,750,0.9291942222222224,0.831847538180698,0.1234089656545924,0.1054545020246493,0.1061859455202098,1.08533534113717,0.0960063592773317,0.0960063592773318,1.123203917969343,0.0955635177643804,0.594,False
PLIP,1,4,h1->h4,0.5,42,7000,3000,1500,0.915112,0.7650751765184647,0.14990806230878,0.1442120091487405,0.1442120091487405,1.185047144349901,0.1666974349696676,0.1666974349696676,1.196520069154566,0.1664112431485262,0.6836666666666666,False
PLIP,1,4,h1->h4,0.5,123,7000,3000,1500,0.9259488888888892,0.7939707114421777,0.1385623885776946,0.1342622229667511,0.1345721324595248,1.2013147019753747,0.15197283488345,0.1519728348834499,1.1990826566352946,0.1520143870358117,0.6613333333333333,False
PLIP,1,4,h1->h4,0.5,456,7000,3000,1500,0.9282955555555557,0.7995347564313082,0.136374204527808,0.1318928885746124,0.1333727443306127,1.1732971767806812,0.1506832063223747,0.1506832063223747,1.120112444219722,0.1516721659620594,0.66,False
PLIP,1,4,h1->h4,1.0,42,14000,3000,3000,0.9224457777777776,0.7798472139664927,0.1461326722543476,0.1508715789295417,0.1508715789295417,1.2878573294173663,0.1656655157152613,0.1656655157152613,1.2878573294173663,0.1656655157152613,0.676,False
PLIP,1,4,h1->h4,1.0,123,14000,3000,3000,0.9224457777777776,0.7798472139664927,0.1461326722543476,0.1508715789295417,0.1508715789295417,1.2878573294173663,0.1656655157152613,0.1656655157152613,1.2878573294173663,0.1656655157152613,0.676,False
PLIP,1,4,h1->h4,1.0,456,14000,3000,3000,0.9224457777777776,0.7798472139664927,0.1461326722543476,0.1508715789295417,0.1508715789295417,1.2878573294173663,0.1656655157152613,0.1656655157152613,1.2878573294173663,0.1656655157152613,0.676,False
PLIP,2,0,h2->h0,0.01,42,140,3000,30,0.9783617777777778,0.9035226556481546,0.1242445687541834,0.2577572172589368,0.252699097288295,0.551747892816111,0.0981341840205745,0.0985190895769892,0.8518106447969382,0.1243029409976864,0.5916666666666667,False
PLIP,2,0,h2->h0,0.01,123,140,3000,30,0.978308,0.9110539171015796,0.1220453566404889,0.252878260289196,0.247521483209869,0.542022635756482,0.0899565384425599,0.0908705630925603,0.1000052749944835,0.084400851758673,0.583,False
PLIP,2,0,h2->h0,0.01,456,140,3000,30,0.980152888888889,0.9196640529217516,0.1225430822602772,0.2530415095842661,0.2533871951984123,0.44708594679351,0.0650961567489138,0.065222278199311,0.3813078973016945,0.0646804862419592,0.5646666666666667,False
PLIP,2,0,h2->h0,0.05,42,700,3000,150,0.9818262222222222,0.9260271762542548,0.0762639871557499,0.1506580039889173,0.1481284128562592,0.9249324956062304,0.0634014729159428,0.0644510512949866,0.9382493449857496,0.0633675285093429,0.5643333333333334,False
PLIP,2,0,h2->h0,0.05,123,700,3000,150,0.983074222222222,0.9273534064835802,0.0753039548469294,0.1504254196168655,0.1494295197895921,0.9157984319411256,0.0671232476347216,0.0684959378592261,1.0724665049863007,0.0676364807191746,0.5656666666666667,False
PLIP,2,0,h2->h0,0.05,456,700,3000,150,0.9856533333333332,0.9283671138552284,0.0736332002237202,0.1527916202885202,0.1527087419678205,0.9139185504040264,0.0709333343022221,0.0716011739176135,0.756651623540771,0.0696799141875828,0.5646666666666667,False
PLIP,2,0,h2->h0,0.1,42,1400,3000,300,0.9849906666666666,0.9398536170698109,0.0602700149102214,0.1162818274398181,0.1128912472577686,1.0544943614309463,0.0456984925427166,0.0472746082991592,1.0550934907614666,0.0456942237568187,0.5493333333333333,False
PLIP,2,0,h2->h0,0.1,123,1400,3000,300,0.983924,0.9317911596884862,0.0630323076856247,0.1137231052124009,0.112814345073417,1.0819023512087798,0.0520320593898652,0.0547413949128627,1.2864501594294568,0.0553578631309476,0.5553333333333333,False
PLIP,2,0,h2->h0,0.1,456,1400,3000,300,0.9875151111111112,0.9374821068998024,0.0592309003283165,0.1160153645808524,0.1165419248498505,1.1001815030499291,0.057210791860558,0.0579333715893408,1.0449274524493035,0.0570920839686036,0.5543333333333333,False
PLIP,2,0,h2->h0,0.25,42,3500,3000,750,0.9895546666666668,0.9475785462028335,0.0460014850891025,0.0778215839662684,0.0766608924831513,1.2900738515609584,0.0386690485995535,0.0404976346989758,1.2120356150919478,0.0390924999727075,0.541,False
PLIP,2,0,h2->h0,0.25,123,3500,3000,750,0.9879973333333334,0.9452514782100884,0.0473062075717368,0.0788875647296085,0.0764688609707054,1.3066071409162507,0.0329166534202862,0.0356929405993486,1.5222639971637408,0.0440810708769707,0.5386666666666666,False
PLIP,2,0,h2->h0,0.25,456,3500,3000,750,0.9888266666666669,0.946233919851138,0.0475187386321324,0.0790940208091882,0.0789528611579222,1.315589178783584,0.0420689513719128,0.0460421273781602,1.4407700874893876,0.0456960048341222,0.543,False
PLIP,2,0,h2->h0,0.5,42,7000,3000,1500,0.9901879999999998,0.9502747182762435,0.040183888239509,0.0559175004511971,0.0567975633848966,1.4246392987631378,0.0303151420759384,0.030124045189701,1.3693895059194967,0.0271844801213749,0.5343333333333333,False
PLIP,2,0,h2->h0,0.5,123,7000,3000,1500,0.9893675555555556,0.9509528657039414,0.0406599468725864,0.0565851334927248,0.0549754979232919,1.4260606684165649,0.0240722631540887,0.0261700819430162,1.568804859551862,0.0313235305848935,0.531,False
PLIP,2,0,h2->h0,0.5,456,7000,3000,1500,0.990044,0.950624181517964,0.0394376111123109,0.0559649274348141,0.0534381005267725,1.4467091918097563,0.026097500858047,0.0239269031180717,1.4127568601029878,0.0252657277170681,0.5293333333333333,False
PLIP,2,0,h2->h0,1.0,42,14000,3000,3000,0.990872,0.9553228292340732,0.0356251131823576,0.0414992478719059,0.0407001641476922,1.5618541028611317,0.0200755116089565,0.0170862286566133,1.5618541028611317,0.0200755116089565,0.5153333333333333,False
PLIP,2,0,h2->h0,1.0,123,14000,3000,3000,0.990872,0.9553228292340732,0.0356251131823576,0.0414992478719059,0.0407001641476922,1.5618541028611317,0.0200755116089565,0.0170862286566133,1.5618541028611317,0.0200755116089565,0.5153333333333333,False
PLIP,2,0,h2->h0,1.0,456,14000,3000,3000,0.990872,0.9553228292340732,0.0356251131823576,0.0414992478719059,0.0407001641476922,1.5618541028611317,0.0200755116089565,0.0170862286566133,1.5618541028611317,0.0200755116089565,0.5153333333333333,False
PLIP,2,1,h2->h1,0.01,42,140,3000,30,0.8977191111111111,0.6591683708248126,0.1979800021756897,0.2217352552039004,0.2224072327837274,0.551747892816111,0.272075953548022,0.272075953548022,0.8518106447969382,0.2301520055427517,0.804,False
PLIP,2,1,h2->h1,0.01,123,140,3000,30,0.889052,0.6398356819846748,0.2002733172271303,0.2157060030117784,0.2168279549315438,0.542022635756482,0.2794604246041217,0.2794604246041218,0.1000052749944835,0.3180633430670433,0.8183333333333334,False
PLIP,2,1,h2->h1,0.01,456,140,3000,30,0.8957653333333333,0.6608112599440783,0.1965150769871089,0.2188520816592788,0.2231345435942841,0.44708594679351,0.2732798710755968,0.2732798710755968,0.3813078973016945,0.2811168152653634,0.7983333333333333,False
PLIP,2,1,h2->h1,0.05,42,700,3000,150,0.9046893333333336,0.7384752341458405,0.1718328310501249,0.1721481441454866,0.1753103269506474,0.9249324956062304,0.2182780776970689,0.2182780776970689,0.9382493449857496,0.2175575881434819,0.7356666666666667,False
PLIP,2,1,h2->h1,0.05,123,700,3000,150,0.9130448888888888,0.7242971088193975,0.174346094969243,0.1856030605682321,0.186563028329901,0.9157984319411256,0.23391487535152,0.2339148753515199,1.0724665049863007,0.2249194254766782,0.751,False
PLIP,2,1,h2->h1,0.05,456,700,3000,150,0.9217986666666668,0.7346656024950644,0.1698390506878966,0.1894863923073416,0.1889293507836588,0.9139185504040264,0.2319081901810424,0.2319081901810424,0.756651623540771,0.2381798217706049,0.743,False
PLIP,2,1,h2->h1,0.1,42,1400,3000,300,0.912008,0.7920878687926189,0.1502335348689004,0.1487576879881314,0.1527870981524881,1.0544943614309463,0.1727395990999246,0.1727395990999246,1.0550934907614666,0.1727198649198464,0.6823333333333333,False
PLIP,2,1,h2->h1,0.1,123,1400,3000,300,0.9169688888888888,0.7620697763281206,0.1616409534056024,0.1709104256376968,0.1721604229532517,1.0819023512087798,0.2068024827030209,0.2068024827030209,1.2864501594294568,0.1986864689345864,0.7143333333333334,False
PLIP,2,1,h2->h1,0.1,456,1400,3000,300,0.9279982222222224,0.770232739010541,0.1557723018358612,0.1735789557502659,0.1768011267947955,1.1001815030499291,0.2048654359035351,0.2048654359035351,1.0449274524493035,0.2064243292179585,0.7096666666666667,False
PLIP,2,1,h2->h1,0.25,42,3500,3000,750,0.931224888888889,0.8264456976774979,0.126641663426404,0.1348614337334116,0.1356710295916322,1.2900738515609584,0.143242220268862,0.143242220268862,1.2120356150919478,0.1445419879846899,0.6496666666666666,False
PLIP,2,1,h2->h1,0.25,123,3500,3000,750,0.9263391111111112,0.8245418583504277,0.1288389676514145,0.1272000589668579,0.129397471944075,1.3066071409162507,0.1384620377106305,0.1384620377106306,1.5222639971637408,0.1338377969720517,0.647,False
PLIP,2,1,h2->h1,0.25,456,3500,3000,750,0.9300955555555556,0.822095874502355,0.1301701625410869,0.1361792224088518,0.1379983354203789,1.315589178783584,0.1495658440462127,0.1495658440462128,1.4407700874893876,0.1470614615910901,0.6543333333333333,False
PLIP,2,1,h2->h1,0.5,42,7000,3000,1500,0.9313782222222222,0.8609707072349431,0.1082111490330989,0.0899929883614765,0.0892601072338114,1.4246392987631378,0.0873760820249456,0.0873760820249456,1.3693895059194967,0.0882284820396867,0.599,False
PLIP,2,1,h2->h1,0.5,123,7000,3000,1500,0.9286671111111112,0.8589320426157658,0.109866741555055,0.085563617271762,0.0856798927338229,1.4260606684165649,0.0852540462712991,0.0852540462712991,1.568804859551862,0.0829497305745837,0.5996666666666667,False
PLIP,2,1,h2->h1,0.5,456,7000,3000,1500,0.9304542222222222,0.8601147776183644,0.1084461568694357,0.0875358472668826,0.0851111825219087,1.4467091918097563,0.0823622287110038,0.0823622287110038,1.4127568601029878,0.0828848281592083,0.5933333333333334,False
PLIP,2,1,h2->h1,1.0,42,14000,3000,3000,0.9318791111111112,0.8740783419758344,0.0981580221354154,0.0551794961464197,0.0571053538648979,1.5618541028611317,0.0334146052423634,0.0341241571015119,1.5618541028611317,0.0334146052423634,0.545,False
PLIP,2,1,h2->h1,1.0,123,14000,3000,3000,0.9318791111111112,0.8740783419758344,0.0981580221354154,0.0551794961464197,0.0571053538648979,1.5618541028611317,0.0334146052423634,0.0341241571015119,1.5618541028611317,0.0334146052423634,0.545,False
PLIP,2,1,h2->h1,1.0,456,14000,3000,3000,0.9318791111111112,0.8740783419758344,0.0981580221354154,0.0551794961464197,0.0571053538648979,1.5618541028611317,0.0334146052423634,0.0341241571015119,1.5618541028611317,0.0334146052423634,0.545,False
PLIP,2,3,h2->h3,0.01,42,140,3000,30,0.9435337777777776,0.7965990107158016,0.1609381269920148,0.2445575865038936,0.2434500216356332,0.551747892816111,0.2100325767328081,0.2100325767328081,0.8518106447969382,0.1956076004010025,0.695,False
PLIP,2,3,h2->h3,0.01,123,140,3000,30,0.9451084444444444,0.7984671499145852,0.159669566871437,0.241052997157841,0.2417739028454921,0.542022635756482,0.2075895130240763,0.2075895130240763,0.1000052749944835,0.1957822325873921,0.6933333333333334,False
PLIP,2,3,h2->h3,0.01,456,140,3000,30,0.9542653333333332,0.7910301726511954,0.1607258559286107,0.2544895576597947,0.2584173523989978,0.44708594679351,0.2093512093870061,0.2093512093870061,0.3813078973016945,0.209302835560646,0.6993333333333334,False
PLIP,2,3,h2->h3,0.05,42,700,3000,150,0.9466662222222222,0.8391692070837029,0.1269452009089193,0.1495137818908029,0.1571846481454481,0.9249324956062304,0.1678255383688647,0.1678255383688647,0.9382493449857496,0.1678138710815755,0.6543333333333333,False
PLIP,2,3,h2->h3,0.05,123,700,3000,150,0.9540497777777778,0.827601787777458,0.1292129774843595,0.1673139184856164,0.1687777836735401,0.9157984319411256,0.1790037276236506,0.1790037276236506,1.0724665049863007,0.1782001705333137,0.6656666666666666,False
PLIP,2,3,h2->h3,0.05,456,700,3000,150,0.959652,0.8141557347410386,0.1349485143730525,0.1826986243953019,0.1838742009223456,0.9139185504040264,0.1953767190715694,0.1953767190715694,0.756651623540771,0.1939886835397018,0.6773333333333333,False
PLIP,2,3,h2->h3,0.1,42,1400,3000,300,0.9511591111111112,0.852001736059329,0.1169329705742952,0.1449989193273649,0.1458197344365752,1.0544943614309463,0.1561100241108048,0.1561100241108048,1.0550934907614666,0.1561126832172348,0.6423333333333333,False
PLIP,2,3,h2->h3,0.1,123,1400,3000,300,0.9560155555555556,0.8502276539659717,0.116747525138691,0.1482911113713363,0.1498403416869918,1.0819023512087798,0.1596001109313636,0.1596001109313636,1.2864501594294568,0.1593050399850471,0.644,False
PLIP,2,3,h2->h3,0.1,456,1400,3000,300,0.9624666666666668,0.8406019852049971,0.1210244152387338,0.1634095795344379,0.1640473295232119,1.1001815030499291,0.1728707127711019,0.172870712771102,1.0449274524493035,0.1724652969686826,0.653,False
PLIP,2,3,h2->h3,0.25,42,3500,3000,750,0.9626613333333334,0.8717473081316606,0.101896099168034,0.1376763182576695,0.1387680555855655,1.2900738515609584,0.1385978561419446,0.1385978561419446,1.2120356150919478,0.1379977395167128,0.6223333333333333,False
PLIP,2,3,h2->h3,0.25,123,3500,3000,750,0.9597675555555556,0.8686026181944284,0.1031560783344156,0.135710399583563,0.135710399583563,1.3066071409162507,0.1383525390569517,0.1383525390569518,1.5222639971637408,0.1386272148044465,0.6253333333333333,False
PLIP,2,3,h2->h3,0.25,456,3500,3000,750,0.9598884444444444,0.856602470787001,0.1109867457890243,0.1520469820309095,0.1520469820309095,1.315589178783584,0.1540403819261096,0.1540403819261097,1.4407700874893876,0.1545569108147035,0.638,False
PLIP,2,3,h2->h3,0.5,42,7000,3000,1500,0.9603533333333334,0.8790390156614065,0.0975158788809153,0.1284226051246632,0.1284226051246632,1.4246392987631378,0.1290300510542851,0.1290300510542851,1.3693895059194967,0.1287988276358427,0.616,False
PLIP,2,3,h2->h3,0.5,123,7000,3000,1500,0.9587906666666668,0.876992396508026,0.0985183158800337,0.1271651407492071,0.1271651407492071,1.4260606684165649,0.1285970601003968,0.1285970601003968,1.568804859551862,0.1287315772327638,0.6166666666666667,False
PLIP,2,3,h2->h3,0.5,456,7000,3000,1500,0.9592457777777778,0.8739210475346946,0.0994992907075328,0.1298326633555633,0.1298326633555632,1.4467091918097563,0.1309079954500676,0.1309079954500677,1.4127568601029878,0.1308042062706331,0.6176666666666667,False
PLIP,2,3,h2->h3,1.0,42,14000,3000,3000,0.957567111111111,0.8878712245348985,0.0898688040439482,0.1056679361587498,0.1056679361587498,1.5618541028611317,0.107168936351498,0.107168936351498,1.5618541028611317,0.107168936351498,0.6003333333333334,False
PLIP,2,3,h2->h3,1.0,123,14000,3000,3000,0.957567111111111,0.8878712245348985,0.0898688040439482,0.1056679361587498,0.1056679361587498,1.5618541028611317,0.107168936351498,0.107168936351498,1.5618541028611317,0.107168936351498,0.6003333333333334,False
PLIP,2,3,h2->h3,1.0,456,14000,3000,3000,0.957567111111111,0.8878712245348985,0.0898688040439482,0.1056679361587498,0.1056679361587498,1.5618541028611317,0.107168936351498,0.107168936351498,1.5618541028611317,0.107168936351498,0.6003333333333334,False
PLIP,2,4,h2->h4,0.01,42,140,3000,30,0.9773013333333334,0.8906939766551483,0.1419396250317866,0.2809727842416709,0.2811062089631527,0.551747892816111,0.1064360214428856,0.1103130256232438,0.8518106447969382,0.1669801494971098,0.5943333333333334,False
PLIP,2,4,h2->h4,0.01,123,140,3000,30,0.9809511111111112,0.8978997805740898,0.1358531502125624,0.2843964051209883,0.2808435583012622,0.542022635756482,0.1063321974045625,0.1077107208079703,0.1000052749944835,0.0917551795582851,0.5866666666666667,False
PLIP,2,4,h2->h4,0.01,456,140,3000,30,0.983164,0.9284528519896792,0.1267217771040333,0.2730961469395607,0.2709997361602113,0.44708594679351,0.0646295733458338,0.064929636392109,0.3813078973016945,0.0626263868998335,0.5546666666666666,False
PLIP,2,4,h2->h4,0.05,42,700,3000,150,0.9816364444444444,0.9081075932640854,0.0944426426053779,0.19723857782779,0.1928749995324137,0.9249324956062304,0.0945556424293271,0.0964949439118966,0.9382493449857496,0.0957074387165571,0.578,False
PLIP,2,4,h2->h4,0.05,123,700,3000,150,0.9847946666666668,0.9111669809344228,0.0880750972692368,0.1875764762440469,0.1872583810504703,0.9157984319411256,0.0933802386397815,0.0977109806408443,1.0724665049863007,0.103603384836755,0.575,False
PLIP,2,4,h2->h4,0.05,456,700,3000,150,0.983584888888889,0.9066957125673044,0.0937635170604199,0.196334260148157,0.1916025546212984,0.9139185504040264,0.1060330114609339,0.108483700923353,0.756651623540771,0.1029043746722508,0.5826666666666667,False
PLIP,2,4,h2->h4,0.1,42,1400,3000,300,0.9830986666666666,0.919657060626782,0.0779973617676655,0.1597492312067295,0.1549183408445013,1.0544943614309463,0.0782329214138626,0.0800477226516179,1.0550934907614666,0.0783419301782859,0.5653333333333334,False
PLIP,2,4,h2->h4,0.1,123,1400,3000,300,0.9845662222222225,0.914908404816229,0.0769151377145491,0.1586324695577389,0.1571290278479119,1.0819023512087798,0.085654372746953,0.0891983003739404,1.2864501594294568,0.098810093784781,0.5706666666666667,False
PLIP,2,4,h2->h4,0.1,456,1400,3000,300,0.9839351111111112,0.913169523597942,0.0821334192763066,0.1609117816343444,0.1597819916449114,1.1001815030499291,0.1018162105532766,0.1033878308814495,1.0449274524493035,0.1010076548755104,0.5756666666666667,False
PLIP,2,4,h2->h4,0.25,42,3500,3000,750,0.9846444444444444,0.9216656341111124,0.0675215659921571,0.1191207405843695,0.119763582319627,1.2900738515609584,0.0837050426864299,0.0850806812553044,1.2120356150919478,0.0829687376204305,0.5653333333333334,False
PLIP,2,4,h2->h4,0.25,123,3500,3000,750,0.9855902222222224,0.9243696579099075,0.0649775437998251,0.1169528914824505,0.1174445244615117,1.3066071409162507,0.0801406215047575,0.0828875000646627,1.5222639971637408,0.0877299584780094,0.5626666666666666,False
PLIP,2,4,h2->h4,0.25,456,3500,3000,750,0.9843853333333332,0.9111024536952808,0.0733981739885704,0.1292135957257422,0.1297499693265793,1.315589178783584,0.0979564110232398,0.0993379942351423,1.4407700874893876,0.0998467767060656,0.5796666666666667,False
PLIP,2,4,h2->h4,0.5,42,7000,3000,1500,0.9853213333333334,0.9328064751825786,0.0560569259069127,0.0873018894519758,0.0874646390506025,1.4246392987631378,0.0605761306362336,0.0645583971655818,1.3693895059194967,0.0603585189977803,0.5536666666666666,False
PLIP,2,4,h2->h4,0.5,123,7000,3000,1500,0.9849697777777776,0.9260581958802035,0.0589926804465994,0.0928902586140751,0.0928865052960129,1.4260606684165649,0.0684414934810003,0.0716329721400636,1.568804859551862,0.0723135406321767,0.561,False
PLIP,2,4,h2->h4,0.5,456,7000,3000,1500,0.9846293333333336,0.9196135735160664,0.0645747564796587,0.103220062950183,0.1019536862387534,1.4467091918097563,0.0836763673734956,0.084767276422805,1.4127568601029878,0.0834309116926584,0.5693333333333334,False
PLIP,2,4,h2->h4,1.0,42,14000,3000,3000,0.9833853333333332,0.9267507490767194,0.0579162483879635,0.0752104106310459,0.077520299656319,1.5618541028611317,0.0651521482125524,0.0670345925892683,1.5618541028611317,0.0651521482125524,0.5583333333333333,False
PLIP,2,4,h2->h4,1.0,123,14000,3000,3000,0.9833853333333332,0.9267507490767194,0.0579162483879635,0.0752104106310459,0.077520299656319,1.5618541028611317,0.0651521482125524,0.0670345925892683,1.5618541028611317,0.0651521482125524,0.5583333333333333,False
PLIP,2,4,h2->h4,1.0,456,14000,3000,3000,0.9833853333333332,0.9267507490767194,0.0579162483879635,0.0752104106310459,0.077520299656319,1.5618541028611317,0.0651521482125524,0.0670345925892683,1.5618541028611317,0.0651521482125524,0.5583333333333333,False
PLIP,3,0,h3->h0,0.01,42,140,3000,30,0.9572311111111113,0.8645553612724413,0.1278126715739324,0.2060303080960904,0.2086242152667602,0.5289463840545096,0.0463065938525457,0.041895463380253,0.4714528720145071,0.0494435587904235,0.5286666666666666,False
PLIP,3,0,h3->h0,0.01,123,140,3000,30,0.980154222222222,0.9309247770822426,0.1226861791067539,0.2697050477377703,0.259607907487842,0.4011671042574627,0.0309536906231363,0.0268447875912258,0.1000052749944835,0.0544875833462664,0.533,False
PLIP,3,0,h3->h0,0.01,456,140,3000,30,0.979004,0.9214729579042704,0.1233567000658901,0.262383453021011,0.256505222882334,0.4203544119789162,0.0436269564337907,0.0440302910054584,0.1000052749944835,0.0641666936795401,0.5496666666666666,False
PLIP,3,0,h3->h0,0.05,42,700,3000,150,0.9748453333333332,0.9208300396885358,0.0777009958120153,0.1239505767509649,0.12435213113857,0.8322219094370779,0.036789265477389,0.036258601729605,0.81710052746331,0.0369031932472893,0.5463333333333333,False
PLIP,3,0,h3->h0,0.05,123,700,3000,150,0.9831959999999998,0.9318873568243304,0.069232256037781,0.1479718895098583,0.1412293662743316,0.7855774331669686,0.0343888046984958,0.0352421504963913,0.6108393838059192,0.036483707488422,0.5406666666666666,False
PLIP,3,0,h3->h0,0.05,456,700,3000,150,0.9815008888888888,0.9268096318524482,0.0722368050128384,0.1479203136994399,0.1437135103566786,0.805849255879921,0.0436262810027061,0.0436262810027061,0.9278081935634116,0.0459784294160187,0.551,False
PLIP,3,0,h3->h0,0.1,42,1400,3000,300,0.9794124444444444,0.9298683082677472,0.0643332521363875,0.0963203992056416,0.0937036143489641,0.9738097905721914,0.0343781351154639,0.0343781351154639,0.7604191475123266,0.0363589222402444,0.5433333333333333,False
PLIP,3,0,h3->h0,0.1,123,1400,3000,300,0.9821151111111112,0.9305402189942223,0.0623228481312694,0.1098826149485773,0.1055525277716065,0.9063274191710412,0.0358488211068485,0.0364398269986408,0.9525694931252404,0.0354654968113778,0.5426666666666666,False
PLIP,3,0,h3->h0,0.1,456,1400,3000,300,0.9811133333333334,0.9268474444093466,0.0646188949620707,0.1122789617912368,0.1093086926918892,0.931631751807916,0.0388386137898493,0.0388386137898493,0.8696683887432753,0.0393538947627901,0.5456666666666666,False
PLIP,3,0,h3->h0,0.25,42,3500,3000,750,0.9809502222222224,0.9254572761553872,0.0594722850150249,0.0734567665182786,0.0731910214859811,1.1236086085417638,0.0491643553229131,0.049164355322913,1.115512628303327,0.0491911379806348,0.553,False
PLIP,3,0,h3->h0,0.25,123,3500,3000,750,0.9831142222222222,0.9308599914827526,0.0556818496778253,0.0744163971056566,0.0733261676124384,1.0920881228985144,0.0412164421383464,0.0412164421383464,1.1749294536157382,0.0408576438452339,0.545,False
PLIP,3,0,h3->h0,0.25,456,3500,3000,750,0.9817977777777775,0.9264925683986652,0.0577191009106093,0.0755781521440639,0.0748728017701775,1.114862199944105,0.0437650405965959,0.043765040596596,0.9497022008745272,0.0445183407811948,0.5486666666666666,False
PLIP,3,0,h3->h0,0.5,42,7000,3000,1500,0.9807173333333332,0.9257835849336666,0.0581778747033472,0.0574655156984282,0.056783715095601,1.221639225107819,0.0515612667497946,0.0515612667497946,1.1638518607251884,0.0516681534231826,0.554,False
PLIP,3,0,h3->h0,0.5,123,7000,3000,1500,0.982391111111111,0.9288050127510332,0.0559961521529377,0.059085152941352,0.0597543563109853,1.218441377314529,0.050756747894017,0.050756747894017,1.2798356673497369,0.0506422039545407,0.5523333333333333,False
PLIP,3,0,h3->h0,0.5,456,7000,3000,1500,0.9826871111111112,0.9291417325782249,0.0547044859368296,0.0579553595601808,0.0588639102652077,1.2063090010444135,0.0464514539898158,0.0464514539898159,1.078169348369718,0.0469164232853981,0.552,False
PLIP,3,0,h3->h0,1.0,42,14000,3000,3000,0.9818360000000002,0.924394486819216,0.0576127973495963,0.0586093021329018,0.0590659602902277,1.2800360085547446,0.0586172406455268,0.0586172406455268,1.2800360085547446,0.0586172406455268,0.56,False
PLIP,3,0,h3->h0,1.0,123,14000,3000,3000,0.9818360000000002,0.924394486819216,0.0576127973495963,0.0586093021329018,0.0590659602902277,1.2800360085547446,0.0586172406455268,0.0586172406455268,1.2800360085547446,0.0586172406455268,0.56,False
PLIP,3,0,h3->h0,1.0,456,14000,3000,3000,0.9818360000000002,0.924394486819216,0.0576127973495963,0.0586093021329018,0.0590659602902277,1.2800360085547446,0.0586172406455268,0.0586172406455268,1.2800360085547446,0.0586172406455268,0.56,False
PLIP,3,1,h3->h1,0.01,42,140,3000,30,0.9335186666666666,0.8130436582429074,0.1417516625855749,0.1865090117992378,0.18698458527351,0.5289463840545096,0.1001504454977809,0.10097253699505,0.4714528720145071,0.1018428339429817,0.6106666666666667,False
PLIP,3,1,h3->h1,0.01,123,140,3000,30,0.9509386666666668,0.8326769119880557,0.1431801643751688,0.212702588145816,0.2138236039064574,0.4011671042574627,0.1206778903851066,0.120749920400872,0.1000052749944835,0.1497723397429412,0.626,False
PLIP,3,1,h3->h1,0.01,456,140,3000,30,0.9459702222222222,0.8051354001288158,0.147982345665489,0.2094378712097211,0.2115574836628913,0.4203544119789162,0.1504508047168946,0.1505105211958045,0.1000052749944835,0.173488366010676,0.658,False
PLIP,3,1,h3->h1,0.05,42,700,3000,150,0.947992,0.817405523255814,0.1205611664000685,0.1377150753115502,0.1374962371976804,0.8322219094370779,0.136433461030071,0.1366294904339776,0.81710052746331,0.1367362810726334,0.6466666666666666,False
PLIP,3,1,h3->h1,0.05,123,700,3000,150,0.9567937777777776,0.8355105295306081,0.1128848247281446,0.1407833312412078,0.1433265547981164,0.7855774331669686,0.1257106096195305,0.1257670745421781,0.6108393838059192,0.1278860965633238,0.631,False
PLIP,3,1,h3->h1,0.05,456,700,3000,150,0.9544755555555556,0.8153440556657461,0.1220489048862448,0.154584317004038,0.155820747694294,0.805849255879921,0.1487396422586065,0.1487989323029744,0.9278081935634116,0.1460548694904298,0.653,False
PLIP,3,1,h3->h1,0.1,42,1400,3000,300,0.9544288888888888,0.8347652922239011,0.1094394147874257,0.1162217743656624,0.1156377252869509,0.9738097905721914,0.1183415330705975,0.1185204004966858,0.7604191475123266,0.1224497742954205,0.6246666666666667,False
PLIP,3,1,h3->h1,0.1,123,1400,3000,300,0.9579008888888888,0.8320890775923722,0.1100090392707288,0.1263926253651805,0.1278235817134684,0.9063274191710412,0.1263430075446585,0.1263712230467449,0.9525694931252404,0.1257754526552434,0.6316666666666667,False
PLIP,3,1,h3->h1,0.1,456,1400,3000,300,0.9546751111111113,0.8244604199070049,0.1162247208917015,0.1347002773810118,0.134890874533287,0.931631751807916,0.1373480344842031,0.1375113495474663,0.8696683887432753,0.1382645123080567,0.642,False
PLIP,3,1,h3->h1,0.25,42,3500,3000,750,0.9577946666666666,0.832972683071934,0.1094181464406819,0.1141995497431138,0.1165956304792722,1.1236086085417638,0.1236223187396616,0.1237262741017825,1.115512628303327,0.1237073708017111,0.627,False
PLIP,3,1,h3->h1,0.25,123,3500,3000,750,0.9614026666666666,0.8412915237829784,0.1051970547801627,0.1157004300513226,0.1161911493055133,1.0920881228985144,0.1193947483175958,0.1194913322550027,1.1749294536157382,0.1186510292994355,0.6223333333333333,False
PLIP,3,1,h3->h1,0.25,456,3500,3000,750,0.957821777777778,0.8338295086236833,0.1097269629778479,0.1177878560463057,0.1171345340018636,1.114862199944105,0.1244909052577327,0.1245985023346516,0.9497022008745272,0.1260117889735665,0.6306666666666667,False
PLIP,3,1,h3->h1,0.5,42,7000,3000,1500,0.9628422222222224,0.8445015056310737,0.1037691152838189,0.1074425434129024,0.110390058123229,1.221639225107819,0.1157797098516871,0.1158518150439718,1.1638518607251884,0.1162133959112396,0.618,False
PLIP,3,1,h3->h1,0.5,123,7000,3000,1500,0.9646653333333332,0.8451775860413735,0.1021354963669561,0.1082449072677589,0.1112386873014435,1.218441377314529,0.1158085289172443,0.1160204307481408,1.2798356673497369,0.1153983113309783,0.618,False
PLIP,3,1,h3->h1,0.5,456,7000,3000,1500,0.965534222222222,0.8507724047340485,0.0982761372924788,0.1033021515255261,0.1058229348210477,1.2063090010444135,0.1086952898805043,0.1087725433498399,1.078169348369718,0.1094117473563134,0.6126666666666667,False
PLIP,3,1,h3->h1,1.0,42,14000,3000,3000,0.968144,0.8615501376582391,0.0952661961799248,0.0999677737434354,0.1024768440312599,1.2800360085547446,0.1047679342836361,0.1048101720885815,1.2800360085547446,0.1047679342836361,0.6023333333333334,False
PLIP,3,1,h3->h1,1.0,123,14000,3000,3000,0.968144,0.8615501376582391,0.0952661961799248,0.0999677737434354,0.1024768440312599,1.2800360085547446,0.1047679342836361,0.1048101720885815,1.2800360085547446,0.1047679342836361,0.6023333333333334,False
PLIP,3,1,h3->h1,1.0,456,14000,3000,3000,0.968144,0.8615501376582391,0.0952661961799248,0.0999677737434354,0.1024768440312599,1.2800360085547446,0.1047679342836361,0.1048101720885815,1.2800360085547446,0.1047679342836361,0.6023333333333334,False
PLIP,3,2,h3->h2,0.01,42,140,3000,30,0.90324,0.7881435616469116,0.1613832691438751,0.1739061392044309,0.174574259839205,0.5289463840545096,0.0916560391311656,0.0929069150344819,0.4714528720145071,0.1040631407197825,0.6016666666666667,False
PLIP,3,2,h3->h2,0.01,123,140,3000,30,0.9697493333333334,0.9065586484642914,0.1377204837594532,0.2657494386484316,0.2695946154908903,0.4011671042574627,0.0544240091064043,0.0563532972139877,0.1000052749944835,0.0783214643869553,0.534,False
PLIP,3,2,h3->h2,0.01,456,140,3000,30,0.9638822222222222,0.9073313152153092,0.138536381398552,0.2598748146710349,0.2604776465085092,0.4203544119789162,0.0370080618098127,0.036696748500507,0.1000052749944835,0.0723106934011636,0.5046666666666667,False
PLIP,3,2,h3->h2,0.05,42,700,3000,150,0.9424048888888888,0.8587547826086956,0.111275135066984,0.1247753067260491,0.1287359223401482,0.8322219094370779,0.0552988856742085,0.054027698774426,0.81710052746331,0.0553485316582607,0.5416666666666666,False
PLIP,3,2,h3->h2,0.05,123,700,3000,150,0.9717586666666668,0.9203328995902312,0.0862293951284252,0.1566594695029157,0.157922352116152,0.7855774331669686,0.0298771852461987,0.0295490468481167,0.6108393838059192,0.0265042307513032,0.5023333333333333,False
PLIP,3,2,h3->h2,0.05,456,700,3000,150,0.9706226666666664,0.91732965909596,0.0864286173440786,0.1533952295116984,0.1534785402664202,0.805849255879921,0.0309029717335754,0.0292184841462213,0.9278081935634116,0.0440001231832758,0.5066666666666667,False
PLIP,3,2,h3->h2,0.1,42,1400,3000,300,0.9525342222222224,0.8687016756183021,0.0980918955623492,0.1099341668788298,0.1091729464235987,0.9738097905721914,0.0588299767985934,0.0600288118216998,0.7604191475123266,0.0684869103519716,0.5476666666666666,False
PLIP,3,2,h3->h2,0.1,123,1400,3000,300,0.9654888888888892,0.8989465427210994,0.0850844256313331,0.1191504147914959,0.1192853789362583,0.9063274191710412,0.0394600293941252,0.0422829259100775,0.9525694931252404,0.0400254393357695,0.523,False
PLIP,3,2,h3->h2,0.1,456,1400,3000,300,0.9652444444444443,0.9002774776405318,0.086002207607056,0.124147290377177,0.1233496966941361,0.931631751807916,0.0423380085853562,0.044266446033952,0.8696683887432753,0.0409450476139409,0.5236666666666666,False
PLIP,3,2,h3->h2,0.25,42,3500,3000,750,0.9569444444444444,0.8812013348164627,0.0875556328238196,0.081757574195729,0.0819355480622871,1.1236086085417638,0.043444861926912,0.0444874378059377,1.115512628303327,0.0441199766143147,0.5333333333333333,False
PLIP,3,2,h3->h2,0.25,123,3500,3000,750,0.9636688888888888,0.8898464704583811,0.0828260021335505,0.0898739990411236,0.0883756777720372,1.0920881228985144,0.0513455536026936,0.0519553221684706,1.1749294536157382,0.0490734140283607,0.5373333333333333,False
PLIP,3,2,h3->h2,0.25,456,3500,3000,750,0.963164,0.8884999617205458,0.082580749546501,0.0915499266171839,0.088924823444219,1.114862199944105,0.0486347469047957,0.0496161712184141,0.9497022008745272,0.0526243654434017,0.5386666666666666,False
PLIP,3,2,h3->h2,0.5,42,7000,3000,1500,0.9538408888888888,0.8686760530058648,0.0907698396843464,0.0673602118227516,0.0682067264626503,1.221639225107819,0.059000177067259,0.0598297454904886,1.1638518607251884,0.0624548090306742,0.5496666666666666,False
PLIP,3,2,h3->h2,0.5,123,7000,3000,1500,0.9593528888888888,0.878394215662736,0.0856558734782855,0.071172443978651,0.0725640779110827,1.218441377314529,0.0562625615181136,0.0572923992388245,1.2798356673497369,0.0554108928812633,0.5473333333333333,False
PLIP,3,2,h3->h2,0.5,456,7000,3000,1500,0.959848,0.8756808589516911,0.0862594390808064,0.0766892278471731,0.0771555033590745,1.2063090010444135,0.0619773168989859,0.0624619403483907,1.078169348369718,0.0642190880089093,0.5506666666666666,False
PLIP,3,2,h3->h2,1.0,42,14000,3000,3000,0.9530773333333334,0.8622137479465835,0.093350799133153,0.0658163184804459,0.068723712345937,1.2800360085547446,0.0696721699495713,0.0702548593916903,1.2800360085547446,0.0696721699495713,0.5573333333333333,False
PLIP,3,2,h3->h2,1.0,123,14000,3000,3000,0.9530773333333334,0.8622137479465835,0.093350799133153,0.0658163184804459,0.068723712345937,1.2800360085547446,0.0696721699495713,0.0702548593916903,1.2800360085547446,0.0696721699495713,0.5573333333333333,False
PLIP,3,2,h3->h2,1.0,456,14000,3000,3000,0.9530773333333334,0.8622137479465835,0.093350799133153,0.0658163184804459,0.068723712345937,1.2800360085547446,0.0696721699495713,0.0702548593916903,1.2800360085547446,0.0696721699495713,0.5573333333333333,False
PLIP,3,4,h3->h4,0.01,42,140,3000,30,0.9452084444444444,0.7954008166774125,0.1635415123321075,0.2389308938981247,0.2383982874824178,0.5289463840545096,0.1784180586740661,0.1784180586740661,0.4714528720145071,0.1802123684461266,0.675,False
PLIP,3,4,h3->h4,0.01,123,140,3000,30,0.9727279999999998,0.6418378917676713,0.1735633807782084,0.3025266667921415,0.2971707293867871,0.4011671042574627,0.2866797506346376,0.2866797506346375,0.1000052749944835,0.3156825884059357,0.8206666666666667,False
PLIP,3,4,h3->h4,0.01,456,140,3000,30,0.9740782222222224,0.6035647558319291,0.1768516524222739,0.2962951652003209,0.2974626038816915,0.4203544119789162,0.3107369612500949,0.3107369612500949,0.1000052749944835,0.3443255827577599,0.8483333333333334,False
PLIP,3,4,h3->h4,0.05,42,700,3000,150,0.9641795555555556,0.6632835496449911,0.1696882329014934,0.232836029633126,0.2286417007619198,0.8322219094370779,0.2741474528110389,0.274147452811039,0.81710052746331,0.2748113612487758,0.8036666666666666,False
PLIP,3,4,h3->h4,0.05,123,700,3000,150,0.9769062222222222,0.6247187733964976,0.180503491864421,0.2622743690303687,0.2636496635798295,0.7855774331669686,0.3069610322503638,0.3069610322503638,0.6108393838059192,0.3149440400654054,0.833,False
PLIP,3,4,h3->h4,0.05,456,700,3000,150,0.9768955555555556,0.7092978338915605,0.1558951854368806,0.2389762735432135,0.2377819623087284,0.805849255879921,0.2577387930667137,0.2577387930667136,0.9278081935634116,0.2544648638329354,0.769,False
PLIP,3,4,h3->h4,0.1,42,1400,3000,300,0.969016,0.6564610872146514,0.1794458289408866,0.2471961321743488,0.248481757150373,0.9738097905721914,0.2871028735442967,0.2871028735442967,0.7604191475123266,0.2943525792004292,0.8093333333333333,False
PLIP,3,4,h3->h4,0.1,123,1400,3000,300,0.976548,0.6687186889077928,0.174020959856564,0.250434511716992,0.249965084714113,0.9063274191710412,0.2853838486953155,0.2853838486953154,0.9525694931252404,0.2840152674699895,0.8006666666666666,False
PLIP,3,4,h3->h4,0.1,456,1400,3000,300,0.9743915555555556,0.6675460019932578,0.1730736338237775,0.2472305164032971,0.2472831793922182,0.931631751807916,0.2817647776188997,0.2817647776188997,0.8696683887432753,0.2837068667544826,0.801,False
PLIP,3,4,h3->h4,0.25,42,3500,3000,750,0.9722995555555556,0.5527330120504499,0.2350590537971205,0.312692299791187,0.3132111685957541,1.1236086085417638,0.3483502831628574,0.3483572465744483,1.115512628303327,0.3486791870262288,0.882,False
PLIP,3,4,h3->h4,0.25,123,3500,3000,750,0.9764995555555556,0.6143289669608482,0.2067801181964585,0.2877165905596973,0.2877165905596973,1.0920881228985144,0.3184267711112861,0.3184267711112861,1.1749294536157382,0.3157438394166699,0.8403333333333334,False
PLIP,3,4,h3->h4,0.25,456,3500,3000,750,0.9734226666666664,0.59843246693786,0.2156804077725695,0.2930874923493235,0.2930874923493234,1.114862199944105,0.3261603956109753,0.3261603956109754,0.9497022008745272,0.3320683970751431,0.8513333333333334,False
PLIP,3,4,h3->h4,0.5,42,7000,3000,1500,0.9717337777777776,0.5224673867983733,0.2596618864211235,0.3344803021431319,0.3344803021431319,1.221639225107819,0.3646763421830057,0.3646763421830059,1.1638518607251884,0.3669623820112044,0.9003333333333333,False
PLIP,3,4,h3->h4,0.5,123,7000,3000,1500,0.9744128888888888,0.5881125009959366,0.2281426334186245,0.3067335689923371,0.3067335689923371,1.218441377314529,0.3316029022441203,0.3316029022441203,1.2798356673497369,0.3296662044114455,0.8583333333333333,False
PLIP,3,4,h3->h4,0.5,456,7000,3000,1500,0.9738831111111113,0.613852828653729,0.2171525959662622,0.2958266994956626,0.2958266994956626,1.2063090010444135,0.3193553266665683,0.3193553266665683,1.078169348369718,0.3229782940768597,0.8406666666666667,False
PLIP,3,4,h3->h4,1.0,42,14000,3000,3000,0.9729306666666668,0.6047405366054602,0.2304416943525943,0.3068729997892271,0.3069331728933196,1.2800360085547446,0.3261703756576228,0.3261712005596734,1.2800360085547446,0.3261703756576228,0.847,False
PLIP,3,4,h3->h4,1.0,123,14000,3000,3000,0.9729306666666668,0.6047405366054602,0.2304416943525943,0.3068729997892271,0.3069331728933196,1.2800360085547446,0.3261703756576228,0.3261712005596734,1.2800360085547446,0.3261703756576228,0.847,False
PLIP,3,4,h3->h4,1.0,456,14000,3000,3000,0.9729306666666668,0.6047405366054602,0.2304416943525943,0.3068729997892271,0.3069331728933196,1.2800360085547446,0.3261703756576228,0.3261712005596734,1.2800360085547446,0.3261703756576228,0.847,False
PLIP,4,0,h4->h0,0.01,42,140,3000,30,0.9713871111111112,0.9104244543913408,0.139505601557091,0.2580256817411421,0.2602573279257841,0.445667625123847,0.0487872821261465,0.0490014027196203,0.1000052749944835,0.0741848776669502,0.552,False
PLIP,4,0,h4->h0,0.01,123,140,3000,30,0.9777266666666666,0.9037222800397948,0.132867057028395,0.2597443669370309,0.2603340527670398,0.4475039596508819,0.0858541851319201,0.0858541851319201,0.4586664313662695,0.0859720488219392,0.5796666666666667,False
PLIP,4,0,h4->h0,0.01,456,140,3000,30,0.972148888888889,0.8847695953458596,0.1344732342122176,0.244850795322419,0.2438236938633968,0.511876715613562,0.1124363750494057,0.1128608720316435,0.5532133101762753,0.112852598418268,0.6033333333333334,False
PLIP,4,0,h4->h0,0.05,42,700,3000,150,0.9802057777777776,0.9142780222689626,0.0838888559779032,0.1538597437311863,0.1506730237392265,0.8510239483738707,0.0727651014937051,0.0738590970876109,0.9143567721697144,0.0729655714251134,0.5673333333333334,False
PLIP,4,0,h4->h0,0.05,123,700,3000,150,0.9811817777777778,0.924114775454952,0.0789449277423144,0.1510853334820866,0.149860558407516,0.8274196085416708,0.053749247503375,0.0545850254355823,0.8351240170281643,0.0537311651227503,0.5536666666666666,False
PLIP,4,0,h4->h0,0.05,456,700,3000,150,0.9771857777777776,0.9123581283264328,0.0841808046583822,0.1463998159274215,0.1444104719298788,0.8972945502928116,0.0607957321672177,0.0610901449894118,1.0279347382947783,0.06328286622842,0.5593333333333333,False
PLIP,4,0,h4->h0,0.1,42,1400,3000,300,0.9816826666666666,0.925814536340852,0.0686368607422709,0.1144139863144978,0.1126204365002567,1.0031376253144684,0.0496593295102667,0.050373728282359,1.064581261268815,0.0495721005865956,0.55,False
PLIP,4,0,h4->h0,0.1,123,1400,3000,300,0.982344,0.926794365372331,0.0684857300065974,0.1173073018004943,0.1157064206268654,1.0186242688305849,0.0541596138329757,0.0547496243520311,1.0122983854637748,0.0541621016617266,0.553,False
PLIP,4,0,h4->h0,0.1,456,1400,3000,300,0.9797217777777778,0.9218248529260444,0.0688998805562752,0.1063776819957127,0.1054619680953386,1.0518007079805736,0.0468316287658619,0.0476773792236641,1.1525408118830711,0.046571986826847,0.5473333333333333,False
PLIP,4,0,h4->h0,0.25,42,3500,3000,750,0.9830315555555555,0.933950653799572,0.0559422286392466,0.0757115084459157,0.0715597274363504,1.1989400206258178,0.0234673139742515,0.0241397284277893,1.272547762222459,0.0256906070563566,0.5273333333333333,False
PLIP,4,0,h4->h0,0.25,123,3500,3000,750,0.9831377777777778,0.934647031730422,0.0558428508444686,0.0778910549538497,0.0779631665267957,1.214420411358892,0.0170932815050531,0.0171255018215451,1.229103165634834,0.0179361360016223,0.5173333333333333,False
PLIP,4,0,h4->h0,0.25,456,3500,3000,750,0.9827155555555556,0.935329194401775,0.055829695168792,0.0767980520905024,0.0760746620225431,1.1985990834455262,0.0169478823933561,0.0143006162354876,1.223064795995851,0.0206227371070701,0.508,False
PLIP,4,0,h4->h0,0.5,42,7000,3000,1500,0.9831013333333332,0.937326202447923,0.0515707472785219,0.0570207821432767,0.0543569495249946,1.3397682828346378,0.016225941695828,0.0136399420021622,1.3234055456755154,0.0169024024113371,0.5106666666666667,False
PLIP,4,0,h4->h0,0.5,123,7000,3000,1500,0.9827257777777776,0.936323647452596,0.052322878127352,0.0581878601507656,0.0564402595441535,1.3553632248922012,0.018064685577149,0.0145920854699631,1.2850020325374452,0.0156103460601782,0.5123333333333333,False
PLIP,4,0,h4->h0,0.5,456,7000,3000,1500,0.9830386666666668,0.9373232772013644,0.0516453000128538,0.0568240607071515,0.0541553119939374,1.3422046893500874,0.0171490410333656,0.0127156171141602,1.345871521935453,0.0173085432310075,0.5126666666666667,False
PLIP,4,0,h4->h0,1.0,42,14000,3000,3000,0.9833782222222224,0.9349987794215248,0.0494184207811393,0.0460832083607904,0.0438203588748311,1.4646651053591182,0.0190570317060337,0.0177672114432175,1.4646651053591182,0.0190570317060337,0.5043333333333333,False
PLIP,4,0,h4->h0,1.0,123,14000,3000,3000,0.9833782222222224,0.9349987794215248,0.0494184207811393,0.0460832083607904,0.0438203588748311,1.4646651053591182,0.0190570317060337,0.0177672114432175,1.4646651053591182,0.0190570317060337,0.5043333333333333,False
PLIP,4,0,h4->h0,1.0,456,14000,3000,3000,0.9833782222222224,0.9349987794215248,0.0494184207811393,0.0460832083607904,0.0438203588748311,1.4646651053591182,0.0190570317060337,0.0177672114432175,1.4646651053591182,0.0190570317060337,0.5043333333333333,False
PLIP,4,1,h4->h1,0.01,42,140,3000,30,0.8945577777777778,0.6983327715207119,0.1925276356930768,0.2126105132084931,0.2147625671456536,0.445667625123847,0.2396685581125856,0.2396685581125856,0.1000052749944835,0.2664115644443322,0.7553333333333333,False
PLIP,4,1,h4->h1,0.01,123,140,3000,30,0.9215613333333332,0.6568405080715805,0.1904870489422533,0.2355867392156085,0.2446125737453487,0.4475039596508819,0.2811133496146,0.2812178111654076,0.4586664313662695,0.280002700743893,0.8013333333333333,False
PLIP,4,1,h4->h1,0.01,456,140,3000,30,0.9078093333333332,0.5920227920227921,0.2019110156504306,0.2334834483007015,0.2368581367847894,0.511876715613562,0.3148593585865865,0.3148593585865865,0.5532133101762753,0.3095571054171273,0.85,False
PLIP,4,1,h4->h1,0.05,42,700,3000,150,0.9123368888888888,0.6970130657730547,0.1831213838304639,0.2033843428173972,0.2061703157151857,0.8510239483738707,0.2535376780680577,0.2535376780680576,0.9143567721697144,0.2506505990170822,0.7673333333333333,False
PLIP,4,1,h4->h1,0.05,123,700,3000,150,0.9186013333333334,0.7265381462776819,0.1718626527711722,0.1960526280720502,0.1941954689086572,0.8274196085416708,0.2313972202845877,0.2315433911245047,0.8351240170281643,0.2311163017017856,0.7403333333333333,False
PLIP,4,1,h4->h1,0.05,456,700,3000,150,0.9039422222222224,0.6967583974505721,0.1862905126613288,0.2000150344095941,0.203224285900153,0.8972945502928116,0.2513503572513188,0.2513503572513188,1.0279347382947783,0.2447551786604012,0.7646666666666667,False
PLIP,4,1,h4->h1,0.1,42,1400,3000,300,0.9150271111111112,0.743436423510744,0.1654425675976073,0.1761687919717717,0.1785879342235249,1.0031376253144684,0.2097055393144113,0.2097055393144113,1.064581261268815,0.2080339280455913,0.7183333333333334,False
PLIP,4,1,h4->h1,0.1,123,1400,3000,300,0.9203066666666664,0.7383170031575477,0.1671040694846739,0.1852600789648422,0.1867702623468107,1.0186242688305849,0.2183981557666043,0.2183981557666043,1.0122983854637748,0.2185632561185516,0.7286666666666667,False
PLIP,4,1,h4->h1,0.1,456,1400,3000,300,0.9095266666666666,0.7299623635044135,0.1715882177755027,0.1825273407613483,0.1860742409446522,1.0518007079805736,0.2168150892352651,0.2168150892352651,1.1525408118830711,0.2136957050328197,0.728,False
PLIP,4,1,h4->h1,0.25,42,3500,3000,750,0.9147586666666666,0.7925533132858495,0.1431372685546879,0.1345797532455359,0.1345797532455359,1.1989400206258178,0.1505449111699964,0.1505449111699964,1.272547762222459,0.1494028044950827,0.657,False
PLIP,4,1,h4->h1,0.25,123,3500,3000,750,0.9142826666666668,0.7960784313725491,0.1419779824085982,0.13309312263353,0.13309312263353,1.214420411358892,0.1470551382850378,0.1470551382850377,1.229103165634834,0.1468700874042022,0.65,False
PLIP,4,1,h4->h1,0.25,456,3500,3000,750,0.9115302222222222,0.8144181308519246,0.1341981341524439,0.1047684549343353,0.1047684549343353,1.1985990834455262,0.1173493185512447,0.1173493185512447,1.223064795995851,0.1170482107989718,0.6253333333333333,False
PLIP,4,1,h4->h1,0.5,42,7000,3000,1500,0.9123835555555556,0.8242709577682524,0.1285268299266095,0.0925408676866256,0.0925408676866256,1.3397682828346378,0.0998690942573117,0.0998690942573117,1.3234055456755154,0.1000197043931729,0.6083333333333333,False
PLIP,4,1,h4->h1,0.5,123,7000,3000,1500,0.911844,0.8118693173093448,0.1346886687249647,0.1135304151401753,0.1135304151401753,1.3553632248922012,0.1210258837044832,0.1210258837044831,1.2850020325374452,0.1216178362271795,0.629,False
PLIP,4,1,h4->h1,0.5,456,7000,3000,1500,0.9124013333333334,0.821358599928701,0.1303189361894964,0.0994052401967514,0.0994052401967514,1.3422046893500874,0.1069532608533592,0.1069532608533592,1.345871521935453,0.1069193196882684,0.6136666666666667,False
PLIP,4,1,h4->h1,1.0,42,14000,3000,3000,0.909770222222222,0.8314198478614498,0.1240134815411511,0.0724565283884637,0.0724565283884637,1.4646651053591182,0.0765497453002977,0.0765883116595876,1.4646651053591182,0.0765497453002977,0.586,False
PLIP,4,1,h4->h1,1.0,123,14000,3000,3000,0.909770222222222,0.8314198478614498,0.1240134815411511,0.0724565283884637,0.0724565283884637,1.4646651053591182,0.0765497453002977,0.0765883116595876,1.4646651053591182,0.0765497453002977,0.586,False
PLIP,4,1,h4->h1,1.0,456,14000,3000,3000,0.909770222222222,0.8314198478614498,0.1240134815411511,0.0724565283884637,0.0724565283884637,1.4646651053591182,0.0765497453002977,0.0765883116595876,1.4646651053591182,0.0765497453002977,0.586,False
PLIP,4,2,h4->h2,0.01,42,140,3000,30,0.9763835555555556,0.9298245614035088,0.1224245135984419,0.2596293000355148,0.2588306344025914,0.445667625123847,0.0453919231283749,0.0460477019292722,0.1000052749944835,0.0594523422072089,0.55,False
PLIP,4,2,h4->h2,0.01,123,140,3000,30,0.9781835555555556,0.9311834662153132,0.1143458487965543,0.246124856471613,0.2454377020056895,0.4475039596508819,0.042224256283914,0.0427436031443382,0.4586664313662695,0.0420329086939278,0.5466666666666666,False
PLIP,4,2,h4->h2,0.01,456,140,3000,30,0.9709088888888888,0.9233877897087388,0.1179569948208354,0.2380408295575801,0.2390944075280049,0.511876715613562,0.0577365006163372,0.057880283229362,0.5532133101762753,0.0573252364623409,0.5603333333333333,False
PLIP,4,2,h4->h2,0.05,42,700,3000,150,0.9836093333333332,0.9398575559625442,0.0638176677821789,0.1299998119209773,0.1226669177593062,0.8510239483738707,0.0484456251863062,0.0484633326985349,0.9143567721697144,0.0481794243486888,0.5486666666666666,False
PLIP,4,2,h4->h2,0.05,123,700,3000,150,0.9855457777777776,0.9462623937222014,0.0589522993350568,0.1276912498390121,0.1249593617677436,0.8274196085416708,0.0307419527622042,0.0315903353734793,0.8351240170281643,0.0306461872564636,0.5363333333333333,False
PLIP,4,2,h4->h2,0.05,456,700,3000,150,0.9823373333333334,0.940212263166245,0.063356195922784,0.1288587445257808,0.124716923172107,0.8972945502928116,0.0404903219817316,0.0413448546168074,1.0279347382947783,0.0434590496828972,0.545,False
PLIP,4,2,h4->h2,0.1,42,1400,3000,300,0.9854715555555554,0.9449272979140576,0.0516611587092832,0.0961652461824544,0.0877825392426446,1.0031376253144684,0.0319615765026558,0.0319989741395814,1.064581261268815,0.0314663878199657,0.5363333333333333,False
PLIP,4,2,h4->h2,0.1,123,1400,3000,300,0.9856151111111112,0.9465895419652646,0.051425850778092,0.09413822384919,0.0904071601475092,1.0186242688305849,0.0367603205162898,0.0367682696608694,1.0122983854637748,0.0367958710131122,0.538,False
PLIP,4,2,h4->h2,0.1,456,1400,3000,300,0.9850968888888888,0.9469299416262736,0.0505465075780504,0.0877340194318219,0.0843836859221683,1.0518007079805736,0.0306390107772978,0.0306390107772978,1.1525408118830711,0.0296846986712814,0.5363333333333333,False
PLIP,4,2,h4->h2,0.25,42,3500,3000,750,0.9870275555555555,0.9516425470437422,0.0428734788740091,0.0610445125279274,0.0566677921310906,1.1989400206258178,0.0189636406870662,0.0167736921521396,1.272547762222459,0.0185371834975484,0.5223333333333333,False
PLIP,4,2,h4->h2,0.25,123,3500,3000,750,0.9871715555555556,0.9543211472305,0.0420474360568414,0.059641867569252,0.0569621054370752,1.214420411358892,0.0147926753061752,0.0129304665768534,1.229103165634834,0.0153339752246835,0.5163333333333333,False
PLIP,4,2,h4->h2,0.25,456,3500,3000,750,0.9871315555555557,0.952331802654552,0.0423854972214162,0.06128463449144,0.0594650598418795,1.1985990834455262,0.013387057164919,0.012685229920078,1.223064795995851,0.0137056953486401,0.5056666666666667,False
PLIP,4,2,h4->h2,0.5,42,7000,3000,1500,0.988324,0.9526661407348972,0.0389048442590638,0.0443675838767322,0.0429320987152841,1.3397682828346378,0.0128301123182405,0.0126367953311813,1.3234055456755154,0.0114451873038633,0.5033333333333333,False
PLIP,4,2,h4->h2,0.5,123,7000,3000,1500,0.9878426666666668,0.953995399539954,0.0392137927908461,0.0423511782855099,0.0402224687799842,1.3553632248922012,0.0114009877577552,0.0114918415281563,1.2850020325374452,0.0128255143602078,0.51,False
PLIP,4,2,h4->h2,0.5,456,7000,3000,1500,0.987972,0.9516665324070344,0.0397252994215921,0.0454919785473912,0.0433968887684863,1.3422046893500874,0.0129405527423397,0.0137606792661725,1.345871521935453,0.0130455121156075,0.5016666666666667,False
PLIP,4,2,h4->h2,1.0,42,14000,3000,3000,0.988784,0.9513315812702592,0.0381711778891029,0.0369113409115303,0.0364714462972882,1.4646651053591182,0.0170864851679241,0.021519966997628,1.4646651053591182,0.0170864851679241,0.506,False
PLIP,4,2,h4->h2,1.0,123,14000,3000,3000,0.988784,0.9513315812702592,0.0381711778891029,0.0369113409115303,0.0364714462972882,1.4646651053591182,0.0170864851679241,0.021519966997628,1.4646651053591182,0.0170864851679241,0.506,False
PLIP,4,2,h4->h2,1.0,456,14000,3000,3000,0.988784,0.9513315812702592,0.0381711778891029,0.0369113409115303,0.0364714462972882,1.4646651053591182,0.0170864851679241,0.021519966997628,1.4646651053591182,0.0170864851679241,0.506,False
PLIP,4,3,h4->h3,0.01,42,140,3000,30,0.9630733333333332,0.8583211576901333,0.1514075232078412,0.2660518783491854,0.2628025480548989,0.445667625123847,0.1436270196546518,0.1436270196546519,0.1000052749944835,0.1314801024594898,0.6286666666666667,False
PLIP,4,3,h4->h3,0.01,123,140,3000,30,0.9719502222222222,0.8480650436046512,0.1472903737636564,0.2664176549709314,0.2728224492695036,0.4475039596508819,0.1628063612430534,0.1628063612430533,0.4586664313662695,0.1629196162957558,0.6466666666666666,False
PLIP,4,3,h4->h3,0.01,456,140,3000,30,0.965044888888889,0.7630767311983251,0.1601904878254576,0.2651160740795199,0.2692818195179047,0.511876715613562,0.2272997689612826,0.2272997689612826,0.5532133101762753,0.226078996374558,0.7243333333333334,False
PLIP,4,3,h4->h3,0.05,42,700,3000,150,0.96948,0.852001736059329,0.1152118126949148,0.1781339163077454,0.1786618621694916,0.8510239483738707,0.1562462552987103,0.1562462552987102,0.9143567721697144,0.1565327159310126,0.6423333333333333,False
PLIP,4,3,h4->h3,0.05,123,700,3000,150,0.972327111111111,0.8853457993173803,0.1002069609878931,0.1684560407014283,0.1691910441402646,0.8274196085416708,0.1191877533777748,0.1191877533777749,0.8351240170281643,0.1192422464507821,0.6073333333333333,False
PLIP,4,3,h4->h3,0.05,456,700,3000,150,0.9682008888888888,0.8528230610288041,0.1161020279747553,0.1769490785384246,0.1774948189943118,0.8972945502928116,0.1558155110492587,0.1558155110492587,1.0279347382947783,0.1559421403838986,0.639,False
PLIP,4,3,h4->h3,0.1,42,1400,3000,300,0.9694933333333332,0.8728147935337598,0.1009688756012459,0.1443362940037783,0.1445333208702692,1.0031376253144684,0.1327000184284744,0.1327000184284744,1.064581261268815,0.1330187797593299,0.6206666666666667,False
PLIP,4,3,h4->h3,0.1,123,1400,3000,300,0.9718831111111113,0.8805010046017241,0.0965170477365046,0.1413056595724252,0.1429177091830397,1.0186242688305849,0.1258903406439168,0.1258903406439168,1.0122983854637748,0.1258393186836195,0.612,False
PLIP,4,3,h4->h3,0.1,456,1400,3000,300,0.96864,0.8697169225084151,0.1014065749516834,0.1421621954820269,0.1425560629091316,1.0518007079805736,0.1336998461339848,0.1336998461339848,1.1525408118830711,0.1340731847815911,0.6223333333333333,False
PLIP,4,3,h4->h3,0.25,42,3500,3000,750,0.9698573333333332,0.8981813668765057,0.0825999913093466,0.1014347401059735,0.1021823430720723,1.1989400206258178,0.0971363326154455,0.0971363326154455,1.272547762222459,0.097258250104208,0.5896666666666667,False
PLIP,4,3,h4->h3,0.25,123,3500,3000,750,0.9695644444444445,0.9041225514933416,0.079386792479911,0.0930529782578264,0.0943089623966711,1.214420411358892,0.0843271242583086,0.0843271242583086,1.229103165634834,0.0843590522249339,0.5753333333333334,False
PLIP,4,3,h4->h3,0.25,456,3500,3000,750,0.9690004444444444,0.9112918748378568,0.0741988974574048,0.0835831405081336,0.0805286403787869,1.1985990834455262,0.0659508646849549,0.0659508646849549,1.223064795995851,0.0658687278496441,0.565,False
PLIP,4,3,h4->h3,0.5,42,7000,3000,1500,0.9674484444444444,0.9099370463301912,0.0729393005664456,0.0699825113726157,0.0705078161497665,1.3397682828346378,0.0675220703946796,0.0675220703946795,1.3234055456755154,0.0675646788988266,0.5663333333333334,False
PLIP,4,3,h4->h3,0.5,123,7000,3000,1500,0.9676608888888888,0.9065637044086414,0.0750158843896136,0.0759230075056525,0.0770558626955326,1.3553632248922012,0.0733557929767909,0.0733557929767909,1.2850020325374452,0.0733397655516725,0.5683333333333334,False
PLIP,4,3,h4->h3,0.5,456,7000,3000,1500,0.9678364444444444,0.9092593318071488,0.0726522578234643,0.0679923825020041,0.0731419147082914,1.3422046893500874,0.0672896573636023,0.0672896573636023,1.345871521935453,0.0672787547430859,0.567,False
PLIP,4,3,h4->h3,1.0,42,14000,3000,3000,0.96528,0.9100201133478972,0.0708358472372732,0.0608625830430325,0.0613166946939479,1.4646651053591182,0.0570756853068019,0.0570756853068019,1.4646651053591182,0.0570756853068019,0.559,False
PLIP,4,3,h4->h3,1.0,123,14000,3000,3000,0.96528,0.9100201133478972,0.0708358472372732,0.0608625830430325,0.0613166946939479,1.4646651053591182,0.0570756853068019,0.0570756853068019,1.4646651053591182,0.0570756853068019,0.559,False
PLIP,4,3,h4->h3,1.0,456,14000,3000,3000,0.96528,0.9100201133478972,0.0708358472372732,0.0608625830430325,0.0613166946939479,1.4646651053591182,0.0570756853068019,0.0570756853068019,1.4646651053591182,0.0570756853068019,0.559,False
UNI,0,1,h0->h1,0.01,42,140,3000,30,0.9947044444444444,0.9434915595671968,0.1079176461290408,0.2804253324716731,0.2710022372541122,0.4874202433660359,0.0829282180932873,0.0841704851598394,0.1418755386651985,0.0596799097569511,0.5556666666666666,False
UNI,0,1,h0->h1,0.01,123,140,3000,30,0.9952377777777778,0.9259313793889709,0.1136542857427504,0.2886161202764832,0.2794059374171943,0.4868607952303405,0.1122931504664284,0.1124727284359942,0.1000040272690233,0.0760622554804114,0.5736666666666667,False
UNI,0,1,h0->h1,0.01,456,140,3000,30,0.9947706666666666,0.9310143436584096,0.1123724567881554,0.279855129265074,0.2724383587770377,0.5483829100369071,0.1044163738121517,0.1064475322198197,0.9804434418998582,0.1692428907155583,0.568,False
UNI,0,1,h0->h1,0.05,42,700,3000,150,0.9960831111111113,0.9579326923076924,0.0592447124758539,0.1738020257850286,0.1695486318283828,0.7933137776555911,0.0647560558899809,0.0655227475511459,0.1000039742683761,0.0421172362548915,0.54,False
UNI,0,1,h0->h1,0.05,123,700,3000,150,0.9964017777777778,0.9488704661665626,0.0621769595741821,0.1790787724534601,0.1740670143906254,0.8289247542476641,0.0786896857140036,0.0794694930393764,0.8187266797872966,0.0782519329999909,0.5503333333333333,False
UNI,0,1,h0->h1,0.05,456,700,3000,150,0.9963413333333332,0.9636254381215864,0.0553204819923722,0.1707933399292049,0.1635140215897818,0.7460713480643276,0.0502805854694238,0.0509699734898222,1.0092035501905,0.0689168111816231,0.5336666666666666,False
UNI,0,1,h0->h1,0.1,42,1400,3000,300,0.9970071111111112,0.9716479889918592,0.0369683402517893,0.1226186971749284,0.1180889757660752,0.8897013452452863,0.0329959811391108,0.0343675468544124,0.937582499671958,0.0340672668384714,0.5256666666666666,False
UNI,0,1,h0->h1,0.1,123,1400,3000,300,0.9968555555555556,0.9599421564739484,0.0444941071473071,0.1322209374722014,0.1297353100189171,0.9513956247995298,0.0567150178778817,0.0573880042984628,1.015450907506962,0.0585773341937652,0.538,False
UNI,0,1,h0->h1,0.1,456,1400,3000,300,0.9967062222222224,0.965630735510046,0.0422346408845139,0.1315565305248625,0.1266826304079829,0.911336596124311,0.0474752446569048,0.0487168478491005,0.9694373827964966,0.0488473573559598,0.5323333333333333,False
UNI,0,1,h0->h1,0.25,42,3500,3000,750,0.9969404444444444,0.9743212786002318,0.0270443875159234,0.0805059989996787,0.07755653104414,1.0539292364556756,0.0260766298286413,0.027021371850942,1.0933184354601218,0.0263472248585003,0.5216666666666666,False
UNI,0,1,h0->h1,0.25,123,3500,3000,750,0.9971511111111112,0.9693092718024264,0.0312108288281157,0.0875257821569492,0.0856027847981271,1.1140390602092032,0.0404067639719993,0.0411506573535641,1.0755224234620786,0.039802062267538,0.528,False
UNI,0,1,h0->h1,0.25,456,3500,3000,750,0.9969764444444444,0.9683041696476502,0.0323070723132539,0.0900500391617347,0.0877144733637624,1.112014975256916,0.0432137571668021,0.0438173000390376,1.0851885819894094,0.0427104365036064,0.5303333333333333,False
UNI,0,1,h0->h1,0.5,42,7000,3000,1500,0.9971591111111112,0.97498897013583,0.0237581037052629,0.0583959945531843,0.0566876172023808,1.180283030949378,0.0255164976512,0.0268156290113491,1.173628656129989,0.025478811967006,0.521,False
UNI,0,1,h0->h1,0.5,123,7000,3000,1500,0.996986222222222,0.9713158806402652,0.0260740868146946,0.0650233259749347,0.0622173363613742,1.2163138622432992,0.0329498117263065,0.0339165741299386,1.2377722582693214,0.0331779837112866,0.5246666666666666,False
UNI,0,1,h0->h1,0.5,456,7000,3000,1500,0.9969346666666667,0.9713139415578264,0.0271250933141892,0.0660250457102034,0.0646854957538627,1.236748931063148,0.0354341420439299,0.0364925839341928,1.227121947855862,0.0353165759118151,0.526,False
UNI,0,1,h0->h1,1.0,42,14000,3000,3000,0.9968542222222224,0.9746558418951384,0.0220724396535594,0.0434555239178348,0.042075217681141,1.3109827459159595,0.0237941194749411,0.024781335926723,1.3109827459159595,0.0237941194749411,0.5206666666666667,False
UNI,0,1,h0->h1,1.0,123,14000,3000,3000,0.9968542222222224,0.9746558418951384,0.0220724396535594,0.0434555239178348,0.042075217681141,1.3109827459159595,0.0237941194749411,0.024781335926723,1.3109827459159595,0.0237941194749411,0.5206666666666667,False
UNI,0,1,h0->h1,1.0,456,14000,3000,3000,0.9968542222222224,0.9746558418951384,0.0220724396535594,0.0434555239178348,0.042075217681141,1.3109827459159595,0.0237941194749411,0.024781335926723,1.3109827459159595,0.0237941194749411,0.5206666666666667,False
UNI,0,2,h0->h2,0.01,42,140,3000,30,0.9845697777777777,0.9485380116959063,0.1075390513530364,0.2789805599601507,0.2659741627923769,0.4874202433660359,0.0644979312052356,0.0697169423858638,0.1418755386651985,0.0513167988021509,0.55,False
UNI,0,2,h0->h2,0.01,123,140,3000,30,0.9889142222222224,0.9535698391456584,0.1053732790426144,0.2800497692250789,0.2663062288174952,0.4868607952303405,0.0638219331475724,0.0716554640717733,0.1000040272690233,0.04772098166335,0.5456666666666666,False
UNI,0,2,h0->h2,0.01,456,140,3000,30,0.9852128888888888,0.9441644307363106,0.1072808110935649,0.2762637296602873,0.2628665875747458,0.5483829100369071,0.0762211143816067,0.0809843866102843,0.9804434418998582,0.1503336894852013,0.555,False
UNI,0,2,h0->h2,0.05,42,700,3000,150,0.9904528888888888,0.950213796659112,0.0625336412984606,0.1756943820444718,0.1663353171238026,0.7933137776555911,0.0740111118644995,0.0740111118644995,0.1000039742683761,0.0501125888401948,0.549,False
UNI,0,2,h0->h2,0.05,123,700,3000,150,0.9911626666666667,0.955246690926968,0.0580646815766356,0.1690501428111274,0.1599411065933049,0.8289247542476641,0.0665916814341062,0.0685773933263407,0.8187266797872966,0.0662605831423924,0.544,False
UNI,0,2,h0->h2,0.05,456,700,3000,150,0.9899373333333332,0.9589331934316704,0.0579269350149044,0.1690935877136182,0.157172846969844,0.7460713480643276,0.0567372342556515,0.0588069073947281,1.0092035501905,0.0678713499374911,0.5403333333333333,False
UNI,0,2,h0->h2,0.1,42,1400,3000,300,0.9918884444444444,0.9636203877577154,0.0451689555900318,0.1334729908353184,0.1274246319617869,0.8897013452452863,0.0533773132094505,0.0537738541415938,0.937582499671958,0.0546678595309601,0.5356666666666666,False
UNI,0,2,h0->h2,0.1,123,1400,3000,300,0.9918168888888887,0.9596031043957052,0.047221128567738,0.1343897902298695,0.1298083470957237,0.9513956247995298,0.0612711285025066,0.0625416509124548,1.015450907506962,0.0632200254187913,0.5396666666666666,False
UNI,0,2,h0->h2,0.1,456,1400,3000,300,0.9909955555555554,0.9569228008728086,0.0498261656077265,0.1378949634873825,0.1330897413858945,0.911336596124311,0.0633006964031183,0.0646077838785871,0.9694373827964966,0.0648588182988562,0.5423333333333333,False
UNI,0,2,h0->h2,0.25,42,3500,3000,750,0.993332,0.9659621802002224,0.0358502425395448,0.0967614094334279,0.0930413403832728,1.0539292364556756,0.0502997054777213,0.0502997054777213,1.0933184354601218,0.0512898724121266,0.5333333333333333,False
UNI,0,2,h0->h2,0.25,123,3500,3000,750,0.9936804444444446,0.9672998483780724,0.0352052264375776,0.097931614193998,0.0940745967139784,1.1140390602092032,0.0512647872249629,0.0512647872249629,1.0755224234620786,0.0502385776248435,0.532,False
UNI,0,2,h0->h2,0.25,456,3500,3000,750,0.9926568888888888,0.961612202913222,0.0383997463184408,0.100399543639223,0.0966266996965568,1.112014975256916,0.056904333411475,0.0580883819544672,1.0851885819894094,0.0562502485697271,0.5376666666666666,False
UNI,0,2,h0->h2,0.5,42,7000,3000,1500,0.994942222222222,0.9649602844290512,0.0326856316557179,0.0807912190615185,0.079190086864749,1.180283030949378,0.0509740271449761,0.0509740271449761,1.173628656129989,0.0508160214545173,0.5336666666666666,False
UNI,0,2,h0->h2,0.5,123,7000,3000,1500,0.9940555555555556,0.9679698774491924,0.0322539406095863,0.0815215949983136,0.0798124571121586,1.2163138622432992,0.050868418472107,0.050868418472107,1.2377722582693214,0.0514183638258793,0.5306666666666666,False
UNI,0,2,h0->h2,0.5,456,7000,3000,1500,0.9938217777777778,0.957928122534677,0.0379540009552397,0.0869862922149861,0.0876590536114962,1.236748931063148,0.0620970581681063,0.0621201328705829,1.227121947855862,0.0618442504751672,0.5413333333333333,False
UNI,0,2,h0->h2,1.0,42,14000,3000,3000,0.9955937777777778,0.9679698774491924,0.0300420758586686,0.0674147030119131,0.0683812451988174,1.3109827459159595,0.049835076438749,0.0501350293405045,1.3109827459159595,0.049835076438749,0.5306666666666666,False
UNI,0,2,h0->h2,1.0,123,14000,3000,3000,0.9955937777777778,0.9679698774491924,0.0300420758586686,0.0674147030119131,0.0683812451988174,1.3109827459159595,0.049835076438749,0.0501350293405045,1.3109827459159595,0.049835076438749,0.5306666666666666,False
UNI,0,2,h0->h2,1.0,456,14000,3000,3000,0.9955937777777778,0.9679698774491924,0.0300420758586686,0.0674147030119131,0.0683812451988174,1.3109827459159595,0.049835076438749,0.0501350293405045,1.3109827459159595,0.049835076438749,0.5306666666666666,False
UNI,0,3,h0->h3,0.01,42,140,3000,30,0.9945693333333332,0.9401296076928436,0.0879358312643411,0.2377684097845368,0.2296295261701459,0.4874202433660359,0.072759139918478,0.072930058403373,0.1418755386651985,0.0598789724256936,0.5583333333333333,False
UNI,0,3,h0->h3,0.01,123,140,3000,30,0.99466,0.9313585351308692,0.0953482000905564,0.2509320215869651,0.2436415017440929,0.4868607952303405,0.0882458080767755,0.0886255385052447,0.1000040272690233,0.067537024833405,0.567,False
UNI,0,3,h0->h3,0.01,456,140,3000,30,0.9932964444444444,0.91779397963371,0.098286693174264,0.2456700110385492,0.2371331361378117,0.5483829100369071,0.1015645210048215,0.1018775822578102,0.9804434418998582,0.1356261304389357,0.581,False
UNI,0,3,h0->h3,0.05,42,700,3000,150,0.9973364444444444,0.958267669830274,0.0445265925656351,0.132390063363617,0.1284006824716396,0.7933137776555911,0.0546146949551498,0.0548163695371714,0.1000039742683761,0.0414442227367796,0.5396666666666666,False
UNI,0,3,h0->h3,0.05,123,700,3000,150,0.9968435555555556,0.9565925073770476,0.0456420935490974,0.1331415194582473,0.1305623187959902,0.8289247542476641,0.0570486364105255,0.0575583144695066,0.8187266797872966,0.0567231285820043,0.5413333333333333,False
UNI,0,3,h0->h3,0.05,456,700,3000,150,0.9971533333333332,0.9602769751884646,0.0441810355024126,0.1351935306700868,0.1293884547161097,0.7460713480643276,0.0500635472066125,0.0505753209628006,1.0092035501905,0.0576126992050889,0.5376666666666666,False
UNI,0,3,h0->h3,0.1,42,1400,3000,300,0.9972986666666668,0.965630735510046,0.0342589459976511,0.0993187344225749,0.0978275123224645,0.8897013452452863,0.0437763874211688,0.0439263062193079,0.937582499671958,0.0449282810553967,0.5323333333333333,False
UNI,0,3,h0->h3,0.1,123,1400,3000,300,0.9969222222222224,0.9639583358362268,0.035444631024692,0.0973027707261031,0.0947766068583626,0.9513956247995298,0.0471627169394302,0.0475408383698644,1.015450907506962,0.0487879537778869,0.534,False
UNI,0,3,h0->h3,0.1,456,1400,3000,300,0.9974742222222224,0.9649618434475143,0.0349872527165699,0.0993576615554846,0.0984282421831008,0.911336596124311,0.0456100089903531,0.0459064094896808,0.9694373827964966,0.0470694073624621,0.533,False
UNI,0,3,h0->h3,0.25,42,3500,3000,750,0.9974546666666668,0.9669682564944913,0.0302815207663152,0.0765140532576983,0.07591872740164,1.0539292364556756,0.0430057890563608,0.0434384392779273,1.0933184354601218,0.0438886892675606,0.531,False
UNI,0,3,h0->h3,0.25,123,3500,3000,750,0.9972346666666666,0.9666339085795788,0.0300994450687205,0.0732394608418277,0.0731070463297993,1.1140390602092032,0.0436619117076346,0.0440672347524759,1.0755224234620786,0.0428321879711165,0.5313333333333333,False
UNI,0,3,h0->h3,0.25,456,3500,3000,750,0.997547111111111,0.9676368890086532,0.0294633934289983,0.0709337942975781,0.0723397513259181,1.112014975256916,0.0428103563040783,0.0432316591895582,1.0851885819894094,0.0422288392540843,0.5303333333333333,False
UNI,0,3,h0->h3,0.5,42,7000,3000,1500,0.9972515555555554,0.9683066792505832,0.0265448799404286,0.0560878945538568,0.0599279899121232,1.180283030949378,0.0383237796344003,0.039026544819193,1.173628656129989,0.0382021420021257,0.529,False
UNI,0,3,h0->h3,0.5,123,7000,3000,1500,0.9972657777777778,0.9676368890086532,0.0279403346762356,0.0603146117057266,0.062984489501344,1.2163138622432992,0.0417371763476629,0.042418958229514,1.2377722582693214,0.0421691757486075,0.5303333333333333,False
UNI,0,3,h0->h3,0.5,456,7000,3000,1500,0.9975457777777778,0.9696422961766528,0.0268949542131216,0.0583263893784061,0.0622973390569857,1.236748931063148,0.040634451172754,0.0411645141943699,1.227121947855862,0.040432637988459,0.5283333333333333,False
UNI,0,3,h0->h3,1.0,42,14000,3000,3000,0.9971013333333334,0.9683066792505832,0.0259855529089272,0.0511871567142645,0.053508414993069,1.3109827459159595,0.038881962381418,0.0395672405162248,1.3109827459159595,0.038881962381418,0.529,False
UNI,0,3,h0->h3,1.0,123,14000,3000,3000,0.9971013333333334,0.9683066792505832,0.0259855529089272,0.0511871567142645,0.053508414993069,1.3109827459159595,0.038881962381418,0.0395672405162248,1.3109827459159595,0.038881962381418,0.529,False
UNI,0,3,h0->h3,1.0,456,14000,3000,3000,0.9971013333333334,0.9683066792505832,0.0259855529089272,0.0511871567142645,0.053508414993069,1.3109827459159595,0.038881962381418,0.0395672405162248,1.3109827459159595,0.038881962381418,0.529,False
UNI,0,4,h0->h4,0.01,42,140,3000,30,0.9921715555555556,0.95994999979975,0.112688150479783,0.2909013771469447,0.2772479459008157,0.4874202433660359,0.0716129021838915,0.0686137809966331,0.1418755386651985,0.0410220577247562,0.5353333333333333,False
UNI,0,4,h0->h4,0.01,123,140,3000,30,0.9940217777777778,0.9549113808239328,0.1096973623785231,0.2866797044568577,0.2757865349068594,0.4868607952303405,0.0724978666763217,0.074572639509488,0.1000040272690233,0.0448283989061773,0.5443333333333333,False
UNI,0,4,h0->h4,0.01,456,140,3000,30,0.9910644444444444,0.9397974787184088,0.1160166856961991,0.2877064046603114,0.2791905555445013,0.5483829100369071,0.0994066692049044,0.0960171319903969,0.9804434418998582,0.1761278588984443,0.558,False
UNI,0,4,h0->h4,0.05,42,700,3000,150,0.9939435555555556,0.9431592997404052,0.0708931137196945,0.1976867190438396,0.187412028542828,0.7933137776555911,0.0827850794872748,0.083185112256922,0.1000039742683761,0.0555015315455132,0.5553333333333333,False
UNI,0,4,h0->h4,0.05,123,700,3000,150,0.9944706666666666,0.9364169690393028,0.0738341611810845,0.2003170653035247,0.1934290183577275,0.8289247542476641,0.0929540349451962,0.0952229992595454,0.8187266797872966,0.0926259231772766,0.5626666666666666,False
UNI,0,4,h0->h4,0.05,456,700,3000,150,0.9935884444444444,0.9545787310900572,0.0698664193942935,0.2009923738821523,0.190425068308156,0.7460713480643276,0.0687942284721759,0.0716868382858402,1.0092035501905,0.0953289925896872,0.544,False
UNI,0,4,h0->h4,0.1,42,1400,3000,300,0.9944826666666668,0.9602749595934024,0.0543789659048082,0.1620277928204574,0.1524486058901471,0.8897013452452863,0.061336310138619,0.0635337435312179,0.937582499671958,0.0636926351012765,0.5383333333333333,False
UNI,0,4,h0->h4,0.1,123,1400,3000,300,0.9946337777777778,0.9424863037151172,0.0617078582632443,0.1700894345339294,0.1648187034849686,0.9513956247995298,0.0842241941030059,0.0874035896187723,1.015450907506962,0.0878739421215996,0.556,False
UNI,0,4,h0->h4,0.1,456,1400,3000,300,0.9940733333333334,0.9458497993768492,0.0610031128689656,0.1703943019663287,0.1639802143122503,0.911336596124311,0.0790191648551674,0.0815814893076568,0.9694373827964966,0.0826412690266635,0.5526666666666666,False
UNI,0,4,h0->h4,0.25,42,3500,3000,750,0.9948493333333334,0.9525662969510148,0.0479617007858107,0.1297083142389557,0.1246314438018227,1.0539292364556756,0.0694092768382495,0.0699612484483919,1.0933184354601218,0.0703988316772229,0.546,False
UNI,0,4,h0->h4,0.25,123,3500,3000,750,0.9950933333333334,0.9485380116959063,0.0496413669575855,0.1321740963487588,0.1271414035512818,1.1140390602092032,0.0756685848591479,0.0760461171784784,1.0755224234620786,0.0747298416329696,0.55,False
UNI,0,4,h0->h4,0.25,456,3500,3000,750,0.9945608888888888,0.9448411363439078,0.0518431517418223,0.1365986676243725,0.1308985532343074,1.112014975256916,0.0796607673610354,0.0802111484386319,1.0851885819894094,0.078959015323544,0.5536666666666666,False
UNI,0,4,h0->h4,0.5,42,7000,3000,1500,0.9953955555555556,0.9441725440571672,0.0467196964832842,0.1135508251722916,0.1113473332536391,1.180283030949378,0.0745543664507878,0.0747529371849794,1.173628656129989,0.0743995240490879,0.5536666666666666,False
UNI,0,4,h0->h4,0.5,123,7000,3000,1500,0.995087111111111,0.947530192697874,0.0458609077688933,0.1112281842978301,0.1086819069380122,1.2163138622432992,0.0737571628150685,0.073904012554213,1.2377722582693214,0.0742278526615271,0.551,False
UNI,0,4,h0->h4,0.5,456,7000,3000,1500,0.9948653333333332,0.9364222738874902,0.051729376711685,0.1210707893185369,0.1197695705029918,1.236748931063148,0.0862111753702657,0.0871273553899006,1.227121947855862,0.0859780587162609,0.562,False
UNI,0,4,h0->h4,1.0,42,14000,3000,3000,0.9954417777777778,0.9461896896994476,0.0433525358264453,0.0961841507139338,0.0959740891128516,1.3109827459159595,0.0715438995408576,0.0716346020605198,1.3109827459159595,0.0715438995408576,0.5516666666666666,False
UNI,0,4,h0->h4,1.0,123,14000,3000,3000,0.9954417777777778,0.9461896896994476,0.0433525358264453,0.0961841507139338,0.0959740891128516,1.3109827459159595,0.0715438995408576,0.0716346020605198,1.3109827459159595,0.0715438995408576,0.5516666666666666,False
UNI,0,4,h0->h4,1.0,456,14000,3000,3000,0.9954417777777778,0.9461896896994476,0.0433525358264453,0.0961841507139338,0.0959740891128516,1.3109827459159595,0.0715438995408576,0.0716346020605198,1.3109827459159595,0.0715438995408576,0.5516666666666666,False
UNI,1,0,h1->h0,0.01,42,140,3000,30,0.9958768888888888,0.968635874064804,0.1066948310385765,0.2912013454371122,0.2734431860818433,0.4027881629067267,0.0593417317079684,0.06048146448775,0.1000066419568314,0.0332709083736846,0.5313333333333333,False
UNI,1,0,h1->h0,0.01,123,140,3000,30,0.997176,0.9481950428783502,0.1089759476602863,0.2942805023214216,0.2805410697924443,0.4987108088103682,0.0941677432429449,0.095405826694462,0.2205307497423018,0.0625434475704655,0.5516666666666666,False
UNI,1,0,h1->h0,0.01,456,140,3000,30,0.9958111111111112,0.9465145302192904,0.1113805217153804,0.2927055601057995,0.278115411292914,0.4506893595393885,0.0951222471966865,0.0954784437291306,0.1000038801043625,0.0557018676721363,0.5533333333333333,False
UNI,1,0,h1->h0,0.05,42,700,3000,150,0.9965933333333332,0.9733143568760008,0.0568645627157018,0.1776242715951352,0.167882899348786,0.7397533261567182,0.057591877303553,0.0582354774835462,0.9011225328857596,0.0687710273448807,0.5266666666666666,False
UNI,1,0,h1->h0,0.05,123,700,3000,150,0.9968573333333332,0.9709767007403164,0.0588373717875099,0.1822565361441009,0.1725157581000923,0.7775017351644107,0.0645283970671017,0.0652002624699442,0.1000042830636664,0.0297362794748377,0.5283333333333333,False
UNI,1,0,h1->h0,0.05,456,700,3000,150,0.9964457777777778,0.9729812640076302,0.0562912880324858,0.1784446551407241,0.1674556041385964,0.7004669522097563,0.0527749151625875,0.0532387681001463,0.7413132024975715,0.0549108082871319,0.5263333333333333,False
UNI,1,0,h1->h0,0.1,42,1400,3000,300,0.9965613333333332,0.9726462303614388,0.0462154198724155,0.1422860894519455,0.1359317119560336,0.8788714006272825,0.0558026757677057,0.0562425709133241,1.195934715975023,0.0746746257038444,0.5273333333333333,False
UNI,1,0,h1->h0,0.1,123,1400,3000,300,0.9967213333333332,0.9726472157979008,0.0452219357695738,0.14025069610464,0.1342767726713395,0.8840753120555339,0.0550713552388406,0.0554036237114569,0.726186824642025,0.0476722140717854,0.5266666666666666,False
UNI,1,0,h1->h0,0.1,456,1400,3000,300,0.9966684444444444,0.9716449624607102,0.0474605875662903,0.1449352175178098,0.1380590992776702,0.8196686344230907,0.0556819408640899,0.0559797795350547,0.7491632960058113,0.0522603762915075,0.5276666666666666,False
UNI,1,0,h1->h0,0.25,42,3500,3000,750,0.9967653333333332,0.973983303062054,0.0371554111534768,0.1112475576077821,0.1066854336033899,1.0306996925776193,0.0523358255086137,0.0527091882272786,1.119408688478719,0.0555625690227689,0.5253333333333333,False
UNI,1,0,h1->h0,0.25,123,3500,3000,750,0.9969164444444444,0.9736493074159632,0.0351372137238855,0.1031111712962384,0.1009651218881453,1.074338912068267,0.0514026660436492,0.0517103631046799,0.9435031626771804,0.0470294410193887,0.5256666666666666,False
UNI,1,0,h1->h0,0.25,456,3500,3000,750,0.996828,0.9703083626663356,0.0381594563427568,0.110846467391403,0.1068951293425927,1.0358910299316042,0.0554156338313762,0.0556151087129277,1.1415811728203973,0.0592587504150547,0.529,False
UNI,1,0,h1->h0,0.5,42,7000,3000,1500,0.9970182222222224,0.9719790652483034,0.0351895789088109,0.095108335219631,0.0933747227773548,1.1641603215555654,0.0572612683920599,0.0574309022380737,1.1932654544377077,0.0582159471283821,0.5273333333333333,False
UNI,1,0,h1->h0,0.5,123,7000,3000,1500,0.9972266666666668,0.9726472157979008,0.0328712246670727,0.0905685918867893,0.0897807294773852,1.185628173120089,0.0545944860362108,0.0547965258684821,1.153712615601657,0.0535797295527465,0.5266666666666666,False
UNI,1,0,h1->h0,0.5,456,7000,3000,1500,0.9971533333333332,0.9679685522363956,0.0346683267262691,0.0923472364774496,0.0901369737626407,1.1828602376161257,0.0567805449471527,0.0569771673695479,1.148053181884209,0.0557566315447332,0.5313333333333333,False
UNI,1,0,h1->h0,1.0,42,14000,3000,3000,0.9972431111111112,0.9696399464462,0.0311579039141399,0.07759015630155,0.0767169714268194,1.289158983990776,0.0536968413604028,0.0538403286793453,1.289158983990776,0.0536968413604028,0.5296666666666666,False
UNI,1,0,h1->h0,1.0,123,14000,3000,3000,0.9972431111111112,0.9696399464462,0.0311579039141399,0.07759015630155,0.0767169714268194,1.289158983990776,0.0536968413604028,0.0538403286793453,1.289158983990776,0.0536968413604028,0.5296666666666666,False
UNI,1,0,h1->h0,1.0,456,14000,3000,3000,0.9972431111111112,0.9696399464462,0.0311579039141399,0.07759015630155,0.0767169714268194,1.289158983990776,0.0536968413604028,0.0538403286793453,1.289158983990776,0.0536968413604028,0.5296666666666666,False
UNI,1,2,h1->h2,0.01,42,140,3000,30,0.9875142222222222,0.9539080414213068,0.1402390177000416,0.3301839270870625,0.3206797454220202,0.4027881629067267,0.086628113759613,0.0836362488123909,0.1000066419568314,0.0467031411987862,0.5446666666666666,False
UNI,1,2,h1->h2,0.01,123,140,3000,30,0.9876684444444443,0.8817234581807942,0.1457153716918371,0.3221443747051787,0.3176826295857161,0.4987108088103682,0.1488631712128395,0.1562295707238667,0.2205307497423018,0.1325824226562231,0.6166666666666667,False
UNI,1,2,h1->h2,0.01,456,140,3000,30,0.9864035555555556,0.9055042803870714,0.149393011027984,0.3205560068798849,0.3257073184699998,0.4506893595393885,0.1319370628657201,0.1324852484602026,0.1000038801043625,0.0980324814985556,0.5936666666666667,False
UNI,1,2,h1->h2,0.05,42,700,3000,150,0.9888128888888889,0.9269546663235546,0.0993377572231526,0.2402413619803367,0.2282994285745515,0.7397533261567182,0.1157201709770374,0.1201702155775724,0.9011225328857596,0.1300465291188119,0.572,False
UNI,1,2,h1->h2,0.05,123,700,3000,150,0.9881920000000002,0.9181339552170368,0.1034305484647188,0.2414192112165336,0.2321757072719646,0.7775017351644107,0.1254295176857243,0.1303760082526629,0.1000042830636664,0.0854208825281878,0.5806666666666667,False
UNI,1,2,h1->h2,0.05,456,700,3000,150,0.987368888888889,0.9171138621752298,0.1062156483308543,0.2452818366313277,0.2364008246823595,0.7004669522097563,0.1229944940458719,0.1268708991105611,0.7413132024975715,0.1277666690492906,0.5816666666666667,False
UNI,1,2,h1->h2,0.1,42,1400,3000,300,0.9890937777777778,0.946182159018015,0.0820262413378705,0.2051569983843989,0.1921431947617275,0.8788714006272825,0.0973509481951308,0.0987199314841543,1.195934715975023,0.1280782589361551,0.553,False
UNI,1,2,h1->h2,0.1,123,1400,3000,300,0.9884577777777778,0.932372079444728,0.0857594920333801,0.2057454244465645,0.1950303191819696,0.8840753120555339,0.1029044675215173,0.1061155261145078,0.726186824642025,0.0975908093057782,0.566,False
UNI,1,2,h1->h2,0.1,456,1400,3000,300,0.989272888888889,0.933379391199228,0.0890390292438374,0.213829946856119,0.2018572268850302,0.8196686344230907,0.1088816679110193,0.1117061657087559,0.7491632960058113,0.1061357709062544,0.5656666666666667,False
UNI,1,2,h1->h2,0.25,42,3500,3000,750,0.9903404444444444,0.9445008104219008,0.0701791306519535,0.1736724976280563,0.1608662711240987,1.0306996925776193,0.0947926069378141,0.0967566282441907,1.119408688478719,0.098676904999186,0.5546666666666666,False
UNI,1,2,h1->h2,0.25,123,3500,3000,750,0.990452,0.934392309886097,0.0719734854877014,0.1704650176763516,0.1622759582338352,1.074338912068267,0.1063378192029834,0.1077949398168365,0.9435031626771804,0.1019573906021557,0.5646666666666667,False
UNI,1,2,h1->h2,0.25,456,3500,3000,750,0.9900786666666666,0.9320342765986204,0.0751115891622286,0.1745261737497888,0.1673142570793762,1.0358910299316042,0.1078573443851282,0.1091603501312716,1.1415811728203973,0.1110702477034875,0.5663333333333334,False
UNI,1,2,h1->h2,0.5,42,7000,3000,1500,0.9912986666666668,0.9269546663235546,0.0719081612580037,0.160390719191438,0.1568309643072281,1.1641603215555654,0.1158622098417431,0.1170549836518571,1.1932654544377077,0.1166781607843541,0.572,False
UNI,1,2,h1->h2,0.5,123,7000,3000,1500,0.9912275555555556,0.9411353125246664,0.0640725670485735,0.1492622013180834,0.1436415202067108,1.185628173120089,0.1022396694705563,0.1022396694705563,1.153712615601657,0.1012492021816921,0.558,False
UNI,1,2,h1->h2,0.5,456,7000,3000,1500,0.9916368888888888,0.9357476739765588,0.0654036439085601,0.1501222574304482,0.1456026939504483,1.1828602376161257,0.1030303469679815,0.1031462151219935,1.148053181884209,0.1020283583444502,0.5626666666666666,False
UNI,1,2,h1->h2,1.0,42,14000,3000,3000,0.9920137777777778,0.9360849951327552,0.0610037418872108,0.1340516006830015,0.13042887829398,1.289158983990776,0.1015684452325933,0.1015684452325934,1.289158983990776,0.1015684452325933,0.5623333333333334,False
UNI,1,2,h1->h2,1.0,123,14000,3000,3000,0.9920137777777778,0.9360849951327552,0.0610037418872108,0.1340516006830015,0.13042887829398,1.289158983990776,0.1015684452325933,0.1015684452325934,1.289158983990776,0.1015684452325933,0.5623333333333334,False
UNI,1,2,h1->h2,1.0,456,14000,3000,3000,0.9920137777777778,0.9360849951327552,0.0610037418872108,0.1340516006830015,0.13042887829398,1.289158983990776,0.1015684452325933,0.1015684452325934,1.289158983990776,0.1015684452325933,0.5623333333333334,False
UNI,1,3,h1->h3,0.01,42,140,3000,30,0.994664,0.9505558898848488,0.1061099294930638,0.2762987870434406,0.2639350060773279,0.4027881629067267,0.0703482085275501,0.0704142860008963,0.1000066419568314,0.0488709366418146,0.5473333333333333,False
UNI,1,3,h1->h3,0.01,123,140,3000,30,0.995864,0.9310205960445558,0.1044715690094494,0.269136789960412,0.2618672492989328,0.4987108088103682,0.1003747297689348,0.1005776700477601,0.2205307497423018,0.0750388563720773,0.5673333333333334,False
UNI,1,3,h1->h3,0.01,456,140,3000,30,0.9947964444444444,0.931364663560183,0.1124265168488578,0.280193605487575,0.2715816346506328,0.4506893595393885,0.101575339333428,0.1018801631743844,0.1000038801043625,0.0669080726026942,0.5663333333333334,False
UNI,1,3,h1->h3,0.05,42,700,3000,150,0.996016888888889,0.949548807074304,0.0646104975991874,0.1734649616294892,0.1711568341465323,0.7397533261567182,0.0756791487366132,0.0759752125536763,0.9011225328857596,0.0843457074165861,0.5483333333333333,False
UNI,1,3,h1->h3,0.05,123,700,3000,150,0.9961084444444444,0.9512271168322124,0.0615341011511695,0.1664478994453236,0.1662056284713816,0.7775017351644107,0.0730384500430897,0.0732373872372583,0.1000042830636664,0.0484783548720448,0.5466666666666666,False
UNI,1,3,h1->h3,0.05,456,700,3000,150,0.9955266666666668,0.9421540816871304,0.0717563028212128,0.1827988221069724,0.1802528099076812,0.7004669522097563,0.0865630965474131,0.0866461496912031,0.7413132024975715,0.0891026645046451,0.5556666666666666,False
UNI,1,3,h1->h3,0.1,42,1400,3000,300,0.9962328888888888,0.9545813805924458,0.0524153509662728,0.138561163107461,0.1371643993798174,0.8788714006272825,0.0683543408508628,0.0685036141608675,1.195934715975023,0.0817484803793349,0.5433333333333333,False
UNI,1,3,h1->h3,0.1,123,1400,3000,300,0.9959906666666668,0.9512271168322124,0.0553884128361073,0.1414133109356679,0.1431885887305347,0.8840753120555339,0.0745110898602354,0.0746566317779433,0.726186824642025,0.0668881211684195,0.5466666666666666,False
UNI,1,3,h1->h3,0.1,456,1400,3000,300,0.9955231111111112,0.9411443412736452,0.0642940964458589,0.1564665708216282,0.1568754238410722,0.8196686344230907,0.0879243515824803,0.0880608018166444,0.7491632960058113,0.0840232737019156,0.5566666666666666,False
UNI,1,3,h1->h3,0.25,42,3500,3000,750,0.9962417777777778,0.9592724411075048,0.04494258633133,0.1139187428336929,0.114639092203594,1.0306996925776193,0.0659708154002497,0.0660898162212492,1.119408688478719,0.0693389815707747,0.5386666666666666,False
UNI,1,3,h1->h3,0.25,123,3500,3000,750,0.9964142222222222,0.960611768224512,0.0422871398547472,0.1057335368913951,0.1080372235438602,1.074338912068267,0.0633998832829919,0.0635451671430205,0.9435031626771804,0.058626114110882,0.5373333333333333,False
UNI,1,3,h1->h3,0.25,456,3500,3000,750,0.99582,0.9428270518317912,0.0547535051879406,0.1264265992382467,0.1265926290926149,1.0358910299316042,0.0844542706225186,0.0845413562792323,1.1415811728203973,0.088822000816843,0.555,False
UNI,1,3,h1->h3,0.5,42,7000,3000,1500,0.996235111111111,0.9488772542875444,0.0472416069695175,0.1103340477989254,0.1080494688971616,1.1641603215555654,0.0772951676008799,0.0773720131192139,1.1932654544377077,0.078367323414626,0.549,False
UNI,1,3,h1->h3,0.5,123,7000,3000,1500,0.9961906666666668,0.9505558898848488,0.0455958024031794,0.1051948139713544,0.1046846566093722,1.185628173120089,0.0746001878986385,0.0746792887378025,1.153712615601657,0.073468738580162,0.5473333333333333,False
UNI,1,3,h1->h3,0.5,456,7000,3000,1500,0.9960573333333334,0.9488772542875444,0.0464037273596453,0.1069508712012049,0.1050938248260725,1.1828602376161257,0.0753081415289298,0.0753950854406039,1.148053181884209,0.0741007249630002,0.549,False
UNI,1,3,h1->h3,1.0,42,14000,3000,3000,0.9960991111111112,0.9512271168322124,0.0426871724836879,0.0904333204786252,0.0934864594981535,1.289158983990776,0.071403051922531,0.0715451630040128,1.289158983990776,0.071403051922531,0.5466666666666666,False
UNI,1,3,h1->h3,1.0,123,14000,3000,3000,0.9960991111111112,0.9512271168322124,0.0426871724836879,0.0904333204786252,0.0934864594981535,1.289158983990776,0.071403051922531,0.0715451630040128,1.289158983990776,0.071403051922531,0.5466666666666666,False
UNI,1,3,h1->h3,1.0,456,14000,3000,3000,0.9960991111111112,0.9512271168322124,0.0426871724836879,0.0904333204786252,0.0934864594981535,1.289158983990776,0.071403051922531,0.0715451630040128,1.289158983990776,0.071403051922531,0.5466666666666666,False
UNI,1,4,h1->h4,0.01,42,140,3000,30,0.9873773333333334,0.9035579283615748,0.1472472660339344,0.3108170623103009,0.3156461522000801,0.4027881629067267,0.1183279573088308,0.1188168740358183,0.1000066419568314,0.0932627177583637,0.5896666666666667,False
UNI,1,4,h1->h4,0.01,123,140,3000,30,0.9889737777777776,0.8055831590123717,0.1562950445877717,0.3366458069786191,0.3289505491833561,0.4987108088103682,0.1904157328653264,0.1924770869182259,0.2205307497423018,0.1869172295420785,0.6863333333333334,False
UNI,1,4,h1->h4,0.01,456,140,3000,30,0.9886986666666668,0.8184615441037593,0.1565779091103816,0.3329359271487433,0.3259139945133946,0.4506893595393885,0.185392741363948,0.1886770623556249,0.1000038801043625,0.1759520687677411,0.6746666666666666,False
UNI,1,4,h1->h4,0.05,42,700,3000,150,0.9897488888888888,0.8674842051452958,0.1113262044867524,0.2427554234147595,0.2389343419596647,0.7397533261567182,0.1515121803142677,0.1515121803142677,0.9011225328857596,0.1573868983552943,0.6283333333333333,False
UNI,1,4,h1->h4,0.05,123,700,3000,150,0.989328,0.8618401779398934,0.1130064724030212,0.2401891819987626,0.2394416807481996,0.7775017351644107,0.1538753271092681,0.1555239892123741,0.1000042830636664,0.1345252081574833,0.6343333333333333,False
UNI,1,4,h1->h4,0.05,456,700,3000,150,0.9902448888888888,0.9000465664088482,0.1073975314859884,0.2426864637518197,0.2384687361407075,0.7004669522097563,0.1342439249661824,0.1374620036366712,0.7413132024975715,0.1353667453841632,0.5976666666666667,False
UNI,1,4,h1->h4,0.1,42,1400,3000,300,0.9902862222222222,0.8862653419447681,0.0970954652649328,0.2106536798278201,0.2080048378004752,0.8788714006272825,0.1396186822303985,0.1396911777932947,1.195934715975023,0.1526539020021319,0.611,False
UNI,1,4,h1->h4,0.1,123,1400,3000,300,0.9879262222222222,0.8494875767091219,0.1095309379046557,0.213926008830079,0.215769320505843,0.8840753120555339,0.1622663771921249,0.1622663771921249,0.726186824642025,0.1606178943933584,0.6453333333333333,False
UNI,1,4,h1->h4,0.1,456,1400,3000,300,0.990570222222222,0.8976292643809556,0.0956996290528461,0.211218809457078,0.2092734986185227,0.8196686344230907,0.1318345516967451,0.1327421209152663,0.7491632960058113,0.129698617211099,0.6006666666666667,False
UNI,1,4,h1->h4,0.25,42,3500,3000,750,0.9905164444444444,0.8713118425615536,0.0940060878763987,0.1857639424250317,0.1859739103626765,1.0306996925776193,0.1479061762221662,0.1479817064546623,1.119408688478719,0.149246789615003,0.6253333333333333,False
UNI,1,4,h1->h4,0.25,123,3500,3000,750,0.9899297777777778,0.8333468503752434,0.1092886502038675,0.2018716781314277,0.2032861047234497,1.074338912068267,0.1789031186058314,0.1789031186058313,0.9435031626771804,0.1776832119894104,0.661,False
UNI,1,4,h1->h4,0.25,456,3500,3000,750,0.9893484444444444,0.8786532334181107,0.0926412723394347,0.1817460098825815,0.1833982558007511,1.0358910299316042,0.1413405821310935,0.1413405821310935,1.1415811728203973,0.1427783042792283,0.6176666666666667,False
UNI,1,4,h1->h4,0.5,42,7000,3000,1500,0.9907488888888888,0.8519150784606113,0.099627791437374,0.1817885801327043,0.1832619558698,1.1641603215555654,0.1652559550542224,0.1652559550542224,1.1932654544377077,0.165642776891718,0.6443333333333333,False
UNI,1,4,h1->h4,0.5,123,7000,3000,1500,0.9902666666666666,0.8504943392752279,0.1021967070142178,0.1833519548041411,0.18436855373746,1.185628173120089,0.1682602643065464,0.1682602643065464,1.153712615601657,0.1679164002169798,0.6456666666666667,False
UNI,1,4,h1->h4,0.5,456,7000,3000,1500,0.9889155555555555,0.8547795386750656,0.0988379636834386,0.1764094872742935,0.1761439770523441,1.1828602376161257,0.1586526737140639,0.158792098622906,1.148053181884209,0.1583299337851928,0.641,False
UNI,1,4,h1->h4,1.0,42,14000,3000,3000,0.990392,0.8660343487929695,0.0916243297487723,0.1606140797317866,0.161823376864826,1.289158983990776,0.1504418371947692,0.1505158589697777,1.289158983990776,0.1504418371947692,0.631,False
UNI,1,4,h1->h4,1.0,123,14000,3000,3000,0.990392,0.8660343487929695,0.0916243297487723,0.1606140797317866,0.161823376864826,1.289158983990776,0.1504418371947692,0.1505158589697777,1.289158983990776,0.1504418371947692,0.631,False
UNI,1,4,h1->h4,1.0,456,14000,3000,3000,0.990392,0.8660343487929695,0.0916243297487723,0.1606140797317866,0.161823376864826,1.289158983990776,0.1504418371947692,0.1505158589697777,1.289158983990776,0.1504418371947692,0.631,False
UNI,2,0,h2->h0,0.01,42,140,3000,30,0.9965257777777776,0.9716439030221484,0.0923971963897832,0.2738401674651587,0.2563894199955508,0.4906721154406775,0.0453873013057952,0.0462309174382174,0.1000052749944835,0.0291419664395846,0.5283333333333333,False
UNI,2,0,h2->h0,0.01,123,140,3000,30,0.9961088888888888,0.9716459965981868,0.0990397030691678,0.2795993130592234,0.2647692941609337,0.4487064516533294,0.0446688019098716,0.0447041970308377,0.1000042830851208,0.0280730364803662,0.527,False
UNI,2,0,h2->h0,0.01,456,140,3000,30,0.9961546666666669,0.9673025832293838,0.1019957719051505,0.2826473277701841,0.2688128522389746,0.4584752698370717,0.0524156185739875,0.0551073481677523,0.2378416620647857,0.0383096996482507,0.5306666666666666,False
UNI,2,0,h2->h0,0.05,42,700,3000,150,0.9971657777777778,0.9786602552589132,0.0423778069377093,0.156043939541179,0.1467589872446605,0.7648467425595677,0.0283842327210712,0.0294603310038967,0.6745869862684378,0.0256797264161728,0.5173333333333333,False
UNI,2,0,h2->h0,0.05,123,700,3000,150,0.9968284444444444,0.9743212786002318,0.048877934482388,0.1657366114646764,0.1561833112947466,0.7801188412340896,0.0348238375888278,0.0356382887661385,1.0510743691214328,0.0598451890794053,0.5216666666666666,False
UNI,2,0,h2->h0,0.05,456,700,3000,150,0.9970662222222222,0.980995335410658,0.0437315879520205,0.1605012625076707,0.1487638860120586,0.8028317379533632,0.0308603009650446,0.0286488069465694,0.999935759797508,0.0503352280489623,0.5156666666666667,False
UNI,2,0,h2->h0,0.1,42,1400,3000,300,0.997334222222222,0.9829976857961222,0.028080429627232,0.1109347958118384,0.1027860012348703,0.9131712727817054,0.0202237127172199,0.0191776024728808,0.8710047793645538,0.0183642097630288,0.5116666666666667,False
UNI,2,0,h2->h0,0.1,123,1400,3000,300,0.9970635555555556,0.9779933882357544,0.0350345680711168,0.1234279030546125,0.1188378550480798,0.9092348031358372,0.0300095856248426,0.0298044452425109,1.0441390213857418,0.0373081677218202,0.5173333333333333,False
UNI,2,0,h2->h0,0.1,456,1400,3000,300,0.9972524444444444,0.9833303698435276,0.0306276301933974,0.1178317469256289,0.1087272336657759,0.960312340745108,0.0245397450498085,0.0240267949691036,1.0522578099003932,0.0324581152207388,0.5133333333333333,False
UNI,2,0,h2->h0,0.25,42,3500,3000,750,0.9974671111111112,0.9829981845839316,0.0197668617260735,0.0727076548867949,0.0664697308905818,1.1379478796251874,0.017081203890667,0.0170574552984635,1.2348184788282222,0.0233185230844289,0.5103333333333333,False
UNI,2,0,h2->h0,0.25,123,3500,3000,750,0.9974075555555556,0.984331200635642,0.020654688629053,0.0766541061140745,0.0688376727095981,1.1449400820568238,0.0187268481572022,0.0172406979054961,1.2819602962142904,0.0250726563458925,0.5116666666666667,False
UNI,2,0,h2->h0,0.25,456,3500,3000,750,0.9974057777777778,0.9839979446248874,0.021445002575807,0.0749391059220725,0.0681404966262734,1.171413121412714,0.0187821664304522,0.0185443927307033,1.222779516222351,0.0230174409508943,0.5113333333333333,False
UNI,2,0,h2->h0,0.5,42,7000,3000,1500,0.9974933333333332,0.9836651402647736,0.0164542617979111,0.0540935629828489,0.0469132058535101,1.2761784843153678,0.0157820773493442,0.0134268398876917,1.322668807864512,0.0178778082467271,0.5096666666666667,False
UNI,2,0,h2->h0,0.5,123,7000,3000,1500,0.9975568888888888,0.9839989759344598,0.0161450902059519,0.0549493006800241,0.0455403212474463,1.274286211449305,0.0149114820901536,0.0111409135405152,1.428158043414378,0.0222278790868107,0.508,False
UNI,2,0,h2->h0,0.5,456,7000,3000,1500,0.9975115555555556,0.983665532328634,0.0164431739840621,0.0550958925403218,0.0452637282762979,1.3011459081564642,0.0153329322737842,0.0121265767433044,1.3145239064173555,0.0158852186402839,0.5083333333333333,False
UNI,2,0,h2->h0,1.0,42,14000,3000,3000,0.9977457777777776,0.9853329161362812,0.0137655726255479,0.0406050942609081,0.0321813802941456,1.3698406491512214,0.0134477740814281,0.0076636340214493,1.3698406491512214,0.0134477740814281,0.5053333333333333,False
UNI,2,0,h2->h0,1.0,123,14000,3000,3000,0.9977457777777776,0.9853329161362812,0.0137655726255479,0.0406050942609081,0.0321813802941456,1.3698406491512214,0.0134477740814281,0.0076636340214493,1.3698406491512214,0.0134477740814281,0.5053333333333333,False
UNI,2,0,h2->h0,1.0,456,14000,3000,3000,0.9977457777777776,0.9853329161362812,0.0137655726255479,0.0406050942609081,0.0321813802941456,1.3698406491512214,0.0134477740814281,0.0076636340214493,1.3698406491512214,0.0134477740814281,0.5053333333333333,False
UNI,2,1,h2->h1,0.01,42,140,3000,30,0.9931937777777776,0.8848631509072682,0.1375155688254007,0.3161446887501657,0.3149768082463323,0.4906721154406775,0.1520472943693922,0.1546943392021849,0.1000052749944835,0.1178510353411178,0.613,False
UNI,2,1,h2->h1,0.01,123,140,3000,30,0.9910902222222222,0.8519441099793187,0.1455055821429452,0.3254731244146744,0.3216282976043789,0.4487064516533294,0.1599148245402431,0.1626531667028145,0.1000042830851208,0.1465965928319337,0.6436666666666667,False
UNI,2,1,h2->h1,0.01,456,140,3000,30,0.9924146666666668,0.8375952703183988,0.1491460218672899,0.3258239393314867,0.323173920630313,0.4584752698370717,0.1866244269107165,0.1869467992873054,0.2378416620647857,0.1759875813995113,0.6583333333333333,False
UNI,2,1,h2->h1,0.05,42,700,3000,150,0.9937777777777778,0.9157623047164942,0.0906999899197452,0.2270914893866693,0.220732936157792,0.7648467425595677,0.1181444208326868,0.1192904422483976,0.6745869862684378,0.1150878280294494,0.5823333333333334,False
UNI,2,1,h2->h1,0.05,123,700,3000,150,0.992944,0.8817420544175762,0.1044420898952076,0.2445968264326207,0.2415205302733296,0.7801188412340896,0.1450105203660212,0.1468175116469507,1.0510743691214328,0.160721530787806,0.616,False
UNI,2,1,h2->h1,0.05,456,700,3000,150,0.9938066666666666,0.9438362264362884,0.0841343895450292,0.2221439462853927,0.218804289375995,0.8028317379533632,0.0956745996664967,0.0982191103874501,0.999935759797508,0.1206056659605505,0.554,False
UNI,2,1,h2->h1,0.1,42,1400,3000,300,0.9943666666666666,0.9327157239336196,0.0737861517824458,0.1868306711430883,0.1873005582581537,0.9131712727817054,0.0999902436493357,0.1018533409891026,0.8710047793645538,0.0988874113138311,0.565,False
UNI,2,1,h2->h1,0.1,123,1400,3000,300,0.993912,0.8813948639808592,0.0949493762580697,0.215268391232504,0.2155526948502758,0.9092348031358372,0.1459656005408578,0.1465352467557704,1.0441390213857418,0.1475513900605485,0.6163333333333333,False
UNI,2,1,h2->h1,0.1,456,1400,3000,300,0.9943524444444444,0.94888385844682,0.0679058986957773,0.1849969503080929,0.1803906094115799,0.960312340745108,0.0874082023355641,0.0881041279661677,1.0522578099003932,0.0944617040414046,0.5476666666666666,False
UNI,2,1,h2->h1,0.25,42,3500,3000,750,0.9947306666666668,0.9455174510723868,0.0586125250567715,0.1418971622288249,0.144289366212432,1.1379478796251874,0.0879454268200151,0.0907476810371946,1.2348184788282222,0.0914354992285157,0.5523333333333333,False
UNI,2,1,h2->h1,0.25,123,3500,3000,750,0.9948657777777778,0.9431592997404052,0.0610583717188298,0.149715767818468,0.1517959172364508,1.1449400820568238,0.0916246699788101,0.0938599712799994,1.2819602962142904,0.1022727599630791,0.5553333333333333,False
UNI,2,1,h2->h1,0.25,456,3500,3000,750,0.9943022222222222,0.946532999164578,0.0588055401033622,0.1499347447601224,0.1480125213937931,1.171413121412714,0.0892130864651178,0.0896683203476473,1.222779516222351,0.0916009912632138,0.55,False
UNI,2,1,h2->h1,0.5,42,7000,3000,1500,0.994744888888889,0.952904631879556,0.0504700787599163,0.1194052321513497,0.1196315967675608,1.2761784843153678,0.0772811375765455,0.0785782963221002,1.322668807864512,0.0780788570510731,0.545,False
UNI,2,1,h2->h1,0.5,123,7000,3000,1500,0.9944413333333332,0.9519011515220612,0.0513782336942666,0.1211693064429953,0.1224212327742428,1.274286211449305,0.0778827274316151,0.0787474863504779,1.428158043414378,0.0862356507755285,0.5453333333333333,False
UNI,2,1,h2->h1,0.5,456,7000,3000,1500,0.9943288888888888,0.9562598060673324,0.0465913220997684,0.1132707273780386,0.1145127568587023,1.3011459081564642,0.0708676337987141,0.0699292492874796,1.3145239064173555,0.0726457962447844,0.541,False
UNI,2,1,h2->h1,1.0,42,14000,3000,3000,0.9940284444444444,0.9606174998030876,0.0394724670152806,0.0864037060097685,0.0865413900363057,1.3698406491512214,0.0535895432987819,0.0551314546546591,1.3698406491512214,0.0535895432987819,0.5353333333333333,False
UNI,2,1,h2->h1,1.0,123,14000,3000,3000,0.9940284444444444,0.9606174998030876,0.0394724670152806,0.0864037060097685,0.0865413900363057,1.3698406491512214,0.0535895432987819,0.0551314546546591,1.3698406491512214,0.0535895432987819,0.5353333333333333,False
UNI,2,1,h2->h1,1.0,456,14000,3000,3000,0.9940284444444444,0.9606174998030876,0.0394724670152806,0.0864037060097685,0.0865413900363057,1.3698406491512214,0.0535895432987819,0.0551314546546591,1.3698406491512214,0.0535895432987819,0.5353333333333333,False
UNI,2,3,h2->h3,0.01,42,140,3000,30,0.9950151111111112,0.9323660714285714,0.1092107599535152,0.2803842650768463,0.2729408183806847,0.4906721154406775,0.0931959213375627,0.0937179853068825,0.1000052749944835,0.0678293578103864,0.5666666666666667,False
UNI,2,3,h2->h3,0.01,123,140,3000,30,0.9935724444444444,0.9327038896370574,0.1105152798957024,0.2819805736555688,0.2718790305152762,0.4487064516533294,0.0827802502890457,0.08320201298588,0.1000042830851208,0.0673505939727891,0.5663333333333334,False
UNI,2,3,h2->h3,0.01,456,140,3000,30,0.9937826666666666,0.9198330111559576,0.1175512491142894,0.2872676673177268,0.2798527551743223,0.4584752698370717,0.1079209558412937,0.1080216094265485,0.2378416620647857,0.0893854997435983,0.579,False
UNI,2,3,h2->h3,0.05,42,700,3000,150,0.9947653333333332,0.9465220623231884,0.0599920564587964,0.172027445583073,0.1680220759344801,0.7648467425595677,0.0677095162462904,0.0683050456399559,0.6745869862684378,0.0644542697714802,0.552,False
UNI,2,3,h2->h3,0.05,123,700,3000,150,0.992688,0.9391238110189024,0.0700469569879441,0.1847471392468793,0.1804882040229853,0.7801188412340896,0.0800138505901609,0.0801445352048239,1.0510743691214328,0.0926297671006419,0.5586666666666666,False
UNI,2,3,h2->h3,0.05,456,700,3000,150,0.9941448888888887,0.9445048427882372,0.0657151535821768,0.1829719742795488,0.1751462174704246,0.8028317379533632,0.071934741648258,0.0720755272334231,0.999935759797508,0.0829042928721938,0.554,False
UNI,2,3,h2->h3,0.1,42,1400,3000,300,0.9946786666666666,0.9592724411075048,0.0443186309300291,0.1286520873760151,0.126859218013898,0.9131712727817054,0.0513830070644375,0.0515125971667167,0.8710047793645538,0.0504352386160903,0.5386666666666666,False
UNI,2,3,h2->h3,0.1,123,1400,3000,300,0.9930071111111112,0.9445088251025138,0.0566139657352084,0.1471069823047071,0.1464208802858719,0.9092348031358372,0.0730431804100959,0.07315266318003,1.0441390213857418,0.0771314906301797,0.5533333333333333,False
UNI,2,3,h2->h3,0.1,456,1400,3000,300,0.9945706666666668,0.9515626825098636,0.050581307324935,0.1407987613225518,0.1357875604829321,0.960312340745108,0.0626748028671959,0.062867168683194,1.0522578099003932,0.0648097885533831,0.5463333333333333,False
UNI,2,3,h2->h3,0.25,42,3500,3000,750,0.9944733333333332,0.9642928612753188,0.0351353317143934,0.0896252167270564,0.0898355402176144,1.1379478796251874,0.0465861126236144,0.0469488229575852,1.2348184788282222,0.0482443940218282,0.5336666666666666,False
UNI,2,3,h2->h3,0.25,123,3500,3000,750,0.9937177777777776,0.9612812781628636,0.0396771039516204,0.1001898262369726,0.099472708716493,1.1449400820568238,0.0541469758392266,0.054282234002734,1.2819602962142904,0.0571148009784891,0.5366666666666666,False
UNI,2,3,h2->h3,0.25,456,3500,3000,750,0.9934995555555556,0.955922246843432,0.0411065825714867,0.0996926838960331,0.0980666783229744,1.171413121412714,0.0552408871706761,0.0553892311608046,1.222779516222351,0.0560570668087664,0.542,False
UNI,2,3,h2->h3,0.5,42,7000,3000,1500,0.9943333333333334,0.965630735510046,0.0312871565650497,0.0722428910954753,0.0715340972252438,1.2761784843153678,0.0432317303007871,0.0433565861422717,1.322668807864512,0.0439380985056404,0.5323333333333333,False
UNI,2,3,h2->h3,0.5,123,7000,3000,1500,0.993677777777778,0.9699775699088964,0.0312349730182507,0.0730801457910541,0.0721992966923797,1.274286211449305,0.0399173231667589,0.0400600638695582,1.428158043414378,0.0420298273852847,0.5273333333333333,False
UNI,2,3,h2->h3,0.5,456,7000,3000,1500,0.9935635555555554,0.9646304482456702,0.0323969714701112,0.0732802379761699,0.0723814840894679,1.3011459081564642,0.0409923437201624,0.0418190974818103,1.3145239064173555,0.0411388138441481,0.532,False
UNI,2,3,h2->h3,1.0,42,14000,3000,3000,0.993952,0.9759897449532888,0.0251825578891868,0.0507637867767458,0.0479783635790452,1.3698406491512214,0.0288568827809421,0.0286706110306417,1.3698406491512214,0.0288568827809421,0.5206666666666667,False
UNI,2,3,h2->h3,1.0,123,14000,3000,3000,0.993952,0.9759897449532888,0.0251825578891868,0.0507637867767458,0.0479783635790452,1.3698406491512214,0.0288568827809421,0.0286706110306417,1.3698406491512214,0.0288568827809421,0.5206666666666667,False
UNI,2,3,h2->h3,1.0,456,14000,3000,3000,0.993952,0.9759897449532888,0.0251825578891868,0.0507637867767458,0.0479783635790452,1.3698406491512214,0.0288568827809421,0.0286706110306417,1.3698406491512214,0.0288568827809421,0.5206666666666667,False
UNI,2,4,h2->h4,0.01,42,140,3000,30,0.9946208888888888,0.9636221037437528,0.1122475523596481,0.3070652549258897,0.2874721519437306,0.4906721154406775,0.0794013083776779,0.0805482299478822,0.1000052749944835,0.0375206807550103,0.535,False
UNI,2,4,h2->h4,0.01,123,140,3000,30,0.9938257777777778,0.9337170750170952,0.1186442666963593,0.3130423396826104,0.2945950874083218,0.4487064516533294,0.0960035775043766,0.100522389903,0.1000042830851208,0.0670468598058037,0.5653333333333334,False
UNI,2,4,h2->h4,0.01,456,140,3000,30,0.9954035555555556,0.9424819698810624,0.1235124910699884,0.3199447179196498,0.3026610465649396,0.4584752698370717,0.0969191944456503,0.0961878158966773,0.2378416620647857,0.0695139072108216,0.5566666666666666,False
UNI,2,4,h2->h4,0.05,42,700,3000,150,0.9949911111111112,0.9360796333982913,0.0748377896056208,0.2139466216668659,0.2037951358604294,0.7648467425595677,0.0965660486017687,0.0987640035152764,0.6745869862684378,0.0922224575334575,0.563,False
UNI,2,4,h2->h4,0.05,123,700,3000,150,0.9958808888888888,0.9350673692778956,0.0741629880485464,0.2143807096656,0.2053585157030811,0.7801188412340896,0.0946865988939586,0.0968890766341302,1.0510743691214328,0.1202049658731348,0.564,False
UNI,2,4,h2->h4,0.05,456,700,3000,150,0.9954697777777778,0.9478626121900776,0.0713959481112945,0.2158999184125486,0.2030097957503674,0.8028317379533632,0.0863870426620971,0.0876018998304404,0.999935759797508,0.1083159589505241,0.5513333333333333,False
UNI,2,4,h2->h4,0.1,42,1400,3000,300,0.995648,0.9350673692778956,0.0640492692104899,0.1776043717835443,0.1708613535880732,0.9131712727817054,0.094788733459567,0.0956661471782808,0.8710047793645538,0.0931441254567258,0.564,False
UNI,2,4,h2->h4,0.1,123,1400,3000,300,0.9961986666666668,0.942145363619734,0.0613701300442322,0.1801447103113493,0.17292634347548,0.9092348031358372,0.086942512753325,0.0890194829583457,1.0441390213857418,0.0984646713997039,0.557,False
UNI,2,4,h2->h4,0.1,456,1400,3000,300,0.99564,0.9465183203721969,0.0603662217701194,0.1778707105487617,0.1696041988928796,0.960312340745108,0.0867036191607687,0.0878392396421089,1.0522578099003932,0.0944927597944946,0.5526666666666666,False
UNI,2,4,h2->h4,0.25,42,3500,3000,750,0.9959377777777776,0.941821871499003,0.0507344168059603,0.1360201405299337,0.1326290290673205,1.1379478796251874,0.083651759735362,0.0852521206402209,1.2348184788282222,0.0864134412229226,0.5553333333333333,False
UNI,2,4,h2->h4,0.25,123,3500,3000,750,0.9961764444444444,0.9522337194088428,0.0457548607992808,0.1318494151963103,0.1270697491353469,1.1449400820568238,0.0734004227792051,0.0754880428556763,1.2819602962142904,0.081295348470397,0.5456666666666666,False
UNI,2,4,h2->h4,0.25,456,3500,3000,750,0.9960728888888888,0.9448489535395328,0.0498039691250841,0.1383715441123926,0.1338739944092487,1.171413121412714,0.0823466247430708,0.0838812891413746,1.222779516222351,0.0856193323494091,0.5523333333333333,False
UNI,2,4,h2->h4,0.5,42,7000,3000,1500,0.9960311111111112,0.9502202281606285,0.0418963236299555,0.1096122145202293,0.107816152739093,1.2761784843153678,0.0714522105803992,0.0730513883421987,1.322668807864512,0.0725305155748032,0.5476666666666666,False
UNI,2,4,h2->h4,0.5,123,7000,3000,1500,0.9959386666666667,0.9589375440044308,0.0378332465006218,0.1068556427860895,0.1017216531141542,1.274286211449305,0.0620418919825036,0.0648049626567048,1.428158043414378,0.0701139153017709,0.539,False
UNI,2,4,h2->h4,0.5,456,7000,3000,1500,0.9960128888888888,0.9529074421938852,0.0400755725884696,0.1067304182237103,0.1036199062196968,1.3011459081564642,0.0675248774881445,0.0692674926137759,1.3145239064173555,0.0678066909490843,0.5443333333333333,False
UNI,2,4,h2->h4,1.0,42,14000,3000,3000,0.9960057777777778,0.9502202281606285,0.0378960537339945,0.0905510741238286,0.0895411066923258,1.3698406491512214,0.064334930214149,0.0651503728981671,1.3698406491512214,0.064334930214149,0.5476666666666666,False
UNI,2,4,h2->h4,1.0,123,14000,3000,3000,0.9960057777777778,0.9502202281606285,0.0378960537339945,0.0905510741238286,0.0895411066923258,1.3698406491512214,0.064334930214149,0.0651503728981671,1.3698406491512214,0.064334930214149,0.5476666666666666,False
UNI,2,4,h2->h4,1.0,456,14000,3000,3000,0.9960057777777778,0.9502202281606285,0.0378960537339945,0.0905510741238286,0.0895411066923258,1.3698406491512214,0.064334930214149,0.0651503728981671,1.3698406491512214,0.064334930214149,0.5476666666666666,False
UNI,3,0,h3->h0,0.01,42,140,3000,30,0.9888688888888888,0.9523288787318904,0.0972185759683347,0.2365219906241215,0.2359024963404954,0.4309946915219445,0.0243303932466533,0.0196799964598937,0.1000052749944835,0.0394074928216526,0.5096666666666667,False
UNI,3,0,h3->h0,0.01,123,140,3000,30,0.9931751111111112,0.9653074141169468,0.1017603398071849,0.2686991526605703,0.2593545963886616,0.3887624416893264,0.0370907102460874,0.0381765141191945,0.1000063738415107,0.0294594944618096,0.5273333333333333,False
UNI,3,0,h3->h0,0.01,456,140,3000,30,0.9915151111111112,0.9478865083960626,0.1078834006799817,0.2638179053848673,0.2589331193449898,0.427183228053773,0.0694998306933527,0.0694998306933527,0.1000049818481769,0.0492056548315052,0.5466666666666666,False
UNI,3,0,h3->h0,0.05,42,700,3000,150,0.9949151111111112,0.9713177174239308,0.0511195204856465,0.1583606248836864,0.1473469895930711,0.7347862436148038,0.0335774079936073,0.0318842413463319,0.6532980915212756,0.0290456254840309,0.5233333333333333,False
UNI,3,0,h3->h0,0.05,123,700,3000,150,0.995172888888889,0.9743240643205532,0.0503109312159164,0.163895120030872,0.1504331089550847,0.7189558228824882,0.0334962442792726,0.0330463725316325,0.4809454921489902,0.0233654720578299,0.519,False
UNI,3,0,h3->h0,0.05,456,700,3000,150,0.9946124444444444,0.9713149238889314,0.0521895393191029,0.1593720439972972,0.1508166308306022,0.7142354883512615,0.0357861160811686,0.0364163978298983,0.8170166095962625,0.0413996512212825,0.5253333333333333,False
UNI,3,0,h3->h0,0.1,42,1400,3000,300,0.9955115555555556,0.9766601833842734,0.0388259273279261,0.1258152295703305,0.1158052781217612,0.8498874699820601,0.0283203286586154,0.0271328324403515,0.5752629348798518,0.019459583117521,0.5166666666666667,False
UNI,3,0,h3->h0,0.1,123,1400,3000,300,0.9952013333333332,0.9759948362225476,0.0384857383535405,0.1241729665564392,0.1127039460472148,0.8561212061865342,0.0267433338012747,0.0258654890641575,0.8296587118499997,0.0249365497194249,0.5146666666666667,False
UNI,3,0,h3->h0,0.1,456,1400,3000,300,0.9950137777777778,0.9746584560064128,0.0406280766617647,0.1294841915889218,0.1183493735763086,0.8015008972447507,0.0275402582034814,0.0270030398995594,0.8275496008381822,0.0290182106586017,0.518,False
UNI,3,0,h3->h0,0.25,42,3500,3000,750,0.996083111111111,0.9813306449462056,0.0265718694748669,0.0905433040485687,0.0777936538748726,0.9775940364392026,0.0235619898528056,0.0215907450891175,1.0423237590870271,0.0267554200558325,0.512,False
UNI,3,0,h3->h0,0.25,123,3500,3000,750,0.995884,0.9776616405357872,0.0287395465830376,0.0924539100886656,0.0820593499576113,1.0182988624959974,0.0269714592210183,0.0255294940630682,1.075093988268404,0.0284521159483464,0.515,False
UNI,3,0,h3->h0,0.25,456,3500,3000,750,0.9957662222222222,0.9776616405357872,0.0285933824761286,0.0943835068849343,0.0826616713666821,0.9764553292417256,0.0252065342001845,0.0240575775246506,0.8675072401752812,0.021912646354518,0.515,False
UNI,3,0,h3->h0,0.5,42,7000,3000,1500,0.9960248888888888,0.981330935395702,0.0226673319480328,0.0706101269081092,0.0606072068817225,1.1079391824628873,0.0230939253246931,0.0204974083205899,1.154934835717527,0.0242728329471216,0.5113333333333333,False
UNI,3,0,h3->h0,0.5,123,7000,3000,1500,0.9960591111111112,0.979662868142372,0.0233898867982063,0.0723619096549848,0.0615426321369107,1.123239683840262,0.0245819623382973,0.0218215396030594,1.2363353635271337,0.0273650666400244,0.5136666666666667,False
UNI,3,0,h3->h0,0.5,456,7000,3000,1500,0.9959533333333334,0.9796635732702008,0.0228823475977223,0.0705169295965137,0.0601734793881097,1.094486401804892,0.0223166732940236,0.0189616611019909,0.8525623742125888,0.0182564924874623,0.5123333333333333,False
UNI,3,0,h3->h0,1.0,42,14000,3000,3000,0.9960711111111112,0.9776620774645812,0.0221222304712499,0.0602759506232189,0.0537080875485107,1.226389072385748,0.0270551224590786,0.0256698444273331,1.226389072385748,0.0270551224590786,0.5143333333333333,False
UNI,3,0,h3->h0,1.0,123,14000,3000,3000,0.9960711111111112,0.9776620774645812,0.0221222304712499,0.0602759506232189,0.0537080875485107,1.226389072385748,0.0270551224590786,0.0256698444273331,1.226389072385748,0.0270551224590786,0.5143333333333333,False
UNI,3,0,h3->h0,1.0,456,14000,3000,3000,0.9960711111111112,0.9776620774645812,0.0221222304712499,0.0602759506232189,0.0537080875485107,1.226389072385748,0.0270551224590786,0.0256698444273331,1.226389072385748,0.0270551224590786,0.5143333333333333,False
UNI,3,1,h3->h1,0.01,42,140,3000,30,0.9863915555555556,0.8798076382020843,0.1214204023284385,0.2487257512165061,0.2478772349178667,0.4309946915219445,0.1271122377515882,0.1272029557155385,0.1000052749944835,0.1150471775507588,0.6126666666666667,False
UNI,3,1,h3->h1,0.01,123,140,3000,30,0.9902795555555556,0.8883400346179626,0.1231443629301419,0.2719701394722907,0.2678856891961043,0.3887624416893264,0.1322543597322029,0.1323019099052337,0.1000063738415107,0.1109919562728097,0.609,False
UNI,3,1,h3->h1,0.01,456,140,3000,30,0.9868017777777778,0.8300969543508881,0.1374997621952348,0.2733477426597744,0.2758459401952726,0.427183228053773,0.1872785139737689,0.1873061765034313,0.1000049818481769,0.1656009863725432,0.664,False
UNI,3,1,h3->h1,0.05,42,700,3000,150,0.9908813333333332,0.8970244323555964,0.0891760213917242,0.1883083539202066,0.1870822960901226,0.7347862436148038,0.1204193121585234,0.1204906859728364,0.6532980915212756,0.1169830125853826,0.5973333333333334,False
UNI,3,1,h3->h1,0.05,123,700,3000,150,0.994018222222222,0.9120159365332668,0.0834916111631035,0.1931889869201808,0.1933383556454992,0.7189558228824882,0.1119492257322551,0.1120108690892346,0.4809454921489902,0.0991421039366038,0.586,False
UNI,3,1,h3->h1,0.05,456,700,3000,150,0.9911822222222224,0.8893924181650023,0.0947849033720051,0.1973830370974828,0.1994703641837529,0.7142354883512615,0.1321292640216789,0.1322003794914541,0.8170166095962625,0.1362148510304597,0.6073333333333333,False
UNI,3,1,h3->h1,0.1,42,1400,3000,300,0.9925204444444444,0.917829123706298,0.0726699141347247,0.1567421752489719,0.1589586848824686,0.8498874699820601,0.0995903526651341,0.0996476155623412,0.5752629348798518,0.0893181790856929,0.5783333333333334,False
UNI,3,1,h3->h1,0.1,123,1400,3000,300,0.9940106666666668,0.9263055639299234,0.0673734826558546,0.1591582862463487,0.1567774617079148,0.8561212061865342,0.0911074726573468,0.0911780377855375,0.8296587118499997,0.0900611496676098,0.57,False
UNI,3,1,h3->h1,0.1,456,1400,3000,300,0.99202,0.9011138038851289,0.0822547118428696,0.1731471360685757,0.1729019876617358,0.8015008972447507,0.116250318703887,0.1162925619342579,0.8275496008381822,0.1172770784948496,0.5946666666666667,False
UNI,3,1,h3->h1,0.25,42,3500,3000,750,0.9935608888888888,0.9297060463065324,0.0596022658177843,0.1267766566860603,0.1280500551524742,0.9775940364392026,0.0838630835960562,0.0838866949791969,1.0423237590870271,0.0858757482617446,0.5646666666666667,False
UNI,3,1,h3->h1,0.25,123,3500,3000,750,0.9940742222222222,0.9350996922253444,0.0573066629218135,0.1247613749819575,0.1262959732785606,1.0182988624959974,0.081888057893016,0.0819508594331891,1.075093988268404,0.0837179340559882,0.56,False
UNI,3,1,h3->h1,0.25,456,3500,3000,750,0.9938902222222222,0.9290114871914844,0.0614301375265,0.1334928996010404,0.1335823042928455,0.9764553292417256,0.088870352074834,0.0889196290182683,0.8675072401752812,0.0849185558963672,0.5673333333333334,False
UNI,3,1,h3->h1,0.5,42,7000,3000,1500,0.9935466666666666,0.943198802853514,0.0486548167608726,0.0951810965736131,0.0949163381137119,1.1079391824628873,0.0660144814668624,0.0661660496183475,1.154934835717527,0.0671794494026121,0.5486666666666666,False
UNI,3,1,h3->h1,0.5,123,7000,3000,1500,0.9942835555555556,0.94822849603781,0.0463945583063587,0.0961670769595595,0.0956096540118329,1.123239683840262,0.0647429817001508,0.0647697245342121,1.2363353635271337,0.0676674298137421,0.545,False
UNI,3,1,h3->h1,0.5,456,7000,3000,1500,0.9942657777777776,0.941838673404764,0.0516154783088766,0.1080783382677937,0.1097094255631994,1.094486401804892,0.0746302443356526,0.0747455763698758,0.8525623742125888,0.0670892930081865,0.5526666666666666,False
UNI,3,1,h3->h1,1.0,42,14000,3000,3000,0.9945293333333334,0.9495675444771396,0.044578651102203,0.0846580709668945,0.0846614827324375,1.226389072385748,0.0648696563511132,0.0649838177259191,1.226389072385748,0.0648696563511132,0.5443333333333333,False
UNI,3,1,h3->h1,1.0,123,14000,3000,3000,0.9945293333333334,0.9495675444771396,0.044578651102203,0.0846580709668945,0.0846614827324375,1.226389072385748,0.0648696563511132,0.0649838177259191,1.226389072385748,0.0648696563511132,0.5443333333333333,False
UNI,3,1,h3->h1,1.0,456,14000,3000,3000,0.9945293333333334,0.9495675444771396,0.044578651102203,0.0846580709668945,0.0846614827324375,1.226389072385748,0.0648696563511132,0.0649838177259191,1.226389072385748,0.0648696563511132,0.5443333333333333,False
UNI,3,2,h3->h2,0.01,42,140,3000,30,0.9809702222222224,0.91406993006993,0.1352857630326085,0.2849330713537877,0.2896701667741723,0.4309946915219445,0.097126517996756,0.0977217384285023,0.1000052749944835,0.0853814308340877,0.5833333333333334,False
UNI,3,2,h3->h2,0.01,123,140,3000,30,0.9905586666666666,0.9300000636363056,0.12981194937535,0.3070312152270287,0.2985980294467773,0.3887624416893264,0.0862329191318228,0.0868828459262755,0.1000063738415107,0.0706553041906458,0.569,False
UNI,3,2,h3->h2,0.01,456,140,3000,30,0.9872746666666666,0.8796384284294934,0.1372238584390873,0.302186963007433,0.2949113476379981,0.427183228053773,0.1549378866129434,0.1549378866129434,0.1000049818481769,0.1227667508558163,0.6186666666666667,False
UNI,3,2,h3->h2,0.05,42,700,3000,150,0.9905257777777776,0.9089344898466436,0.0896214130411739,0.2165058241108464,0.2115099865095254,0.7347862436148038,0.1132104433044577,0.1132104433044577,0.6532980915212756,0.1096929101839147,0.5896666666666667,False
UNI,3,2,h3->h2,0.05,123,700,3000,150,0.9929084444444444,0.9266160470041532,0.0834253928553155,0.2143976723727431,0.2105460765266331,0.7189558228824882,0.0965076104669249,0.0965412334740365,0.4809454921489902,0.085256104947238,0.5723333333333334,False
UNI,3,2,h3->h2,0.05,456,700,3000,150,0.9899684444444444,0.906530702086674,0.0912467075463227,0.2164944012381222,0.2112924470109404,0.7142354883512615,0.117395444054033,0.117395444054033,0.8170166095962625,0.1208725113346377,0.5926666666666667,False
UNI,3,2,h3->h2,0.1,42,1400,3000,300,0.9923804444444444,0.9208517956581171,0.0744470449263093,0.186164683118138,0.1824484647931561,0.8498874699820601,0.1002989391134182,0.1002989391134182,0.5752629348798518,0.0884970351641118,0.578,False
UNI,3,2,h3->h2,0.1,123,1400,3000,300,0.9930555555555556,0.9337170750170952,0.0696534908763106,0.1803829989908681,0.1764213545724501,0.8561212061865342,0.0892283373552726,0.0894233792298,0.8296587118499997,0.0882632107357421,0.5653333333333334,False
UNI,3,2,h3->h2,0.1,456,1400,3000,300,0.991652,0.9126774439120504,0.0842160113857985,0.195936512138288,0.1937589663148487,0.8015008972447507,0.1183196498482812,0.1184085205769404,0.8275496008381822,0.1194284831353206,0.5866666666666667,False
UNI,3,2,h3->h2,0.25,42,3500,3000,750,0.9937364444444444,0.92729323665158,0.0638944260354759,0.1506670926689875,0.1501790758179165,0.9775940364392026,0.095772641313098,0.0959486439780193,1.0423237590870271,0.0981203974391655,0.5716666666666667,False
UNI,3,2,h3->h2,0.25,123,3500,3000,750,0.994084,0.9323660714285714,0.0629802576818431,0.1524114320896677,0.1537322078439327,1.0182988624959974,0.0957977152748536,0.0967757579549507,1.075093988268404,0.097817296990744,0.5666666666666667,False
UNI,3,2,h3->h2,0.25,456,3500,3000,750,0.9931684444444444,0.9276317582221714,0.0646834696791629,0.1524683054814299,0.1525974904912073,0.9764553292417256,0.0962188469450945,0.0965066589735138,0.8675072401752812,0.0920578227673702,0.5713333333333334,False
UNI,3,2,h3->h2,0.5,42,7000,3000,1500,0.9939035555555557,0.935742255045237,0.056442347556836,0.1278292216411563,0.12733351562418,1.1079391824628873,0.0891409803673666,0.0892760847097879,1.154934835717527,0.0906872455817178,0.5633333333333334,False
UNI,3,2,h3->h2,0.5,123,7000,3000,1500,0.9940168888888888,0.935742255045237,0.0558444905183677,0.1308278349416341,0.1310117959836505,1.123239683840262,0.0890979326536844,0.0897223368766968,1.2363353635271337,0.0926267978193756,0.5633333333333334,False
UNI,3,2,h3->h2,0.5,456,7000,3000,1500,0.9934337777777776,0.9303382035562346,0.0587585683998945,0.1343679048510145,0.1323149882821763,1.094486401804892,0.0932137975803012,0.0937310040496179,0.8525623742125888,0.0846532205519385,0.5686666666666667,False
UNI,3,2,h3->h2,1.0,42,14000,3000,3000,0.9940733333333333,0.9266160470041532,0.0623556189565435,0.1310348450203187,0.1330669647606374,1.226389072385748,0.1051072366945912,0.1052573623752748,1.226389072385748,0.1051072366945912,0.5723333333333334,False
UNI,3,2,h3->h2,1.0,123,14000,3000,3000,0.9940733333333333,0.9266160470041532,0.0623556189565435,0.1310348450203187,0.1330669647606374,1.226389072385748,0.1051072366945912,0.1052573623752748,1.226389072385748,0.1051072366945912,0.5723333333333334,False
UNI,3,2,h3->h2,1.0,456,14000,3000,3000,0.9940733333333333,0.9266160470041532,0.0623556189565435,0.1310348450203187,0.1330669647606374,1.226389072385748,0.1051072366945912,0.1052573623752748,1.226389072385748,0.1051072366945912,0.5723333333333334,False
UNI,3,4,h3->h4,0.01,42,140,3000,30,0.9816333333333332,0.7715771287489948,0.1625286358329956,0.3133301814737863,0.3096399408543763,0.4309946915219445,0.2107313788047616,0.2107313788047616,0.1000052749944835,0.2174777688649752,0.717,False
UNI,3,4,h3->h4,0.01,123,140,3000,30,0.9851577777777778,0.7318156295290199,0.1660420241792169,0.3140456295007913,0.3202332276145478,0.3887624416893264,0.2381323525760772,0.2381323525760772,0.1000063738415107,0.2491540768492149,0.7506666666666667,False
UNI,3,4,h3->h4,0.01,456,140,3000,30,0.9852302222222225,0.5748639635346598,0.1834383370048238,0.3320796313106295,0.3303912481939504,0.427183228053773,0.3300487751040209,0.330048775104021,0.1000049818481769,0.3660621557751763,0.8676666666666667,False
UNI,3,4,h3->h4,0.05,42,700,3000,150,0.989804,0.7501636169533041,0.1400831968548264,0.2709585483189975,0.2680206593210308,0.7347862436148038,0.2318971992567433,0.2318971992567433,0.6532980915212756,0.2335273565409278,0.7353333333333333,False
UNI,3,4,h3->h4,0.05,123,700,3000,150,0.9888,0.70543313812377,0.1512546002427257,0.2739894255478349,0.2739700958167654,0.7189558228824882,0.2579508093313042,0.2579508093313041,0.4809454921489902,0.2652043772414581,0.7726666666666666,False
UNI,3,4,h3->h4,0.05,456,700,3000,150,0.988828888888889,0.6751395517413044,0.157628911985753,0.2783363925211594,0.2817038793158404,0.7142354883512615,0.27182723070562,0.27182723070562,0.8170166095962625,0.2670312766806888,0.7963333333333333,False
UNI,3,4,h3->h4,0.1,42,1400,3000,300,0.9910337777777778,0.7796143250688705,0.1314026410322856,0.247257738793492,0.2459061206336604,0.8498874699820601,0.2205521355315377,0.2205521355315376,0.5752629348798518,0.2197600078039469,0.71,False
UNI,3,4,h3->h4,0.1,123,1400,3000,300,0.9898631111111112,0.7414408662274073,0.1404360388639275,0.2544750817088185,0.2563681633110344,0.8561212061865342,0.2372333382883941,0.2372609943052998,0.8296587118499997,0.2377027919765073,0.7426666666666667,False
UNI,3,4,h3->h4,0.1,456,1400,3000,300,0.989896,0.6712066350354594,0.1598722868938074,0.2693332091770886,0.2739244623942039,0.8015008972447507,0.2770405246314744,0.2770405246314744,0.8275496008381822,0.2760830877197816,0.7993333333333333,False
UNI,3,4,h3->h4,0.25,42,3500,3000,750,0.9905395555555556,0.7317198253593318,0.146275101789837,0.2441945060765357,0.2445416663444077,0.9775940364392026,0.2466717888605799,0.2469880296408937,1.0423237590870271,0.2459101118116508,0.7513333333333333,False
UNI,3,4,h3->h4,0.25,123,3500,3000,750,0.9911142222222222,0.7386455313527842,0.1431309131678402,0.243759375136385,0.2453668066585843,1.0182988624959974,0.2408534631987741,0.2412859746814908,1.075093988268404,0.2401973213772252,0.745,False
UNI,3,4,h3->h4,0.25,456,3500,3000,750,0.9900231111111112,0.7122009569377991,0.1530524346486812,0.2495589149286856,0.2508243049300457,0.9764553292417256,0.2559899759049788,0.256335969896387,0.8675072401752812,0.2577937164448832,0.7666666666666667,False
UNI,3,4,h3->h4,0.5,42,7000,3000,1500,0.9889782222222222,0.700520156797543,0.1635517588749296,0.2502023896295891,0.2515845400900711,1.1079391824628873,0.264439522018269,0.2645074419476144,1.154934835717527,0.2636137707221632,0.776,False
UNI,3,4,h3->h4,0.5,123,7000,3000,1500,0.9903391111111112,0.7323142235234298,0.1478605306152178,0.2373107440221757,0.2378843369533243,1.123239683840262,0.2427963475228931,0.2427963475228932,1.2363353635271337,0.241603639672798,0.7496666666666667,False
UNI,3,4,h3->h4,0.5,456,7000,3000,1500,0.9879555555555556,0.683935292934517,0.1730896116305854,0.2588732829456401,0.2594324888397804,1.094486401804892,0.2769728540283317,0.2769728540283316,0.8525623742125888,0.2815035434824813,0.789,False
UNI,3,4,h3->h4,1.0,42,14000,3000,3000,0.9875822222222224,0.6427510398098634,0.1975613198557131,0.279004297732887,0.2804106837652188,1.226389072385748,0.2996394318897382,0.2996394318897382,1.226389072385748,0.2996394318897382,0.82,False
UNI,3,4,h3->h4,1.0,123,14000,3000,3000,0.9875822222222224,0.6427510398098634,0.1975613198557131,0.279004297732887,0.2804106837652188,1.226389072385748,0.2996394318897382,0.2996394318897382,1.226389072385748,0.2996394318897382,0.82,False
UNI,3,4,h3->h4,1.0,456,14000,3000,3000,0.9875822222222224,0.6427510398098634,0.1975613198557131,0.279004297732887,0.2804106837652188,1.226389072385748,0.2996394318897382,0.2996394318897382,1.226389072385748,0.2996394318897382,0.82,False
UNI,4,0,h4->h0,0.01,42,140,3000,30,0.9896937777777776,0.911334019972236,0.1322237999018915,0.2953636218334198,0.291065988399284,0.4362080244599856,0.1265426727899873,0.1266702809149001,0.1000041635488597,0.089388486672463,0.5866666666666667,False
UNI,4,0,h4->h0,0.01,123,140,3000,30,0.9920884444444444,0.8817234581807942,0.1308909178882088,0.2932179334363121,0.2902271996244521,0.4504769187282568,0.1524491747777049,0.1533394533917146,0.1000056842173232,0.1205626103329041,0.6166666666666667,False
UNI,4,0,h4->h0,0.01,456,140,3000,30,0.9881235555555554,0.882070676721709,0.1350980317000668,0.291052881045609,0.2856723596011459,0.4628640691301601,0.154656330647724,0.1547668773893251,0.1000052749944835,0.1191645273613777,0.6163333333333333,False
UNI,4,0,h4->h0,0.05,42,700,3000,150,0.9939893333333332,0.9418087187929748,0.0722407982622311,0.1888726253836144,0.1877189709631701,0.7610269613196602,0.0829813634499807,0.0835031797765226,0.7979267252198631,0.0845786216707902,0.5573333333333333,False
UNI,4,0,h4->h0,0.05,123,700,3000,150,0.9942884444444444,0.937765889104614,0.0725339647405578,0.1868880305941446,0.1872054237078576,0.7866315625107464,0.088576205003928,0.0893475334990674,0.1000063687564957,0.0623428889944248,0.5613333333333334,False
UNI,4,0,h4->h0,0.05,456,700,3000,150,0.9939786666666666,0.9384400988705542,0.0749942623380701,0.1906065981941697,0.1888835522090584,0.7656243345196658,0.0895535278681022,0.0897536417547507,0.579934199183578,0.0796978434302994,0.5606666666666666,False
UNI,4,0,h4->h0,0.1,42,1400,3000,300,0.9946702222222225,0.9448411363439078,0.057944611871539,0.1521092923029582,0.1511372994769453,0.9101054924114784,0.0737489333127646,0.0747523083460818,1.0256468745361371,0.0775134043600483,0.5536666666666666,False
UNI,4,0,h4->h0,0.1,123,1400,3000,300,0.9947395555555556,0.9448411363439078,0.0577829563159559,0.1476380026987833,0.1490586848606721,0.9422250239999004,0.0765686993390943,0.0767054919149823,0.7426570210376359,0.0693341759561163,0.5536666666666666,False
UNI,4,0,h4->h0,0.1,456,1400,3000,300,0.9940044444444444,0.9401249081385636,0.0633366664786986,0.1564371085361196,0.1545313538125158,0.9323360083829748,0.0851863199961633,0.0851863199961633,1.1626466935615043,0.0926211068945892,0.559,False
UNI,4,0,h4->h0,0.25,42,3500,3000,750,0.9949951111111112,0.948880579353434,0.0458062564604302,0.1139044373203973,0.1145554456377253,1.1318336446890855,0.0647177590905768,0.0654600588591388,1.320690453816063,0.069246786361025,0.5483333333333333,False
UNI,4,0,h4->h0,0.25,123,3500,3000,750,0.9956173333333332,0.9438321454872248,0.0508599444052756,0.1251766947971786,0.1243133321751936,1.165626002811759,0.0796230234825161,0.0801999585754105,0.836400229089158,0.0682073361128739,0.5546666666666666,False
UNI,4,0,h4->h0,0.25,456,3500,3000,750,0.9944684444444444,0.9391141442526428,0.0549915932659143,0.1244985316367533,0.1273786480338421,1.173278225783578,0.0846639364483208,0.0851526584150218,1.2923266022791826,0.0881986166522991,0.56,False
UNI,4,0,h4->h0,0.5,42,7000,3000,1500,0.9954893333333332,0.9458535881022284,0.0457670128775098,0.1042013008739252,0.1047776771565736,1.2832195980912748,0.0733595565513045,0.0734488528003319,1.3525198891926342,0.0752452235585235,0.552,False
UNI,4,0,h4->h0,0.5,123,7000,3000,1500,0.9956453333333334,0.9438321454872248,0.0474438747744558,0.1085936575396186,0.1088853204550582,1.3009437595851576,0.0777626587265323,0.0782000427848525,1.2506323063063316,0.0762687942456444,0.5546666666666666,False
UNI,4,0,h4->h0,0.5,456,7000,3000,1500,0.9956733333333332,0.947530192697874,0.0443782126712029,0.1017548616657744,0.1016579895778338,1.2968259171745016,0.0709392645296256,0.0714071246894124,1.3795097919530623,0.0730661298235324,0.551,False
UNI,4,0,h4->h0,1.0,42,14000,3000,3000,0.9961253333333332,0.9451888999946972,0.043746597377234,0.0948592297125554,0.0953693969536166,1.3995019162145288,0.0732460445109319,0.0739452999492748,1.3995019162145288,0.0732460445109319,0.5513333333333333,False
UNI,4,0,h4->h0,1.0,123,14000,3000,3000,0.9961253333333332,0.9451888999946972,0.043746597377234,0.0948592297125554,0.0953693969536166,1.3995019162145288,0.0732460445109319,0.0739452999492748,1.3995019162145288,0.0732460445109319,0.5513333333333333,False
UNI,4,0,h4->h0,1.0,456,14000,3000,3000,0.9961253333333332,0.9451888999946972,0.043746597377234,0.0948592297125554,0.0953693969536166,1.3995019162145288,0.0732460445109319,0.0739452999492748,1.3995019162145288,0.0732460445109319,0.5513333333333333,False
UNI,4,1,h4->h1,0.01,42,140,3000,30,0.9931226666666666,0.7603541979010495,0.1650852438366408,0.3478572697930981,0.346565107125235,0.4362080244599856,0.2299682856261751,0.2317596019702229,0.1000041635488597,0.2317801206341273,0.7266666666666667,False
UNI,4,1,h4->h1,0.01,123,140,3000,30,0.9916711111111112,0.6150829670254409,0.1749775895815334,0.3465351092124722,0.3421304388814631,0.4504769187282568,0.299306314296023,0.2996091587846902,0.1000056842173232,0.3351986273685555,0.8403333333333334,False
UNI,4,1,h4->h1,0.01,456,140,3000,30,0.9867373333333332,0.5933183140030246,0.1834995214863937,0.3364126126072609,0.3407893300989381,0.4628640691301601,0.3125560914141076,0.3127682894169918,0.1000052749944835,0.3513835739054726,0.8553333333333333,False
UNI,4,1,h4->h1,0.05,42,700,3000,150,0.9934502222222222,0.8040497536222284,0.1262678322156713,0.2672338471398147,0.265761724411449,0.7610269613196602,0.200037182268793,0.2002189898369178,0.7979267252198631,0.1998965424147745,0.6883333333333334,False
UNI,4,1,h4->h1,0.05,123,700,3000,150,0.9937151111111112,0.7723457560901007,0.1319289238606191,0.26928987909422,0.2694449600895461,0.7866315625107464,0.2172631616816042,0.2173598168936928,0.1000063687564957,0.2166182970678594,0.7163333333333334,False
UNI,4,1,h4->h1,0.05,456,700,3000,150,0.993736,0.758404130925971,0.1372330251992489,0.2742871258933833,0.2762235354401087,0.7656243345196658,0.2287447112380302,0.2288848855807759,0.579934199183578,0.2306596103406502,0.7283333333333334,False
UNI,4,1,h4->h1,0.1,42,1400,3000,300,0.9940724444444444,0.8497833439817224,0.1080094273310725,0.2328674802988486,0.231324796010964,0.9101054924114784,0.173264745559232,0.1740252410549155,1.0256468745361371,0.1744310123836361,0.6463333333333333,False
UNI,4,1,h4->h1,0.1,123,1400,3000,300,0.9941155555555556,0.8033072724111314,0.1193342001106876,0.2397651765316898,0.2404848709119526,0.9422250239999004,0.1982160672162872,0.1989351658293572,0.7426570210376359,0.1966233407277822,0.689,False
UNI,4,1,h4->h1,0.1,456,1400,3000,300,0.9932964444444444,0.7619110048151568,0.1346801558250462,0.2551697738933299,0.2566091308748451,0.9323360083829748,0.226944144654007,0.2276629897405475,1.1626466935615043,0.2237470035565155,0.7253333333333334,False
UNI,4,1,h4->h1,0.25,42,3500,3000,750,0.9938871111111112,0.8955802839407866,0.0855418455826571,0.1844333505883331,0.1827633769858416,1.1318336446890855,0.1391591349929279,0.1403539885138002,1.320690453816063,0.1425282191076293,0.602,False
UNI,4,1,h4->h1,0.25,123,3500,3000,750,0.9947284444444444,0.848716062765116,0.1022533469983278,0.2019109046476599,0.2059901883461039,1.165626002811759,0.173776701736428,0.1744013267211922,0.836400229089158,0.1669641086157477,0.6473333333333333,False
UNI,4,1,h4->h1,0.25,456,3500,3000,750,0.9935813333333334,0.8318661860299634,0.109179096302131,0.2119948160196285,0.212520681983178,1.173278225783578,0.1845153168057852,0.1852468553971612,1.2923266022791826,0.1850224348753741,0.663,False
UNI,4,1,h4->h1,0.5,42,7000,3000,1500,0.9946337777777776,0.9051858201023096,0.0777384198801598,0.1612052244322798,0.1635909190243621,1.2832195980912748,0.1328946308256189,0.1332166492207006,1.3525198891926342,0.1343893676114134,0.5926666666666667,False
UNI,4,1,h4->h1,0.5,123,7000,3000,1500,0.9946035555555556,0.8820891637914403,0.0892813627495639,0.1769829733353096,0.1785468009481468,1.3009437595851576,0.1537152436382593,0.1549459701903308,1.2506323063063316,0.1527314622538356,0.6156666666666667,False
UNI,4,1,h4->h1,0.5,456,7000,3000,1500,0.994088,0.9000465664088482,0.0795726771998822,0.1627503723984371,0.1640460414541532,1.2968259171745016,0.1355684573829133,0.1364274149788222,1.3795097919530623,0.1371373376614081,0.5976666666666667,False
UNI,4,1,h4->h1,1.0,42,14000,3000,3000,0.9944955555555556,0.9140602759739388,0.0710467627263313,0.1441316817171812,0.1422081670652128,1.3995019162145288,0.1223698450240861,0.1230106778282544,1.3995019162145288,0.1223698450240861,0.584,False
UNI,4,1,h4->h1,1.0,123,14000,3000,3000,0.9944955555555556,0.9140602759739388,0.0710467627263313,0.1441316817171812,0.1422081670652128,1.3995019162145288,0.1223698450240861,0.1230106778282544,1.3995019162145288,0.1223698450240861,0.584,False
UNI,4,1,h4->h1,1.0,456,14000,3000,3000,0.9944955555555556,0.9140602759739388,0.0710467627263313,0.1441316817171812,0.1422081670652128,1.3995019162145288,0.1223698450240861,0.1230106778282544,1.3995019162145288,0.1223698450240861,0.584,False
UNI,4,2,h4->h2,0.01,42,140,3000,30,0.9956457777777776,0.920512254360786,0.1367186735601373,0.3244189521678512,0.3182573450025717,0.4362080244599856,0.1283401556437882,0.1323449474105361,0.1000041635488597,0.0861605643393436,0.5783333333333334,False
UNI,4,2,h4->h2,0.01,123,140,3000,30,0.9944324444444445,0.895909957509479,0.1310264538900822,0.3100720211666794,0.3035651031851155,0.4504769187282568,0.135093659604194,0.135805078472479,0.1000056842173232,0.1060074252995371,0.6023333333333334,False
UNI,4,2,h4->h2,0.01,456,140,3000,30,0.9918657777777776,0.8726664547451162,0.1384361523245331,0.3111202696843865,0.3058110914194412,0.4628640691301601,0.1536744191998161,0.1539681828034852,0.1000052749944835,0.1309118164489743,0.6253333333333333,False
UNI,4,2,h4->h2,0.05,42,700,3000,150,0.9963213333333334,0.9518922171852582,0.0720511118104253,0.2070499902415571,0.2007299304599092,0.7610269613196602,0.0796295336214739,0.0821483281179339,0.7979267252198631,0.0813939303733065,0.5473333333333333,False
UNI,4,2,h4->h2,0.05,123,700,3000,150,0.9967871111111112,0.9518922171852582,0.0685495700080585,0.1983501826577506,0.19388235262347,0.7866315625107464,0.0805419377877568,0.0838007891762406,0.1000063687564957,0.0487694747629315,0.5473333333333333,False
UNI,4,2,h4->h2,0.05,456,700,3000,150,0.9958488888888888,0.942145363619734,0.079310757709931,0.2157988348053929,0.2100990693904094,0.7656243345196658,0.0963581604266458,0.0984656638789898,0.579934199183578,0.0866711790993013,0.557,False
UNI,4,2,h4->h2,0.1,42,1400,3000,300,0.9970755555555556,0.957928122534677,0.0568062694859124,0.1696557395974176,0.1659517363640333,0.9101054924114784,0.0725455535422054,0.0771905798396187,1.0256468745361371,0.0821066630440735,0.5413333333333333,False
UNI,4,2,h4->h2,0.1,123,1400,3000,300,0.997025777777778,0.9505495460136476,0.0591749353473715,0.1645368570000379,0.1643315312485529,0.9422250239999004,0.0840900547459992,0.0862309170245286,0.7426570210376359,0.076218545437874,0.5486666666666666,False
UNI,4,2,h4->h2,0.1,456,1400,3000,300,0.9967204444444444,0.948198597886436,0.0623383756375057,0.172714864525371,0.1718654142417123,0.9323360083829748,0.0863233516748602,0.0888112215804717,1.1626466935615043,0.1044578785290606,0.551,False
UNI,4,2,h4->h2,0.25,42,3500,3000,750,0.9975222222222222,0.9673025832293838,0.0394569208601947,0.1195728988979998,0.1178579611280641,1.1318336446890855,0.0584445580647966,0.0605602836932476,1.320690453816063,0.0703442067524207,0.5306666666666666,False
UNI,4,2,h4->h2,0.25,123,3500,3000,750,0.9973688888888887,0.9619469625219862,0.0443011950243024,0.1241132371679589,0.1227557517740057,1.165626002811759,0.0701360683152579,0.0737220228696793,0.836400229089158,0.0597078701943759,0.5373333333333333,False
UNI,4,2,h4->h2,0.25,456,3500,3000,750,0.9970008888888888,0.9609445890508436,0.0463328404173941,0.1280201846528105,0.1281090930956119,1.173278225783578,0.0710795141497092,0.0743600690227699,1.2923266022791826,0.0783823985285204,0.5376666666666666,False
UNI,4,2,h4->h2,0.5,42,7000,3000,1500,0.9975568888888888,0.967303906849498,0.0352841015069167,0.1004534035837154,0.0988616993552368,1.2832195980912748,0.0565675240801851,0.0603891218616336,1.3525198891926342,0.0612269906213927,0.53,False
UNI,4,2,h4->h2,0.5,123,7000,3000,1500,0.9976142222222224,0.9649618434475143,0.0360932318398586,0.1007943463830511,0.0993618596936585,1.3009437595851576,0.0590050694659731,0.0628218396845506,1.2506323063063316,0.0578663889152763,0.533,False
UNI,4,2,h4->h2,0.5,456,7000,3000,1500,0.9974982222222224,0.9696445375345292,0.0327269950321629,0.0951949114325462,0.0933148645041896,1.2968259171745016,0.0509907694398864,0.0550884190933202,1.3795097919530623,0.0578466351289765,0.527,False
UNI,4,2,h4->h2,1.0,42,14000,3000,3000,0.9976204444444444,0.9726509135928962,0.028407191845171,0.0764915778138207,0.0770394707135843,1.3995019162145288,0.0459996352098742,0.0494343108296711,1.3995019162145288,0.0459996352098742,0.524,False
UNI,4,2,h4->h2,1.0,123,14000,3000,3000,0.9976204444444444,0.9726509135928962,0.028407191845171,0.0764915778138207,0.0770394707135843,1.3995019162145288,0.0459996352098742,0.0494343108296711,1.3995019162145288,0.0459996352098742,0.524,False
UNI,4,2,h4->h2,1.0,456,14000,3000,3000,0.9976204444444444,0.9726509135928962,0.028407191845171,0.0764915778138207,0.0770394707135843,1.3995019162145288,0.0459996352098742,0.0494343108296711,1.3995019162145288,0.0459996352098742,0.524,False
UNI,4,3,h4->h3,0.01,42,140,3000,30,0.9900866666666666,0.6011396011396011,0.1734389387681339,0.3451255913781573,0.3391819786095747,0.4362080244599856,0.2974541417378922,0.2977776517367981,0.1000041635488597,0.3426201130298037,0.85,False
UNI,4,3,h4->h3,0.01,123,140,3000,30,0.9890755555555556,0.6021107367329748,0.1736656547437974,0.3417969439543159,0.3359376481270006,0.4504769187282568,0.3087826744873199,0.3087826744873199,0.1000056842173232,0.346143083204288,0.8493333333333334,False
UNI,4,3,h4->h3,0.01,456,140,3000,30,0.9892053333333332,0.5308937613349227,0.1814981204085954,0.3324526313289703,0.3369118102633238,0.4628640691301601,0.3350765377792424,0.3350765377792423,0.1000052749944835,0.3879641312857365,0.8956666666666667,False
UNI,4,3,h4->h3,0.05,42,700,3000,150,0.9912577777777778,0.8347520065542668,0.1223163504054878,0.2513975589371292,0.2474659798517927,0.7610269613196602,0.1998783368230105,0.1999501449938665,0.7979267252198631,0.2007436639120083,0.6603333333333333,False
UNI,4,3,h4->h3,0.05,123,700,3000,150,0.9923742222222224,0.8293348491384037,0.1201474622262876,0.2498786461854081,0.2471317444720668,0.7866315625107464,0.1964280206152226,0.1968373062118526,0.1000063687564957,0.1632566579587423,0.6653333333333333,False
UNI,4,3,h4->h3,0.05,456,700,3000,150,0.992808,0.802192481931044,0.1292103455911042,0.2577156023579555,0.2573617217870068,0.7656243345196658,0.218678725386623,0.2189657678735934,0.579934199183578,0.2144459543128939,0.69,False
UNI,4,3,h4->h3,0.1,42,1400,3000,300,0.9913871111111112,0.8621670508184878,0.1086947408018065,0.2202259566896931,0.2192175223890463,0.9101054924114784,0.1801866119166355,0.1801866119166355,1.0256468745361371,0.1834253082215718,0.6346666666666667,False
UNI,4,3,h4->h3,0.1,123,1400,3000,300,0.9923942222222222,0.8497833439817224,0.1103434461849977,0.2204220400760561,0.2198230169251016,0.9422250239999004,0.18485237432279,0.1851288828387197,0.7426570210376359,0.1774941470023865,0.6463333333333333,False
UNI,4,3,h4->h3,0.1,456,1400,3000,300,0.9917395555555556,0.8238904555149464,0.1195807054726996,0.2307924316650607,0.230326084475471,0.9323360083829748,0.2033726602614936,0.2033726602614936,1.1626466935615043,0.2057913850894141,0.6703333333333333,False
UNI,4,3,h4->h3,0.25,42,3500,3000,750,0.9913884444444444,0.9031195070218174,0.0857319116439784,0.1756835198172275,0.1758318662864579,1.1318336446890855,0.1448796113319138,0.1448796113319138,1.320690453816063,0.1507415377160147,0.5953333333333334,False
UNI,4,3,h4->h3,0.25,123,3500,3000,750,0.9925097777777778,0.8737356498422146,0.0987572927018603,0.1926918456783495,0.1941092623531578,1.165626002811759,0.1711233473297152,0.1713467648214482,0.836400229089158,0.158055319668517,0.6236666666666667,False
UNI,4,3,h4->h3,0.25,456,3500,3000,750,0.9915137777777778,0.8568747543044946,0.1066493609263444,0.2016120930198769,0.2031002071428529,1.173278225783578,0.1849806633365772,0.18530568279389,1.2923266022791826,0.1872992746458749,0.6396666666666667,False
UNI,4,3,h4->h3,0.5,42,7000,3000,1500,0.9922964444444444,0.8969417521069687,0.0854123897217528,0.168150300076046,0.1700229352206535,1.2832195980912748,0.1510459906450856,0.1510459906450856,1.3525198891926342,0.1532716099997805,0.6013333333333334,False
UNI,4,3,h4->h3,0.5,123,7000,3000,1500,0.992263111111111,0.9000333783052236,0.0840096556574327,0.1655990411828155,0.1684036587455914,1.3009437595851576,0.1487794269927949,0.1487794269927949,1.2506323063063316,0.1470565098282806,0.5983333333333334,False
UNI,4,3,h4->h3,0.5,456,7000,3000,1500,0.9922573333333332,0.907237450616266,0.0799253790628248,0.1617831901433969,0.1626478657773516,1.2968259171745016,0.1412088048616639,0.1413649036064901,1.3795097919530623,0.1438864212247735,0.5906666666666667,False
UNI,4,3,h4->h3,1.0,42,14000,3000,3000,0.9917808888888888,0.9086148838580288,0.0766856355407153,0.1505015199586089,0.1523784368385531,1.3995019162145288,0.1370187046832229,0.137018704683223,1.3995019162145288,0.1370187046832229,0.5886666666666667,False
UNI,4,3,h4->h3,1.0,123,14000,3000,3000,0.9917808888888888,0.9086148838580288,0.0766856355407153,0.1505015199586089,0.1523784368385531,1.3995019162145288,0.1370187046832229,0.137018704683223,1.3995019162145288,0.1370187046832229,0.5886666666666667,False
UNI,4,3,h4->h3,1.0,456,14000,3000,3000,0.9917808888888888,0.9086148838580288,0.0766856355407153,0.1505015199586089,0.1523784368385531,1.3995019162145288,0.1370187046832229,0.137018704683223,1.3995019162145288,0.1370187046832229,0.5886666666666667,False
VIRCHOW2,0,1,h0->h1,0.01,42,140,3000,30,0.991652,0.912687570605532,0.097002444061334,0.2491597006185379,0.241622880425093,0.5276615184162803,0.10086959440264,0.1010776447358201,0.1348647355256538,0.0882492420297097,0.586,False
VIRCHOW2,0,1,h0->h1,0.01,123,140,3000,30,0.9889653333333334,0.8914313972307139,0.1039411701404394,0.2508486323700397,0.2438236269430516,0.5386617040103587,0.12082818185208,0.12082818185208,0.4193739592051255,0.1174965751007938,0.6066666666666667,False
VIRCHOW2,0,1,h0->h1,0.01,456,140,3000,30,0.9888342222222222,0.8515600494073523,0.1100376279772845,0.245143236821955,0.2425708029293371,0.6558069504626044,0.1471152327779484,0.1471182408417049,1.2407142495379275,0.179922770199576,0.6446666666666667,False
VIRCHOW2,0,1,h0->h1,0.05,42,700,3000,150,0.9945168888888888,0.937760752331964,0.0550900153341554,0.1393816135320932,0.1372892259062,0.8985775747788023,0.078382681547205,0.0783826815472051,0.1791892957024023,0.0622594682774039,0.562,False
VIRCHOW2,0,1,h0->h1,0.05,123,700,3000,150,0.994207111111111,0.9384350730927364,0.0561799065243698,0.1427779210998416,0.1397558053511532,0.8871069592291989,0.0809421591419673,0.0809421591419672,0.875994675109514,0.0806635266023829,0.5613333333333334,False
VIRCHOW2,0,1,h0->h1,0.05,456,700,3000,150,0.9946115555555556,0.9458459618470316,0.0516284555945374,0.1358574402711105,0.1321676408586229,0.8630328930307587,0.0689456300376576,0.0690589721333794,1.202533054273061,0.0769491463016394,0.5533333333333333,False
VIRCHOW2,0,1,h0->h1,0.1,42,1400,3000,300,0.9957435555555556,0.9616102550692546,0.0365256623186967,0.0971667408273616,0.0965562338671185,0.9614960976008964,0.0496203260337168,0.0498013296817696,0.7727730260633205,0.0466552168908779,0.5383333333333333,False
VIRCHOW2,0,1,h0->h1,0.1,123,1400,3000,300,0.9956106666666666,0.9559146507638788,0.0402266590160951,0.101900758149648,0.1019310332420184,1.0076633450240629,0.0589635079521051,0.0589635079521051,0.9679566577584158,0.0581756807485169,0.544,False
VIRCHOW2,0,1,h0->h1,0.1,456,1400,3000,300,0.9952546666666668,0.95725551938106,0.0396598068818857,0.0998095249453129,0.0993364748762798,0.9811784122586696,0.0561850967576647,0.0561850967576647,1.1749548668848373,0.059158170172258,0.5426666666666666,False
VIRCHOW2,0,1,h0->h1,0.25,42,3500,3000,750,0.9959311111111112,0.9656261475332422,0.0274533105000361,0.0644889782962847,0.0640029185430167,1.1087480041540996,0.0388521004006622,0.0390586541199725,1.0444189750936266,0.0382615216386053,0.5343333333333333,False
VIRCHOW2,0,1,h0->h1,0.25,123,3500,3000,750,0.9961302222222224,0.9649570724137068,0.0291376725021866,0.0653266096676905,0.0667747653710385,1.1398910434721816,0.0430608854249294,0.0434922513454659,1.0865040824416252,0.0424354039915025,0.535,False
VIRCHOW2,0,1,h0->h1,0.25,456,3500,3000,750,0.9959608888888888,0.9622798167756008,0.0316929915239511,0.0704827203784653,0.0711127234843929,1.173344324556756,0.0483092425327417,0.0483092425327417,1.1696674297736775,0.0482617407450046,0.5376666666666666,False
VIRCHOW2,0,1,h0->h1,0.5,42,7000,3000,1500,0.9964182222222222,0.9693044658888093,0.0231720915938188,0.0476124594522676,0.0477081168302625,1.2056156749534068,0.0330503027252107,0.033214265567447,1.1804833687858332,0.0329185460443348,0.5306666666666666,False
VIRCHOW2,0,1,h0->h1,0.5,123,7000,3000,1500,0.9961813333333334,0.966295130736516,0.025179263987828,0.0501238503852034,0.0500329430505693,1.2719867413618229,0.0374785110372018,0.0375855886169396,1.31069649440598,0.0377747245135706,0.5336666666666666,False
VIRCHOW2,0,1,h0->h1,0.5,456,7000,3000,1500,0.9963551111111112,0.965960650511992,0.025886352621005,0.0522540875482643,0.0531210874475757,1.260855023213462,0.0388867862735131,0.0388867862735132,1.2157975333614817,0.0385249779864464,0.534,False
VIRCHOW2,0,1,h0->h1,1.0,42,14000,3000,3000,0.9965337777777776,0.9706414052268976,0.0208364839875119,0.0351628846325973,0.0359925959813121,1.3209424537557704,0.0293061673735725,0.0295764069737064,1.3209424537557704,0.0293061673735725,0.5293333333333333,False
VIRCHOW2,0,1,h0->h1,1.0,123,14000,3000,3000,0.9965337777777776,0.9706414052268976,0.0208364839875119,0.0351628846325973,0.0359925959813121,1.3209424537557704,0.0293061673735725,0.0295764069737064,1.3209424537557704,0.0293061673735725,0.5293333333333333,False
VIRCHOW2,0,1,h0->h1,1.0,456,14000,3000,3000,0.9965337777777776,0.9706414052268976,0.0208364839875119,0.0351628846325973,0.0359925959813121,1.3209424537557704,0.0293061673735725,0.0295764069737064,1.3209424537557704,0.0293061673735725,0.5293333333333333,False
VIRCHOW2,0,2,h0->h2,0.01,42,140,3000,30,0.9917324444444444,0.9505463073685112,0.0787178536744933,0.2281839497836991,0.2121485919080457,0.5276615184162803,0.0517291265017257,0.0517291265017257,0.1348647355256538,0.0497167350988985,0.5493333333333333,False
VIRCHOW2,0,2,h0->h2,0.01,123,140,3000,30,0.9927320000000002,0.934392309886097,0.0805203615077975,0.2180308662077885,0.2126411775377874,0.5386617040103587,0.0676841441246247,0.0681276073856064,0.4193739592051255,0.0668110800562371,0.5646666666666667,False
VIRCHOW2,0,2,h0->h2,0.01,456,140,3000,30,0.9869786666666668,0.9150625823145973,0.0892075901053042,0.2054784754691597,0.2032485898922958,0.6558069504626044,0.0873173624792497,0.0875282231688983,1.2407142495379275,0.1290863459897032,0.5843333333333334,False
VIRCHOW2,0,2,h0->h2,0.05,42,700,3000,150,0.9947657777777776,0.9626145596707232,0.0362794191339031,0.1118957278485728,0.1055211665608922,0.8985775747788023,0.0440736940257949,0.0441391590516411,0.1791892957024023,0.0369776135180453,0.5373333333333333,False
VIRCHOW2,0,2,h0->h2,0.05,123,700,3000,150,0.9960226666666666,0.957928122534677,0.0365858050538192,0.1128612272352156,0.1066142686343496,0.8871069592291989,0.0455723308951653,0.0457897058393524,0.875994675109514,0.045460388228839,0.5413333333333333,False
VIRCHOW2,0,2,h0->h2,0.05,456,700,3000,150,0.99422,0.9599358974358976,0.038018411816964,0.1157496509509068,0.1068902013867373,0.8630328930307587,0.0447203841016878,0.0447719595252961,1.202533054273061,0.051231815870736,0.54,False
VIRCHOW2,0,2,h0->h2,0.1,42,1400,3000,300,0.9959382222222224,0.977658025287336,0.0240473732894417,0.0777781368170844,0.0722018522249734,0.9614960976008964,0.0276322351500758,0.0276770062547869,0.7727730260633205,0.0261490866275185,0.5196666666666667,False
VIRCHOW2,0,2,h0->h2,0.1,123,1400,3000,300,0.9967142222222224,0.9709788435769676,0.0257657464460378,0.0772874612040758,0.0740057810267757,1.0076633450240629,0.0339039706628196,0.0347744490714115,0.9679566577584158,0.0335325038817504,0.527,False
VIRCHOW2,0,2,h0->h2,0.1,456,1400,3000,300,0.9954115555555556,0.9693057084709572,0.0277939133580168,0.0809952130421732,0.0774528018814,0.9811784122586696,0.0356291087976554,0.0356699710613234,1.1749548668848373,0.0370824043830203,0.53,False
VIRCHOW2,0,2,h0->h2,0.25,42,3500,3000,750,0.9965288888888888,0.9793266351631262,0.0196518896334507,0.0490788610592676,0.0498912070484883,1.1087480041540996,0.0260323135520434,0.02605428392694,1.0444189750936266,0.0255393032105528,0.518,False
VIRCHOW2,0,2,h0->h2,0.25,123,3500,3000,750,0.9971044444444443,0.9769904868446164,0.0193472121190385,0.0475502666350889,0.0477492054537854,1.1398910434721816,0.02640000480564,0.0266040964189592,1.0865040824416252,0.0260361451559741,0.5203333333333333,False
VIRCHOW2,0,2,h0->h2,0.25,456,3500,3000,750,0.9964573333333332,0.9756552381534664,0.0211148741577708,0.0495881601742604,0.0504231689269011,1.173344324556756,0.0295446280201732,0.0295794562659961,1.1696674297736775,0.0295190946671933,0.5216666666666666,False
VIRCHOW2,0,2,h0->h2,0.5,42,7000,3000,1500,0.9974084444444444,0.9803276480236122,0.0169930984568606,0.0374977844525774,0.037774842332777,1.2056156749534068,0.023229873513886,0.0232451387131696,1.1804833687858332,0.023061608020891,0.517,False
VIRCHOW2,0,2,h0->h2,0.5,123,7000,3000,1500,0.997264,0.9789929392934849,0.0176582396991226,0.0359791480676419,0.0366805092371903,1.2719867413618229,0.0251419789086178,0.0252520719408601,1.31069649440598,0.0252896729130812,0.5183333333333333,False
VIRCHOW2,0,2,h0->h2,0.5,456,7000,3000,1500,0.9973017777777776,0.9766566964823642,0.018927661764197,0.0399703394691988,0.0402461835395468,1.260855023213462,0.0275174973916435,0.0276834158784633,1.2157975333614817,0.0271734492512099,0.5206666666666667,False
VIRCHOW2,0,2,h0->h2,1.0,42,14000,3000,3000,0.9975768888888888,0.9783255088420252,0.0172059555903729,0.0295362839762038,0.0318053311838209,1.3209424537557704,0.024491021486024,0.0246812799263176,1.3209424537557704,0.024491021486024,0.519,False
VIRCHOW2,0,2,h0->h2,1.0,123,14000,3000,3000,0.9975768888888888,0.9783255088420252,0.0172059555903729,0.0295362839762038,0.0318053311838209,1.3209424537557704,0.024491021486024,0.0246812799263176,1.3209424537557704,0.024491021486024,0.519,False
VIRCHOW2,0,2,h0->h2,1.0,456,14000,3000,3000,0.9975768888888888,0.9783255088420252,0.0172059555903729,0.0295362839762038,0.0318053311838209,1.3209424537557704,0.024491021486024,0.0246812799263176,1.3209424537557704,0.024491021486024,0.519,False
VIRCHOW2,0,3,h0->h3,0.01,42,140,3000,30,0.9954333333333334,0.9592681623931624,0.0678885921827969,0.2103323417720888,0.2001804011570687,0.5276615184162803,0.0382307364375308,0.0399806054862299,0.1348647355256538,0.0396447801402477,0.54,False
VIRCHOW2,0,3,h0->h3,0.01,123,140,3000,30,0.9920275555555556,0.9552493014660864,0.0708694692298537,0.2098910344378599,0.2003623114053024,0.5386617040103587,0.0430141657258814,0.0439040359279106,0.4193739592051255,0.0440406647485503,0.5433333333333333,False
VIRCHOW2,0,3,h0->h3,0.01,456,140,3000,30,0.9923035555555556,0.9492063492063492,0.0704616061514388,0.1981158840546293,0.1904123929303901,0.6558069504626044,0.0526005724107067,0.0541515162172303,1.2407142495379275,0.1114164527461516,0.55,False
VIRCHOW2,0,3,h0->h3,0.05,42,700,3000,150,0.9963684444444444,0.9646257740614818,0.0317209951161304,0.0979618039527984,0.0937513249527663,0.8985775747788023,0.0344845860330285,0.0347743824424369,0.1791892957024023,0.0344586407065093,0.534,False
VIRCHOW2,0,3,h0->h3,0.05,123,700,3000,150,0.9960555555555556,0.9632892151278692,0.0327212249934954,0.0976360302468938,0.0956585497425345,0.8871069592291989,0.0360732839584075,0.0367255831824806,0.875994675109514,0.0360925381131124,0.5346666666666666,False
VIRCHOW2,0,3,h0->h3,0.05,456,700,3000,150,0.9965955555555556,0.964627363737486,0.0320744089061033,0.1007444313048752,0.096461702280796,0.8630328930307587,0.033670357504225,0.0340227757384726,1.202533054273061,0.0423805858786001,0.5333333333333333,False
VIRCHOW2,0,3,h0->h3,0.1,42,1400,3000,300,0.9969457777777776,0.9696434303991132,0.0243149121641204,0.0692854704961242,0.0669203396491971,0.9614960976008964,0.0276315131480649,0.0282018356057891,0.7727730260633205,0.0278738584169907,0.5276666666666666,False
VIRCHOW2,0,3,h0->h3,0.1,123,1400,3000,300,0.9964368888888888,0.965630735510046,0.0262029059051802,0.0690883434150001,0.0673518867321389,1.0076633450240629,0.0315552639373408,0.0319314117314659,0.9679566577584158,0.031576828085863,0.5323333333333333,False
VIRCHOW2,0,3,h0->h3,0.1,456,1400,3000,300,0.9971342222222224,0.968639682856004,0.0251867203933893,0.0710268285465043,0.0700712815463879,0.9811784122586696,0.0296692826113067,0.0301789281417726,1.1749548668848373,0.0290494474111064,0.5293333333333333,False
VIRCHOW2,0,3,h0->h3,0.25,42,3500,3000,750,0.9973493333333332,0.9743197484802796,0.0205236710590613,0.0444531011351792,0.0440674882111478,1.1087480041540996,0.024965934045323,0.0255313356615973,1.0444189750936266,0.025035637927665,0.523,False
VIRCHOW2,0,3,h0->h3,0.25,123,3500,3000,750,0.9965893333333332,0.9699775699088964,0.0223339091794079,0.0437175669148187,0.0450347973326215,1.1398910434721816,0.0279624698602346,0.0285963146579231,1.0865040824416252,0.0279996870276779,0.5273333333333333,False
VIRCHOW2,0,3,h0->h3,0.25,456,3500,3000,750,0.9975368888888888,0.9699775699088964,0.0221081864232358,0.0457378341415185,0.045826347089414,1.173344324556756,0.0284458009750359,0.0298019775538138,1.1696674297736775,0.0284450227973047,0.5273333333333333,False
VIRCHOW2,0,3,h0->h3,0.5,42,7000,3000,1500,0.997116,0.9743189490913744,0.0195779459363695,0.0342920723157774,0.0343208340322663,1.2056156749534068,0.0242027125341855,0.024964626352862,1.1804833687858332,0.024207300501309,0.5236666666666666,False
VIRCHOW2,0,3,h0->h3,0.5,123,7000,3000,1500,0.997052,0.9733179644808744,0.020247706110651,0.0339528312826887,0.0347888867045744,1.2719867413618229,0.0254529361254817,0.0261231793160084,1.31069649440598,0.0254510266799928,0.524,False
VIRCHOW2,0,3,h0->h3,0.5,456,7000,3000,1500,0.9974097777777776,0.9726500257267644,0.0204167942000292,0.0358652864686174,0.0355491913812685,1.260855023213462,0.0259658567791705,0.0266407498676352,1.2157975333614817,0.0259442561905547,0.5246666666666666,False
VIRCHOW2,0,3,h0->h3,1.0,42,14000,3000,3000,0.9971271111111112,0.9749867680002722,0.0190727999571669,0.0236244004370538,0.029270450740111,1.3209424537557704,0.0234789000578893,0.0242078023868623,1.3209424537557704,0.0234789000578893,0.523,False
VIRCHOW2,0,3,h0->h3,1.0,123,14000,3000,3000,0.9971271111111112,0.9749867680002722,0.0190727999571669,0.0236244004370538,0.029270450740111,1.3209424537557704,0.0234789000578893,0.0242078023868623,1.3209424537557704,0.0234789000578893,0.523,False
VIRCHOW2,0,3,h0->h3,1.0,456,14000,3000,3000,0.9971271111111112,0.9749867680002722,0.0190727999571669,0.0236244004370538,0.029270450740111,1.3209424537557704,0.0234789000578893,0.0242078023868623,1.3209424537557704,0.0234789000578893,0.523,False
VIRCHOW2,0,4,h0->h4,0.01,42,140,3000,30,0.9918315555555556,0.9119954461562164,0.1071524758886247,0.2619948974834044,0.256195631853675,0.5276615184162803,0.1089520416635335,0.1091203420822983,0.1348647355256538,0.0907160875154094,0.5873333333333334,False
VIRCHOW2,0,4,h0->h4,0.01,123,140,3000,30,0.9915653333333332,0.8883069778668973,0.1099651864001529,0.2594632437646854,0.252025807640245,0.5386617040103587,0.1266111330678721,0.126611133067872,0.4193739592051255,0.122498768917046,0.6103333333333333,False
VIRCHOW2,0,4,h0->h4,0.01,456,140,3000,30,0.9844284444444444,0.8113964580921436,0.1307065014201765,0.25389465894807,0.2519090662962168,0.6558069504626044,0.1894840748767531,0.1894840748767532,1.2407142495379275,0.199614951755438,0.6823333333333333,False
VIRCHOW2,0,4,h0->h4,0.05,42,700,3000,150,0.994596888888889,0.9458459618470316,0.0570626138164018,0.1592918440077629,0.1549712077356929,0.8985775747788023,0.0750144382150601,0.07530696345789,0.1791892957024023,0.0545386737591176,0.5533333333333333,False
VIRCHOW2,0,4,h0->h4,0.05,123,700,3000,150,0.9949373333333332,0.9279633450695376,0.0650393423490499,0.1689333991094207,0.1650181434184661,0.8871069592291989,0.092711665428765,0.0934084469893601,0.875994675109514,0.0923293505171885,0.5716666666666667,False
VIRCHOW2,0,4,h0->h4,0.05,456,700,3000,150,0.9934831111111112,0.934048945056522,0.0655588463056424,0.1683793085802168,0.164269708438857,0.8630328930307587,0.0881489056862362,0.0881489056862362,1.202533054273061,0.1036434308951218,0.5656666666666667,False
VIRCHOW2,0,4,h0->h4,0.1,42,1400,3000,300,0.9952017777777776,0.9642895880787298,0.0399567376812209,0.125051564388505,0.1170772562486806,0.9614960976008964,0.0495437849658301,0.049604360690849,0.7727730260633205,0.0450616520462076,0.535,False
VIRCHOW2,0,4,h0->h4,0.1,123,1400,3000,300,0.995572,0.9508820678448956,0.0475503846911705,0.1310936397003206,0.1265641007977799,1.0076633450240629,0.0693438924829436,0.0696562364398344,0.9679566577584158,0.0681619512879859,0.549,False
VIRCHOW2,0,4,h0->h4,0.1,456,1400,3000,300,0.9944408888888888,0.950210513735048,0.0497691820104796,0.1347006533599279,0.1302285604889849,0.9811784122586696,0.070504611261836,0.070504611261836,1.1749548668848373,0.0756806808024141,0.5496666666666666,False
VIRCHOW2,0,4,h0->h4,0.25,42,3500,3000,750,0.9955333333333334,0.9619469625219862,0.0359707527653614,0.0980720044141681,0.0938778800531717,1.1087480041540996,0.0537919780265727,0.0538189827830932,1.0444189750936266,0.0521851421794228,0.5373333333333333,False
VIRCHOW2,0,4,h0->h4,0.25,123,3500,3000,750,0.9958715555555556,0.9592681623931624,0.0364518158100856,0.0952915521836783,0.092252848790725,1.1398910434721816,0.0559361627775188,0.0564626733033567,1.0865040824416252,0.0547439472742528,0.54,False
VIRCHOW2,0,4,h0->h4,0.25,456,3500,3000,750,0.9951644444444444,0.9559146507638788,0.0402977289409479,0.102016222013036,0.0992709798132591,1.173344324556756,0.0635086470993106,0.0639270948412166,1.1696674297736775,0.0634195036767741,0.544,False
VIRCHOW2,0,4,h0->h4,0.5,42,7000,3000,1500,0.9961351111111112,0.9662980998690742,0.0301464657946891,0.0776352124706683,0.0753123190997164,1.2056156749534068,0.0471226677780304,0.0472565141274224,1.1804833687858332,0.0465935950816418,0.5323333333333333,False
VIRCHOW2,0,4,h0->h4,0.5,123,7000,3000,1500,0.99596,0.9636221037437528,0.0312134879603086,0.0754735965229034,0.0745081106756252,1.2719867413618229,0.0502671921554991,0.0504489601475038,1.31069649440598,0.0510465291454415,0.535,False
VIRCHOW2,0,4,h0->h4,0.5,456,7000,3000,1500,0.9956564444444445,0.959600946384001,0.0347284720833081,0.0812567041952198,0.0814553113060942,1.260855023213462,0.0570567234805714,0.0574462271337095,1.2157975333614817,0.0560235947088908,0.5403333333333333,False
VIRCHOW2,0,4,h0->h4,1.0,42,14000,3000,3000,0.9962391111111112,0.9656277075827836,0.0303493387266472,0.0673965766537187,0.0682914189165829,1.3209424537557704,0.0502041852088302,0.0502978404792305,1.3209424537557704,0.0502041852088302,0.5336666666666666,False
VIRCHOW2,0,4,h0->h4,1.0,123,14000,3000,3000,0.9962391111111112,0.9656277075827836,0.0303493387266472,0.0673965766537187,0.0682914189165829,1.3209424537557704,0.0502041852088302,0.0502978404792305,1.3209424537557704,0.0502041852088302,0.5336666666666666,False
VIRCHOW2,0,4,h0->h4,1.0,456,14000,3000,3000,0.9962391111111112,0.9656277075827836,0.0303493387266472,0.0673965766537187,0.0682914189165829,1.3209424537557704,0.0502041852088302,0.0502978404792305,1.3209424537557704,0.0502041852088302,0.5336666666666666,False
VIRCHOW2,1,0,h1->h0,0.01,42,140,3000,30,0.9934782222222222,0.9713332823702798,0.0825663322564058,0.2429237693354148,0.2361481798624227,0.438185809075093,0.0265358997116413,0.0250241764887075,0.4564223950216291,0.0289302504671177,0.5013333333333333,False
VIRCHOW2,1,0,h1->h0,0.01,123,140,3000,30,0.9966173333333334,0.9823326246752786,0.078580011341084,0.2470227312480677,0.2329380617471835,0.4561187678393761,0.0265578676362608,0.0217360243056205,0.2695893512732938,0.0088788692051129,0.5063333333333333,False
VIRCHOW2,1,0,h1->h0,0.01,456,140,3000,30,0.9930457777777776,0.975996916937331,0.083309208462635,0.2454214164939364,0.2379336456549216,0.4546177559561439,0.0209256148561156,0.0188399480312625,0.1000052749944835,0.0197282483966985,0.5113333333333333,False
VIRCHOW2,1,0,h1->h0,0.05,42,700,3000,150,0.9959693333333332,0.9859992470706204,0.0340659205173276,0.1323808159552786,0.1198623500388359,0.7701652345931723,0.0154481283108936,0.0124250093111223,0.7950814223781122,0.0168839340329782,0.5073333333333333,False
VIRCHOW2,1,0,h1->h0,0.05,123,700,3000,150,0.996125777777778,0.9863323841933468,0.0347064019489366,0.1346921024624519,0.1229064198491768,0.7756632824505276,0.0165639559643368,0.0125342238289002,0.4203673062885346,0.0088074500743236,0.5083333333333333,False
VIRCHOW2,1,0,h1->h0,0.05,456,700,3000,150,0.9955493333333332,0.9836660114922388,0.0360024758420271,0.1330554928177223,0.1209571262186952,0.7686639202277353,0.01889171988235,0.0155739514041171,0.7441152054993241,0.0174761246338173,0.5063333333333333,False
VIRCHOW2,1,0,h1->h0,0.1,42,1400,3000,300,0.996348,0.9873326521115136,0.0246378034886805,0.0950839784102509,0.0839864542454655,0.929576108211733,0.0162804329222444,0.0099887524959015,1.2024710217872243,0.0317890484608452,0.5073333333333333,False
VIRCHOW2,1,0,h1->h0,0.1,123,1400,3000,300,0.9963351111111112,0.9869987851086974,0.0242211267125677,0.0957173820231981,0.0841791605553558,0.9401250510546252,0.0135984478634154,0.008659584294692,0.7598978226091789,0.0089220416196938,0.5096666666666667,False
VIRCHOW2,1,0,h1->h0,0.1,456,1400,3000,300,0.996109777777778,0.9863323841933468,0.025195761873373,0.0964272746564633,0.0854291290882449,0.9071193633377116,0.0130526424136975,0.0094433253260918,0.7760859005190104,0.0096196316840679,0.5083333333333333,False
VIRCHOW2,1,0,h1->h0,0.25,42,3500,3000,750,0.9969511111111112,0.9873325226147808,0.0174269044017164,0.063148957891741,0.0535736458933172,1.11288676719707,0.0119100638718971,0.0075858569204804,1.1778497787073163,0.0147226846980271,0.508,False
VIRCHOW2,1,0,h1->h0,0.25,123,3500,3000,750,0.9968266666666666,0.9873323818544592,0.0172134248896437,0.0625191567528519,0.0533248605980355,1.134716967397695,0.0112730716368266,0.0065110356763463,0.9768543378679212,0.0069874768552744,0.5086666666666667,False
VIRCHOW2,1,0,h1->h0,0.25,456,3500,3000,750,0.9968613333333334,0.9873325226147808,0.0173796346445141,0.0624605427525913,0.0532520494157047,1.1058124941312957,0.0120071845704032,0.0072995343126401,1.1343812380401777,0.0131684770515477,0.508,False
VIRCHOW2,1,0,h1->h0,0.5,42,7000,3000,1500,0.9972613333333332,0.9873325226147808,0.0141921414643704,0.0444674361678371,0.0363801958792609,1.2499226104008143,0.010027972376851,0.0059503769787035,1.287103219862028,0.0115779574426778,0.508,False
VIRCHOW2,1,0,h1->h0,0.5,123,7000,3000,1500,0.9971617777777776,0.9879990985989616,0.0138116434148887,0.0435932654610265,0.0352508685863194,1.263669948010708,0.0102108988117609,0.0046963206113657,1.2469886110534112,0.0091648598683688,0.5086666666666667,False
VIRCHOW2,1,0,h1->h0,0.5,456,7000,3000,1500,0.9974373333333332,0.9883325230918814,0.0134995057221232,0.0442606051271483,0.0346523264134888,1.2419585718169786,0.00903188326191,0.0040564944156388,1.193457219619879,0.0080775730081991,0.5083333333333333,False
VIRCHOW2,1,0,h1->h0,1.0,42,14000,3000,3000,0.9977191111111112,0.9883325230918814,0.0119204373869311,0.0328762817671373,0.0250281528776179,1.3225534695894603,0.0064751922729058,0.0035146430722383,1.3225534695894603,0.0064751922729058,0.5083333333333333,False
VIRCHOW2,1,0,h1->h0,1.0,123,14000,3000,3000,0.9977191111111112,0.9883325230918814,0.0119204373869311,0.0328762817671373,0.0250281528776179,1.3225534695894603,0.0064751922729058,0.0035146430722383,1.3225534695894603,0.0064751922729058,0.5083333333333333,False
VIRCHOW2,1,0,h1->h0,1.0,456,14000,3000,3000,0.9977191111111112,0.9883325230918814,0.0119204373869311,0.0328762817671373,0.0250281528776179,1.3225534695894603,0.0064751922729058,0.0035146430722383,1.3225534695894603,0.0064751922729058,0.5083333333333333,False
VIRCHOW2,1,2,h1->h2,0.01,42,140,3000,30,0.9924826666666668,0.9759876629948544,0.0907766465546518,0.2620707040802427,0.2490450097268857,0.438185809075093,0.0293963367821776,0.0316376777182622,0.4564223950216291,0.0326321027542245,0.5226666666666666,False
VIRCHOW2,1,2,h1->h2,0.01,123,140,3000,30,0.9933724444444446,0.9703083626663356,0.0801180591868905,0.24130654608449,0.2265991768440227,0.4561187678393761,0.0319430286634029,0.0319917362692957,0.2695893512732938,0.0307404295608606,0.529,False
VIRCHOW2,1,2,h1->h2,0.01,456,140,3000,30,0.9930902222222224,0.9666295884315907,0.0949782932009353,0.2700821545818829,0.253761462800761,0.4546177559561439,0.0452789503834131,0.0484107713433013,0.1000052749944835,0.0338756508500155,0.5333333333333333,False
VIRCHOW2,1,2,h1->h2,0.05,42,700,3000,150,0.9949168888888889,0.981662165747126,0.0387844388691654,0.1451767150004969,0.1317366143263149,0.7701652345931723,0.0256902258020071,0.0270892766382309,0.7950814223781122,0.0263961752826609,0.5156666666666667,False
VIRCHOW2,1,2,h1->h2,0.05,123,700,3000,150,0.9945551111111112,0.973986634911092,0.0399719520836251,0.1456100558326186,0.1319064226253216,0.7756632824505276,0.0270640811996743,0.0298469580037898,0.4203673062885346,0.0237560556973505,0.5226666666666666,False
VIRCHOW2,1,2,h1->h2,0.05,456,700,3000,150,0.9942768888888888,0.9726481768342066,0.0424060779980984,0.1478529719294736,0.1355698098599239,0.7686639202277353,0.0355199086565005,0.0356922397124125,0.7441152054993241,0.0349200316171531,0.526,False
VIRCHOW2,1,2,h1->h2,0.1,42,1400,3000,300,0.9955355555555556,0.9813289435605084,0.0285462223981556,0.1068008465177077,0.0965097030516247,0.929576108211733,0.0234035468708463,0.0256702739566831,1.2024710217872243,0.0386055672283436,0.5153333333333333,False
VIRCHOW2,1,2,h1->h2,0.1,123,1400,3000,300,0.9954413333333334,0.9773248578690968,0.0291400746698959,0.1089147256389983,0.100550038827968,0.9401250510546252,0.0248299320782433,0.0294284931493784,0.7598978226091789,0.0234875169643204,0.5193333333333333,False
VIRCHOW2,1,2,h1->h2,0.1,456,1400,3000,300,0.9955177777777776,0.977658025287336,0.0297068465766911,0.1100783589442124,0.1002570472105504,0.9071193633377116,0.0269934543521774,0.0285870325542619,0.7760859005190104,0.0252698377382461,0.5196666666666667,False
VIRCHOW2,1,2,h1->h2,0.25,42,3500,3000,750,0.9960862222222224,0.9813289435605084,0.0215709122103034,0.071442075019633,0.0661844309541935,1.11288676719707,0.0228536912197657,0.0243076438812152,1.1778497787073163,0.0240222433808083,0.5153333333333333,False
VIRCHOW2,1,2,h1->h2,0.25,123,3500,3000,750,0.996056,0.9789934436203478,0.0216916865309339,0.0737262275752493,0.0681297874419488,1.134716967397695,0.0227098583753801,0.0258092432323309,0.9768543378679212,0.0218317382468295,0.5176666666666667,False
VIRCHOW2,1,2,h1->h2,0.25,456,3500,3000,750,0.996095111111111,0.9786597524264528,0.0218447623749008,0.0723995713903668,0.067558847895394,1.1058124941312957,0.0245229105762892,0.0265429699066259,1.1343812380401777,0.0247871135537715,0.518,False
VIRCHOW2,1,2,h1->h2,0.5,42,7000,3000,1500,0.9963742222222224,0.980994929869624,0.0192155288173648,0.0563564331045199,0.0534914183577983,1.2499226104008143,0.0256791867140897,0.0266582773767425,1.287103219862028,0.0261310632847998,0.5163333333333333,False
VIRCHOW2,1,2,h1->h2,0.5,123,7000,3000,1500,0.9962137777777778,0.9779928696897796,0.0192300898766241,0.0548445367406484,0.0512730160657402,1.263669948010708,0.0243704289597421,0.0250442103322713,1.2469886110534112,0.0242272246049331,0.518,False
VIRCHOW2,1,2,h1->h2,0.5,456,7000,3000,1500,0.9963328888888888,0.98032850507419,0.0184120441954195,0.0546503208431328,0.0507111942651865,1.2419585718169786,0.022780435324454,0.0239248616603869,1.193457219619879,0.02240107075662,0.5156666666666667,False
VIRCHOW2,1,2,h1->h2,1.0,42,14000,3000,3000,0.9965017777777778,0.980328085303646,0.0173268268204145,0.0448890746491979,0.042290765796219,1.3225534695894603,0.0233927661852832,0.0246397842831407,1.3225534695894603,0.0233927661852832,0.5163333333333333,False
VIRCHOW2,1,2,h1->h2,1.0,123,14000,3000,3000,0.9965017777777778,0.980328085303646,0.0173268268204145,0.0448890746491979,0.042290765796219,1.3225534695894603,0.0233927661852832,0.0246397842831407,1.3225534695894603,0.0233927661852832,0.5163333333333333,False
VIRCHOW2,1,2,h1->h2,1.0,456,14000,3000,3000,0.9965017777777778,0.980328085303646,0.0173268268204145,0.0448890746491979,0.042290765796219,1.3225534695894603,0.0233927661852832,0.0246397842831407,1.3225534695894603,0.0233927661852832,0.5163333333333333,False
VIRCHOW2,1,3,h1->h3,0.01,42,140,3000,30,0.996712,0.9736663126248696,0.0711018343357081,0.2188128422393218,0.2113293871719973,0.438185809075093,0.0166240773420448,0.0164887881137198,0.4564223950216291,0.0200259921900106,0.5036666666666667,False
VIRCHOW2,1,3,h1->h3,0.01,123,140,3000,30,0.9965168888888888,0.9779948263391705,0.0676963416354119,0.2158196170041151,0.2019113011586166,0.4561187678393761,0.0146285207160777,0.0113559660374913,0.2695893512732938,0.0117677897861359,0.5153333333333333,False
VIRCHOW2,1,3,h1->h3,0.01,456,140,3000,30,0.9962666666666666,0.9753297808217716,0.0710706678780613,0.2199444582381338,0.212841772361814,0.4546177559561439,0.0116888233299746,0.008977276824816,0.1000052749944835,0.0208181578329128,0.512,False
VIRCHOW2,1,3,h1->h3,0.05,42,700,3000,150,0.9975737777777778,0.9816647088650244,0.0299764450853865,0.1095291038034945,0.099746205325403,0.7701652345931723,0.0131524109751956,0.0109411916709974,0.7950814223781122,0.0129847432724814,0.5103333333333333,False
VIRCHOW2,1,3,h1->h3,0.05,123,700,3000,150,0.9973746666666666,0.9799967905961802,0.0298817696045739,0.1087621788426917,0.0973581872611563,0.7756632824505276,0.0131284748590414,0.0114623928962187,0.4203673062885346,0.0109076470044443,0.5126666666666667,False
VIRCHOW2,1,3,h1->h3,0.05,456,700,3000,150,0.9974306666666668,0.9789977574272096,0.0297651094119962,0.107100487709691,0.0965113902501837,0.7686639202277353,0.011273254332195,0.0100870834302956,0.7441152054993241,0.0101343843617051,0.5103333333333333,False
VIRCHOW2,1,3,h1->h3,0.1,42,1400,3000,300,0.9977222222222224,0.9813314664799812,0.0225430883454183,0.0777113079618813,0.0693834855897215,0.929576108211733,0.0115096433259443,0.0107892082109208,1.2024710217872243,0.0235070617192594,0.51,False
VIRCHOW2,1,3,h1->h3,0.1,123,1400,3000,300,0.9976311111111112,0.9813300142247512,0.0215225306688497,0.0771407518352187,0.0682467176262305,0.9401250510546252,0.012543066611975,0.0122432030977483,0.7598978226091789,0.0094533035250533,0.5133333333333333,False
VIRCHOW2,1,3,h1->h3,0.1,456,1400,3000,300,0.9976,0.980663564242974,0.0223011800250335,0.0772047822365045,0.0698804482522707,0.9071193633377116,0.0110860458157455,0.0116466716738754,0.7760859005190104,0.0094969030742304,0.5126666666666667,False
VIRCHOW2,1,3,h1->h3,0.25,42,3500,3000,750,0.9977853333333332,0.9826644400102946,0.017219483302229,0.0522319328268382,0.045805467980975,1.11288676719707,0.0120557271605787,0.0117789083926474,1.1778497787073163,0.0145654369509777,0.5113333333333333,False
VIRCHOW2,1,3,h1->h3,0.25,123,3500,3000,750,0.9976733333333332,0.9829976857961222,0.016591222678386,0.0491972994361779,0.0431134567459389,1.134716967397695,0.0124886293000023,0.0111844156754451,0.9768543378679212,0.0092289125368526,0.5116666666666667,False
VIRCHOW2,1,3,h1->h3,0.25,456,3500,3000,750,0.9976364444444444,0.9826641703071908,0.0171581440463211,0.0490551608175718,0.0443890068595254,1.1058124941312957,0.0104156243498941,0.0116910117494071,1.1343812380401777,0.0117352904313727,0.512,False
VIRCHOW2,1,3,h1->h3,0.5,42,7000,3000,1500,0.9977155555555556,0.9829976857961222,0.0147880330330897,0.0353424896285363,0.0318242573089388,1.2499226104008143,0.0108271800515048,0.0109004492624516,1.287103219862028,0.0116054372574266,0.5116666666666667,False
VIRCHOW2,1,3,h1->h3,0.5,123,7000,3000,1500,0.99766,0.9833311923175908,0.0144877290245404,0.034483891564661,0.030614439598845,1.263669948010708,0.0105111724086897,0.0113206683083256,1.2469886110534112,0.01034250419154,0.5113333333333333,False
VIRCHOW2,1,3,h1->h3,0.5,456,7000,3000,1500,0.9976635555555556,0.9826641703071908,0.0147223038766056,0.0354968274350037,0.0322955166293754,1.2419585718169786,0.0101049584830195,0.0119848951617152,1.193457219619879,0.0105130789021927,0.512,False
VIRCHOW2,1,3,h1->h3,1.0,42,14000,3000,3000,0.9976262222222222,0.983664443215882,0.0135865485166043,0.0249910700565783,0.0236181041359911,1.3225534695894603,0.0091738910455878,0.0097884950608584,1.3225534695894603,0.0091738910455878,0.5116666666666667,False
VIRCHOW2,1,3,h1->h3,1.0,123,14000,3000,3000,0.9976262222222222,0.983664443215882,0.0135865485166043,0.0249910700565783,0.0236181041359911,1.3225534695894603,0.0091738910455878,0.0097884950608584,1.3225534695894603,0.0091738910455878,0.5116666666666667,False
VIRCHOW2,1,3,h1->h3,1.0,456,14000,3000,3000,0.9976262222222222,0.983664443215882,0.0135865485166043,0.0249910700565783,0.0236181041359911,1.3225534695894603,0.0091738910455878,0.0097884950608584,1.3225534695894603,0.0091738910455878,0.5116666666666667,False
VIRCHOW2,1,4,h1->h4,0.01,42,140,3000,30,0.9912462222222224,0.9445048427882372,0.1143760628362891,0.2825165166084348,0.271714188457937,0.438185809075093,0.0811388878685727,0.0811388878685727,0.4564223950216291,0.0823610605609385,0.554,False
VIRCHOW2,1,4,h1->h4,0.01,123,140,3000,30,0.9918106666666666,0.9353992987197792,0.1132962582537911,0.278126839141995,0.2710223334860452,0.4561187678393761,0.0826950445425875,0.0833101213980121,0.2695893512732938,0.0738960104280368,0.5643333333333334,False
VIRCHOW2,1,4,h1->h4,0.01,456,140,3000,30,0.9885644444444444,0.9421540816871304,0.1201920892299265,0.2827306078641832,0.2762413282706795,0.4546177559561439,0.0880701469739963,0.0880886536268536,0.1000052749944835,0.0580827916277372,0.5556666666666666,False
VIRCHOW2,1,4,h1->h4,0.05,42,700,3000,150,0.992108,0.9565972222222224,0.0670518678171253,0.1821959266802115,0.1730422463987659,0.7701652345931723,0.0608351266264576,0.0618273874687141,0.7950814223781122,0.0615989933727018,0.54,False
VIRCHOW2,1,4,h1->h4,0.05,123,700,3000,150,0.9922373333333332,0.94753374632778,0.0732780638934578,0.1883499930381191,0.1823974040523754,0.7756632824505276,0.0786148556048829,0.0786900698449863,0.4203673062885346,0.0630947228502473,0.5503333333333333,False
VIRCHOW2,1,4,h1->h4,0.05,456,700,3000,150,0.991410222222222,0.950213796659112,0.0716902301831817,0.1846621774605979,0.1789715488000134,0.7686639202277353,0.0771794713444459,0.0774768521711449,0.7441152054993241,0.0761464481330298,0.549,False
VIRCHOW2,1,4,h1->h4,0.1,42,1400,3000,300,0.9929373333333334,0.9565925073770476,0.055800968126898,0.1474785309088473,0.1426694775206252,0.929576108211733,0.0648539957627718,0.0650265191406123,1.2024710217872243,0.0765351315372854,0.5413333333333333,False
VIRCHOW2,1,4,h1->h4,0.1,123,1400,3000,300,0.9921497777777778,0.9498812966354536,0.0618390858620254,0.1549111701015425,0.1525750522878714,0.9401250510546252,0.0778682748864542,0.0778682748864542,0.7598978226091789,0.0714645433144075,0.5486666666666666,False
VIRCHOW2,1,4,h1->h4,0.1,456,1400,3000,300,0.992528,0.9539080414213068,0.0577982729640284,0.1479337391168072,0.1433047026458555,0.9071193633377116,0.0699614907074042,0.0705355255143577,0.7760859005190104,0.0650381240155907,0.5446666666666666,False
VIRCHOW2,1,4,h1->h4,0.25,42,3500,3000,750,0.9933528888888888,0.9565925073770476,0.0487235292088158,0.1159550498899232,0.112582189351206,1.11288676719707,0.0680428753171642,0.0684186434719039,1.1778497787073163,0.0696950258358566,0.5413333333333333,False
VIRCHOW2,1,4,h1->h4,0.25,123,3500,3000,750,0.9929395555555556,0.9545787310900572,0.0494768424615852,0.1170690577665564,0.115523444697083,1.134716967397695,0.0692070093781352,0.0692070093781352,0.9768543378679212,0.0647964063215532,0.544,False
VIRCHOW2,1,4,h1->h4,0.25,456,3500,3000,750,0.9922235555555556,0.9535754217372344,0.0505098083375184,0.1148244301537818,0.1128655939476649,1.1058124941312957,0.069993451755268,0.0699934517552679,1.1343812380401777,0.0707869755921009,0.5443333333333333,False
VIRCHOW2,1,4,h1->h4,0.5,42,7000,3000,1500,0.9931102222222222,0.954576040820998,0.0479058009157306,0.1001458935249108,0.0987296018663194,1.2499226104008143,0.0748903476670768,0.075135253651598,1.287103219862028,0.0759024321364344,0.5446666666666666,False
VIRCHOW2,1,4,h1->h4,0.5,123,7000,3000,1500,0.9928986666666668,0.9518952385194424,0.0493303582161463,0.1024291109609577,0.1017401966415347,1.263669948010708,0.0778059548496776,0.0780352644477166,1.2469886110534112,0.0773433395133929,0.5466666666666666,False
VIRCHOW2,1,4,h1->h4,0.5,456,7000,3000,1500,0.9929626666666668,0.9518952385194424,0.0471610716903831,0.0999948235067025,0.0988196139054915,1.2419585718169786,0.071596363031125,0.0718725484935269,1.193457219619879,0.0703550347545887,0.5466666666666666,False
VIRCHOW2,1,4,h1->h4,1.0,42,14000,3000,3000,0.9928484444444444,0.9508884130175328,0.046292652783843,0.0886126202975504,0.0900733228114984,1.3225534695894603,0.073594090547351,0.073594090547351,1.3225534695894603,0.073594090547351,0.5476666666666666,False
VIRCHOW2,1,4,h1->h4,1.0,123,14000,3000,3000,0.9928484444444444,0.9508884130175328,0.046292652783843,0.0886126202975504,0.0900733228114984,1.3225534695894603,0.073594090547351,0.073594090547351,1.3225534695894603,0.073594090547351,0.5476666666666666,False
VIRCHOW2,1,4,h1->h4,1.0,456,14000,3000,3000,0.9928484444444444,0.9508884130175328,0.046292652783843,0.0886126202975504,0.0900733228114984,1.3225534695894603,0.073594090547351,0.073594090547351,1.3225534695894603,0.073594090547351,0.5476666666666666,False
VIRCHOW2,2,0,h2->h0,0.01,42,140,3000,30,0.9960617777777778,0.9763270179077774,0.0904359158809301,0.2615614747622536,0.2525119593477311,0.5497841092625148,0.0408747274311603,0.0382844833474994,0.1000052749944835,0.0203201125296794,0.5163333333333333,False
VIRCHOW2,2,0,h2->h0,0.01,123,140,3000,30,0.9945977777777778,0.96730770257215,0.0957915787655739,0.2610607587229781,0.2527640563595771,0.5460813868547008,0.0458268228130255,0.0462093947700333,0.1000043696642297,0.0311854773365692,0.528,False
VIRCHOW2,2,0,h2->h0,0.01,456,140,3000,30,0.9903915555555556,0.9563311935618178,0.1025926725548594,0.2535472113653838,0.2499556251007457,0.5693054530180437,0.0426278873850307,0.0391583152661407,0.5328995703535229,0.0364682317361622,0.507,False
VIRCHOW2,2,0,h2->h0,0.05,42,700,3000,150,0.9970942222222222,0.98032850507419,0.0434525692455188,0.1599166763862942,0.1459501962442521,0.8121435314880265,0.0274595111195985,0.0252041505162953,0.7040461850626099,0.0189463873226808,0.5156666666666667,False
VIRCHOW2,2,0,h2->h0,0.05,123,700,3000,150,0.9967146666666666,0.97966209063706,0.0439101498318284,0.1572600458667616,0.1447770851929845,0.8653084182834696,0.030434978827017,0.0291346523216466,1.1581420076506794,0.0626244893598917,0.515,False
VIRCHOW2,2,0,h2->h0,0.05,456,700,3000,150,0.9965115555555556,0.9789971412775628,0.0462826155198621,0.1617319133213295,0.1506056106155207,0.8936251509742895,0.0363236084927905,0.0294866390113804,1.0841466868023246,0.0571125427406895,0.5116666666666667,False
VIRCHOW2,2,0,h2->h0,0.1,42,1400,3000,300,0.9970293333333332,0.9823306456282072,0.0317548049012772,0.1215244692315611,0.1095425537710107,0.9531937643113504,0.0239237378170982,0.0196938706521849,0.9024459089053842,0.0194129273358696,0.5123333333333333,False
VIRCHOW2,2,0,h2->h0,0.1,123,1400,3000,300,0.997026222222222,0.9793292818725804,0.0333731722882372,0.1212542081573645,0.1108369229796529,0.9867125142271852,0.0254982542773807,0.02431133589784,1.1909147807314302,0.0425749097533912,0.514,False
VIRCHOW2,2,0,h2->h0,0.1,456,1400,3000,300,0.9970284444444444,0.980330009104872,0.0325635294581796,0.1205222375986293,0.1092602511642144,1.0191643663625238,0.0286171853163345,0.0242190177684184,1.158345169335415,0.0382656151779216,0.513,False
VIRCHOW2,2,0,h2->h0,0.25,42,3500,3000,750,0.9974515555555556,0.9823309283763624,0.0219668716545853,0.0801604320096546,0.0726619413671172,1.1759039277614116,0.0195767205874985,0.0195194334957303,1.221469227133939,0.022297849004159,0.5116666666666667,False
VIRCHOW2,2,0,h2->h0,0.25,123,3500,3000,750,0.9973782222222224,0.9829976857961222,0.0227188224811104,0.0819523929341851,0.0732633207335704,1.19555730348184,0.0226789235212756,0.0198263173937584,1.3400689716892724,0.0309729841120621,0.5116666666666667,False
VIRCHOW2,2,0,h2->h0,0.25,456,3500,3000,750,0.9974457777777778,0.9819979517669566,0.0224678380841729,0.0817049525520356,0.0724397562397844,1.2166645487741248,0.0222146556892996,0.0206774719017837,1.3670606807881265,0.0329963519663442,0.5106666666666667,False
VIRCHOW2,2,0,h2->h0,0.5,42,7000,3000,1500,0.9976155555555556,0.9829976857961222,0.0185972043569812,0.0624222442550923,0.0560610437244181,1.3058975109693185,0.0192527668452786,0.0183341193325139,1.2888686105379057,0.0183399578204866,0.5116666666666667,False
VIRCHOW2,2,0,h2->h0,0.5,123,7000,3000,1500,0.9976302222222222,0.9833320813874464,0.018800137822081,0.0623396259856412,0.0534998878539171,1.308839333963019,0.0175863601407039,0.0152441399758826,1.4582861414991832,0.0263020646562261,0.5086666666666667,False
VIRCHOW2,2,0,h2->h0,0.5,456,7000,3000,1500,0.9975968888888888,0.982665156609198,0.0185221722601742,0.0599604355547851,0.0523526597488881,1.3360917985544525,0.0189837990993195,0.0163816330920541,1.3930749403966551,0.0220957194942617,0.5093333333333333,False
VIRCHOW2,2,0,h2->h0,1.0,42,14000,3000,3000,0.9979746666666668,0.983665532328634,0.0156669309983071,0.0449420846956636,0.0390761225585774,1.4011991761259517,0.0146227296499139,0.0134133037665295,1.4011991761259517,0.0146227296499139,0.5083333333333333,False
VIRCHOW2,2,0,h2->h0,1.0,123,14000,3000,3000,0.9979746666666668,0.983665532328634,0.0156669309983071,0.0449420846956636,0.0390761225585774,1.4011991761259517,0.0146227296499139,0.0134133037665295,1.4011991761259517,0.0146227296499139,0.5083333333333333,False
VIRCHOW2,2,0,h2->h0,1.0,456,14000,3000,3000,0.9979746666666668,0.983665532328634,0.0156669309983071,0.0449420846956636,0.0390761225585774,1.4011991761259517,0.0146227296499139,0.0134133037665295,1.4011991761259517,0.0146227296499139,0.5083333333333333,False
VIRCHOW2,2,1,h2->h1,0.01,42,140,3000,30,0.9912626666666666,0.916093266697216,0.1160100524533253,0.2684170320214706,0.2672329807087454,0.5497841092625148,0.1159293151234596,0.1174299629956257,0.1000052749944835,0.0859292673043748,0.5826666666666667,False
VIRCHOW2,2,1,h2->h1,0.01,123,140,3000,30,0.98874,0.8202452432297245,0.1301939784350889,0.2757269881782035,0.2719980566379572,0.5460813868547008,0.1758869419333723,0.1758869419333723,0.1000043696642297,0.173841846866096,0.6736666666666666,False
VIRCHOW2,2,1,h2->h1,0.01,456,140,3000,30,0.9753475555555556,0.8180331651151037,0.1348335043611452,0.2460158643997332,0.2493682160705891,0.5693054530180437,0.1610097086872642,0.1611950896063446,0.5328995703535229,0.16238559580557,0.6706666666666666,False
VIRCHOW2,2,1,h2->h1,0.05,42,700,3000,150,0.9939151111111112,0.9327038896370574,0.0765230134781075,0.1961052379304423,0.1893315349529885,0.8121435314880265,0.0977839059202864,0.0987445292812687,0.7040461850626099,0.0943943826250719,0.5663333333333334,False
VIRCHOW2,2,1,h2->h1,0.05,123,700,3000,150,0.993464,0.916093266697216,0.0848800740496527,0.204868817063357,0.1951036364366054,0.8653084182834696,0.1205584030495037,0.1211243993304886,1.1581420076506794,0.1335458615414152,0.5826666666666667,False
VIRCHOW2,2,1,h2->h1,0.05,456,700,3000,150,0.9925408888888888,0.9350673692778956,0.0781204047048381,0.1900682053734858,0.1861846780733905,0.8936251509742895,0.0985091874059312,0.0998415322970617,1.0841466868023246,0.1121086533336299,0.564,False
VIRCHOW2,2,1,h2->h1,0.1,42,1400,3000,300,0.9953848888888888,0.9478626121900776,0.058848451310829,0.1575542967687776,0.1538805644264115,0.9531937643113504,0.0783153790535371,0.0803843169862675,0.9024459089053842,0.0771412193941219,0.5513333333333333,False
VIRCHOW2,2,1,h2->h1,0.1,123,1400,3000,300,0.9941444444444444,0.9198330111559576,0.0765746598351587,0.1732129214124976,0.1717212134900237,0.9867125142271852,0.11748651383869,0.1178238185193361,1.1909147807314302,0.1206127879715856,0.579,False
VIRCHOW2,2,1,h2->h1,0.1,456,1400,3000,300,0.9946382222222222,0.9381030146508492,0.0652345714430946,0.1597321269351365,0.157104510619964,1.0191643663625238,0.0940746017346938,0.0949424168795971,1.158345169335415,0.0995702266046095,0.561,False
VIRCHOW2,2,1,h2->h1,0.25,42,3500,3000,750,0.9958635555555556,0.9508852625160444,0.0477973319620687,0.1211182462750024,0.1203562250908524,1.1759039277614116,0.0732616799062632,0.0737001094904774,1.221469227133939,0.0741084947617628,0.5483333333333333,False
VIRCHOW2,2,1,h2->h1,0.25,123,3500,3000,750,0.995107111111111,0.9445008104219008,0.0540547810722735,0.1286718774122047,0.1284776622330762,1.19555730348184,0.084177351033726,0.0849114934590263,1.3400689716892724,0.0898026204226243,0.5546666666666666,False
VIRCHOW2,2,1,h2->h1,0.25,456,3500,3000,750,0.9954653333333332,0.9508852625160444,0.0500736231827299,0.1250297662157039,0.122916661025651,1.2166645487741248,0.0765369412345825,0.078198186269812,1.3670606807881265,0.0843258701511597,0.5483333333333333,False
VIRCHOW2,2,1,h2->h1,0.5,42,7000,3000,1500,0.995936,0.952227804553592,0.0455553261470835,0.1085561632138887,0.1079438402448391,1.3058975109693185,0.0741657761786375,0.075540658617135,1.2888686105379057,0.0738692669159127,0.547,False
VIRCHOW2,2,1,h2->h1,0.5,123,7000,3000,1500,0.995775111111111,0.9562524441024788,0.0432403369192134,0.1042679187855792,0.1047914860928922,1.308839333963019,0.0673553041172837,0.0688271746872683,1.4582861414991832,0.0741723315395007,0.543,False
VIRCHOW2,2,1,h2->h1,0.5,456,7000,3000,1500,0.9957777777777778,0.9592681623931624,0.0410236137852052,0.1023187447258658,0.1017501174357064,1.3360917985544525,0.0634670784324706,0.0667138308794947,1.3930749403966551,0.0666294903399478,0.54,False
VIRCHOW2,2,1,h2->h1,1.0,42,14000,3000,3000,0.9960377777777778,0.9602729084270508,0.0386572088212006,0.0887180478119026,0.0904294525638293,1.4011991761259517,0.0625885975836743,0.0653549179056346,1.4011991761259517,0.0625885975836743,0.539,False
VIRCHOW2,2,1,h2->h1,1.0,123,14000,3000,3000,0.9960377777777778,0.9602729084270508,0.0386572088212006,0.0887180478119026,0.0904294525638293,1.4011991761259517,0.0625885975836743,0.0653549179056346,1.4011991761259517,0.0625885975836743,0.539,False
VIRCHOW2,2,1,h2->h1,1.0,456,14000,3000,3000,0.9960377777777778,0.9602729084270508,0.0386572088212006,0.0887180478119026,0.0904294525638293,1.4011991761259517,0.0625885975836743,0.0653549179056346,1.4011991761259517,0.0625885975836743,0.539,False
VIRCHOW2,2,3,h2->h3,0.01,42,140,3000,30,0.9931568888888888,0.9552518718520472,0.089088933597432,0.2471165837324297,0.2367045156425512,0.5497841092625148,0.0505976613428704,0.0519400143221883,0.1000052749944835,0.043217964063704,0.5426666666666666,False
VIRCHOW2,2,3,h2->h3,0.01,123,140,3000,30,0.9912648888888888,0.9343979607137504,0.0975734137687969,0.2480061860650336,0.2447980992874449,0.5460813868547008,0.0806026531644709,0.0823760623735188,0.1000043696642297,0.0662465341465832,0.564,False
VIRCHOW2,2,3,h2->h3,0.01,456,140,3000,30,0.9836728888888888,0.9351395013364384,0.1051371809304467,0.2376727089494729,0.233948394576407,0.5693054530180437,0.0681610448807961,0.0681610448807961,0.5328995703535229,0.0670039080080412,0.5546666666666666,False
VIRCHOW2,2,3,h2->h3,0.05,42,700,3000,150,0.9934977777777776,0.9562573913043478,0.0495098310084363,0.1496270933681644,0.1448918162165966,0.8121435314880265,0.0462383023469601,0.046649971095658,0.7040461850626099,0.0456994253187162,0.5416666666666666,False
VIRCHOW2,2,3,h2->h3,0.05,123,700,3000,150,0.9929022222222222,0.9532372306464484,0.0530601586028515,0.1521711640667813,0.1475925297777968,0.8653084182834696,0.0567387751067507,0.0588203491920861,1.1581420076506794,0.0723404564346538,0.5453333333333333,False
VIRCHOW2,2,3,h2->h3,0.05,456,700,3000,150,0.9930862222222224,0.956254937320449,0.052922901636245,0.1509626111753654,0.1471300550705077,0.8936251509742895,0.0502436708152636,0.0511253801994191,1.0841466868023246,0.0617692167160228,0.5423333333333333,False
VIRCHOW2,2,3,h2->h3,0.1,42,1400,3000,300,0.9943804444444444,0.9616159955158582,0.0390135516671748,0.1146660960039522,0.1126752876705368,0.9531937643113504,0.0406919659006612,0.0426813695678185,0.9024459089053842,0.0405802808708885,0.5363333333333333,False
VIRCHOW2,2,3,h2->h3,0.1,123,1400,3000,300,0.9933048888888888,0.9535726512855198,0.0455863454704209,0.1225473620333035,0.1201838967523563,0.9867125142271852,0.0564537689368369,0.0575729073720869,1.1909147807314302,0.0619644945362135,0.545,False
VIRCHOW2,2,3,h2->h3,0.1,456,1400,3000,300,0.9945248888888888,0.9572626552623248,0.0421903847322129,0.1185755299802836,0.1156065191760847,1.0191643663625238,0.0488092720838914,0.0495790924988541,1.158345169335415,0.0549579712775978,0.5406666666666666,False
VIRCHOW2,2,3,h2->h3,0.25,42,3500,3000,750,0.995124,0.9649618434475143,0.0315626908734965,0.0795611253656917,0.0784845345464513,1.1759039277614116,0.0389675946758105,0.0407677535502833,1.221469227133939,0.0391353927623796,0.533,False
VIRCHOW2,2,3,h2->h3,0.25,123,3500,3000,750,0.9943875555555556,0.961950688091767,0.033914902638398,0.0859274552623528,0.0849948405901021,1.19555730348184,0.0428286175100664,0.0437129303248811,1.3400689716892724,0.0464036545299819,0.536,False
VIRCHOW2,2,3,h2->h3,0.25,456,3500,3000,750,0.9948573333333334,0.961950688091767,0.0330162562356094,0.0841380855838207,0.0835860761245492,1.2166645487741248,0.041470521512855,0.0437121513138265,1.3670606807881265,0.0475089625433249,0.536,False
VIRCHOW2,2,3,h2->h3,0.5,42,7000,3000,1500,0.9951635555555556,0.964627363737486,0.0302049379699405,0.0686161129553236,0.0672617938673564,1.3058975109693185,0.0406865708348883,0.0422310700951264,1.2888686105379057,0.0405795496920182,0.5333333333333333,False
VIRCHOW2,2,3,h2->h3,0.5,123,7000,3000,1500,0.994947111111111,0.9669682564944913,0.0283388736518359,0.0660719838940522,0.0643413735060921,1.308839333963019,0.0343287099262463,0.0374318805211645,1.4582861414991832,0.0386942508437785,0.531,False
VIRCHOW2,2,3,h2->h3,0.5,456,7000,3000,1500,0.9954226666666668,0.9696422961766528,0.0273709525840268,0.0647580933455824,0.0624603809746097,1.3360917985544525,0.0337382405019999,0.0366191133317999,1.3930749403966551,0.0341073517782696,0.5283333333333333,False
VIRCHOW2,2,3,h2->h3,1.0,42,14000,3000,3000,0.9951693333333334,0.9703106077529788,0.0259075993590927,0.0504155835460109,0.050505835289215,1.4011991761259517,0.0330735097409929,0.0349941363425274,1.4011991761259517,0.0330735097409929,0.5276666666666666,False
VIRCHOW2,2,3,h2->h3,1.0,123,14000,3000,3000,0.9951693333333334,0.9703106077529788,0.0259075993590927,0.0504155835460109,0.050505835289215,1.4011991761259517,0.0330735097409929,0.0349941363425274,1.4011991761259517,0.0330735097409929,0.5276666666666666,False
VIRCHOW2,2,3,h2->h3,1.0,456,14000,3000,3000,0.9951693333333334,0.9703106077529788,0.0259075993590927,0.0504155835460109,0.050505835289215,1.4011991761259517,0.0330735097409929,0.0349941363425274,1.4011991761259517,0.0330735097409929,0.5276666666666666,False
VIRCHOW2,2,4,h2->h4,0.01,42,140,3000,30,0.9921115555555554,0.9673089094563538,0.0920251879205154,0.2545887142234648,0.250879587806386,0.5497841092625148,0.0380860552229438,0.0392132517182031,0.1000052749944835,0.0280265149079155,0.5273333333333333,False
VIRCHOW2,2,4,h2->h4,0.01,123,140,3000,30,0.9918866666666666,0.9599421564739484,0.0932895424083638,0.2560541253658078,0.2486056546130879,0.5460813868547008,0.0427267158810466,0.0449335274645878,0.1000043696642297,0.0381217879169571,0.538,False
VIRCHOW2,2,4,h2->h4,0.01,456,140,3000,30,0.9872088888888888,0.9516666183332848,0.0974613483116528,0.2429046937499322,0.2416646753326972,0.5693054530180437,0.0488352056509331,0.0455209268267328,0.5328995703535229,0.0425215337958461,0.501,False
VIRCHOW2,2,4,h2->h4,0.05,42,700,3000,150,0.994656,0.9689714502866472,0.0483248567496984,0.1591992608959108,0.1525841695877771,0.8121435314880265,0.0323898172285589,0.0353330768886361,0.7040461850626099,0.0271636665476087,0.5303333333333333,False
VIRCHOW2,2,4,h2->h4,0.05,123,700,3000,150,0.995492,0.9683028723937036,0.043372550338558,0.1514353375563564,0.1428211136540526,0.8653084182834696,0.0368104805686728,0.0358801520514893,1.1581420076506794,0.0639226684249465,0.531,False
VIRCHOW2,2,4,h2->h4,0.05,456,700,3000,150,0.9928502222222222,0.9669734870493256,0.0501221909569514,0.1521812408331896,0.1467156070427833,0.8936251509742895,0.0319843371325443,0.0303462827101154,1.0841466868023246,0.0507218976972712,0.5283333333333333,False
VIRCHOW2,2,4,h2->h4,0.1,42,1400,3000,300,0.9952733333333332,0.970644735022032,0.035976529856405,0.1186514815068631,0.1141195555224731,0.9531937643113504,0.0280131262684654,0.0302301696342868,0.9024459089053842,0.0270511433014985,0.5273333333333333,False
VIRCHOW2,2,4,h2->h4,0.1,123,1400,3000,300,0.9959257777777778,0.9696411348610848,0.0338710052748298,0.1180804734943375,0.1114395715636177,0.9867125142271852,0.0327050207625208,0.0334244799668292,1.1909147807314302,0.0468261542887312,0.529,False
VIRCHOW2,2,4,h2->h4,0.1,456,1400,3000,300,0.9947911111111112,0.969976461545852,0.0358201478967136,0.1157400115972281,0.112018481752905,1.0191643663625238,0.0317265985996983,0.0326586365568819,1.158345169335415,0.0413368471982519,0.528,False
VIRCHOW2,2,4,h2->h4,0.25,42,3500,3000,750,0.995763111111111,0.9729831144465292,0.0258476511611113,0.0786085771714394,0.0755905097072403,1.1759039277614116,0.0264454080901868,0.028182564923069,1.221469227133939,0.0287315803205288,0.525,False
VIRCHOW2,2,4,h2->h4,0.25,123,3500,3000,750,0.9960386666666668,0.9733162082687734,0.0253282502857919,0.080641434349431,0.0748836327276485,1.19555730348184,0.0292144736043764,0.0283033290454886,1.3400689716892724,0.0359034594699986,0.5253333333333333,False
VIRCHOW2,2,4,h2->h4,0.25,456,3500,3000,750,0.9960444444444444,0.9729831144465292,0.0260235508488533,0.0847559686758123,0.0783018650374104,1.2166645487741248,0.0313529728887575,0.0307090520904578,1.3670606807881265,0.0384220011678039,0.525,False
VIRCHOW2,2,4,h2->h4,0.5,42,7000,3000,1500,0.9964991111111112,0.9766566964823642,0.0201818577156621,0.0633737246553459,0.0549380313526144,1.3058975109693185,0.0252586243672772,0.022508639907625,1.2888686105379057,0.0245859230507236,0.5206666666666667,False
VIRCHOW2,2,4,h2->h4,0.5,123,7000,3000,1500,0.9964035555555556,0.9779917738141236,0.0199081989215132,0.0611324840591417,0.0522760259448945,1.308839333963019,0.0232769604930972,0.0203654502400139,1.4582861414991832,0.0304062055803283,0.5193333333333333,False
VIRCHOW2,2,4,h2->h4,0.5,456,7000,3000,1500,0.9963991111111112,0.9773236480114396,0.0204049866457717,0.0622155865515045,0.0540143919505793,1.3360917985544525,0.0255182465277293,0.0231301295703628,1.3930749403966551,0.0278936930498927,0.5206666666666667,False
VIRCHOW2,2,4,h2->h4,1.0,42,14000,3000,3000,0.9968804444444443,0.9776568133213416,0.0179627091915112,0.0468869121200897,0.04156461369599,1.4011991761259517,0.0218261738797422,0.0213146881406795,1.4011991761259517,0.0218261738797422,0.521,False
VIRCHOW2,2,4,h2->h4,1.0,123,14000,3000,3000,0.9968804444444443,0.9776568133213416,0.0179627091915112,0.0468869121200897,0.04156461369599,1.4011991761259517,0.0218261738797422,0.0213146881406795,1.4011991761259517,0.0218261738797422,0.521,False
VIRCHOW2,2,4,h2->h4,1.0,456,14000,3000,3000,0.9968804444444443,0.9776568133213416,0.0179627091915112,0.0468869121200897,0.04156461369599,1.4011991761259517,0.0218261738797422,0.0213146881406795,1.4011991761259517,0.0218261738797422,0.521,False
VIRCHOW2,3,0,h3->h0,0.01,42,140,3000,30,0.9890551111111112,0.9493234007198744,0.0792269853178072,0.1988324585432595,0.1990591070049465,0.5004942784893759,0.01723684328337,0.0093297507114884,0.1000052749944835,0.0403858264608446,0.514,False
VIRCHOW2,3,0,h3->h0,0.01,123,140,3000,30,0.9952644444444444,0.9763235444343156,0.0742534797539653,0.2351358064170793,0.2204371080974984,0.4868097590727263,0.0202572574319651,0.0173383300394954,0.1000035597259762,0.0207067961898021,0.5203333333333333,False
VIRCHOW2,3,0,h3->h0,0.01,456,140,3000,30,0.9938702222222224,0.965299264922762,0.0762377026904279,0.2256967622996062,0.2158393230398098,0.535345905257856,0.0293969659464178,0.0307887594256463,0.1000057775217361,0.0333819263492598,0.5313333333333333,False
VIRCHOW2,3,0,h3->h0,0.05,42,700,3000,150,0.9944746666666668,0.975321388885554,0.035869975360328,0.1118113424906656,0.1014525430048895,0.8522788524173853,0.0188771437482756,0.0158213242817554,0.7309420294625563,0.0194236617627197,0.522,False
VIRCHOW2,3,0,h3->h0,0.05,123,700,3000,150,0.9953706666666666,0.973990278143964,0.0338073140621245,0.1123133770545645,0.1002551831440213,0.8339134363354177,0.0165337562953024,0.0147967551165169,0.6450921603553865,0.0176059892480718,0.5193333333333333,False
VIRCHOW2,3,0,h3->h0,0.05,456,700,3000,150,0.9948062222222224,0.9753206536336002,0.0350920193843512,0.1185460598922018,0.1038399474666772,0.8429826231385321,0.0242051564652955,0.0229220486873073,1.1107041531027124,0.0376918443591612,0.5226666666666666,False
VIRCHOW2,3,0,h3->h0,0.1,42,1400,3000,300,0.9955284444444444,0.9793261296380604,0.0263344521475575,0.084594130456101,0.0710578586840752,0.973959043223355,0.0154873353559614,0.0143726871804763,0.6310895750491364,0.0151610506141689,0.5186666666666667,False
VIRCHOW2,3,0,h3->h0,0.1,123,1400,3000,300,0.9958684444444444,0.9783284572362114,0.0261346673817162,0.0869701018005383,0.0765319426061737,0.9003160825718763,0.0129937031625393,0.0142159130204211,0.9788900040834926,0.0146803241786826,0.515,False
VIRCHOW2,3,0,h3->h0,0.1,456,1400,3000,300,0.9959635555555556,0.9806617160659796,0.0251801848983386,0.0876827735452953,0.0772356805872152,0.9061905575301388,0.0135796345898715,0.0158550131491477,1.0047857104608078,0.0160955310236181,0.516,False
VIRCHOW2,3,0,h3->h0,0.25,42,3500,3000,750,0.9962804444444444,0.982996824184606,0.0185968835432263,0.0538135665585019,0.0454120558667364,1.07518550049971,0.0129783577147353,0.0132084452924813,1.1854633420205278,0.0133786254204351,0.5136666666666667,False
VIRCHOW2,3,0,h3->h0,0.25,123,3500,3000,750,0.9965604444444444,0.9853316644027054,0.0179862515043545,0.0588186526358062,0.0485682807132354,1.046215242969185,0.0118377480063365,0.0113643292748234,1.022623378605218,0.011738627464124,0.5106666666666667,False
VIRCHOW2,3,0,h3->h0,0.25,456,3500,3000,750,0.9964142222222222,0.984664206123738,0.017972530604933,0.0557161729386429,0.0491220062015109,1.056237746857187,0.0126019168697722,0.0136155614811976,1.089251796853588,0.0126255753512431,0.5126666666666667,False
VIRCHOW2,3,0,h3->h0,0.5,42,7000,3000,1500,0.9965013333333332,0.9856651360217464,0.0153830841538722,0.0399999244605029,0.0332565460499361,1.120470717412932,0.0118194019462548,0.01118699833741,1.1497424564516692,0.011553566484433,0.5103333333333333,False
VIRCHOW2,3,0,h3->h0,0.5,123,7000,3000,1500,0.9965675555555557,0.9859982015467764,0.0149977593665563,0.0405751358692611,0.0330240343266498,1.1310530365780276,0.0128021325014778,0.0115996582771949,1.2303742543330236,0.0121787354466388,0.5113333333333333,False
VIRCHOW2,3,0,h3->h0,0.5,456,7000,3000,1500,0.9964977777777778,0.9856649321234536,0.0152353945459682,0.0401534956730339,0.0337717345314846,1.1177884036050818,0.0113642108860241,0.0107558781151942,1.0391922330164267,0.01115704624153,0.511,False
VIRCHOW2,3,0,h3->h0,1.0,42,14000,3000,3000,0.9966875555555555,0.9863316794665488,0.0136896979397607,0.0303678715789324,0.0256252749630949,1.1837348595329635,0.0128940872675144,0.0129142496241087,1.1837348595329635,0.0128940872675144,0.511,False
VIRCHOW2,3,0,h3->h0,1.0,123,14000,3000,3000,0.9966875555555555,0.9863316794665488,0.0136896979397607,0.0303678715789324,0.0256252749630949,1.1837348595329635,0.0128940872675144,0.0129142496241087,1.1837348595329635,0.0128940872675144,0.511,False
VIRCHOW2,3,0,h3->h0,1.0,456,14000,3000,3000,0.9966875555555555,0.9863316794665488,0.0136896979397607,0.0303678715789324,0.0256252749630949,1.1837348595329635,0.0128940872675144,0.0129142496241087,1.1837348595329635,0.0128940872675144,0.511,False
VIRCHOW2,3,1,h3->h1,0.01,42,140,3000,30,0.9895097777777776,0.8900827189354432,0.0950243164202533,0.2150347347190577,0.2114440193409967,0.5004942784893759,0.105199670869096,0.1052172219808166,0.1000052749944835,0.1053438916574749,0.6066666666666667,False
VIRCHOW2,3,1,h3->h1,0.01,123,140,3000,30,0.9939697777777778,0.9367647014541108,0.0864168373879796,0.2333557198990782,0.2255222536807709,0.4868097590727263,0.0737566133153382,0.0742033807684471,0.1000035597259762,0.0627473230596711,0.561,False
VIRCHOW2,3,1,h3->h1,0.01,456,140,3000,30,0.9921066666666668,0.8921212072176307,0.0946257064213308,0.2292228146231374,0.2262949633503907,0.535345905257856,0.1061221311437313,0.1062359830018146,0.1000057775217361,0.1049742109402589,0.606,False
VIRCHOW2,3,1,h3->h1,0.05,42,700,3000,150,0.9933711111111112,0.9279702312691612,0.0577267254159955,0.1285522748394429,0.1279199705602097,0.8522788524173853,0.080196866748529,0.0802142744763849,0.7309420294625563,0.0785636640164083,0.571,False
VIRCHOW2,3,1,h3->h1,0.05,123,700,3000,150,0.9935911111111112,0.940816603807064,0.0517233171926905,0.1270848577593633,0.1238890947843547,0.8339134363354177,0.0657798209588152,0.0657798209588152,0.6450921603553865,0.0629445220493909,0.5556666666666666,False
VIRCHOW2,3,1,h3->h1,0.05,456,700,3000,150,0.9939688888888888,0.935742255045237,0.0555396397338594,0.1338290022924609,0.1322067430161515,0.8429826231385321,0.0764564696019767,0.076487628617517,1.1107041531027124,0.0799943294761947,0.5633333333333334,False
VIRCHOW2,3,1,h3->h1,0.1,42,1400,3000,300,0.9948217777777778,0.9508884130175328,0.0438258586358403,0.0981787608123779,0.0975602263046626,0.973959043223355,0.0620934919428218,0.0621074642817799,0.6310895750491364,0.0564653271487665,0.5476666666666666,False
VIRCHOW2,3,1,h3->h1,0.1,123,1400,3000,300,0.9951822222222222,0.9589353871129898,0.0396450421063993,0.0981482895137495,0.0951858123369958,0.9003160825718763,0.0514353494809258,0.0515698031863517,0.9788900040834926,0.052684017126261,0.5396666666666666,False
VIRCHOW2,3,1,h3->h1,0.1,456,1400,3000,300,0.9951595555555556,0.9562524441024788,0.0406230971861503,0.1008748898216952,0.0971760943430965,0.9061905575301388,0.0550975465811597,0.0552317248050207,1.0047857104608078,0.0566978786210531,0.543,False
VIRCHOW2,3,1,h3->h1,0.25,42,3500,3000,750,0.9956253333333334,0.9662995392602024,0.0306064923876736,0.0639913750548232,0.0628379400290079,1.07518550049971,0.0422669654556102,0.0423571090630405,1.1854633420205278,0.043620869974484,0.5316666666666666,False
VIRCHOW2,3,1,h3->h1,0.25,123,3500,3000,750,0.9960506666666668,0.9693081114213412,0.02814788148316,0.0641684427501693,0.0620862649406108,1.046215242969185,0.0374924920479255,0.0375020141096792,1.022623378605218,0.0372371264809351,0.5286666666666666,False
VIRCHOW2,3,1,h3->h1,0.25,456,3500,3000,750,0.9959648888888888,0.969306923646302,0.0285527289162937,0.0630587575085283,0.0619463056003465,1.056237746857187,0.0386530673709557,0.0386628935150055,1.089251796853588,0.0390043579476283,0.5293333333333333,False
VIRCHOW2,3,1,h3->h1,0.5,42,7000,3000,1500,0.9964426666666666,0.9713119001351675,0.0234324090772092,0.0447754670841257,0.044462027538466,1.120470717412932,0.0314776707060464,0.0316078235134257,1.1497424564516692,0.0317022773919251,0.5273333333333333,False
VIRCHOW2,3,1,h3->h1,0.5,123,7000,3000,1500,0.9964893333333332,0.9726481768342066,0.0226613666681827,0.0435074388254776,0.0419940391665499,1.1310530365780276,0.030250674421853,0.0302836609137115,1.2303742543330236,0.0308992252108317,0.526,False
VIRCHOW2,3,1,h3->h1,0.5,456,7000,3000,1500,0.996328,0.9719800747198007,0.0231441921876944,0.0434595549767289,0.0439099136151189,1.1177884036050818,0.0305705322371527,0.0305761218536125,1.0391922330164267,0.0300653850749439,0.5266666666666666,False
VIRCHOW2,3,1,h3->h1,1.0,42,14000,3000,3000,0.9966657777777778,0.9753198963880336,0.0194269797762719,0.0313504383378434,0.0340531678111922,1.1837348595329635,0.0255935168583945,0.0257211425553793,1.1837348595329635,0.0255935168583945,0.5233333333333333,False
VIRCHOW2,3,1,h3->h1,1.0,123,14000,3000,3000,0.9966657777777778,0.9753198963880336,0.0194269797762719,0.0313504383378434,0.0340531678111922,1.1837348595329635,0.0255935168583945,0.0257211425553793,1.1837348595329635,0.0255935168583945,0.5233333333333333,False
VIRCHOW2,3,1,h3->h1,1.0,456,14000,3000,3000,0.9966657777777778,0.9753198963880336,0.0194269797762719,0.0313504383378434,0.0340531678111922,1.1837348595329635,0.0255935168583945,0.0257211425553793,1.1837348595329635,0.0255935168583945,0.5233333333333333,False
VIRCHOW2,3,2,h3->h2,0.01,42,140,3000,30,0.981892,0.912687570605532,0.1033359733747315,0.2202412745792505,0.2200790104161049,0.5004942784893759,0.0875665120417067,0.0875665120417067,0.1000052749944835,0.0865256582578651,0.586,False
VIRCHOW2,3,2,h3->h2,0.01,123,140,3000,30,0.991952,0.9492029316146696,0.0854503737146901,0.2429400551845704,0.229813564990952,0.4868097590727263,0.0500901699156932,0.0512581613336086,0.1000035597259762,0.0502876682571339,0.5506666666666666,False
VIRCHOW2,3,2,h3->h2,0.01,456,140,3000,30,0.9887715555555554,0.9337112461883968,0.0928248504689764,0.23934169343336,0.2281120579777937,0.535345905257856,0.0803868116592183,0.0803868116592183,0.1000057775217361,0.068757372104706,0.566,False
VIRCHOW2,3,2,h3->h2,0.05,42,700,3000,150,0.9905248888888888,0.9448331201885704,0.0520106512438923,0.1341779897574137,0.1283926895695704,0.8522788524173853,0.0585508808146398,0.0585863718553679,0.7309420294625563,0.0573997054402668,0.555,False
VIRCHOW2,3,2,h3->h2,0.05,123,700,3000,150,0.9920995555555556,0.9444967279818076,0.0514495859992414,0.1346991439991934,0.1325322966483247,0.8339134363354177,0.059108633447474,0.0591086334474741,0.6450921603553865,0.0573689017990858,0.5553333333333333,False
VIRCHOW2,3,2,h3->h2,0.05,456,700,3000,150,0.992324,0.9471868413675444,0.0512789134052335,0.143197464776733,0.1370202577763775,0.8429826231385321,0.0606704971920075,0.0606704971920075,1.1107041531027124,0.0657152380280617,0.5526666666666666,False
VIRCHOW2,3,2,h3->h2,0.1,42,1400,3000,300,0.9927102222222222,0.9562499116370672,0.0397018282160141,0.1057944683813168,0.0996532852772339,0.973959043223355,0.0499860868936759,0.049986086893676,0.6310895750491364,0.0466644467280906,0.5436666666666666,False
VIRCHOW2,3,2,h3->h2,0.1,123,1400,3000,300,0.9930502222222222,0.950210513735048,0.0430326429026529,0.1128804764309232,0.1087477368317375,0.9003160825718763,0.0535113736987516,0.0535113736987516,0.9788900040834926,0.0546259264313812,0.5496666666666666,False
VIRCHOW2,3,2,h3->h2,0.1,456,1400,3000,300,0.9937324444444444,0.9562499116370672,0.0396140920336264,0.1117008699672794,0.1071459136189405,0.9061905575301388,0.0497439298444748,0.0497439298444748,1.0047857104608078,0.0512114521242667,0.5436666666666666,False
VIRCHOW2,3,2,h3->h2,0.25,42,3500,3000,750,0.994156,0.9592659682969034,0.0333352750108573,0.0815258827198082,0.0794351122921947,1.07518550049971,0.0470114703522025,0.0473969533882258,1.1854633420205278,0.0486895005834601,0.5406666666666666,False
VIRCHOW2,3,2,h3->h2,0.25,123,3500,3000,750,0.9942555555555556,0.9652963006301392,0.030112160155668,0.078432585026214,0.07766595900484,1.046215242969185,0.0390339673678443,0.0390339673678443,1.022623378605218,0.0388065881190247,0.5326666666666666,False
VIRCHOW2,3,2,h3->h2,0.25,456,3500,3000,750,0.9946111111111112,0.9662980998690742,0.0289726166917867,0.0780044803706568,0.0766294290634592,1.056237746857187,0.0392029610386564,0.0399853465618163,1.089251796853588,0.0396377052550753,0.5323333333333333,False
VIRCHOW2,3,2,h3->h2,0.5,42,7000,3000,1500,0.9946875555555555,0.9649618434475143,0.0286184753554121,0.0676495711055461,0.0674110073987423,1.120470717412932,0.0406081685459139,0.0406081685459139,1.1497424564516692,0.0410454952673124,0.533,False
VIRCHOW2,3,2,h3->h2,0.5,123,7000,3000,1500,0.9947093333333332,0.9659679947897668,0.026744528491465,0.0638110221746106,0.0621540668085157,1.1310530365780276,0.0365826243279404,0.036617140666103,1.2303742543330236,0.0377431413708071,0.5306666666666666,False
VIRCHOW2,3,2,h3->h2,0.5,456,7000,3000,1500,0.9946933333333332,0.9679698774491924,0.0274412194458855,0.0656902578123498,0.0666276659416813,1.1177884036050818,0.0386236762297733,0.0386542191443377,1.0391922330164267,0.0375371715506303,0.5306666666666666,False
VIRCHOW2,3,2,h3->h2,1.0,42,14000,3000,3000,0.9948924444444444,0.9673064665140376,0.0258305594578223,0.0562048965057425,0.0574334568317735,1.1837348595329635,0.0364585671107131,0.0364793932317938,1.1837348595329635,0.0364585671107131,0.5286666666666666,False
VIRCHOW2,3,2,h3->h2,1.0,123,14000,3000,3000,0.9948924444444444,0.9673064665140376,0.0258305594578223,0.0562048965057425,0.0574334568317735,1.1837348595329635,0.0364585671107131,0.0364793932317938,1.1837348595329635,0.0364585671107131,0.5286666666666666,False
VIRCHOW2,3,2,h3->h2,1.0,456,14000,3000,3000,0.9948924444444444,0.9673064665140376,0.0258305594578223,0.0562048965057425,0.0574334568317735,1.1837348595329635,0.0364585671107131,0.0364793932317938,1.1837348595329635,0.0364585671107131,0.5286666666666666,False
VIRCHOW2,3,4,h3->h4,0.01,42,140,3000,30,0.9813942222222224,0.8576085140366627,0.1302551101081476,0.2563250809147461,0.2563143919136046,0.5004942784893759,0.1604376636677463,0.1604376636677463,0.1000052749944835,0.1402234562335115,0.6383333333333333,False
VIRCHOW2,3,4,h3->h4,0.01,123,140,3000,30,0.9891995555555556,0.9123364747775916,0.1170398302919606,0.2682370766776088,0.263493664042068,0.4868097590727263,0.1153825521019349,0.1153825521019349,0.1000035597259762,0.0897895834209488,0.587,False
VIRCHOW2,3,4,h3->h4,0.01,456,140,3000,30,0.989287111111111,0.8979590805810068,0.1187131488641987,0.2671560731399499,0.2636108524742007,0.535345905257856,0.1383310948015894,0.1383310948015894,0.1000057775217361,0.1038602272083401,0.601,False
VIRCHOW2,3,4,h3->h4,0.05,42,700,3000,150,0.9888231111111112,0.8903801559974702,0.0927143349078479,0.1847542715384363,0.1885812939831182,0.8522788524173853,0.1362474520328603,0.1362474520328603,0.7309420294625563,0.1314837622836052,0.6083333333333333,False
VIRCHOW2,3,4,h3->h4,0.05,123,700,3000,150,0.9903551111111112,0.8817234581807942,0.0939136501751671,0.1922054332824503,0.1923047390768706,0.8339134363354177,0.139164391056219,0.139164391056219,0.6450921603553865,0.132492442576209,0.6166666666666667,False
VIRCHOW2,3,4,h3->h4,0.05,456,700,3000,150,0.9904684444444444,0.8698679159346736,0.1015247268814689,0.202006739225855,0.2063892150288498,0.8429826231385321,0.1563806902717139,0.1563806902717139,1.1107041531027124,0.1622257684333358,0.628,False
VIRCHOW2,3,4,h3->h4,0.1,42,1400,3000,300,0.9911768888888888,0.9106307320082192,0.0808032489171131,0.1667720364735186,0.1667720364735186,0.973959043223355,0.1237897031416386,0.1239689920357097,0.6310895750491364,0.1080986379529016,0.5886666666666667,False
VIRCHOW2,3,4,h3->h4,0.1,123,1400,3000,300,0.9904568888888888,0.8635499020410491,0.0995902485324929,0.1877681853454371,0.188785186484941,0.9003160825718763,0.1570111663709091,0.1571148524729162,0.9788900040834926,0.159166143673918,0.634,False
VIRCHOW2,3,4,h3->h4,0.1,456,1400,3000,300,0.992275111111111,0.8976153354265309,0.0866385018186048,0.182458826012747,0.1820164918135839,0.9061905575301388,0.1342495433361205,0.1342495433361205,1.0047857104608078,0.1378119631309861,0.6013333333333334,False
VIRCHOW2,3,4,h3->h4,0.25,42,3500,3000,750,0.992319111111111,0.8893439083371718,0.089671611197977,0.1694144634399392,0.1692994437584304,1.07518550049971,0.1465037023706796,0.1465128629326701,1.1854633420205278,0.1501429191440754,0.6093333333333333,False
VIRCHOW2,3,4,h3->h4,0.25,123,3500,3000,750,0.9930555555555556,0.9068727151736172,0.0783574058291248,0.1572944809129643,0.1598131968868975,1.046215242969185,0.1269679145585576,0.1269679145585576,1.022623378605218,0.1261274722175143,0.5923333333333334,False
VIRCHOW2,3,4,h3->h4,0.25,456,3500,3000,750,0.9930933333333332,0.9048196781335598,0.082331388135117,0.1609238627812486,0.1632574042623219,1.056237746857187,0.133924190823611,0.1339241908236109,1.089251796853588,0.1351773300912182,0.5943333333333334,False
VIRCHOW2,3,4,h3->h4,0.5,42,7000,3000,1500,0.9924048888888888,0.849041618737286,0.1071482952200051,0.1880265382816028,0.1895049655199659,1.120470717412932,0.1781064073143491,0.1781096744264164,1.1497424564516692,0.1787955234080882,0.6476666666666666,False
VIRCHOW2,3,4,h3->h4,0.5,123,7000,3000,1500,0.9930573333333332,0.8684664910475853,0.0963568144487548,0.1732514312130648,0.1761390806173058,1.1310530365780276,0.1603732021747089,0.1603773618510075,1.2303742543330236,0.1629825978312018,0.6293333333333333,False
VIRCHOW2,3,4,h3->h4,0.5,456,7000,3000,1500,0.9929551111111112,0.871267898279055,0.0975169954882349,0.1764482423233311,0.1798057724994071,1.1177884036050818,0.162360925057957,0.162360925057957,1.0391922330164267,0.1599087938250945,0.6266666666666667,False
VIRCHOW2,3,4,h3->h4,1.0,42,14000,3000,3000,0.9931555555555556,0.8339945976936087,0.1103487580552949,0.1923138147092363,0.1926718993875764,1.1837348595329635,0.1830235678417006,0.1830249568905634,1.1837348595329635,0.1830235678417006,0.6616666666666666,False
VIRCHOW2,3,4,h3->h4,1.0,123,14000,3000,3000,0.9931555555555556,0.8339945976936087,0.1103487580552949,0.1923138147092363,0.1926718993875764,1.1837348595329635,0.1830235678417006,0.1830249568905634,1.1837348595329635,0.1830235678417006,0.6616666666666666,False
VIRCHOW2,3,4,h3->h4,1.0,456,14000,3000,3000,0.9931555555555556,0.8339945976936087,0.1103487580552949,0.1923138147092363,0.1926718993875764,1.1837348595329635,0.1830235678417006,0.1830249568905634,1.1837348595329635,0.1830235678417006,0.6616666666666666,False
VIRCHOW2,4,0,h4->h0,0.01,42,140,3000,30,0.9901986666666666,0.952937872762922,0.1085526219225619,0.276708888893251,0.267394087358243,0.474548400563073,0.0376844846356715,0.0349404855861211,0.1000040920694941,0.0407986119891663,0.5363333333333333,False
VIRCHOW2,4,0,h4->h0,0.01,123,140,3000,30,0.9899906666666666,0.9495791304347826,0.1046942217910406,0.2593783571728414,0.2541125971799615,0.496391325605776,0.0515824561872985,0.0522291343452902,0.5665922708941308,0.0566059929808189,0.5416666666666666,False
VIRCHOW2,4,0,h4->h0,0.01,456,140,3000,30,0.987712,0.9394791259269976,0.1064940823488293,0.2571434017281572,0.2520469139162027,0.5477043897618514,0.0652620602683961,0.0661171487952549,0.1000052749944835,0.0565514411975665,0.5556666666666666,False
VIRCHOW2,4,0,h4->h0,0.05,42,700,3000,150,0.994920888888889,0.9669771004537702,0.0527104626710114,0.1649097797334792,0.1573363711934169,0.8061714383772841,0.035549118618099,0.0361141869302667,0.8867206474052163,0.0433256405154769,0.5263333333333333,False
VIRCHOW2,4,0,h4->h0,0.05,123,700,3000,150,0.995539111111111,0.9753247353744594,0.0467302094716994,0.1579720609388342,0.14400721110613,0.8275947304734114,0.0305886321353108,0.0282034637336295,0.6029789590122008,0.0148030058713403,0.5186666666666667,False
VIRCHOW2,4,0,h4->h0,0.05,456,700,3000,150,0.9951395555555556,0.96730770257215,0.0494663467352475,0.1602494586332907,0.1505762089248841,0.853427636782949,0.0366185710295652,0.0377729890193574,0.7807350338349905,0.0322284560973645,0.528,False
VIRCHOW2,4,0,h4->h0,0.1,42,1400,3000,300,0.9960288888888889,0.971652527577366,0.0390413542686574,0.1287494941250975,0.121887834563488,0.94398217432575,0.032886837978117,0.0312001159810452,1.075513541327108,0.0414732758814989,0.5223333333333333,False
VIRCHOW2,4,0,h4->h0,0.1,123,1400,3000,300,0.9962355555555557,0.9756596323004014,0.0356929402619295,0.1217329302621364,0.1117880647963325,0.9791597128897532,0.0290281998167845,0.0269268947427891,0.9137452027105026,0.0241293325710214,0.517,False
VIRCHOW2,4,0,h4->h0,0.1,456,1400,3000,300,0.9953453333333334,0.9679760745694894,0.0387543746593172,0.1264647714274842,0.115351584555243,1.0140693259742894,0.0365809153308354,0.0347549684585826,1.181644205107402,0.0491809606361998,0.5273333333333333,False
VIRCHOW2,4,0,h4->h0,0.25,42,3500,3000,750,0.9967893333333332,0.9779928696897796,0.0277126238837019,0.0919403683879573,0.0869624553117198,1.134504213044878,0.027800444520797,0.0274036919849528,1.3275542923643295,0.0403532349171402,0.518,False
VIRCHOW2,4,0,h4->h0,0.25,123,3500,3000,750,0.9969173333333332,0.9786607390941928,0.0253371912150632,0.0839470209867839,0.0793365269288514,1.2087478027926597,0.0286893332875271,0.0280008747388522,1.1652590732833414,0.0260741944569086,0.5166666666666667,False
VIRCHOW2,4,0,h4->h0,0.25,456,3500,3000,750,0.996516,0.9736535256307284,0.028453979281057,0.0909698213692651,0.0870568668978968,1.1925930609816289,0.0331637069442324,0.0338173765427617,1.3214065722206416,0.0381128901762759,0.5223333333333333,False
VIRCHOW2,4,0,h4->h0,0.5,42,7000,3000,1500,0.9971084444444446,0.980328085303646,0.0223269129917151,0.0694088754489205,0.0662064836482732,1.2995904960878943,0.0270625306070818,0.0271059457459045,1.3598323709996554,0.0287551340254835,0.5163333333333333,False
VIRCHOW2,4,0,h4->h0,0.5,123,7000,3000,1500,0.997128888888889,0.9803289073374843,0.0215114481810616,0.0662003631692167,0.0629450929061007,1.338172843576252,0.0256540017621957,0.0269603780145176,1.3281121210011906,0.0252919686189751,0.515,False
VIRCHOW2,4,0,h4->h0,0.5,456,7000,3000,1500,0.9970697777777776,0.9806617160659796,0.0224956348667927,0.0665080922715291,0.0658769942954096,1.3175213841312317,0.0276885756325101,0.0282735309415297,1.3977791038537457,0.0302765242578771,0.516,False
VIRCHOW2,4,0,h4->h0,1.0,42,14000,3000,3000,0.9974173333333332,0.9826635846372688,0.0186070104664081,0.0527168875871266,0.0502824982318353,1.4347288145267558,0.0250597820192381,0.0241672072962778,1.4347288145267558,0.0250597820192381,0.5133333333333333,False
VIRCHOW2,4,0,h4->h0,1.0,123,14000,3000,3000,0.9974173333333332,0.9826635846372688,0.0186070104664081,0.0527168875871266,0.0502824982318353,1.4347288145267558,0.0250597820192381,0.0241672072962778,1.4347288145267558,0.0250597820192381,0.5133333333333333,False
VIRCHOW2,4,0,h4->h0,1.0,456,14000,3000,3000,0.9974173333333332,0.9826635846372688,0.0186070104664081,0.0527168875871266,0.0502824982318353,1.4347288145267558,0.0250597820192381,0.0241672072962778,1.4347288145267558,0.0250597820192381,0.5133333333333333,False
VIRCHOW2,4,1,h4->h1,0.01,42,140,3000,30,0.9843911111111112,0.841251398723115,0.1413885721193024,0.286737600465115,0.2854092590609982,0.474548400563073,0.1667218328372156,0.1667218328372156,0.1000040920694941,0.1513577410384264,0.6536666666666666,False
VIRCHOW2,4,1,h4->h1,0.01,123,140,3000,30,0.9880968888888888,0.8267975810195758,0.1373391183874365,0.2860876882624841,0.2794860441222845,0.496391325605776,0.1855864683813486,0.1855864683813486,0.5665922708941308,0.185388030754561,0.6676666666666666,False
VIRCHOW2,4,1,h4->h1,0.01,456,140,3000,30,0.9807102222222224,0.7761787888025147,0.1522944878731461,0.2726343082353082,0.2793996177066474,0.5477043897618514,0.2271868607276753,0.2271868607276753,0.1000052749944835,0.2169547467949328,0.713,False
VIRCHOW2,4,1,h4->h1,0.05,42,700,3000,150,0.9925315555555556,0.888323558926867,0.0961156545850732,0.2136557879179337,0.2120647140024507,0.8061714383772841,0.1440843389980291,0.1444526162743741,0.8867206474052163,0.1460847220517839,0.6096666666666667,False
VIRCHOW2,4,1,h4->h1,0.05,123,700,3000,150,0.992244,0.922209430988812,0.0777798639250986,0.1951759774092545,0.1898304788171276,0.8275947304734114,0.1007395780068819,0.1012754206903538,0.6029789590122008,0.092995964292903,0.5766666666666667,False
VIRCHOW2,4,1,h4->h1,0.05,456,700,3000,150,0.9917146666666669,0.8851920219710954,0.0945866474341712,0.2104641019889242,0.208439442670394,0.853427636782949,0.1412210120048371,0.1414902785307931,0.7807350338349905,0.138980991806869,0.6133333333333333,False
VIRCHOW2,4,1,h4->h1,0.1,42,1400,3000,300,0.993204,0.912687570605532,0.0784714132381312,0.1794142161390638,0.1779863870331667,0.94398217432575,0.1195712717849603,0.1202498644173491,1.075513541327108,0.1230405689224143,0.586,False
VIRCHOW2,4,1,h4->h1,0.1,123,1400,3000,300,0.9925035555555556,0.924583289154038,0.0698639570237347,0.16744562450563,0.1630588743914788,0.9791597128897532,0.1013891222929851,0.102025410870964,0.9137452027105026,0.0995493430651134,0.5743333333333334,False
VIRCHOW2,4,1,h4->h1,0.1,456,1400,3000,300,0.9912804444444444,0.9000333783052236,0.0827284363342562,0.1804059942665578,0.1793679791413992,1.0140693259742894,0.1280305815833651,0.128226758104004,1.181644205107402,0.1311558172237912,0.5983333333333334,False
VIRCHOW2,4,1,h4->h1,0.25,42,3500,3000,750,0.993256888888889,0.9350673692778956,0.0583652663516192,0.1376235351257086,0.1350231337787025,1.134504213044878,0.0908444639759172,0.0914785011633997,1.3275542923643295,0.094958768443075,0.564,False
VIRCHOW2,4,1,h4->h1,0.25,123,3500,3000,750,0.993036888888889,0.9360796333982913,0.0563351698105464,0.1297422906948988,0.1300051801705114,1.2087478027926597,0.0896386621081248,0.0898763972308219,1.1652590732833414,0.0886382927624111,0.563,False
VIRCHOW2,4,1,h4->h1,0.25,456,3500,3000,750,0.9926386666666668,0.928647032727116,0.0628363872142076,0.1403357683260171,0.1397814500251186,1.1925930609816289,0.1016845547943197,0.1016845547943197,1.3214065722206416,0.1044895793309379,0.5703333333333334,False
VIRCHOW2,4,1,h4->h1,0.5,42,7000,3000,1500,0.9936173333333332,0.9411353125246664,0.0494713864811616,0.1109109380489542,0.1090828932818411,1.2995904960878943,0.0803850179562702,0.0805166916485435,1.3598323709996554,0.0815584162980746,0.558,False
VIRCHOW2,4,1,h4->h1,0.5,123,7000,3000,1500,0.9931804444444444,0.9434915595671968,0.0470086642757289,0.104715575104152,0.1038415776428506,1.338172843576252,0.075881629131432,0.0771718597120625,1.3281121210011906,0.0757020548141187,0.5556666666666666,False
VIRCHOW2,4,1,h4->h1,0.5,456,7000,3000,1500,0.9932968888888888,0.9438280138611064,0.0477896892446775,0.1064615416845898,0.1051432950413367,1.3175213841312317,0.0770829710247965,0.0782179148466377,1.3977791038537457,0.0785217563241679,0.5553333333333333,False
VIRCHOW2,4,1,h4->h1,1.0,42,14000,3000,3000,0.9940844444444444,0.9515596619599362,0.0397943748594527,0.0836730824023932,0.0838555115804726,1.4347288145267558,0.0644643372591905,0.065288836413961,1.4347288145267558,0.0644643372591905,0.547,False
VIRCHOW2,4,1,h4->h1,1.0,123,14000,3000,3000,0.9940844444444444,0.9515596619599362,0.0397943748594527,0.0836730824023932,0.0838555115804726,1.4347288145267558,0.0644643372591905,0.065288836413961,1.4347288145267558,0.0644643372591905,0.547,False
VIRCHOW2,4,1,h4->h1,1.0,456,14000,3000,3000,0.9940844444444444,0.9515596619599362,0.0397943748594527,0.0836730824023932,0.0838555115804726,1.4347288145267558,0.0644643372591905,0.065288836413961,1.4347288145267558,0.0644643372591905,0.547,False
VIRCHOW2,4,2,h4->h2,0.01,42,140,3000,30,0.993867111111111,0.9609426073313284,0.0902614785574415,0.2567644639326086,0.2439834481303378,0.474548400563073,0.0432511948903415,0.044926762759869,0.1000040920694941,0.0385836129563153,0.5383333333333333,False
VIRCHOW2,4,2,h4->h2,0.01,123,140,3000,30,0.9960844444444444,0.9626145596707232,0.081469948169766,0.242459164147979,0.2311209234402105,0.496391325605776,0.0471597862033167,0.0481023275035834,0.5665922708941308,0.0505310224674849,0.5373333333333333,False
VIRCHOW2,4,2,h4->h2,0.01,456,140,3000,30,0.9893955555555556,0.955581971356717,0.0882140671871907,0.2422942395398328,0.2323468300736,0.5477043897618514,0.0507780385041772,0.0509819699740833,0.1000052749944835,0.0445213409093984,0.5436666666666666,False
VIRCHOW2,4,2,h4->h2,0.05,42,700,3000,150,0.9976826666666666,0.9676342109726698,0.0381024713305081,0.1356608926618472,0.1297339853562037,0.8061714383772841,0.0387521087952279,0.039401120180555,0.8867206474052163,0.039755647668556,0.5316666666666666,False
VIRCHOW2,4,2,h4->h2,0.05,123,700,3000,150,0.9978151111111112,0.9696411348610848,0.0342945182486784,0.1237096005561393,0.1175389135850768,0.8275947304734114,0.0307975243081366,0.0328574114640911,0.6029789590122008,0.030140663956849,0.529,False
VIRCHOW2,4,2,h4->h2,0.05,456,700,3000,150,0.9969053333333332,0.962952871936756,0.0392695028306387,0.1330448515696584,0.1279285240615572,0.853427636782949,0.0401735269630523,0.0415578819719296,0.7807350338349905,0.0395751443467347,0.5356666666666666,False
VIRCHOW2,4,2,h4->h2,0.1,42,1400,3000,300,0.998472,0.9689726925219406,0.028062444464118,0.0999526651860527,0.0961587798695669,0.94398217432575,0.0330739182551485,0.034209926074135,1.075513541327108,0.0376214812541084,0.5296666666666666,False
VIRCHOW2,4,2,h4->h2,0.1,123,1400,3000,300,0.997988,0.9689726925219406,0.0276858446571082,0.0940889061289697,0.0889991611295552,0.9791597128897532,0.031485416163111,0.0331725907265078,0.9137452027105026,0.0313376409873157,0.5296666666666666,False
VIRCHOW2,4,2,h4->h2,0.1,456,1400,3000,300,0.9977293333333334,0.9649602844290512,0.0305652482003663,0.1004592480622342,0.0970398814103311,1.0140693259742894,0.0357158934350663,0.0377946843436493,1.181644205107402,0.0455537813376785,0.5336666666666666,False
VIRCHOW2,4,2,h4->h2,0.25,42,3500,3000,750,0.9987626666666668,0.98199539082005,0.0188036157965374,0.0660680061244506,0.0634503347913751,1.134504213044878,0.0223265741726339,0.0253598649378409,1.3275542923643295,0.0311675381633356,0.516,False
VIRCHOW2,4,2,h4->h2,0.25,123,3500,3000,750,0.9985853333333334,0.9783249499056246,0.0202919006553051,0.0634094608557469,0.0608319186186456,1.2087478027926597,0.0253936849773239,0.0279307251236622,1.1652590732833414,0.0251573195181221,0.5196666666666667,False
VIRCHOW2,4,2,h4->h2,0.25,456,3500,3000,750,0.9985631111111112,0.9719800747198007,0.0230567586325734,0.0699452449998353,0.0686830407095887,1.1925930609816289,0.0302048596996728,0.0328202291805831,1.3214065722206416,0.034978662875813,0.5266666666666666,False
VIRCHOW2,4,2,h4->h2,0.5,42,7000,3000,1500,0.9988662222222222,0.9803276480236122,0.0168027639096449,0.0494162988569743,0.0476416840383172,1.2995904960878943,0.0219636104024298,0.0239690000131515,1.3598323709996554,0.0240949384416539,0.517,False
VIRCHOW2,4,2,h4->h2,0.5,123,7000,3000,1500,0.9987742222222222,0.981662165747126,0.0162416458489225,0.046366039789518,0.0452621328163015,1.338172843576252,0.0214283526732832,0.022720878411161,1.3281121210011906,0.0212016590530545,0.5156666666666667,False
VIRCHOW2,4,2,h4->h2,0.5,456,7000,3000,1500,0.9987897777777778,0.9783260484774048,0.0178273363587341,0.049298600428243,0.0490948807972926,1.3175213841312317,0.0230134790633833,0.0261451364716877,1.3977791038537457,0.0255410050537766,0.5183333333333333,False
VIRCHOW2,4,2,h4->h2,1.0,42,14000,3000,3000,0.9988675555555556,0.980995335410658,0.0147945894873453,0.0376495232559534,0.0352010286856101,1.4347288145267558,0.0201385307752619,0.0202871019969273,1.4347288145267558,0.0201385307752619,0.5156666666666667,False
VIRCHOW2,4,2,h4->h2,1.0,123,14000,3000,3000,0.9988675555555556,0.980995335410658,0.0147945894873453,0.0376495232559534,0.0352010286856101,1.4347288145267558,0.0201385307752619,0.0202871019969273,1.4347288145267558,0.0201385307752619,0.5156666666666667,False
VIRCHOW2,4,2,h4->h2,1.0,456,14000,3000,3000,0.9988675555555556,0.980995335410658,0.0147945894873453,0.0376495232559534,0.0352010286856101,1.4347288145267558,0.0201385307752619,0.0202871019969273,1.4347288145267558,0.0201385307752619,0.5156666666666667,False
VIRCHOW2,4,3,h4->h3,0.01,42,140,3000,30,0.9885906666666666,0.949555234178968,0.1099162694242683,0.2733470116831825,0.2702808394868198,0.474548400563073,0.0479617559936007,0.0501454746350706,0.1000040920694941,0.0478931365069588,0.547,False
VIRCHOW2,4,3,h4->h3,0.01,123,140,3000,30,0.9891728888888888,0.9404663956215376,0.1057979344994868,0.2643946518632648,0.2564357350867799,0.496391325605776,0.0724479710327496,0.072997270280501,0.5665922708941308,0.0736384971803996,0.558,False
VIRCHOW2,4,3,h4->h3,0.01,456,140,3000,30,0.987129777777778,0.9330475505223184,0.1096960325331005,0.2584548235004961,0.256930708248188,0.5477043897618514,0.0903792382139279,0.0903792382139279,0.1000052749944835,0.0686917162513323,0.5653333333333334,False
VIRCHOW2,4,3,h4->h3,0.05,42,700,3000,150,0.9928906666666668,0.9535726512855198,0.0552745436779218,0.1620307231562668,0.1549655778251441,0.8061714383772841,0.0526792333939581,0.0542344683425947,0.8867206474052163,0.053761678417488,0.545,False
VIRCHOW2,4,3,h4->h3,0.05,123,700,3000,150,0.9919435555555556,0.9649633711510176,0.0492039974980405,0.1511399263967214,0.1417054171081568,0.8275947304734114,0.031855971796227,0.0348667234930723,0.6029789590122008,0.0319226997113901,0.5323333333333333,False
VIRCHOW2,4,3,h4->h3,0.05,456,700,3000,150,0.9927702222222222,0.9569252173913044,0.0534580978509277,0.1563748960715638,0.149589358986766,0.853427636782949,0.0475342474735164,0.0499724339694247,0.7807350338349905,0.0473550229944852,0.5416666666666666,False
VIRCHOW2,4,3,h4->h3,0.1,42,1400,3000,300,0.9929462222222224,0.9572626552623248,0.0440530350288995,0.1247492082205457,0.1229514160168572,0.94398217432575,0.0468897299294731,0.0478040325097489,1.075513541327108,0.0509272892413821,0.5406666666666666,False
VIRCHOW2,4,3,h4->h3,0.1,123,1400,3000,300,0.9924346666666668,0.9646289217961032,0.0399329606408471,0.1162687342886482,0.1106075045630926,0.9791597128897532,0.0319306220217656,0.0345033714504897,0.9137452027105026,0.0310567328038472,0.5326666666666666,False
VIRCHOW2,4,3,h4->h3,0.1,456,1400,3000,300,0.9918222222222222,0.9599421564739484,0.0433508448086346,0.1206828413062137,0.1145219926244881,1.0140693259742894,0.0408059546432714,0.0435831848053737,1.181644205107402,0.0492626119755451,0.538,False
VIRCHOW2,4,3,h4->h3,0.25,42,3500,3000,750,0.9928884444444444,0.9669682564944913,0.0331725034636423,0.0906211647411703,0.0849269995573486,1.134504213044878,0.0335516935463886,0.0361072486025739,1.3275542923643295,0.041046008410498,0.531,False
VIRCHOW2,4,3,h4->h3,0.25,123,3500,3000,750,0.9930671111111112,0.9676368890086532,0.0311351002064601,0.0829919337976099,0.0775171501926453,1.2087478027926597,0.0321844644716669,0.032356480173841,1.1652590732833414,0.0298680538404348,0.5303333333333333,False
VIRCHOW2,4,3,h4->h3,0.25,456,3500,3000,750,0.9925355555555556,0.9662995392602024,0.0334937828680509,0.0887504961761672,0.0849769399071439,1.1925930609816289,0.0344697653029031,0.038257016393918,1.3214065722206416,0.0405648907687589,0.5316666666666666,False
VIRCHOW2,4,3,h4->h3,0.5,42,7000,3000,1500,0.9933306666666668,0.968973907055834,0.0279433536486541,0.0655095814399058,0.0634259081611321,1.2995904960878943,0.0290004686653573,0.0323597243605569,1.3598323709996554,0.0318063737749594,0.529,False
VIRCHOW2,4,3,h4->h3,0.5,123,7000,3000,1500,0.9933146666666668,0.9703106077529788,0.0268474627528429,0.0654003694844262,0.0608214822157233,1.338172843576252,0.0283779787069546,0.0292278674549563,1.3281121210011906,0.0281272882170566,0.5276666666666666,False
VIRCHOW2,4,3,h4->h3,0.5,456,7000,3000,1500,0.9926675555555556,0.9703106077529788,0.0280447442265004,0.0661621140659494,0.0629889810272553,1.3175213841312317,0.0279018248621204,0.0321653003254745,1.3977791038537457,0.0306535639502773,0.5276666666666666,False
VIRCHOW2,4,3,h4->h3,1.0,42,14000,3000,3000,0.9934617777777776,0.9719810591960164,0.024349288015044,0.0479423835227593,0.0471491359139904,1.4347288145267558,0.0243108395269945,0.027270857010284,1.4347288145267558,0.0243108395269945,0.526,False
VIRCHOW2,4,3,h4->h3,1.0,123,14000,3000,3000,0.9934617777777776,0.9719810591960164,0.024349288015044,0.0479423835227593,0.0471491359139904,1.4347288145267558,0.0243108395269945,0.027270857010284,1.4347288145267558,0.0243108395269945,0.526,False
VIRCHOW2,4,3,h4->h3,1.0,456,14000,3000,3000,0.9934617777777776,0.9719810591960164,0.024349288015044,0.0479423835227593,0.0471491359139904,1.4347288145267558,0.0243108395269945,0.027270857010284,1.4347288145267558,0.0243108395269945,0.526,False
