model,hospital,fraction,seed,n_train,n_val_full,n_val_prop,auroc,f1_macro,brier,ece_fixed,ece_adaptive,temperature,ece_scaled_fixed,ece_scaled_adaptive,temperature_prop,ece_scaled_prop,degeneracy_share,forced_classes,degenerate
CLIP,0,0.01,42,140,3000,30,0.9386626666666666,0.8619925782675424,0.1810850062356078,0.2708591321289035,0.2772994828659188,0.2719822327763007,0.0281189630551906,0.03077653100802,0.3077506056190002,0.0326481445941625,0.5073333333333333,0,False
CLIP,0,0.01,123,140,3000,30,0.949783111111111,0.8792783915879938,0.1807696062592428,0.2791035963970927,0.2900405084170239,0.2310537733218016,0.0219104410475235,0.0204900865579617,0.1268651301017954,0.0607927631849222,0.5213333333333333,0,False
CLIP,0,0.01,456,140,3000,30,0.9302951111111112,0.8496437958173859,0.1776633289340814,0.2411420868243892,0.2484608926986647,0.3230543061129692,0.0286961769958538,0.0261406504894859,0.3476882915212214,0.027901567128802,0.5123333333333333,0,False
CLIP,0,0.05,42,700,3000,150,0.9606004444444444,0.9013013549723444,0.1117367749017629,0.189163818885667,0.1871576818901892,0.5764638559356456,0.0259673693137612,0.0185902501436589,0.5873089272826545,0.0260160908893964,0.518,0,False
CLIP,0,0.05,123,700,3000,150,0.9613613333333332,0.9035249018696918,0.1111929776640153,0.1886664039833959,0.188015570900514,0.5885668628279898,0.0251992923400636,0.0250949453032002,0.4908415250282471,0.0299220228593958,0.5383333333333333,0,False
CLIP,0,0.05,456,700,3000,150,0.9601377777777778,0.8963056699904053,0.1124186658511972,0.1843549953489996,0.1866079630077621,0.5830394191788822,0.020108278902157,0.018205330233681,0.5159806312168057,0.0272214634150704,0.5163333333333333,0,False
CLIP,0,0.1,42,1400,3000,300,0.9661328888888888,0.9083025127890209,0.091371361037683,0.1441437772521233,0.1429909510497783,0.7269131214365184,0.0191726223225025,0.0143149058047146,0.706276745549814,0.0209579278913638,0.5183333333333333,0,False
CLIP,0,0.1,123,1400,3000,300,0.9672657777777778,0.9105825745456616,0.0895426549285838,0.1417391144294113,0.141643736982292,0.7461444918989623,0.0213067734184919,0.0156818115284144,0.6199069738833223,0.0273587571494202,0.5306666666666666,0,False
CLIP,0,0.1,456,1400,3000,300,0.9670284444444444,0.9092655446135536,0.0905631635102436,0.1474872101664988,0.1440954296440592,0.7301458693534185,0.0220743532884933,0.0157018503800213,0.6939880425992062,0.0234450670776577,0.5273333333333333,0,False
CLIP,0,0.25,42,3500,3000,750,0.972384,0.91629158143434,0.0720209657208325,0.0949012717335625,0.0915286135949576,0.9464598707977604,0.0214691838996388,0.0174215511479829,1.0002054431265064,0.0193213858604636,0.5223333333333333,0,False
CLIP,0,0.25,123,3500,3000,750,0.9729191111111112,0.9196190722262104,0.0713385380741261,0.0942490584920635,0.0949417892649455,0.9503363328970524,0.0210372017868715,0.0138283676145926,0.8709216189562028,0.0236083932528165,0.5243333333333333,0,False
CLIP,0,0.25,456,3500,3000,750,0.9727906666666668,0.9186144352197588,0.0714904693602461,0.0957328221102384,0.0940531489276108,0.954244345554829,0.0176546347423113,0.01555519483885,0.8893080788234263,0.0240857066129233,0.5253333333333333,0,False
CLIP,0,0.5,42,7000,3000,1500,0.9779257777777776,0.925629572350031,0.0613706546426538,0.0710864435300375,0.0673382132186435,1.0649899277652914,0.0188906756325962,0.0164321614836692,1.0474231080329026,0.0203759155283434,0.5223333333333333,0,False
CLIP,0,0.5,123,7000,3000,1500,0.9773222222222222,0.9252971771670822,0.061737702175866,0.069711667714489,0.0687593854983948,1.080149618841975,0.0174539603013588,0.0138973614013751,1.0826440553473191,0.017240280173772,0.522,0,False
CLIP,0,0.5,456,7000,3000,1500,0.9774662222222222,0.9249530956848032,0.061518844795566,0.0695132671724343,0.068419530770226,1.0908378278089246,0.0192515476376325,0.0140538322637942,1.0790826402344549,0.0194369137427652,0.525,0,False
CLIP,0,1.0,42,14000,3000,3000,0.981684,0.9326278603142076,0.0538557688611192,0.0515254898162195,0.0496650074286349,1.1772898861842764,0.0165489916054943,0.0149059430648911,1.1772898861842764,0.0165489916054943,0.524,0,False
CLIP,0,1.0,123,14000,3000,3000,0.981684,0.9326278603142076,0.0538557688611192,0.0515254898162195,0.0496650074286349,1.1772898861842764,0.0165489916054943,0.0149059430648911,1.1772898861842764,0.0165489916054943,0.524,0,False
CLIP,0,1.0,456,14000,3000,3000,0.981684,0.9326278603142076,0.0538557688611192,0.0515254898162195,0.0496650074286349,1.1772898861842764,0.0165489916054943,0.0149059430648911,1.1772898861842764,0.0165489916054943,0.524,0,False
CLIP,1,0.01,42,140,3000,30,0.9311533333333334,0.8355438351445053,0.1682226732026175,0.2325410738923434,0.2278146565146468,0.4077324807476736,0.0464768936444105,0.0441462590365462,0.3983010311717537,0.0486194823215978,0.5526666666666666,0,False
CLIP,1,0.01,123,140,3000,30,0.9523524444444444,0.8786653185035389,0.1755544095361134,0.2672238269782607,0.2812789271077544,0.2649667825428228,0.0200333391712574,0.0106070227065099,0.3265682210715613,0.0269648559967424,0.5033333333333333,0,False
CLIP,1,0.01,456,140,3000,30,0.9362395555555556,0.8459062425093312,0.1705994569913488,0.2418362754698406,0.2445440707712692,0.3474604765641637,0.0247072487694917,0.0245398314051621,0.4165451031348957,0.0279972369194767,0.5246666666666666,0,False
CLIP,1,0.05,42,700,3000,150,0.9584097777777778,0.8843322923239643,0.1102327621249512,0.1609128429643357,0.1603365987334564,0.6734213192094113,0.0132553481305528,0.0125580456166255,0.8358625563748917,0.0310030100570515,0.503,0,False
CLIP,1,0.05,123,700,3000,150,0.9571413333333334,0.8793314026357755,0.1113780328276281,0.1574746345676293,0.1600164936364727,0.6658079590141182,0.0196014454420177,0.0147320180431065,0.4943272614543248,0.0368474069655949,0.504,0,False
CLIP,1,0.05,456,700,3000,150,0.9494324444444444,0.8692258660561502,0.1140743470241222,0.1450870991776674,0.1456926931852891,0.7564509869005432,0.0301264054046418,0.0312693162836193,0.7177683380998878,0.0311242155233976,0.5286666666666666,0,False
CLIP,1,0.1,42,1400,3000,300,0.9631484444444444,0.8949973749343734,0.0936214860828523,0.1247577497391802,0.1244968970666765,0.8426610468333561,0.0141721127442747,0.0097846503027943,0.9254043666194078,0.0157642872005195,0.505,0,False
CLIP,1,0.1,123,1400,3000,300,0.9632977777777776,0.8959988444316048,0.0945564083773663,0.1279500422865707,0.1272265376039286,0.8134334833587875,0.0130443995496884,0.0157181985572,0.840815478023709,0.0128336037891668,0.5033333333333333,0,False
CLIP,1,0.1,456,1400,3000,300,0.9604546666666668,0.8873020283412059,0.0960647677208474,0.1215173343122206,0.1203809581808678,0.8539612523566672,0.0217220443930884,0.0233303150704717,0.8095568048321717,0.0213718590069411,0.5166666666666667,0,False
CLIP,1,0.25,42,3500,3000,750,0.9677075555555554,0.9036657996588636,0.0787781758738321,0.085722275163947,0.0853491767052453,1.06380819619836,0.0153622250703832,0.0158737273103433,1.106501712096041,0.0159830226432596,0.503,0,False
CLIP,1,0.25,123,3500,3000,750,0.9688142222222222,0.908329656333993,0.0778141419788417,0.0880723606577882,0.0853972300836446,1.044478274272527,0.0134921033122337,0.0121223953673582,1.0698638463579486,0.0117661717099438,0.5063333333333333,0,False
CLIP,1,0.25,456,3500,3000,750,0.968168,0.905995822036535,0.0785153298319046,0.0860470597232588,0.087549040968423,1.0476793925899313,0.0164446903766929,0.0113658100099948,1.0422655052995446,0.0163637416847136,0.5066666666666667,0,False
CLIP,1,0.5,42,7000,3000,1500,0.9715995555555555,0.9113276583034648,0.0698183892695154,0.0673864046068567,0.0603508913819798,1.2312475192302537,0.0185257298797607,0.00704786819638,1.2927713468737947,0.0202697728253348,0.508,0,False
CLIP,1,0.5,123,7000,3000,1500,0.9729688888888888,0.9149931144422698,0.0686426660679843,0.0677587076466929,0.0666917330158174,1.1876734808945035,0.011590950656475,0.0088205266940934,1.216454392617313,0.0154055963864453,0.509,0,False
CLIP,1,0.5,456,7000,3000,1500,0.9722826666666669,0.9139902139976817,0.0691502722946253,0.0660376154320084,0.0643252668128311,1.2044774427296563,0.015354038683231,0.0117493888213927,1.2063688712096523,0.0154238736586528,0.5106666666666667,0,False
CLIP,1,1.0,42,14000,3000,3000,0.976775111111111,0.9199908967420294,0.0615522764253822,0.0533050117707511,0.0543597426341481,1.2825411962124134,0.0128204994028371,0.0131578967795723,1.2825411962124134,0.0128204994028371,0.5106666666666667,0,False
CLIP,1,1.0,123,14000,3000,3000,0.976775111111111,0.9199908967420294,0.0615522764253822,0.0533050117707511,0.0543597426341481,1.2825411962124134,0.0128204994028371,0.0131578967795723,1.2825411962124134,0.0128204994028371,0.5106666666666667,0,False
CLIP,1,1.0,456,14000,3000,3000,0.976775111111111,0.9199908967420294,0.0615522764253822,0.0533050117707511,0.0543597426341481,1.2825411962124134,0.0128204994028371,0.0131578967795723,1.2825411962124134,0.0128204994028371,0.5106666666666667,0,False
CLIP,2,0.01,42,140,3000,30,0.963288,0.9043320471308558,0.1710549373481678,0.2951716365134099,0.3050784157100596,0.2754374716411964,0.0325013982998595,0.0326338004900524,0.524436563054584,0.1094522017869391,0.5036666666666667,0,False
CLIP,2,0.01,123,140,3000,30,0.9573088888888888,0.8838955059553598,0.1711352749747215,0.2817821356662292,0.2850675920012872,0.310944698015523,0.0438268207837184,0.0443754256737179,0.170226896211602,0.0568324529640675,0.53,0,False
CLIP,2,0.01,456,140,3000,30,0.9647266666666666,0.8898409303033581,0.1749147097450734,0.3039820171780887,0.3075125332457701,0.2570844919297938,0.0509184422052702,0.0499565793133704,0.2338234064318415,0.0468572122626979,0.538,0,False
CLIP,2,0.05,42,700,3000,150,0.97018,0.9149950035952114,0.1012439621979128,0.1840680053482674,0.1836974056438508,0.6687765621195966,0.0283016050353445,0.0286817474286123,0.7939337344018691,0.0412302040200749,0.5076666666666667,0,False
CLIP,2,0.05,123,700,3000,150,0.9737951111111112,0.9199999644444288,0.1018478998939452,0.1958053714808982,0.1959714721102692,0.6011775589008677,0.025098665150821,0.0228517933124519,0.6576850067672793,0.0314160552599679,0.5006666666666667,0,False
CLIP,2,0.05,456,700,3000,150,0.9726475555555556,0.91399690388854,0.1007102746171171,0.1894727898987564,0.1899731280680884,0.6174197626771114,0.0192334151208215,0.0198902858499165,0.5528463877186651,0.0182908782692794,0.506,0,False
CLIP,2,0.1,42,1400,3000,300,0.9775395555555556,0.9269940865210082,0.0796253573452488,0.1496190400635961,0.1507798511822915,0.7714324928554585,0.0217913799164602,0.0168744740479116,0.8745812914458465,0.0289049164436255,0.509,0,False
CLIP,2,0.1,123,1400,3000,300,0.977671111111111,0.9259988159810556,0.0792211590540785,0.1510486614198886,0.152029820010055,0.767327501965362,0.0241820840397437,0.0177301881057776,0.9073354674130978,0.0334052536205659,0.504,0,False
CLIP,2,0.1,456,1400,3000,300,0.9775302222222224,0.926319571466626,0.0784428451544024,0.1499728291139391,0.1490938062307294,0.7819671900183321,0.0204616697070439,0.0184626517235755,0.756667989879829,0.0209687360675039,0.5136666666666667,0,False
CLIP,2,0.25,42,3500,3000,750,0.98234,0.9376472056667464,0.0593700447749346,0.1033958728612574,0.1034948590052351,0.9868449289504468,0.0174633497688535,0.0148301365001453,0.9715154179843448,0.0161410901022229,0.5176666666666667,0,False
CLIP,2,0.25,123,3500,3000,750,0.9820595555555556,0.937648647125686,0.0591097962318533,0.1015332662605485,0.1001390275632989,0.9952831879568738,0.0152381324650303,0.0146085441660949,1.0228539322797037,0.016024902824897,0.517,0,False
CLIP,2,0.25,456,3500,3000,750,0.981428,0.9373029879795154,0.059894568002717,0.1001130321085112,0.0994072645174105,1.0013350465504696,0.02021081393095,0.0159797957933942,1.0364808201662776,0.0217172187024501,0.522,0,False
CLIP,2,0.5,42,7000,3000,1500,0.9844924444444444,0.944310308739869,0.0500928449195951,0.0729101306853912,0.0728662431235198,1.1542587147375405,0.0149514656822914,0.01377519340941,1.154962455947161,0.0150150735815089,0.5203333333333333,0,False
CLIP,2,0.5,123,7000,3000,1500,0.9844511111111112,0.9446398723648912,0.05010982411442,0.0744789679718246,0.0736804980619087,1.1418441271713349,0.0159669943122323,0.0132183396004086,1.160590789976012,0.0160249707115688,0.522,0,False
CLIP,2,0.5,456,7000,3000,1500,0.9841324444444444,0.9436350960576918,0.0502125997060909,0.0718100856327256,0.0719098116002266,1.1639156121705758,0.015232205013292,0.0156001961749559,1.1632776953533197,0.0152402655607433,0.5236666666666666,0,False
CLIP,2,1.0,42,14000,3000,3000,0.9861706666666666,0.9486461251167132,0.0440955934564102,0.0515535139185263,0.0493465563807871,1.3084738489306371,0.0138338927107768,0.010402430662071,1.3084738489306371,0.0138338927107768,0.52,0,False
CLIP,2,1.0,123,14000,3000,3000,0.9861706666666666,0.9486461251167132,0.0440955934564102,0.0515535139185263,0.0493465563807871,1.3084738489306371,0.0138338927107768,0.010402430662071,1.3084738489306371,0.0138338927107768,0.52,0,False
CLIP,2,1.0,456,14000,3000,3000,0.9861706666666666,0.9486461251167132,0.0440955934564102,0.0515535139185263,0.0493465563807871,1.3084738489306371,0.0138338927107768,0.010402430662071,1.3084738489306371,0.0138338927107768,0.52,0,False
CLIP,3,0.01,42,140,3000,30,0.9688644444444444,0.8951819761068316,0.1578385481921108,0.2882197696501318,0.2866261200679729,0.3100717281156255,0.04502180524609,0.0428171748400929,0.2332503878597134,0.0488039753517783,0.538,0,False
CLIP,3,0.01,123,140,3000,30,0.9680702222222224,0.9113256088085896,0.1602324876925842,0.3010192778920796,0.302182254480161,0.2837130734873897,0.0340673201696411,0.0368675015392757,0.2220640056132909,0.0378959613402188,0.5093333333333333,0,False
CLIP,3,0.01,456,140,3000,30,0.9676408888888888,0.9116658716595116,0.1638774369029835,0.3050344060528265,0.3100354004448682,0.263094912366325,0.0266798348751632,0.0238564037958638,0.1471948723360846,0.0488967995978928,0.503,0,False
CLIP,3,0.05,42,700,3000,150,0.9740982222222222,0.924317784842686,0.0906470620989065,0.1703746927113779,0.1699620088687098,0.6565259858131455,0.0233062966508543,0.0191094461414319,0.7083466553421126,0.0233748674711715,0.5143333333333333,0,False
CLIP,3,0.05,123,700,3000,150,0.9706968888888888,0.9176626321356414,0.0912399878873641,0.1661480173031885,0.165281602128831,0.6863047810861942,0.0200343988823102,0.0209278635352502,0.5607863910969819,0.0257402951240428,0.507,0,False
CLIP,3,0.05,456,700,3000,150,0.9727311111111112,0.922645179216449,0.0909208815624759,0.1697831914437512,0.16972031304075,0.6534129759921733,0.0214378475070391,0.0150337508560924,0.6650065012288487,0.0218642821112551,0.5166666666666667,0,False
CLIP,3,0.1,42,1400,3000,300,0.9752013333333333,0.9259868421052632,0.074718683532842,0.1243842261011053,0.1232879727857637,0.8447670287259553,0.0214644921895719,0.0165276475055968,0.8030485749023802,0.0200566739277968,0.5133333333333333,0,False
CLIP,3,0.1,123,1400,3000,300,0.9757897777777778,0.921663524503594,0.0748955810488248,0.1255998229539454,0.124252355000171,0.8121604405470303,0.0175893805411899,0.0160011375078743,0.7503901331645922,0.0200963028079589,0.5063333333333333,0,False
CLIP,3,0.1,456,1400,3000,300,0.9753648888888888,0.9253213515590724,0.0746184848284819,0.1233236940064279,0.1216011117677842,0.830569470094953,0.0174620485229466,0.0159909207004304,0.7739303280353337,0.0181513776736902,0.5126666666666667,0,False
CLIP,3,0.25,42,3500,3000,750,0.9782248888888888,0.9293181288775008,0.0610492341354213,0.0756194423902929,0.0752591009565066,1.0676883070594154,0.0174921252910717,0.0129492730558155,1.1477318632442832,0.0163523012939847,0.5146666666666667,0,False
CLIP,3,0.25,123,3500,3000,750,0.9787208888888888,0.9303215576765806,0.0610203469324975,0.0762665297534849,0.0741380381769308,1.047000486799529,0.018536702859351,0.0145590042644704,1.043623509505225,0.0180789694852597,0.513,0,False
CLIP,3,0.25,456,3500,3000,750,0.9782902222222222,0.9276531538835198,0.0610660251044063,0.0753303165097074,0.0733911706788571,1.0676111413248774,0.0155320038923777,0.0125798780998957,0.9604378984900288,0.0219655058948927,0.5136666666666667,0,False
CLIP,3,0.5,42,7000,3000,1500,0.9808244444444444,0.932327009668348,0.0547899181114439,0.0541665760952375,0.0529575566469505,1.2052878664141864,0.0149535067739359,0.0139861720482613,1.227284051430082,0.0127474602684216,0.5096666666666667,0,False
CLIP,3,0.5,123,7000,3000,1500,0.9814115555555556,0.9336542747595412,0.0543621355346806,0.0523666755259539,0.0503782767386901,1.1825283957477095,0.0131309949685523,0.0138670419026555,1.2007713373765403,0.0133909220165327,0.5136666666666667,0,False
CLIP,3,0.5,456,7000,3000,1500,0.9812995555555556,0.9316539011342008,0.0545777347036371,0.0538498038332885,0.0519991855459041,1.1772570107912927,0.0176883963390406,0.0140030636871793,1.1083336648810986,0.0167937129022061,0.5136666666666667,0,False
CLIP,3,1.0,42,14000,3000,3000,0.9840808888888888,0.9369893512003528,0.0490814730384833,0.0382522732043539,0.0372471703545146,1.2820399423473825,0.011243952881655,0.0114317048476945,1.2820399423473825,0.011243952881655,0.513,0,False
CLIP,3,1.0,123,14000,3000,3000,0.9840808888888888,0.9369893512003528,0.0490814730384833,0.0382522732043539,0.0372471703545146,1.2820399423473825,0.011243952881655,0.0114317048476945,1.2820399423473825,0.011243952881655,0.513,0,False
CLIP,3,1.0,456,14000,3000,3000,0.9840808888888888,0.9369893512003528,0.0490814730384833,0.0382522732043539,0.0372471703545146,1.2820399423473825,0.011243952881655,0.0114317048476945,1.2820399423473825,0.011243952881655,0.513,0,False
CLIP,4,0.01,42,140,3000,30,0.9625297777777776,0.894930782734537,0.1730377174528572,0.3061254818054679,0.3066168360716199,0.2564818503020823,0.0418613027129848,0.0446373961667949,0.1000052749944835,0.0767753713343441,0.5256666666666666,0,False
CLIP,4,0.01,123,140,3000,30,0.9635142222222222,0.8969486002518368,0.1717122227761854,0.3037940783480401,0.3054078914874944,0.2492947851534744,0.0354326462902081,0.0321826068251866,0.2285974351163225,0.0343956942250382,0.5223333333333333,0,False
CLIP,4,0.01,456,140,3000,30,0.9502511111111112,0.8708231569017986,0.1739673028245103,0.2794598826003487,0.2794155484440758,0.2947374147514165,0.0485733646136884,0.0491979900893652,0.2437346819154046,0.0515119501441254,0.537,0,False
CLIP,4,0.05,42,700,3000,150,0.9709933333333334,0.9139990444338272,0.1015743796750332,0.191379828804988,0.1888186965486832,0.5824733225878189,0.0293984005990794,0.0278368802751712,0.6905201180563404,0.0332423110035441,0.5033333333333333,0,False
CLIP,4,0.05,123,700,3000,150,0.9747142222222224,0.9183293314705754,0.0997300821446641,0.1982931233378212,0.198385892546148,0.5506834990878613,0.0301158650819124,0.0290686232665939,0.473748154041913,0.0319768128962205,0.507,0,False
CLIP,4,0.05,456,700,3000,150,0.9694857777777776,0.9129999129999128,0.1026892876876536,0.1885472991596341,0.1887338193367979,0.5916075485489947,0.0262380200083487,0.0269093302885904,0.5127743258180529,0.0284125934922699,0.501,0,False
CLIP,4,0.1,42,1400,3000,300,0.9760666666666666,0.92499759158933,0.0794694406535972,0.1477802735010723,0.1472625860538349,0.7260672384837001,0.0277717151843847,0.0242029157034104,0.8630553575188957,0.0279060764391072,0.5056666666666667,0,False
CLIP,4,0.1,123,1400,3000,300,0.9768835555555556,0.9276653083819018,0.078226107217369,0.1453281347753042,0.1458911944441393,0.726304701902721,0.0298391718527868,0.0253616613018565,0.7250639428597259,0.0294487915437349,0.5043333333333333,0,False
CLIP,4,0.1,456,1400,3000,300,0.9766897777777778,0.925994441360262,0.0791194828150956,0.1466373521963127,0.1468922867213024,0.7233584502247059,0.0276137394404283,0.0235541000908529,0.8026489647044756,0.0274466669955844,0.5086666666666667,0,False
CLIP,4,0.25,42,3500,3000,750,0.9811942222222222,0.9366585308068458,0.0596513961582405,0.0987333542260288,0.0971405718959121,0.9250083998375584,0.0242254031375363,0.0187234836577626,1.0153725414296595,0.02615973277173,0.5113333333333333,0,False
CLIP,4,0.25,123,3500,3000,750,0.9819622222222224,0.9393280481321928,0.0588049174906251,0.1003215732365559,0.1004382919998798,0.9106760023680202,0.0232647405161854,0.0196954833467755,0.909549402641466,0.0232584640394533,0.5093333333333333,0,False
CLIP,4,0.25,456,3500,3000,750,0.9817053333333332,0.9379900508481585,0.0594113996339751,0.0999301039267689,0.0994495071222192,0.913980953572224,0.023186118964105,0.0193613677912901,0.8832525111607741,0.022550646131542,0.5126666666666667,0,False
CLIP,4,0.5,42,7000,3000,1500,0.9844937777777778,0.9443196669049104,0.0499257426673131,0.07126137385462,0.0711186550356466,1.0671594864640226,0.0209399691098884,0.0187784498623159,1.0675614005656622,0.0209403225101446,0.5156666666666667,0,False
CLIP,4,0.5,123,7000,3000,1500,0.9846946666666666,0.9433260538798094,0.0494882699228227,0.0712015784731496,0.0718952204258425,1.0648166844585598,0.0205369778416567,0.0178391133596757,1.063949950383004,0.0208572979660427,0.5113333333333333,0,False
CLIP,4,0.5,456,7000,3000,1500,0.9847635555555556,0.9446536541257922,0.049657384926625,0.072156229230664,0.0729277501929583,1.060458755138878,0.0201557147837083,0.0192670640980652,1.0435874088862145,0.020341533550779,0.5153333333333333,0,False
CLIP,4,1.0,42,14000,3000,3000,0.9873084444444444,0.9483195461366972,0.0425507849457702,0.0505442091605958,0.048484295407948,1.2080422365890051,0.0174152096738972,0.0144083243596321,1.2080422365890051,0.0174152096738972,0.5163333333333333,0,False
CLIP,4,1.0,123,14000,3000,3000,0.9873084444444444,0.9483195461366972,0.0425507849457702,0.0505442091605958,0.048484295407948,1.2080422365890051,0.0174152096738972,0.0144083243596321,1.2080422365890051,0.0174152096738972,0.5163333333333333,0,False
CLIP,4,1.0,456,14000,3000,3000,0.9873084444444444,0.9483195461366972,0.0425507849457702,0.0505442091605958,0.048484295407948,1.2080422365890051,0.0174152096738972,0.0144083243596321,1.2080422365890051,0.0174152096738972,0.5163333333333333,0,False
CONCH,0,0.01,42,140,3000,30,0.9920737777777778,0.964303312419078,0.0504221324413865,0.1449679174454937,0.1386604450272969,0.76504335890247,0.0230974354730566,0.0249964538645866,0.681961857799059,0.0239207658633031,0.529,0,False
CONCH,0,0.01,123,140,3000,30,0.9929933333333334,0.9656377680295796,0.0525897221899601,0.1536526482546155,0.1476376199556632,0.7076479296463528,0.0188350045564688,0.0223920677711688,0.4908688786260767,0.0239109396658538,0.529,0,False
CONCH,0,0.01,456,140,3000,30,0.9889488888888888,0.9576127453690813,0.0540901662249049,0.1446622155575123,0.1371425256964402,0.8119479108656087,0.0279965140390339,0.0305046578709561,1.2759024708490854,0.0694257276763894,0.5356666666666666,0,False
CONCH,0,0.05,42,700,3000,150,0.9951351111111112,0.9736584451747218,0.0269783329074883,0.0646662560292658,0.0569092066798617,1.1061350712965696,0.0122819280350932,0.0136070948596045,0.6095310880238551,0.0186160347573042,0.5176666666666667,0,False
CONCH,0,0.05,123,700,3000,150,0.9950644444444444,0.9723195269284868,0.0277701140621113,0.066748573840633,0.0590263004475725,1.1795283089851345,0.0181974702630037,0.0218760739207859,0.9286191298808216,0.0210635365797908,0.5223333333333333,0,False
CONCH,0,0.05,456,700,3000,150,0.9951444444444444,0.9746590531199596,0.027384857010491,0.0720775733017782,0.0630052697969896,1.0652279142482612,0.0130940214978072,0.0146228224941785,1.386687816732049,0.0297457667900194,0.5173333333333333,0,False
CONCH,0,0.1,42,1400,3000,300,0.995712,0.9759948362225476,0.0222235981784303,0.0439055843885924,0.0380607171259058,1.256536112403749,0.0099491376288366,0.0097639345886193,0.8932671929009296,0.0125709616128484,0.5146666666666667,0,False
CONCH,0,0.1,123,1400,3000,300,0.9955488888888888,0.9759943560063676,0.0224559212878327,0.0449337296789994,0.0373363210055554,1.2981288888471083,0.0136174180307287,0.0132733916772385,1.2400493035296682,0.0118362076674131,0.5153333333333333,0,False
CONCH,0,0.1,456,1400,3000,300,0.9958857777777778,0.9769957033085848,0.0222637101992034,0.0486714869417967,0.0409019474782845,1.2079909624105212,0.0104686519992306,0.0096532494800189,1.3609224524399854,0.0152691753367237,0.5136666666666667,0,False
CONCH,0,0.25,42,3500,3000,750,0.9964351111111112,0.9776639640063114,0.0184230934960155,0.0302117509402885,0.0238363807774767,1.417398776996885,0.0109870711271994,0.0090023146114778,1.2898640483017052,0.009723670874811,0.511,0,False
CONCH,0,0.25,123,3500,3000,750,0.9964,0.9773300688632496,0.0189920824169402,0.0279877587359355,0.023314179336018,1.4652092230447151,0.0112332714258029,0.0091253152293309,1.4166215418374983,0.008965192073713,0.512,0,False
CONCH,0,0.25,456,3500,3000,750,0.9960537777777778,0.9783300370911976,0.0190361701099003,0.030075916792514,0.0255908273411784,1.4523638520916662,0.0128816897790318,0.0116892491602065,1.443691927285278,0.0126726502662392,0.5123333333333333,0,False
CONCH,0,0.5,42,7000,3000,1500,0.996616,0.9786639261665164,0.0170559675113144,0.0216109523607591,0.0149189481815195,1.5801233241062496,0.0106076132764168,0.0079959703947172,1.4844722144046765,0.0085791568507413,0.5113333333333333,0,False
CONCH,0,0.5,123,7000,3000,1500,0.9965191111111112,0.9793303569047276,0.0171017341026405,0.0200038570584936,0.0146727325311355,1.617411738393191,0.0100756411998177,0.0086417239080475,1.628985449060188,0.0103392369629188,0.512,0,False
CONCH,0,0.5,456,7000,3000,1500,0.9965595555555556,0.9789968051806992,0.017196343479431,0.0209085049133123,0.0166149019690691,1.6132156204501482,0.011403911417301,0.0103485887904362,1.6766291639001043,0.0133818950742851,0.5123333333333333,0,False
CONCH,0,1.0,42,14000,3000,3000,0.9968244444444444,0.979664206035597,0.0160956362139821,0.0125039572109274,0.0097756735454612,1.7451961407368874,0.0098168945629879,0.0060219487540875,1.7451961407368874,0.0098168945629879,0.511,0,False
CONCH,0,1.0,123,14000,3000,3000,0.9968244444444444,0.979664206035597,0.0160956362139821,0.0125039572109274,0.0097756735454612,1.7451961407368874,0.0098168945629879,0.0060219487540875,1.7451961407368874,0.0098168945629879,0.511,0,False
CONCH,0,1.0,456,14000,3000,3000,0.9968244444444444,0.979664206035597,0.0160956362139821,0.0125039572109274,0.0097756735454612,1.7451961407368874,0.0098168945629879,0.0060219487540875,1.7451961407368874,0.0098168945629879,0.511,0,False
CONCH,1,0.01,42,140,3000,30,0.989852,0.9406155696634972,0.071901716127973,0.168632339719468,0.1684206760612544,0.5787370406774017,0.0274909641903653,0.0243057870275299,0.3395825532284888,0.0354772062047543,0.5293333333333333,0,False
CONCH,1,0.01,123,140,3000,30,0.989732,0.9442203796020274,0.0726918876081491,0.1785150634138032,0.1731947507832832,0.6006750444704917,0.0333983053226416,0.0360940824310259,0.3554852382200045,0.0399099322355095,0.545,0,False
CONCH,1,0.01,456,140,3000,30,0.9906133333333332,0.9462675110343504,0.0750309958010909,0.1821220420274909,0.1811465988027732,0.5216352769994458,0.0308106079658617,0.0280074545205157,0.1000052749944835,0.0446253532847467,0.535,0,False
CONCH,1,0.05,42,700,3000,150,0.9946506666666666,0.9623097769439232,0.0388325807592535,0.0935211793852701,0.0864856518128484,0.8521511102599855,0.0205034460306246,0.0215525365092488,0.4699910451466974,0.0249506765867417,0.525,0,False
CONCH,1,0.05,123,700,3000,150,0.993884,0.9606427199482708,0.0396392122509516,0.0880066849608832,0.0854399862438378,0.8883401596249024,0.0220932307253097,0.021141372374618,0.7556136213898587,0.0220644250687603,0.5246666666666666,0,False
CONCH,1,0.05,456,700,3000,150,0.9942151111111112,0.9646552149563126,0.039647539750808,0.0926154754313601,0.0870990466687935,0.808673915845331,0.0145421432026853,0.0145389193950169,0.7720891680151512,0.0157836483811429,0.518,0,False
CONCH,1,0.1,42,1400,3000,300,0.9950626666666668,0.9656542678573632,0.0320157113261245,0.0654067749388637,0.0587408200243534,0.995214086435054,0.0181515327367763,0.016324863225785,0.7186443100245965,0.0197871770896243,0.519,0,False
CONCH,1,0.1,123,1400,3000,300,0.994867111111111,0.962645150273224,0.0328094127671465,0.0665469522471649,0.060821369773011,1.0196663848559155,0.0192393448110342,0.0197477175839208,1.0515315342485136,0.0186474707039668,0.524,0,False
CONCH,1,0.1,456,1400,3000,300,0.995063111111111,0.9636584898268776,0.0326383535287582,0.0652695422330193,0.0618130788041654,0.9515906313762068,0.0144402342196842,0.0124297142269182,0.9220101390269156,0.0137508747711864,0.515,0,False
CONCH,1,0.25,42,3500,3000,750,0.995928,0.9699923180334166,0.0263040945646339,0.0437872386018525,0.0389286952591495,1.180612071748375,0.0143344382434786,0.0152513970291093,1.0448750077501183,0.0163498373210603,0.516,0,False
CONCH,1,0.25,123,3500,3000,750,0.9960271111111112,0.9683255590177632,0.0261407046727911,0.042108558380699,0.0361758677115131,1.1800695339067135,0.0141271595254709,0.0137034883546018,1.1014642432919926,0.0146571713552163,0.5156666666666667,0,False
CONCH,1,0.25,456,3500,3000,750,0.9959577777777776,0.9699929450079596,0.0260485382916693,0.0403933644029898,0.0353826733053882,1.158471521204345,0.0136034451587577,0.0114225735615556,1.3341510581247165,0.0127041832463784,0.5153333333333333,0,False
CONCH,1,0.5,42,7000,3000,1500,0.9965257777777778,0.9739933422956276,0.0227167067231946,0.0306964375689237,0.0260686271292519,1.2851360172807942,0.0114460447279298,0.0111362326249779,1.2585445984076271,0.0121549675833552,0.516,0,False
CONCH,1,0.5,123,7000,3000,1500,0.9966217777777776,0.9736612555179393,0.02244720276443,0.0310489265848835,0.0243256212172098,1.293427733528753,0.0108234092602047,0.0109071114959553,1.2964594731059935,0.0107884514691137,0.5143333333333333,0,False
CONCH,1,0.5,456,7000,3000,1500,0.9965208888888888,0.9733285917496444,0.0225007271505165,0.0290588461567567,0.02402865019204,1.2916865635503003,0.0105310515105809,0.0080666722908916,1.2902133891792784,0.0105332543176047,0.5133333333333333,0,False
CONCH,1,1.0,42,14000,3000,3000,0.9970084444444444,0.9773307540769084,0.0198757299232878,0.0228380167557335,0.016620020604616,1.4114306803658794,0.0104564263798967,0.0066072496998319,1.4114306803658794,0.0104564263798967,0.5106666666666667,0,False
CONCH,1,1.0,123,14000,3000,3000,0.9970084444444444,0.9773307540769084,0.0198757299232878,0.0228380167557335,0.016620020604616,1.4114306803658794,0.0104564263798967,0.0066072496998319,1.4114306803658794,0.0104564263798967,0.5106666666666667,0,False
CONCH,1,1.0,456,14000,3000,3000,0.9970084444444444,0.9773307540769084,0.0198757299232878,0.0228380167557335,0.016620020604616,1.4114306803658794,0.0104564263798967,0.0066072496998319,1.4114306803658794,0.0104564263798967,0.5106666666666667,0,False
CONCH,2,0.01,42,140,3000,30,0.9958315555555556,0.967643078470872,0.0522509126298395,0.1663021931986956,0.1575022406480708,0.6337111124698942,0.0267433081155905,0.0279290407500841,0.48443597688764,0.0281946518467872,0.527,0,False
CONCH,2,0.01,123,140,3000,30,0.9953053333333332,0.9679772282512008,0.0553665914894135,0.16955959874497,0.1616535588830689,0.6142012392528683,0.0238243349093191,0.0246791051293743,0.1000051710763574,0.0302364585941416,0.5266666666666666,0,False
CONCH,2,0.01,456,140,3000,30,0.9953275555555556,0.9716591059459307,0.0558540124894647,0.177750808945691,0.1665527548058362,0.5229329172116184,0.0132615171889436,0.0136916968002284,0.1000052749944835,0.0252497358565812,0.5163333333333333,0,False
CONCH,2,0.05,42,700,3000,150,0.9963524444444444,0.973657812764846,0.0278252069767766,0.0718410991802162,0.0689437446423923,0.9248827973880258,0.0142817342101118,0.0142389773544953,0.6957634683141932,0.0164104119238094,0.5183333333333333,0,False
CONCH,2,0.05,123,700,3000,150,0.9963537777777778,0.9726590719644346,0.0271907853639536,0.0744944136110151,0.0678647648712962,0.9162148283174024,0.0122163341854011,0.0120182630337494,0.9352032556893712,0.0125689953206156,0.5166666666666667,0,False
CONCH,2,0.05,456,700,3000,150,0.9961928888888888,0.9746601796726628,0.0265044570031082,0.0739758561772415,0.0676071192328473,0.903666306578916,0.0125187961453449,0.0124236844453556,0.8203656179323527,0.013111733495872,0.516,0,False
CONCH,2,0.1,42,1400,3000,300,0.996772,0.9763280071349388,0.0225353286515405,0.0518258899727107,0.0459488690340973,1.0431996244584034,0.0103418877627852,0.0104462296522235,0.9711607522050396,0.0107652030021963,0.515,0,False
CONCH,2,0.1,123,1400,3000,300,0.9964924444444444,0.97599573257468,0.0230086141646917,0.0521944743366612,0.0452539607800156,1.06059076174694,0.0113227510517371,0.0091724390314776,1.0535816979882118,0.0115663969876962,0.5133333333333333,0,False
CONCH,2,0.1,456,1400,3000,300,0.9965697777777778,0.976996112342986,0.021647613370649,0.0516719471283742,0.0450083364894956,1.034239104156924,0.0106221624895386,0.0107715487818071,0.9678136867194588,0.0122296599202367,0.513,0,False
CONCH,2,0.25,42,3500,3000,750,0.9971462222222222,0.9779968315437424,0.0182705086512806,0.0311236999407295,0.0259483848533458,1.244449878502475,0.0086575459293209,0.0084162710247182,1.1179383787720576,0.0090041390540123,0.512,0,False
CONCH,2,0.25,123,3500,3000,750,0.9972026666666668,0.9783300370911976,0.0186419226849446,0.0297641044090214,0.0268823272930529,1.235808003281354,0.0085197583960857,0.009190055419266,1.39507980200119,0.0107097772755229,0.5123333333333333,0,False
CONCH,2,0.25,456,3500,3000,750,0.9969813333333334,0.9773300688632496,0.018499248938611,0.0284501623841147,0.0250886116762344,1.257579683294278,0.009394589413813,0.0095457754561159,1.263943609944726,0.0093518552029504,0.512,0,False
CONCH,2,0.5,42,7000,3000,1500,0.9974146666666668,0.9796644952866632,0.0168387123949962,0.0206166988021006,0.0162218538350577,1.3618137597967594,0.0067970091160873,0.0068270912925149,1.313999405505085,0.0075949131945053,0.5103333333333333,0,False
CONCH,2,0.5,123,7000,3000,1500,0.997372,0.9796644952866632,0.01698365455755,0.0205576311696379,0.0164770703905918,1.3608552138011707,0.0066705289806011,0.0065165637904123,1.4165220981134012,0.0066046036794805,0.5103333333333333,0,False
CONCH,2,0.5,456,7000,3000,1500,0.9973573333333332,0.97999799979998,0.0168579592520116,0.0215988631485707,0.0172257394327951,1.3905530500685273,0.0074191857494924,0.0076574959428252,1.3053910262693529,0.008100194781316,0.51,0,False
CONCH,2,1.0,42,14000,3000,3000,0.9975444444444443,0.9809984608753308,0.0157838799902999,0.0135919097190567,0.0094090266362642,1.5193988603158175,0.0073067203982544,0.0053915192900931,1.5193988603158175,0.0073067203982544,0.509,0,False
CONCH,2,1.0,123,14000,3000,3000,0.9975444444444443,0.9809984608753308,0.0157838799902999,0.0135919097190567,0.0094090266362642,1.5193988603158175,0.0073067203982544,0.0053915192900931,1.5193988603158175,0.0073067203982544,0.509,0,False
CONCH,2,1.0,456,14000,3000,3000,0.9975444444444443,0.9809984608753308,0.0157838799902999,0.0135919097190567,0.0094090266362642,1.5193988603158175,0.0073067203982544,0.0053915192900931,1.5193988603158175,0.0073067203982544,0.509,0,False
CONCH,3,0.01,42,140,3000,30,0.9889137777777778,0.9556575567580496,0.058615749294034,0.14751354077605,0.1475654707027695,0.6337109818935465,0.0158654978883626,0.0149090508728494,0.2032594819196613,0.0338172399887858,0.5143333333333333,0,False
CONCH,3,0.01,123,140,3000,30,0.990904888888889,0.9649906602861495,0.0592769419013468,0.1654799348105469,0.1617469194565051,0.5551540568170203,0.0111807922222757,0.007047998828733,0.4326828400973913,0.016149379447748,0.5163333333333333,0,False
CONCH,3,0.01,456,140,3000,30,0.9909764444444444,0.9612953339523114,0.0584534541146274,0.1584396838985559,0.1561781157448028,0.6398068645087216,0.0269774428196193,0.0273239308454015,0.4560767190190459,0.0295724390040296,0.5313333333333333,0,False
CONCH,3,0.05,42,700,3000,150,0.9915244444444444,0.9646505787522854,0.0346663374558471,0.0667413155427326,0.062561705399655,1.0057859315598632,0.0150179620102712,0.0138426160730397,0.6913306597390635,0.0209488516356722,0.5213333333333333,0,False
CONCH,3,0.05,123,700,3000,150,0.992071111111111,0.9653244563941704,0.032930029050535,0.0658523360941261,0.0609955057859896,0.974265676356762,0.0122658574608605,0.0098148993220044,0.687855597855645,0.0183704345891268,0.516,0,False
CONCH,3,0.05,456,700,3000,150,0.9916982222222224,0.9649855234591992,0.0339293855170815,0.0668779554008277,0.0614850962795692,1.0031161844977825,0.0151106389074905,0.0150371142464711,1.1584482490686865,0.0130842100109903,0.5203333333333333,0,False
CONCH,3,0.1,42,1400,3000,300,0.9926942222222224,0.9683234467290958,0.0289678799823747,0.0451729176903594,0.0409102281579221,1.132648633994427,0.0116021298364707,0.0098883866048522,0.7365704526299934,0.0175055691456099,0.5176666666666667,0,False
CONCH,3,0.1,123,1400,3000,300,0.992974222222222,0.968661095305832,0.0285884805264772,0.0459143969609829,0.0412918308258176,1.1121595867143506,0.0088778940447672,0.0075260789643795,0.880573864621231,0.0138301775488744,0.5133333333333333,0,False
CONCH,3,0.1,456,1400,3000,300,0.9927848888888888,0.966991193984084,0.0293235299917374,0.0452905993374542,0.0421815074531463,1.11046126126216,0.0117943947317292,0.0086293735186194,1.218763127265593,0.0100945039238824,0.5163333333333333,0,False
CONCH,3,0.25,42,3500,3000,750,0.9937008888888887,0.9713287331878582,0.0253173428860817,0.0274592268054419,0.0242298108277351,1.2903373247475274,0.0091139472800963,0.0074353604372501,1.3564758764005584,0.009235077189415,0.5126666666666667,0,False
CONCH,3,0.25,123,3500,3000,750,0.9936364444444444,0.9693289166973378,0.02532207303361,0.0254765799452446,0.0225560336031446,1.3427627206867336,0.0082182248158793,0.0072624471247724,1.3382601529032228,0.0081666764943001,0.512,0,False
CONCH,3,0.25,456,3500,3000,750,0.9935466666666666,0.9679931149633966,0.0257483823136233,0.0257729559027149,0.0215321600076805,1.3064583651681236,0.0084701765162187,0.0073900574494483,1.3728520514112657,0.0093423944867468,0.5146666666666667,0,False
CONCH,3,0.5,42,7000,3000,1500,0.9946217777777776,0.972329124285683,0.0230500428190805,0.0211343132161723,0.0157948915973867,1.4224363850589743,0.0078635316444652,0.0061535661687282,1.4696688567203182,0.0096981906947674,0.5123333333333333,0,False
CONCH,3,0.5,123,7000,3000,1500,0.9944786666666666,0.9716628096602038,0.0231756872872484,0.017392331877695,0.0144360844152414,1.455180535057082,0.008390417827144,0.0057548458586767,1.5670669535129786,0.0066702400339802,0.5116666666666667,0,False
CONCH,3,0.5,456,7000,3000,1500,0.9943862222222222,0.9713296507862564,0.0235075806857013,0.018913308749262,0.0158021573140961,1.4379932357452143,0.0088500722666581,0.0054683963166411,1.4314359285200873,0.0090328806927594,0.5113333333333333,0,False
CONCH,3,1.0,42,14000,3000,3000,0.9951822222222222,0.9723303788326731,0.021526909154885,0.0148480106485326,0.0109270241274452,1.5280176637010794,0.0075646165008499,0.005003247343069,1.5280176637010794,0.0075646165008499,0.5103333333333333,0,False
CONCH,3,1.0,123,14000,3000,3000,0.9951822222222222,0.9723303788326731,0.021526909154885,0.0148480106485326,0.0109270241274452,1.5280176637010794,0.0075646165008499,0.005003247343069,1.5280176637010794,0.0075646165008499,0.5103333333333333,0,False
CONCH,3,1.0,456,14000,3000,3000,0.9951822222222222,0.9723303788326731,0.021526909154885,0.0148480106485326,0.0109270241274452,1.5280176637010794,0.0075646165008499,0.005003247343069,1.5280176637010794,0.0075646165008499,0.5103333333333333,0,False
CONCH,4,0.01,42,140,3000,30,0.9910364444444444,0.9679943100995732,0.058937436142124,0.1730465513844175,0.1679417507108812,0.5461316612987579,0.0150706139384396,0.0091146630521236,0.1000035904234609,0.0273428187276687,0.5133333333333333,0,False
CONCH,4,0.01,123,140,3000,30,0.9917942222222222,0.966986350690102,0.0549163486501176,0.1614893223128854,0.1543122459943135,0.5848072710866233,0.0186664600963257,0.0178504140366965,0.6993416514115653,0.0192755180044972,0.5203333333333333,0,False
CONCH,4,0.01,456,140,3000,30,0.9898862222222222,0.9602968019796884,0.0579374500033834,0.1564231048473593,0.1503444682749873,0.6467590614476102,0.0290904792765403,0.0291584421565527,0.6482704172971535,0.0290844029070712,0.5303333333333333,0,False
CONCH,4,0.05,42,700,3000,150,0.9926155555555556,0.9736622155811,0.0306072707747302,0.0728194977644441,0.0647168675391758,0.9450094915060828,0.0147813758912575,0.0133339665486324,0.87393067578419,0.0152105069503303,0.513,0,False
CONCH,4,0.05,123,700,3000,150,0.9933315555555556,0.9736590541333112,0.0298741282660428,0.073399857494769,0.0629152520847565,0.9338519869416784,0.0162319641475073,0.0155865142990231,1.0916702801075424,0.0189306437348631,0.517,0,False
CONCH,4,0.05,456,700,3000,150,0.9918386666666668,0.9676549901180992,0.0326390043837948,0.0699743746609625,0.0616148814247961,0.9939549994882372,0.0178951868398705,0.0175081872206813,1.1602023515896782,0.0195468015984165,0.519,0,False
CONCH,4,0.1,42,1400,3000,300,0.9938764444444446,0.976663306182757,0.0250608794983833,0.0511353323428637,0.0432432543514014,1.060654639633805,0.0130130645285479,0.0104324889304203,1.039100139150174,0.0135784582094515,0.512,0,False
CONCH,4,0.1,123,1400,3000,300,0.9937217777777776,0.974995329683244,0.0252147466309522,0.0483138799559055,0.040088791122392,1.1028048185798391,0.0148980942094499,0.0121610702111925,1.0952751705742894,0.0144093320598121,0.5136666666666667,0,False
CONCH,4,0.1,456,1400,3000,300,0.9929951111111108,0.973995827775034,0.0269175998379388,0.0478766263380053,0.0400378005149334,1.128850750423701,0.016530291867074,0.01280554062577,1.398114413846477,0.0184720018844082,0.5126666666666667,0,False
CONCH,4,0.25,42,3500,3000,750,0.9947253333333334,0.9793317809204336,0.0206077531943455,0.0323559951545082,0.0236068171755053,1.2703435903565727,0.0134918355756676,0.0081200566030954,1.3830034994765106,0.0127697341485031,0.5086666666666667,0,False
CONCH,4,0.25,123,3500,3000,750,0.994674222222222,0.9766643330999768,0.0210428267180883,0.0279884614210306,0.0225817964231463,1.314117273555418,0.0128897306583466,0.0099081474669554,1.3259146576685277,0.0130376545043956,0.51,0,False
CONCH,4,0.25,456,3500,3000,750,0.9946168888888888,0.977997496604058,0.0211837826015399,0.0307167836647833,0.0232452199872379,1.3018661818453363,0.0143254211328306,0.0098631658019355,1.4357073724638914,0.0144300630520869,0.5106666666666667,0,False
CONCH,4,0.5,42,7000,3000,1500,0.9952631111111112,0.9796650195332488,0.0187053782324635,0.0208580917311917,0.015188759264784,1.4342413734598312,0.0120973534096983,0.008012430928695,1.4816729223405365,0.0113903072401688,0.509,0,False
CONCH,4,0.5,123,7000,3000,1500,0.995215111111111,0.9783318285992082,0.0189142351645967,0.0188309618242924,0.0161539088736566,1.4710262113771315,0.0137760412231117,0.0088417103231969,1.5135272218273272,0.0130244856941875,0.5083333333333333,0,False
CONCH,4,0.5,456,7000,3000,1500,0.9952186666666666,0.9799984976649356,0.0187818174235804,0.0202892682854592,0.0141861743378761,1.4500949557169145,0.0122984689538424,0.0079072416493991,1.4741802378364743,0.0123548785655649,0.5086666666666667,0,False
CONCH,4,1.0,42,14000,3000,3000,0.9959173333333332,0.9796652545315648,0.0172378559803255,0.0155662104202917,0.0106053290845083,1.5805936043454043,0.0117922978155081,0.0076424011997121,1.5805936043454043,0.0117922978155081,0.5083333333333333,0,False
CONCH,4,1.0,123,14000,3000,3000,0.9959173333333332,0.9796652545315648,0.0172378559803255,0.0155662104202917,0.0106053290845083,1.5805936043454043,0.0117922978155081,0.0076424011997121,1.5805936043454043,0.0117922978155081,0.5083333333333333,0,False
CONCH,4,1.0,456,14000,3000,3000,0.9959173333333332,0.9796652545315648,0.0172378559803255,0.0155662104202917,0.0106053290845083,1.5805936043454043,0.0117922978155081,0.0076424011997121,1.5805936043454043,0.0117922978155081,0.5083333333333333,0,False
GigaPath,0,0.01,42,140,3000,30,0.9973657777777776,0.9769878265602504,0.0497242670374061,0.1844372394549681,0.1697469690667048,0.5771622996102314,0.0242641548849827,0.0240455796084861,0.433046363643471,0.0230542167660473,0.523,0,False
GigaPath,0,0.01,123,140,3000,30,0.9974577777777778,0.9773216817173624,0.0503392338468053,0.1856997640652309,0.171231210789672,0.555988109877433,0.0245488530211338,0.0251530067894679,0.1000052749944835,0.0231781006350799,0.5226666666666666,0,False
GigaPath,0,0.01,456,140,3000,30,0.9962786666666666,0.9706414052268976,0.0527249538315648,0.1855544872409771,0.1724304425120979,0.6314945195842898,0.034692506585738,0.0358397020069374,1.0263197407274869,0.0735080240619812,0.5293333333333333,0,False
GigaPath,0,0.05,42,700,3000,150,0.9981235555555557,0.9849974645715126,0.0187987114783617,0.0804057804522728,0.0708764099393937,0.8904058528127234,0.0129965760092852,0.0140428584406481,0.1000048773690014,0.0151597141980726,0.513,0,False
GigaPath,0,0.05,123,700,3000,150,0.9980035555555556,0.9826622281970852,0.019417603497654,0.0805530912166445,0.0709294254355856,0.937365463035256,0.0162042739022089,0.0179468316364505,0.9778889163757144,0.0176595249419054,0.516,0,False
GigaPath,0,0.05,456,700,3000,150,0.9975493333333336,0.985664715475162,0.0195555934341016,0.0843422344989674,0.0710583279406009,0.8460341125309288,0.0123763564203262,0.0126228215493448,0.9758281617751876,0.017368296812142,0.5116666666666667,0,False
GigaPath,0,0.1,42,1400,3000,300,0.9984062222222222,0.9873322298297984,0.0131528001446062,0.0547390906457217,0.0471056653049254,1.0027888169891843,0.0090329365232237,0.0105929947466122,0.9319530548558008,0.0101429272395895,0.5093333333333333,0,False
GigaPath,0,0.1,123,1400,3000,300,0.9983835555555556,0.9876653496001072,0.013265037474571,0.0539102062153701,0.0481684717978776,1.038408152957223,0.011038650212048,0.0126655362906197,1.0256380890873862,0.0111029954389574,0.5103333333333333,0,False
GigaPath,0,0.1,456,1400,3000,300,0.9980795555555556,0.9876656675857411,0.0134246495438711,0.0555910804768755,0.0480297055502996,0.9994175800521016,0.0091170069849404,0.0109251134148757,0.9924350933824692,0.009162639454147,0.509,0,False
GigaPath,0,0.25,42,3500,3000,750,0.9985413333333332,0.9896660592605944,0.0093463955294178,0.0313216414804456,0.0254508830739558,1.1496691860047072,0.0063104620343965,0.0071936966309422,1.200189284608821,0.0070294971326331,0.5076666666666667,0,False
GigaPath,0,0.25,123,3500,3000,750,0.9985186666666668,0.9896660592605944,0.0094685919341131,0.0307166471808605,0.0269584150918691,1.1909777375078292,0.0077812463285805,0.0089866699174385,1.126749567803311,0.0078649650552016,0.5076666666666667,0,False
GigaPath,0,0.25,456,3500,3000,750,0.9982871111111112,0.9889994609735876,0.0096730222797403,0.0320147257958089,0.0265564908061203,1.193774402031441,0.0069816599670456,0.0084135291495213,1.1485143697473112,0.0070578921933176,0.507,0,False
GigaPath,0,0.5,42,7000,3000,1500,0.9987831111111112,0.9906663306545702,0.0077991053335873,0.0204460001889263,0.0154503506240329,1.2662590459380114,0.0049253237332227,0.0046892650259109,1.2807420809636416,0.0050787993547851,0.506,0,False
GigaPath,0,0.5,123,7000,3000,1500,0.9985657777777778,0.991333021322101,0.0078501389933624,0.0208110736482479,0.0157769653343222,1.305020892746244,0.0054222590379981,0.005934014976537,1.2633748733845067,0.0057304382465766,0.506,0,False
GigaPath,0,0.5,456,7000,3000,1500,0.9985493333333334,0.9899995555358015,0.0079252767450206,0.0217811599194144,0.0163594865731377,1.315146344710596,0.0064429763776472,0.0062367418024894,1.2762098654185858,0.0056984068284219,0.5066666666666667,0,False
GigaPath,0,1.0,42,14000,3000,3000,0.9987942222222222,0.9906663306545702,0.0074329429201403,0.0129123936677314,0.009962647193673,1.4730592562210294,0.0044903287170988,0.005036800706814,1.4730592562210294,0.0044903287170988,0.506,0,False
GigaPath,0,1.0,123,14000,3000,3000,0.9987942222222222,0.9906663306545702,0.0074329429201403,0.0129123936677314,0.009962647193673,1.4730592562210294,0.0044903287170988,0.005036800706814,1.4730592562210294,0.0044903287170988,0.506,0,False
GigaPath,0,1.0,456,14000,3000,3000,0.9987942222222222,0.9906663306545702,0.0074329429201403,0.0129123936677314,0.009962647193673,1.4730592562210294,0.0044903287170988,0.005036800706814,1.4730592562210294,0.0044903287170988,0.506,0,False
GigaPath,1,0.01,42,140,3000,30,0.9955964444444446,0.976657329598506,0.0552729045164063,0.1860448534611864,0.1694851373526943,0.4874805575257536,0.0166549945241599,0.0164403151188392,0.1000052749944835,0.0217005461940519,0.52,0,False
GigaPath,1,0.01,123,140,3000,30,0.9958866666666668,0.9713119001351675,0.0541171666434693,0.18601199101764,0.1696567502478168,0.5501573754096868,0.0263476827984452,0.0265665774852597,0.1000052749944835,0.0273681644835006,0.5273333333333333,0,False
GigaPath,1,0.01,456,140,3000,30,0.9961026666666668,0.977658025287336,0.0537218118467421,0.1851908913410685,0.170220966634958,0.5051091770605168,0.0195765288366651,0.0219881684591601,0.1000066475472516,0.021124702433645,0.5196666666666667,0,False
GigaPath,1,0.05,42,700,3000,150,0.9968973333333332,0.985997753417326,0.0209229880504729,0.0827259160717788,0.0706774023406313,0.8175031391063556,0.0142317735436724,0.0147615919876278,0.7375702527906629,0.0142805318195761,0.5126666666666667,0,False
GigaPath,1,0.05,123,700,3000,150,0.9969808888888888,0.979993028681994,0.0223133065900088,0.0826408278426776,0.0715798590040903,0.8746575622666265,0.0177788466675516,0.0191986298154247,0.1000045258199576,0.0193702918842119,0.5186666666666667,0,False
GigaPath,1,0.05,456,700,3000,150,0.9967746666666668,0.9839965574816982,0.0220236174027403,0.0843710167678912,0.0716706063283114,0.8034433888767412,0.0141808839417616,0.0153031771552618,0.8511522084945262,0.0142057204748593,0.5146666666666667,0,False
GigaPath,1,0.1,42,1400,3000,300,0.9972986666666668,0.9879986345113044,0.0151651028351529,0.0542735052256821,0.0441996503452989,0.9593778189683172,0.0114263595409718,0.0112397847918331,1.21341424111855,0.0151044137455403,0.5106666666666667,0,False
GigaPath,1,0.1,123,1400,3000,300,0.9975515555555556,0.9866647463901468,0.0159436809355476,0.0566191968421456,0.0459295910579725,0.9814218802657532,0.013264812324572,0.0131089054133071,0.7649178409733918,0.0135143152617482,0.512,0,False
GigaPath,1,0.1,456,1400,3000,300,0.997344,0.9876651741527392,0.015969932417008,0.0590690061053946,0.0479459498403119,0.9236944179672808,0.0128132698532238,0.0123220547793615,0.8376523154351969,0.0121265153145605,0.511,0,False
GigaPath,1,0.25,42,3500,3000,750,0.9978662222222222,0.9893324040671988,0.0113240458481649,0.0332941923422507,0.0267958413214912,1.096937330618967,0.0089047951246245,0.0089670162075051,1.1224310726122648,0.0087815205012363,0.5093333333333333,0,False
GigaPath,1,0.25,123,3500,3000,750,0.9980991111111112,0.987998799879988,0.0114612459698485,0.0335781468164554,0.0257421148781468,1.1521463189164594,0.0109128710447269,0.0100178617228662,1.0988037896734044,0.0103774608509206,0.51,0,False
GigaPath,1,0.25,456,3500,3000,750,0.9977466666666668,0.9886655332199886,0.0113090577657491,0.0346405605807187,0.0267836631283831,1.1115520781849346,0.0096264807387252,0.0098147934493241,1.0873023163807072,0.0095986722066071,0.51,0,False
GigaPath,1,0.5,42,7000,3000,1500,0.9984164444444444,0.9893325320879658,0.0092970704177515,0.023061475896589,0.0182196832147194,1.2192757163808168,0.0078834288311523,0.0076490718628477,1.2232751054143605,0.0078741252389628,0.5086666666666667,0,False
GigaPath,1,0.5,123,7000,3000,1500,0.9982546666666666,0.9896659490242378,0.0093756859519246,0.0222730314473798,0.0159070436271267,1.2580786633155012,0.007996733416261,0.0070954359002938,1.3173182348988977,0.0074187179963475,0.5083333333333333,0,False
GigaPath,1,0.5,456,7000,3000,1500,0.9983151111111112,0.9893325320879658,0.0092873278826947,0.0231067681565224,0.0172818583935603,1.2247483684965084,0.0074057909916452,0.0076293634575404,1.1578849311730397,0.0079608418394189,0.5086666666666667,0,False
GigaPath,1,1.0,42,14000,3000,3000,0.9987875555555557,0.9906661647137468,0.0077975755732222,0.016828610348718,0.0111300488787324,1.275400037272617,0.006188282911007,0.0055178004449053,1.275400037272617,0.006188282911007,0.5073333333333333,0,False
GigaPath,1,1.0,123,14000,3000,3000,0.9987875555555557,0.9906661647137468,0.0077975755732222,0.016828610348718,0.0111300488787324,1.275400037272617,0.006188282911007,0.0055178004449053,1.275400037272617,0.006188282911007,0.5073333333333333,0,False
GigaPath,1,1.0,456,14000,3000,3000,0.9987875555555557,0.9906661647137468,0.0077975755732222,0.016828610348718,0.0111300488787324,1.275400037272617,0.006188282911007,0.0055178004449053,1.275400037272617,0.006188282911007,0.5073333333333333,0,False
GigaPath,2,0.01,42,140,3000,30,0.9968462222222222,0.9839971550497866,0.0494682903876432,0.1849981327026075,0.1690568813823332,0.4812238019023011,0.0145231714718668,0.0149421594338941,0.1000052749944835,0.0153362715321701,0.5133333333333333,0,False
GigaPath,2,0.01,123,140,3000,30,0.9969755555555556,0.984664206123738,0.051171036423725,0.189889225856698,0.1743929513292632,0.4770809946423071,0.0166017931095978,0.0173312095765565,0.1000049986773782,0.0158677848503615,0.5126666666666667,0,False
GigaPath,2,0.01,456,140,3000,30,0.9958693333333332,0.9856649321234536,0.0547002750348309,0.1964310538922828,0.1781426250119664,0.4587781317430833,0.0110370209012915,0.0104865518516243,0.1000035087158112,0.0135944881505772,0.511,0,False
GigaPath,2,0.05,42,700,3000,150,0.9986613333333332,0.9879992319508448,0.018140839362728,0.0778071145366394,0.0679391987702036,0.7414592031518967,0.0086275901903668,0.0088342787801874,0.305864206762541,0.0108301181079466,0.508,0,False
GigaPath,2,0.05,123,700,3000,150,0.9984675555555556,0.9876660623037196,0.0181639858420886,0.0782565414237413,0.0670442638632048,0.7504213247385209,0.0081151043121988,0.0084671173285964,0.8767751221593095,0.0081581582127164,0.507,0,False
GigaPath,2,0.05,456,700,3000,150,0.9972986666666668,0.9876659416981288,0.0185354762087502,0.0756715534040536,0.0669639580579597,0.8023649443605437,0.0095660769630619,0.0087072726756771,0.9658003023137052,0.0103558223940474,0.5076666666666667,0,False
GigaPath,2,0.1,42,1400,3000,300,0.9988315555555556,0.9896662521685592,0.0130631055460023,0.0522528623888297,0.0424200890513499,0.8695442571472078,0.0067566763008712,0.0066278353807498,0.786770826037617,0.0077440744907852,0.5063333333333333,0,False
GigaPath,2,0.1,123,1400,3000,300,0.9987653333333334,0.9886663442871264,0.0136172153467499,0.0527955452830543,0.043747095602037,0.8575132561081834,0.0059983168166787,0.0061743261284639,0.8668181228155039,0.0060627369772809,0.5053333333333333,0,False
GigaPath,2,0.1,456,1400,3000,300,0.9978044444444444,0.9883327616386536,0.0133505797722245,0.0487548260528425,0.0410006089752436,0.9565511964581292,0.0077269504197158,0.0070737531387649,1.0869541723564768,0.0069831857354842,0.507,0,False
GigaPath,2,0.25,42,3500,3000,750,0.9989715555555556,0.9899996399870395,0.0099459794185428,0.0284265111237212,0.0231035903428508,1.0806031827340992,0.0074217488151868,0.006069198922151,1.040457669961476,0.0067901751892555,0.506,0,False
GigaPath,2,0.25,123,3500,3000,750,0.9989017777777778,0.9903330916606248,0.0098739461790752,0.028788455497919,0.0228041953703925,1.0627614852692064,0.0055326549179538,0.0060313260674746,1.1449217183925038,0.0055221984963654,0.505,0,False
GigaPath,2,0.25,456,3500,3000,750,0.998364,0.9889995587600792,0.0102523921481151,0.0261985596068316,0.0214398266540446,1.1380012418548378,0.0071089825092856,0.0062033473087732,1.189665876503328,0.0069194382955767,0.5063333333333333,0,False
GigaPath,2,0.5,42,7000,3000,1500,0.9993124444444444,0.9906664634029808,0.0083796131398488,0.0181287746134707,0.0151721204837733,1.1790837670628114,0.0045271900765976,0.0044951828071923,1.24123745389633,0.0053715845239141,0.5046666666666667,0,False
GigaPath,2,0.5,123,7000,3000,1500,0.9992191111111112,0.9906664634029808,0.0083358033428715,0.0190576649006632,0.0136544216126015,1.1773383634163557,0.0047949763867445,0.0047765867526526,1.2979430577755708,0.0046825666945255,0.5046666666666667,0,False
GigaPath,2,0.5,456,7000,3000,1500,0.9989666666666668,0.9909997749943747,0.0085794224431558,0.0170616700601333,0.0132877464872572,1.2258911038976452,0.0064420176594539,0.0049305554138686,1.2055164029928735,0.0063606542639153,0.505,0,False
GigaPath,2,1.0,42,14000,3000,3000,0.9993826666666668,0.9909998789983732,0.007447897260901,0.0118109536884891,0.0082766645110751,1.292463658291212,0.0051262921499487,0.0035166319189184,1.292463658291212,0.0051262921499487,0.5036666666666667,0,False
GigaPath,2,1.0,123,14000,3000,3000,0.9993826666666668,0.9909998789983732,0.007447897260901,0.0118109536884891,0.0082766645110751,1.292463658291212,0.0051262921499487,0.0035166319189184,1.292463658291212,0.0051262921499487,0.5036666666666667,0,False
GigaPath,2,1.0,456,14000,3000,3000,0.9993826666666668,0.9909998789983732,0.007447897260901,0.0118109536884891,0.0082766645110751,1.292463658291212,0.0051262921499487,0.0035166319189184,1.292463658291212,0.0051262921499487,0.5036666666666667,0,False
GigaPath,3,0.01,42,140,3000,30,0.9965262222222222,0.9779933882357544,0.0459455069562138,0.1579767981741596,0.1443910645552436,0.5070204289168413,0.0149815177400925,0.0113389394016322,0.1000052749944835,0.0197615367065725,0.5173333333333333,0,False
GigaPath,3,0.01,123,140,3000,30,0.9979222222222222,0.9799935178997996,0.0457574720740832,0.1722156163038851,0.1568329650474409,0.4629976348553716,0.0139348978720607,0.0159149019613438,0.1000052749944835,0.0195740733867327,0.518,0,False
GigaPath,3,0.01,456,140,3000,30,0.9984662222222224,0.9776568133213416,0.0441564027510329,0.1693150199319225,0.1550510405165414,0.5092518760889402,0.0200439506190464,0.0213475028771145,0.1000041730863971,0.0222908007485296,0.521,0,False
GigaPath,3,0.05,42,700,3000,150,0.9983724444444444,0.980994929869624,0.0198423036009667,0.0678141426150676,0.0607278691981965,0.8389303331415272,0.0133891317424903,0.0141921980624087,0.1000039819235673,0.018243083959706,0.5163333333333333,0,False
GigaPath,3,0.05,123,700,3000,150,0.9984533333333334,0.9836636153930528,0.0181950318934901,0.0698829822321713,0.0615705760975462,0.7686202147011667,0.011933487244417,0.0127297597488741,0.7913272828401163,0.0118613621753354,0.5136666666666667,0,False
GigaPath,3,0.05,456,700,3000,150,0.9987768888888888,0.9803276480236122,0.0193695944372266,0.0748791306853404,0.0656532790299931,0.787406818187477,0.0150768585875117,0.0162068438635445,1.0538725430465086,0.0188731543727496,0.517,0,False
GigaPath,3,0.1,42,1400,3000,300,0.9986546666666668,0.9823303471620036,0.014844637612339,0.0469419068667998,0.0403127219521018,0.9539187620171512,0.0110975052080988,0.0116916824555664,0.1000046669503276,0.0167861038721208,0.513,0,False
GigaPath,3,0.1,123,1400,3000,300,0.9988066666666666,0.9873320665399874,0.0134206586410903,0.0481720400304914,0.0397967472670597,0.8624829343209277,0.00820708870224,0.0091035627019415,0.8024722262773227,0.0091062825806221,0.51,0,False
GigaPath,3,0.1,456,1400,3000,300,0.998932,0.9873320665399874,0.0139823113168844,0.0509077383180474,0.0424645465210198,0.8440881178066258,0.0094592602833017,0.0102499550006538,1.0579799379943484,0.0117511268240394,0.51,0,False
GigaPath,3,0.25,42,3500,3000,750,0.999048,0.988665941286909,0.0102055014076923,0.0300100311138157,0.0237359357744843,1.034329722333775,0.0076372948417367,0.0087736621709806,1.089821113026081,0.0075861110754532,0.508,0,False
GigaPath,3,0.25,123,3500,3000,750,0.9990155555555555,0.9899995555358015,0.0098521114932296,0.0309880318536854,0.0240036481333303,1.0370769130639883,0.0071560169186243,0.0081785914319976,0.8978020127855406,0.0083767709381576,0.5066666666666667,0,False
GigaPath,3,0.25,456,3500,3000,750,0.9990702222222224,0.9889992360580596,0.0102867308587108,0.0301203696953999,0.0245933047394596,1.0366592870964253,0.0089214027514041,0.0089324446977792,1.112939015556321,0.0073639605918038,0.5083333333333333,0,False
GigaPath,3,0.5,42,7000,3000,1500,0.999176,0.9909997109907196,0.0079434660269231,0.0226468214918052,0.0151278122344794,1.1252392193609324,0.0054670157033867,0.0058299668755667,1.1177983461548089,0.0054408733588574,0.5056666666666667,0,False
GigaPath,3,0.5,123,7000,3000,1500,0.9991666666666666,0.9919998257739836,0.0080871773211061,0.021533373697351,0.0148915682962456,1.142319156425674,0.0054845722090693,0.0062305142189997,1.279036503005238,0.0071375562722514,0.5046666666666667,0,False
GigaPath,3,0.5,456,7000,3000,1500,0.999244888888889,0.9903329455770392,0.0081219452129723,0.0214309962972274,0.0154255899475133,1.1356265140929211,0.0050185541374229,0.0058816770032504,0.9977608376066192,0.0061834192458389,0.5063333333333333,0,False
GigaPath,3,1.0,42,14000,3000,3000,0.9992813333333334,0.99399995733303,0.0065050087312922,0.015280244521416,0.0097332491355465,1.272793822537361,0.0046394129575524,0.0038544380268074,1.272793822537361,0.0046394129575524,0.5026666666666667,0,False
GigaPath,3,1.0,123,14000,3000,3000,0.9992813333333334,0.99399995733303,0.0065050087312922,0.015280244521416,0.0097332491355465,1.272793822537361,0.0046394129575524,0.0038544380268074,1.272793822537361,0.0046394129575524,0.5026666666666667,0,False
GigaPath,3,1.0,456,14000,3000,3000,0.9992813333333334,0.99399995733303,0.0065050087312922,0.015280244521416,0.0097332491355465,1.272793822537361,0.0046394129575524,0.0038544380268074,1.272793822537361,0.0046394129575524,0.5026666666666667,0,False
GigaPath,4,0.01,42,140,3000,30,0.9976724444444444,0.9873318919841548,0.0505853423381676,0.1882314229378608,0.1719462045453776,0.4012569484456428,0.013760845714755,0.0141560197031015,0.100006639427806,0.0126734817312631,0.5106666666666667,0,False
GigaPath,4,0.01,123,140,3000,30,0.9976915555555556,0.9809931385230068,0.0476262503842292,0.1776452217283041,0.1631178870433282,0.4888150719626785,0.0226012497704649,0.0233937228529276,0.2808939994881901,0.0206323278705213,0.519,0,False
GigaPath,4,0.01,456,140,3000,30,0.9975644444444444,0.9789913140755194,0.0506770492133926,0.1800188756658152,0.1675138362229669,0.4552668089891514,0.0230703375312355,0.0230997322764388,0.1000053700033014,0.0217409558884153,0.5203333333333333,0,False
GigaPath,4,0.05,42,700,3000,150,0.9982386666666666,0.9873318919841548,0.0170515063671747,0.0760985319640855,0.0671987840750398,0.7735371826276138,0.0123607511537133,0.0129649449778037,0.8117857744295766,0.0123278932695628,0.5106666666666667,0,False
GigaPath,4,0.05,123,700,3000,150,0.998110222222222,0.987998799879988,0.0177346582449877,0.0765416007114082,0.0683029134463921,0.773943171027863,0.0129877759542073,0.0137238550114131,0.2902482398269747,0.01185383408825,0.51,0,False
GigaPath,4,0.05,456,700,3000,150,0.9981408888888889,0.9873317061613692,0.0189374887212655,0.0779026661478003,0.0684254162985603,0.752878494876892,0.013175044640621,0.0134134848861729,0.4545359033976479,0.0128402060088248,0.5113333333333333,0,False
GigaPath,4,0.1,42,1400,3000,300,0.9983613333333332,0.9896659490242378,0.0122952499415495,0.0509448000100479,0.0439234244775079,0.8871522439253656,0.0094444865622163,0.0098615495724212,1.0714165700841256,0.0098941287979226,0.5083333333333333,0,False
GigaPath,4,0.1,123,1400,3000,300,0.9981937777777776,0.9893326506229732,0.0130178794631595,0.0500822458844543,0.042852720837683,0.8995149205596964,0.0092843768781485,0.0095174049615869,0.6339344363542219,0.0092183565092642,0.508,0,False
GigaPath,4,0.1,456,1400,3000,300,0.9983333333333332,0.9876651741527392,0.0138637119736344,0.0518702630150278,0.0458457982363713,0.9275667971358936,0.0123665394831273,0.0129681731075929,1.0240012748451657,0.0122761087925189,0.511,0,False
GigaPath,4,0.25,42,3500,3000,750,0.9985373333333332,0.9906662518334148,0.009021976033961,0.0296314731895142,0.0235221450103001,1.0600649257457224,0.0067343512526587,0.0069693296969991,1.248836382141306,0.0079666085348132,0.5066666666666667,0,False
GigaPath,4,0.25,123,3500,3000,750,0.9983262222222222,0.9896662521685592,0.0093582410588463,0.0272075074372055,0.0226050421938885,1.1231527140998756,0.0076117550639242,0.0074488575329891,0.9196580202191922,0.0072145235468976,0.5063333333333333,0,False
GigaPath,4,0.25,456,3500,3000,750,0.99842,0.9906662518334148,0.0094490948858505,0.0280171894201918,0.0234724305205032,1.1289317683846682,0.0077478618848057,0.0083856915063991,1.21691049723101,0.008247400990305,0.5066666666666667,0,False
GigaPath,4,0.5,42,7000,3000,1500,0.9986613333333332,0.991666399065481,0.0077084055464462,0.0196792746804505,0.0157148512840717,1.1957002080483596,0.0069686356845606,0.0062706670837987,1.2247113903712852,0.0065536634319556,0.5056666666666667,0,False
GigaPath,4,0.5,123,7000,3000,1500,0.9985857777777778,0.9906663306545702,0.0077415687401804,0.0186621569003899,0.0143424773791986,1.2355832096257091,0.0067588075297,0.0063783068729086,1.130477223866991,0.0063090778052073,0.506,0,False
GigaPath,4,0.5,456,7000,3000,1500,0.9986591111111112,0.9909996389855192,0.0078662862964948,0.0192022164250295,0.0146924580874043,1.2201755720056275,0.0061324226756576,0.0064243709264518,1.222481435487084,0.0061296863641738,0.5063333333333333,0,False
GigaPath,4,1.0,42,14000,3000,3000,0.9989035555555555,0.9919998257739836,0.0065559099098467,0.0122166553454593,0.0094217338249825,1.322175561333054,0.0055419701192869,0.0047424418881814,1.322175561333054,0.0055419701192869,0.5046666666666667,0,False
GigaPath,4,1.0,123,14000,3000,3000,0.9989035555555555,0.9919998257739836,0.0065559099098467,0.0122166553454593,0.0094217338249825,1.322175561333054,0.0055419701192869,0.0047424418881814,1.322175561333054,0.0055419701192869,0.5046666666666667,0,False
GigaPath,4,1.0,456,14000,3000,3000,0.9989035555555555,0.9919998257739836,0.0065559099098467,0.0122166553454593,0.0094217338249825,1.322175561333054,0.0055419701192869,0.0047424418881814,1.322175561333054,0.0055419701192869,0.5046666666666667,0,False
H-Optimus-0,0,0.01,42,140,3000,30,0.9966635555555556,0.9763200699413972,0.0619392029633146,0.2094116800016746,0.1910699616110386,0.4839598569929344,0.0198402380788716,0.0218362585535431,0.1000052749944835,0.0238257139036759,0.5236666666666666,0,False
H-Optimus-0,0,0.01,123,140,3000,30,0.99784,0.972980302640625,0.0603390190184626,0.2109141001327566,0.1944631161945261,0.5073579845187166,0.0296969096456178,0.0310489190820003,0.2799111963479327,0.0295088384800562,0.527,0,False
H-Optimus-0,0,0.01,456,140,3000,30,0.9952391111111112,0.9676328285871308,0.0624237195848694,0.2014397012083376,0.1847944158886601,0.5499425367051327,0.0287054531119609,0.030041688893361,0.7440117183360497,0.0454185569139302,0.5323333333333333,0,False
H-Optimus-0,0,0.05,42,700,3000,150,0.998696888888889,0.9843294870929986,0.0204971087204045,0.0938784961749619,0.0828862986856112,0.8615128886364337,0.017400909078641,0.0172803018666312,0.100005877387794,0.0154718655343158,0.5156666666666667,0,False
H-Optimus-0,0,0.05,123,700,3000,150,0.9988973333333332,0.9833287024173382,0.0209581076885155,0.0939640559093581,0.0867613007347404,0.8646392564103531,0.0190409796497456,0.0205280201264841,0.8831961654874952,0.020824344743436,0.5166666666666667,0,False
H-Optimus-0,0,0.05,456,700,3000,150,0.9982782222222222,0.9853301776915568,0.0211805285792678,0.096295240777383,0.0846320041118369,0.8125334333046889,0.014481394940042,0.0163190002258988,1.0451163529335077,0.024699528195925,0.5146666666666667,0,False
H-Optimus-0,0,0.1,42,1400,3000,300,0.9989213333333332,0.989332119565604,0.0132575032238971,0.0634582810655033,0.0547757873382273,0.963701916566582,0.0107316326367715,0.0125739513823885,0.9101482022287573,0.0100902044078293,0.5106666666666667,0,False
H-Optimus-0,0,0.1,123,1400,3000,300,0.9990617777777778,0.9889988253190146,0.0133160841565217,0.0627407673583895,0.0553178676989018,0.9946879516543796,0.0142833451036242,0.0132007255638663,0.998835825844754,0.0143872786721434,0.5103333333333333,0,False
H-Optimus-0,0,0.1,456,1400,3000,300,0.9986431111111111,0.9889986688389296,0.0137116634779982,0.0641085122255126,0.0550130871707011,0.958085917043506,0.0110082203190465,0.0122857182012394,1.1391485950505025,0.0165557374572378,0.511,0,False
H-Optimus-0,0,0.25,42,3500,3000,750,0.9990346666666668,0.9913327786311656,0.0087263511663282,0.03763259066858,0.0302788843079329,1.1474777751502334,0.0091396866173708,0.0083037147102379,1.1859613274281071,0.0096789051689021,0.508,0,False
H-Optimus-0,0,0.25,123,3500,3000,750,0.9990982222222222,0.9909993749565942,0.0086977195716376,0.036459579142264,0.0299628100688171,1.1838177499027087,0.0103003880996393,0.0088489916751612,1.1970241141989413,0.0104853095308306,0.5083333333333333,0,False
H-Optimus-0,0,0.25,456,3500,3000,750,0.9987973333333332,0.9909993749565942,0.0091564567426116,0.0372244901100121,0.0312437708646695,1.1885280621494736,0.0101041970990143,0.0102079968943946,1.2027404444196312,0.0109449092399174,0.5083333333333333,0,False
H-Optimus-0,0,0.5,42,7000,3000,1500,0.9991284444444444,0.991666258313324,0.0068470805000645,0.0256594474254747,0.0189484190385474,1.266309729018002,0.0072553902561332,0.0058775599225588,1.274865236476042,0.0073811495360845,0.507,0,False
H-Optimus-0,0,0.5,123,7000,3000,1500,0.999064,0.99166617682306,0.0070397309712892,0.0248740005816329,0.0191100674073135,1.3211102667540005,0.007907261808752,0.0070740399976189,1.3186798339540926,0.0079193457586172,0.5076666666666667,0,False
H-Optimus-0,0,0.5,456,7000,3000,1500,0.9989475555555556,0.9913327786311656,0.007103822992809,0.0245344559191022,0.019396367358648,1.326971925604892,0.0085461095616653,0.0073571096005555,1.3165230954636895,0.0084037439115989,0.508,0,False
H-Optimus-0,0,1.0,42,14000,3000,3000,0.9993346666666668,0.9919996444286412,0.0059649617242837,0.0166403361217796,0.0122159650407281,1.4206080864105617,0.0064993358094961,0.0057178750696807,1.4206080864105617,0.0064993358094961,0.5066666666666667,0,False
H-Optimus-0,0,1.0,123,14000,3000,3000,0.9993346666666668,0.9919996444286412,0.0059649617242837,0.0166403361217796,0.0122159650407281,1.4206080864105617,0.0064993358094961,0.0057178750696807,1.4206080864105617,0.0064993358094961,0.5066666666666667,0,False
H-Optimus-0,0,1.0,456,14000,3000,3000,0.9993346666666668,0.9919996444286412,0.0059649617242837,0.0166403361217796,0.0122159650407281,1.4206080864105617,0.0064993358094961,0.0057178750696807,1.4206080864105617,0.0064993358094961,0.5066666666666667,0,False
H-Optimus-0,1,0.01,42,140,3000,30,0.9968684444444444,0.9829979427510728,0.0653427598832344,0.2160830595988201,0.1996850025825678,0.353497132240271,0.0141079171539356,0.0093148170943775,0.4257705227359777,0.0148927983588271,0.511,0,False
H-Optimus-0,1,0.01,123,140,3000,30,0.9964275555555556,0.9746528665606832,0.0641699198651399,0.2110841840672529,0.1948847676317968,0.4389136783143594,0.0231173364286863,0.0212563205917731,0.1000052749944835,0.0237519384268966,0.5233333333333333,0,False
H-Optimus-0,1,0.01,456,140,3000,30,0.9969644444444444,0.9819961271669106,0.0635677640109241,0.2144264875775721,0.1966193194999652,0.3862479345354215,0.0154733801238154,0.0124109119124474,0.1000033743186624,0.016683097251077,0.5146666666666667,0,False
H-Optimus-0,1,0.05,42,700,3000,150,0.9978253333333332,0.9863318738812,0.0234819808437185,0.0950485862937643,0.0799077356580775,0.6944975194384905,0.0107797691178422,0.0103967100776767,0.6114351283890189,0.0113986037145616,0.5103333333333333,0,False
H-Optimus-0,1,0.05,123,700,3000,150,0.9977946666666666,0.985997753417326,0.0237687898603683,0.0925936456043246,0.0786207991770946,0.7206967603520237,0.0120217080649179,0.0122118256657834,0.1000052749944835,0.0138098570297988,0.5126666666666667,0,False
H-Optimus-0,1,0.05,456,700,3000,150,0.9977848888888888,0.9873322298297984,0.023870222258299,0.0950389371735439,0.0797070018250329,0.6801192557504658,0.0103528536275664,0.0098938343319538,0.6217745576588954,0.0105380164669067,0.5093333333333333,0,False
H-Optimus-0,1,0.1,42,1400,3000,300,0.9980391111111112,0.9873320665399874,0.0164438671649282,0.0631845998512387,0.0492338858208099,0.8555579759617431,0.0093813917578266,0.00893677882154,1.0593794996763013,0.0113721343130182,0.51,0,False
H-Optimus-0,1,0.1,123,1400,3000,300,0.9982515555555556,0.9883322430462668,0.0162880344856524,0.0629774743929873,0.0508160268720999,0.8476666570079606,0.0100882619767965,0.0095412829754953,0.7983941300136466,0.0108400961292289,0.5096666666666667,0,False
H-Optimus-0,1,0.1,456,1400,3000,300,0.99822,0.9893324040671988,0.0167613170400213,0.0643493899422514,0.0542513238648336,0.8343597945328559,0.0095300376595915,0.0094072987639032,0.8316208952138582,0.0095341915121326,0.5093333333333333,0,False
H-Optimus-0,1,0.25,42,3500,3000,750,0.998522222222222,0.9883323882567822,0.0119022386566915,0.0372470241894112,0.0290819113090663,1.020405924609416,0.0079537057228926,0.0073883145120607,1.0267806257922645,0.0079625452024897,0.509,0,False
H-Optimus-0,1,0.25,123,3500,3000,750,0.9986786666666668,0.9889991089278232,0.0115044677510716,0.0358119698195798,0.0285015833192996,1.041479906131325,0.0084559971265547,0.0082890139239395,1.0701087495302646,0.0083610097865711,0.509,0,False
H-Optimus-0,1,0.25,456,3500,3000,750,0.998688,0.9896660592605944,0.0115073953217674,0.0373724269897606,0.0300794516234962,1.032057129981243,0.0083198412170441,0.0072915079638529,1.0930598444351876,0.0079170080162109,0.5076666666666667,0,False
H-Optimus-0,1,0.5,42,7000,3000,1500,0.9990146666666668,0.9899994621933002,0.0092612915492357,0.0249670223345453,0.0205423433209471,1.1578487319283104,0.0076816246886134,0.0066392875648075,1.151046011779223,0.0076451619961271,0.5073333333333333,0,False
H-Optimus-0,1,0.5,123,7000,3000,1500,0.9989942222222224,0.9906661647137468,0.0092516987253115,0.0242529938282622,0.0192165121985698,1.1562809057799337,0.0069208292162569,0.0065757189323696,1.279927721595077,0.006906388695976,0.5073333333333333,0,False
H-Optimus-0,1,0.5,456,7000,3000,1500,0.9990257777777778,0.9906660692951016,0.0092048254574187,0.0247137039482238,0.0220038697980624,1.1679961976286912,0.0075145199460642,0.0074528123465079,1.1396833887751607,0.0076290953378807,0.508,0,False
H-Optimus-0,1,1.0,42,14000,3000,3000,0.9993311111111112,0.991333021322101,0.00753008914768,0.0182421250206829,0.0150185766811601,1.2533922431296007,0.0063428196790574,0.0057124642732832,1.2533922431296007,0.0063428196790574,0.506,0,False
H-Optimus-0,1,1.0,123,14000,3000,3000,0.9993311111111112,0.991333021322101,0.00753008914768,0.0182421250206829,0.0150185766811601,1.2533922431296007,0.0063428196790574,0.0057124642732832,1.2533922431296007,0.0063428196790574,0.506,0,False
H-Optimus-0,1,1.0,456,14000,3000,3000,0.9993311111111112,0.991333021322101,0.00753008914768,0.0182421250206829,0.0150185766811601,1.2533922431296007,0.0063428196790574,0.0057124642732832,1.2533922431296007,0.0063428196790574,0.506,0,False
H-Optimus-0,2,0.01,42,140,3000,30,0.9980293333333332,0.975989072360043,0.0558040172388513,0.197467560425133,0.1852002367260835,0.5028316820348179,0.023451566571591,0.0247021018300284,0.5904019150716805,0.0309813879609206,0.5213333333333333,0,False
H-Optimus-0,2,0.01,123,140,3000,30,0.9973915555555556,0.9763235444343156,0.0552671905155923,0.1977892443735742,0.1821104104677231,0.5113360468862986,0.0217935052657164,0.023467278006589,0.1000055889217703,0.0221295337078979,0.5203333333333333,0,False
H-Optimus-0,2,0.01,456,140,3000,30,0.9967217777777776,0.9839968633852236,0.0603698638228337,0.2083662213040835,0.1911399786430473,0.4366174769348626,0.0124863044089157,0.0130768081091569,0.1000053351041915,0.0166333236476703,0.514,0,False
H-Optimus-0,2,0.05,42,700,3000,150,0.9991186666666666,0.9853318665199852,0.0196534838198263,0.0865958647546585,0.07914730548063,0.7912704789617093,0.0116256567177378,0.0134363031697039,0.7292875489229614,0.0111357868162361,0.51,0,False
H-Optimus-0,2,0.05,123,700,3000,150,0.9991595555555556,0.9829971265143808,0.0195687265089701,0.0877484600891256,0.0800265677211542,0.8074837459506997,0.0131132935619515,0.0150503841286155,0.9375787504808965,0.0177129618439922,0.513,0,False
H-Optimus-0,2,0.05,456,700,3000,150,0.9983044444444444,0.984330949896712,0.0195519764104202,0.0856557439628601,0.0755646304784362,0.8037820329418581,0.0118955497396538,0.0128038657637449,0.954157243795281,0.016272610093722,0.5123333333333333,0,False
H-Optimus-0,2,0.1,42,1400,3000,300,0.9992644444444444,0.9883327616386536,0.0133288956345963,0.0581239246250939,0.0510236650588105,0.892954351379641,0.0072131257702042,0.0088352126060964,0.9226689647129028,0.0080693952533937,0.507,0,False
H-Optimus-0,2,0.1,123,1400,3000,300,0.9993377777777778,0.9876656675857411,0.0138447344434115,0.0605323018341855,0.0544132483839084,0.9072023633696248,0.0096846032258985,0.0117629747170448,0.9540288487776412,0.0108329076333834,0.509,0,False
H-Optimus-0,2,0.1,456,1400,3000,300,0.9986724444444444,0.9879990985989616,0.0134424821704484,0.0570659818766234,0.0480295719079536,0.96408994282909,0.0096051009231601,0.0114464603290694,1.1117305599917946,0.0116745495811767,0.5086666666666667,0,False
H-Optimus-0,2,0.25,42,3500,3000,750,0.9993502222222224,0.9896663348411966,0.0093567887094198,0.0326163512136808,0.0281916533859083,1.1101277210887883,0.006107502335322,0.0066797286638487,1.1762729097320093,0.0066759358091058,0.5056666666666667,0,False
H-Optimus-0,2,0.25,123,3500,3000,750,0.9993337777777778,0.9903329455770392,0.0092827545282377,0.0335014948737125,0.0295903923679323,1.1208809112545646,0.0066694209941825,0.0084696809014705,1.2585004258376573,0.008355384933788,0.5063333333333333,0,False
H-Optimus-0,2,0.25,456,3500,3000,750,0.9990466666666666,0.9889993534064392,0.0095770135340054,0.0325451444070866,0.0280522179332152,1.1516930034302106,0.0081452218791523,0.0090613060802386,1.2345139602714763,0.0076605282862047,0.5076666666666667,0,False
H-Optimus-0,2,0.5,42,7000,3000,1500,0.9995186666666668,0.9916665546281234,0.0075212450382757,0.0222947399720993,0.0185947443806794,1.2068568856681614,0.0041911976409955,0.0052408990744617,1.2476383097812331,0.0051714320651056,0.5036666666666667,0,False
H-Optimus-0,2,0.5,123,7000,3000,1500,0.9994795555555556,0.9919998257739836,0.0074323662631592,0.0223239290904099,0.0194117366961229,1.2126726374634698,0.0047796474098864,0.0063983194232212,1.336505307384537,0.0068497602764628,0.5046666666666667,0,False
H-Optimus-0,2,0.5,456,7000,3000,1500,0.999318222222222,0.992333189367667,0.0077070131311288,0.0223860822566168,0.0192386088581356,1.2487145169408425,0.0060028800843913,0.0067198529108076,1.2410703792792777,0.0060304383805111,0.5043333333333333,0,False
H-Optimus-0,2,1.0,42,14000,3000,3000,0.999550222222222,0.9929999618886812,0.006353740800636,0.014265663450063,0.0113965446220406,1.328964345145537,0.0039486995508977,0.0037191496051112,1.328964345145537,0.0039486995508977,0.5023333333333333,0,False
H-Optimus-0,2,1.0,123,14000,3000,3000,0.999550222222222,0.9929999618886812,0.006353740800636,0.014265663450063,0.0113965446220406,1.328964345145537,0.0039486995508977,0.0037191496051112,1.328964345145537,0.0039486995508977,0.5023333333333333,0,False
H-Optimus-0,2,1.0,456,14000,3000,3000,0.999550222222222,0.9929999618886812,0.006353740800636,0.014265663450063,0.0113965446220406,1.328964345145537,0.0039486995508977,0.0037191496051112,1.328964345145537,0.0039486995508977,0.5023333333333333,0,False
H-Optimus-0,3,0.01,42,140,3000,30,0.996307111111111,0.9729974767642176,0.0556701630344503,0.1770357459543256,0.1718758328920772,0.4167672502178107,0.0078786184603847,0.0066163875772219,0.1000052749944835,0.021488173270711,0.5096666666666667,0,False
H-Optimus-0,3,0.01,123,140,3000,30,0.9983257777777778,0.979659323682516,0.0565333551854183,0.201922522265096,0.1867342875303125,0.3947948112336494,0.0164904465908075,0.0194235187636142,0.1000052749944835,0.0198049688417706,0.519,0,False
H-Optimus-0,3,0.01,456,140,3000,30,0.9985155555555556,0.978658129918634,0.0541314257929362,0.1979745673318691,0.1821294907440458,0.4417012074161532,0.0214422153007495,0.0220574307764978,0.1000033606863641,0.0218982888589815,0.52,0,False
H-Optimus-0,3,0.05,42,700,3000,150,0.998488,0.9813289435605084,0.0219304810620655,0.0818195268229437,0.0709992477289782,0.7443234423805584,0.0120406673663695,0.0126294248595872,0.1000052749944835,0.0172149884932879,0.5153333333333333,0,False
H-Optimus-0,3,0.05,123,700,3000,150,0.9987302222222222,0.9856642439238898,0.0204578975939533,0.0866217834692944,0.0752210507233124,0.7201353370110561,0.0117456145543202,0.0126300540107546,0.5214123141471265,0.0128441645037288,0.513,0,False
H-Optimus-0,3,0.05,456,700,3000,150,0.9990022222222222,0.9846639402560456,0.0206727499455591,0.0873840876560033,0.0774282655794994,0.711546472265745,0.0127739567900181,0.0135524532929892,0.7996796947548799,0.0140029529387187,0.5133333333333333,0,False
H-Optimus-0,3,0.1,42,1400,3000,300,0.9987604444444445,0.9859982015467764,0.0155340187705726,0.0590930003295773,0.0470355536742381,0.8696869226431777,0.0106029696532109,0.0092084880540152,0.1000052749944835,0.0130206514230535,0.5113333333333333,0,False
H-Optimus-0,3,0.1,123,1400,3000,300,0.999008888888889,0.9889991089278232,0.0141886194561985,0.0591464566623103,0.0492912481790062,0.8116279955603678,0.0074048455668879,0.0083523009803204,0.6070488704538471,0.0085466919265334,0.509,0,False
H-Optimus-0,3,0.1,456,1400,3000,300,0.9991631111111112,0.9889991089278232,0.0144702214033386,0.0593631374923305,0.0502049583207966,0.8003036138168201,0.0078524699498154,0.0085089000527111,0.8019482644785564,0.0078441214310321,0.509,0,False
H-Optimus-0,3,0.25,42,3500,3000,750,0.9991155555555556,0.99099955897839,0.0100568916109458,0.0347477869720763,0.0266304511880207,1.0096226390397427,0.0067635498656826,0.0072022961302114,1.0475093311497037,0.006232653435546,0.507,0,False
H-Optimus-0,3,0.25,123,3500,3000,750,0.9992457777777778,0.991333021322101,0.0095987660326675,0.0362813892211672,0.0279490096400033,1.001612114919225,0.0054961908737036,0.0065927580975645,0.955514903665132,0.0057369780294144,0.506,0,False
H-Optimus-0,3,0.25,456,3500,3000,750,0.9992857777777778,0.991666458328125,0.0097706279968224,0.0342835420258624,0.0270893142664325,1.0068918983368664,0.0054366139192094,0.0063715002203533,0.9727589439670916,0.005760522639727,0.505,0,False
H-Optimus-0,3,0.5,42,7000,3000,1500,0.9993355555555556,0.9936665815173736,0.0075688329305566,0.0242078251857583,0.0160377776000103,1.1346119742488052,0.0043543891283498,0.0041736590702475,1.1506875882404786,0.0048075291219425,0.5036666666666667,0,False
H-Optimus-0,3,0.5,123,7000,3000,1500,0.999364,0.9926665069594848,0.0077502871910385,0.0242657235794883,0.0174617930502553,1.1406190536755616,0.0047794406337047,0.0048270559616987,1.240887936833828,0.006104964291016,0.5046666666666667,0,False
H-Optimus-0,3,0.5,456,7000,3000,1500,0.9993911111111112,0.9929998685530872,0.0076776539681724,0.0248838405647558,0.017753819624163,1.1387833067839983,0.004895935311469,0.0048529782277409,0.9839630311922184,0.0052862982846509,0.5043333333333333,0,False
H-Optimus-0,3,1.0,42,14000,3000,3000,0.9995084444444444,0.9943332823328744,0.0063456390153456,0.0161617914045732,0.0117786960570725,1.2785357201449812,0.0051840741838099,0.0044705492955349,1.2785357201449812,0.0051840741838099,0.503,0,False
H-Optimus-0,3,1.0,123,14000,3000,3000,0.9995084444444444,0.9943332823328744,0.0063456390153456,0.0161617914045732,0.0117786960570725,1.2785357201449812,0.0051840741838099,0.0044705492955349,1.2785357201449812,0.0051840741838099,0.503,0,False
H-Optimus-0,3,1.0,456,14000,3000,3000,0.9995084444444444,0.9943332823328744,0.0063456390153456,0.0161617914045732,0.0117786960570725,1.2785357201449812,0.0051840741838099,0.0044705492955349,1.2785357201449812,0.0051840741838099,0.503,0,False
H-Optimus-0,4,0.01,42,140,3000,30,0.9887195555555556,0.9609729368999104,0.0692710600577179,0.1832309896055697,0.1809718122812053,0.5001776219018436,0.0224302338505723,0.0244589448447033,0.1000047283497253,0.0339004585763283,0.5263333333333333,0,False
H-Optimus-0,4,0.01,123,140,3000,30,0.9914204444444444,0.9676342109726698,0.062730967295446,0.1822039960947934,0.1780539578163405,0.5120179954272438,0.0299437097068254,0.0312579097187122,0.7551791160856047,0.0362564030195441,0.5316666666666666,0,False
H-Optimus-0,4,0.01,456,140,3000,30,0.986744,0.9616159955158582,0.0661810345995281,0.1728285825765435,0.1725449623172658,0.5703598778449404,0.0316776292258856,0.0316895358612695,0.5585355565831236,0.0318925735263959,0.5363333333333333,0,False
H-Optimus-0,4,0.05,42,700,3000,150,0.9937306666666668,0.9729840035283114,0.0283804507859159,0.0814749367120496,0.0772910523313194,0.8439629541403386,0.0201649613849139,0.0222215092138187,0.9818021277801452,0.0188088234551386,0.5243333333333333,0,False
H-Optimus-0,4,0.05,123,700,3000,150,0.9945431111111112,0.9753206536336002,0.0281767099447128,0.0834944587128821,0.0793916817055525,0.8216814452887414,0.0210594790569759,0.0225598460101804,0.7827179062502961,0.0213851628069936,0.5226666666666666,0,False
H-Optimus-0,4,0.05,456,700,3000,150,0.9927244444444444,0.9706478290956508,0.0308024857665207,0.0801065386468,0.0763281175339224,0.866991623753063,0.0211076321781475,0.021779473691878,0.8751167079111863,0.0208089280324202,0.5253333333333333,0,False
H-Optimus-0,4,0.1,42,1400,3000,300,0.994968,0.9746543993959744,0.021701796923581,0.0585313154412991,0.0523855902739087,0.97507876105117,0.0179112902473414,0.0179748116196601,1.0596491119663936,0.0173486354334977,0.522,0,False
H-Optimus-0,4,0.1,123,1400,3000,300,0.994908,0.976657329598506,0.0218237762458345,0.0578509739973491,0.0516155042273809,0.9648982246470442,0.0169571970211266,0.0170086530631553,0.8721897412156444,0.0175720032496273,0.52,0,False
H-Optimus-0,4,0.1,456,1400,3000,300,0.9942057777777776,0.973317098270014,0.0233979377930064,0.0583853886726247,0.0533914589986501,1.0043946002472623,0.0201682297613186,0.0211562467480785,1.13389020357841,0.0190759955758283,0.5246666666666666,0,False
H-Optimus-0,4,0.25,42,3500,3000,750,0.9965128888888888,0.9809960957534498,0.0162351962208381,0.0359480297933541,0.0292934706347788,1.1143404028520316,0.0124840526353324,0.0126001830403706,1.2648932849005254,0.0119013275096702,0.5143333333333333,0,False
H-Optimus-0,4,0.25,123,3500,3000,750,0.9962053333333332,0.9803289073374843,0.016208763117279,0.0349812554929647,0.0289775743037107,1.1600956399894229,0.0130695687348273,0.0134159418178966,1.122016008329084,0.0132113029270995,0.515,0,False
H-Optimus-0,4,0.25,456,3500,3000,750,0.9965462222222222,0.979661240737668,0.0163664630749235,0.0348557915702415,0.0299168621926289,1.156668246921455,0.0147385388852912,0.0137358741122733,1.2534527943440648,0.0141140774875886,0.5163333333333333,0,False
H-Optimus-0,4,0.5,42,7000,3000,1500,0.997392,0.9846644583486688,0.0133917646559221,0.0245861393580593,0.0189924115745611,1.2526888868802466,0.011226536429952,0.0111647312288349,1.3198787858311125,0.0106245754730704,0.512,0,False
H-Optimus-0,4,0.5,123,7000,3000,1500,0.9973293333333332,0.9853312210291616,0.0134305493501619,0.0241233249973959,0.0185895357575136,1.2673811037588498,0.0106441895627814,0.0109223130119352,1.2622853526597202,0.0106662323624307,0.512,0,False
H-Optimus-0,4,0.5,456,7000,3000,1500,0.9974906666666666,0.9843306852191354,0.0133892702772778,0.0243791963626984,0.0188783813038489,1.2531847912294527,0.01059464778452,0.0109614672841733,1.30293165554024,0.0104176923403109,0.513,0,False
H-Optimus-0,4,1.0,42,14000,3000,3000,0.9981711111111112,0.9869987851086974,0.0113459586928716,0.0169416721095457,0.0139912803358797,1.3554139489901802,0.0106303300371844,0.0088654923020997,1.3554139489901802,0.0106303300371844,0.5096666666666667,0,False
H-Optimus-0,4,1.0,123,14000,3000,3000,0.9981711111111112,0.9869987851086974,0.0113459586928716,0.0169416721095457,0.0139912803358797,1.3554139489901802,0.0106303300371844,0.0088654923020997,1.3554139489901802,0.0106303300371844,0.5096666666666667,0,False
H-Optimus-0,4,1.0,456,14000,3000,3000,0.9981711111111112,0.9869987851086974,0.0113459586928716,0.0169416721095457,0.0139912803358797,1.3554139489901802,0.0106303300371844,0.0088654923020997,1.3554139489901802,0.0106303300371844,0.5096666666666667,0,False
MIDNIGHT,0,0.01,42,140,3000,30,0.9951186666666668,0.9739874099063948,0.0410549563379728,0.137170711379682,0.1248949913202703,0.6800624499652685,0.0146194602482132,0.0161580397911364,0.5264502386444727,0.0181736808245611,0.522,0,False
MIDNIGHT,0,0.01,123,140,3000,30,0.9963835555555556,0.974653644272346,0.0395890093563887,0.1369526309012291,0.126774871160786,0.679728856767525,0.0181809307663121,0.0211580417667693,0.1000052749944835,0.0248642497543607,0.5226666666666666,0,False
MIDNIGHT,0,0.01,456,140,3000,30,0.993144,0.9659621802002224,0.0430450943995385,0.1277367291041867,0.1178495770078846,0.7973142199181962,0.0247923317815193,0.0250828195815899,1.0599860264375165,0.0376181213105293,0.5333333333333333,0,False
MIDNIGHT,0,0.05,42,700,3000,150,0.9970577777777776,0.9793288867471936,0.020296100225609,0.0528511285049728,0.0483603109022268,1.0747361725244609,0.0108527462537163,0.0122737005718744,0.1000045681365336,0.0205700827083859,0.5146666666666667,0,False
MIDNIGHT,0,0.05,123,700,3000,150,0.9974915555555556,0.98032850507419,0.0199353515507844,0.056410549635646,0.0531448366712173,1.0560297809323846,0.013944848294847,0.0143337081422614,1.197428349142677,0.0173435686931784,0.5156666666666667,0,False
MIDNIGHT,0,0.05,456,700,3000,150,0.996972,0.9783270698565218,0.021190955924559,0.0602601160642122,0.0549161693330906,1.0263610519863249,0.0129655671693108,0.0147629776680137,1.0074908072819475,0.0128139542234041,0.517,0,False
MIDNIGHT,0,0.1,42,1400,3000,300,0.9976302222222224,0.9829984112959887,0.0161817582164386,0.0382180527140057,0.0325041162211883,1.1534363433409005,0.0061077383117579,0.0071474743001737,1.0125670673019012,0.0079752594984826,0.5096666666666667,0,False
MIDNIGHT,0,0.1,123,1400,3000,300,0.9978022222222224,0.9836649224433852,0.0159054091446717,0.0368141914882549,0.0337704716655294,1.1993229675099333,0.0091599460863596,0.0102094171600882,1.143464387165302,0.0093689500165754,0.5103333333333333,0,False
MIDNIGHT,0,0.1,456,1400,3000,300,0.9974515555555556,0.9826646942941064,0.0165560806528076,0.0412276880043261,0.0347686731275073,1.160323449674081,0.0087166212532464,0.0085596874225291,0.9364497100452044,0.011011856972523,0.5106666666666667,0,False
MIDNIGHT,0,0.25,42,3500,3000,750,0.998204,0.9866658132787164,0.0124473605122552,0.0248661661107559,0.0199178873818544,1.3212170510188834,0.0078637520396655,0.0062649634564951,1.391281002893006,0.0086283388840584,0.508,0,False
MIDNIGHT,0,0.25,123,3500,3000,750,0.998315111111111,0.9863323841933468,0.0126041798478816,0.0237646390621913,0.0199330636612913,1.3219715837470036,0.0086492147638848,0.0061716848600762,1.2268811307212515,0.006123464076149,0.5083333333333333,0,False
MIDNIGHT,0,0.25,456,3500,3000,750,0.9981524444444444,0.9856651360217464,0.0128155132691189,0.0249467999532354,0.0225568820688376,1.3376704468365523,0.0078308221092118,0.0085148392623568,1.1089129039726475,0.0097975366149085,0.5103333333333333,0,False
MIDNIGHT,0,0.5,42,7000,3000,1500,0.998592,0.9886661629405752,0.0104887817375812,0.0173436208273153,0.0137588708790959,1.4289967648741333,0.0059447133816927,0.0051988966721083,1.4635561817153049,0.0071973479596392,0.5066666666666667,0,False
MIDNIGHT,0,0.5,123,7000,3000,1500,0.998584,0.9879993546319602,0.0104470244148671,0.0167870068770836,0.014585768051893,1.448905400281015,0.0063615420362386,0.0064155685999769,1.4094916207028647,0.0052423433226464,0.5073333333333333,0,False
MIDNIGHT,0,0.5,456,7000,3000,1500,0.9986306666666668,0.9883323882567822,0.0105633153095024,0.0190203232846226,0.0167182899951939,1.4463158459592984,0.0075854392474536,0.0077999005750716,1.356479474916593,0.007628950278302,0.509,0,False
MIDNIGHT,0,1.0,42,14000,3000,3000,0.9989724444444444,0.9899994621933002,0.0088284761897008,0.0139855448972634,0.0118349834562743,1.520224954014857,0.0043842659334022,0.0059418603232159,1.520224954014857,0.0043842659334022,0.5073333333333333,0,False
MIDNIGHT,0,1.0,123,14000,3000,3000,0.9989724444444444,0.9899994621933002,0.0088284761897008,0.0139855448972634,0.0118349834562743,1.520224954014857,0.0043842659334022,0.0059418603232159,1.520224954014857,0.0043842659334022,0.5073333333333333,0,False
MIDNIGHT,0,1.0,456,14000,3000,3000,0.9989724444444444,0.9899994621933002,0.0088284761897008,0.0139855448972634,0.0118349834562743,1.520224954014857,0.0043842659334022,0.0059418603232159,1.520224954014857,0.0043842659334022,0.5073333333333333,0,False
MIDNIGHT,1,0.01,42,140,3000,30,0.9866324444444444,0.952314889792374,0.0659907945988015,0.1570677144582747,0.1530552358762293,0.6611000620470322,0.0199845286352528,0.0151519980778043,0.2372001979190417,0.0322829901243895,0.5196666666666667,0,False
MIDNIGHT,1,0.01,123,140,3000,30,0.9898324444444444,0.9496025555175688,0.0643643957062012,0.1618499494738319,0.1611552410720101,0.6728087028900082,0.0351026810886708,0.0353693178947985,0.7747137133911229,0.0362597239922581,0.5356666666666666,0,False
MIDNIGHT,1,0.01,456,140,3000,30,0.9883591111111112,0.9522679882091916,0.0640201432736515,0.1571641021926279,0.1545566506444673,0.711720299059313,0.0312296580898255,0.0320848353532396,0.7859052908540749,0.0323695017502169,0.537,0,False
MIDNIGHT,1,0.05,42,700,3000,150,0.9930591111111112,0.9709916165771908,0.0332496632764014,0.0783459611285797,0.0702748486400304,0.9310671267872525,0.0171610683976111,0.0152491116033533,0.8468343414344143,0.0162896304151307,0.517,0,False
MIDNIGHT,1,0.05,123,700,3000,150,0.9932848888888888,0.9689923893542316,0.0331593547209864,0.0767938752380761,0.0697810593459441,0.94178009254342,0.0159306954635132,0.0121575703446865,0.69955158648072,0.0167852137461451,0.5156666666666667,0,False
MIDNIGHT,1,0.05,456,700,3000,150,0.9921684444444444,0.966322822311986,0.0348564056045921,0.0747688007913249,0.0670666335960117,0.9947455918062792,0.0165821825512134,0.0140468364160478,0.8296711981760051,0.0161660554159225,0.5176666666666667,0,False
MIDNIGHT,1,0.1,42,1400,3000,300,0.9943871111111112,0.9736590541333112,0.0265892017308037,0.0554868790604035,0.0473012898560093,1.0686802666769313,0.014017303849422,0.0142985368507443,1.2032702649942912,0.0143624887217266,0.517,0,False
MIDNIGHT,1,0.1,123,1400,3000,300,0.9946013333333332,0.9736607403332416,0.0265149918396437,0.053861653940825,0.0451663458884221,1.0805498093130996,0.0134700275045808,0.0142210355590127,0.9152820327836968,0.0145388173384147,0.515,0,False
MIDNIGHT,1,0.1,456,1400,3000,300,0.9940151111111112,0.9726596675415572,0.027655502310911,0.0532840410830169,0.0455369613708803,1.111095845843038,0.0141702636458427,0.0138669944578186,1.0177890143753374,0.0144867358299727,0.516,0,False
MIDNIGHT,1,0.25,42,3500,3000,750,0.9959546666666668,0.9793292818725804,0.0202021270836355,0.0363653910288997,0.0286338857178082,1.1751299565401765,0.0126315198118645,0.011704647957885,1.1819749874852763,0.012113707150919,0.514,0,False
MIDNIGHT,1,0.25,123,3500,3000,750,0.9958853333333332,0.977995266537335,0.0206833703346074,0.034480625040871,0.0265516618967715,1.2552217443168436,0.014204081356107,0.0141520335897177,1.1481997709163954,0.0142007683304225,0.5146666666666667,0,False
MIDNIGHT,1,0.25,456,3500,3000,750,0.9955675555555556,0.9769943533918491,0.0212331541413301,0.0355485937629291,0.0275415348145293,1.23160483398356,0.014489226036742,0.012686354916242,1.2700238869770082,0.0143530891633917,0.5156666666666667,0,False
MIDNIGHT,1,0.5,42,7000,3000,1500,0.9970102222222222,0.9813296739494274,0.0167615995831648,0.0277495965974266,0.0240606414138788,1.2756981891557808,0.0123003400409825,0.0114209216506546,1.2608802042952203,0.012363261388298,0.514,0,False
MIDNIGHT,1,0.5,123,7000,3000,1500,0.9969528888888888,0.9813296739494274,0.0169163004831517,0.026083546040503,0.0204627462081353,1.310379497949138,0.011614462854251,0.0106220444427989,1.2964757964719964,0.0120159032789642,0.514,0,False
MIDNIGHT,1,0.5,456,7000,3000,1500,0.9967986666666668,0.9806632290184922,0.0172325804970835,0.0256684256455279,0.020618824813062,1.2956810108176149,0.0115753620752962,0.0107004075463104,1.2507474075403813,0.0117066138105478,0.5133333333333333,0,False
MIDNIGHT,1,1.0,42,14000,3000,3000,0.9977724444444444,0.983664443215882,0.0140998244840035,0.0198959843013785,0.019261402150315,1.3185868437160906,0.0088094486136803,0.0090040136976616,1.3185868437160906,0.0088094486136803,0.5116666666666667,0,False
MIDNIGHT,1,1.0,123,14000,3000,3000,0.9977724444444444,0.983664443215882,0.0140998244840035,0.0198959843013785,0.019261402150315,1.3185868437160906,0.0088094486136803,0.0090040136976616,1.3185868437160906,0.0088094486136803,0.5116666666666667,0,False
MIDNIGHT,1,1.0,456,14000,3000,3000,0.9977724444444444,0.983664443215882,0.0140998244840035,0.0198959843013785,0.019261402150315,1.3185868437160906,0.0088094486136803,0.0090040136976616,1.3185868437160906,0.0088094486136803,0.5116666666666667,0,False
MIDNIGHT,2,0.01,42,140,3000,30,0.9936275555555556,0.971982018682212,0.042039687325433,0.141809090733016,0.1283971369048321,0.7753060777339797,0.022111452811725,0.0236094146312372,0.57100507077693,0.0246825266984,0.5253333333333333,0,False
MIDNIGHT,2,0.01,123,140,3000,30,0.9960871111111111,0.974322009339452,0.0422668099031626,0.147922198803626,0.1398542533214907,0.6959858723487884,0.0177406471309025,0.0202963020429228,0.1000061698286037,0.0254695036084891,0.521,0,False
MIDNIGHT,2,0.01,456,140,3000,30,0.9899528888888888,0.9743234021958938,0.045849149176645,0.1492245523824407,0.138573320396806,0.7207556291426171,0.0164815117466234,0.016785975954633,0.5970999810621926,0.0166885809539722,0.5196666666666667,0,False
MIDNIGHT,2,0.05,42,700,3000,150,0.9972697777777776,0.9766585334623265,0.0216728172440531,0.0637008854961144,0.059407009608893,1.0686993435679646,0.0161516579684381,0.0166998476873109,0.889454751432487,0.0159534720670069,0.5186666666666667,0,False
MIDNIGHT,2,0.05,123,700,3000,150,0.9972706666666666,0.9776624945170314,0.0212160029287131,0.0615127667056719,0.0560139397345203,1.040874468892516,0.0115656699456605,0.0132046037139243,1.1337221021671329,0.0141119175204246,0.5136666666666667,0,False
MIDNIGHT,2,0.05,456,700,3000,150,0.995881777777778,0.9746558418951384,0.0222329103559033,0.0580713534108811,0.0547674920185802,1.1428502922257195,0.0159305410322726,0.0176735441742516,1.2544073813606809,0.0182253616246397,0.5206666666666667,0,False
MIDNIGHT,2,0.1,42,1400,3000,300,0.9975377777777776,0.9783288811223548,0.0178165861365803,0.0426055928673882,0.0404524144317941,1.1713707278074517,0.0105872386603253,0.0119180616376421,1.1639745481927684,0.0105503622167847,0.5143333333333333,0,False
MIDNIGHT,2,0.1,123,1400,3000,300,0.997639111111111,0.9783296710477404,0.0179001980769491,0.0444480753397242,0.0396173128415103,1.164738522055115,0.0109535750963275,0.0110188633342296,1.2073367045153691,0.0121943377807834,0.513,0,False
MIDNIGHT,2,0.1,456,1400,3000,300,0.9967075555555556,0.9769938624737556,0.0185108813249679,0.0388363370055526,0.0367151579279838,1.2575379147701289,0.0119764993252784,0.0139828512139722,1.3470640523019843,0.0129121510576288,0.5163333333333333,0,False
MIDNIGHT,2,0.25,42,3500,3000,750,0.9978808888888888,0.9799974307811092,0.0149853391017521,0.0241391557631854,0.023877414322898,1.375215005864879,0.007337652960841,0.0100053355082714,1.4904744507522694,0.0103229966035347,0.5113333333333333,0,False
MIDNIGHT,2,0.25,123,3500,3000,750,0.998048,0.979662868142372,0.0150047780882023,0.0263437505663251,0.0244873347919342,1.3790599368525596,0.0093279401303431,0.0100717788905269,1.5631324645374065,0.0133394797489878,0.5136666666666667,0,False
MIDNIGHT,2,0.25,456,3500,3000,750,0.997616,0.9799967905961802,0.0152567292137778,0.023763237426552,0.0236695869089445,1.4227888444792285,0.0085652760791482,0.0103808510743177,1.536187490356001,0.0119099442279139,0.5126666666666667,0,False
MIDNIGHT,2,0.5,42,7000,3000,1500,0.998268,0.981998199819982,0.0133177591297604,0.0196660481090153,0.0161630045765387,1.4726427293651765,0.0076988215468517,0.0071526406551916,1.5666827769212597,0.0095831372262232,0.51,0,False
MIDNIGHT,2,0.5,123,7000,3000,1500,0.998164,0.982331446724478,0.013461102885487,0.0185494669801179,0.0168217948705401,1.4756787927723989,0.0082966572265763,0.0076156448150825,1.7039915499885596,0.0117067236122182,0.5103333333333333,0,False
MIDNIGHT,2,0.5,456,7000,3000,1500,0.9982164444444444,0.9823309283763624,0.0135089506559577,0.0176982261643705,0.0172101625568921,1.5377969497183652,0.0078155350078424,0.0096854149922148,1.538255193365495,0.0078226065761711,0.5116666666666667,0,False
MIDNIGHT,2,1.0,42,14000,3000,3000,0.9985155555555556,0.982998622888454,0.0120755595439543,0.0135289203138162,0.0117346911271369,1.570741296693197,0.0070649284524997,0.0059819934614822,1.570741296693197,0.0070649284524997,0.509,0,False
MIDNIGHT,2,1.0,123,14000,3000,3000,0.9985155555555556,0.982998622888454,0.0120755595439543,0.0135289203138162,0.0117346911271369,1.570741296693197,0.0070649284524997,0.0059819934614822,1.570741296693197,0.0070649284524997,0.509,0,False
MIDNIGHT,2,1.0,456,14000,3000,3000,0.9985155555555556,0.982998622888454,0.0120755595439543,0.0135289203138162,0.0117346911271369,1.570741296693197,0.0070649284524997,0.0059819934614822,1.570741296693197,0.0070649284524997,0.509,0,False
MIDNIGHT,3,0.01,42,140,3000,30,0.9897546666666668,0.9396383302161292,0.0552657624534617,0.129896807335509,0.1327761625991146,0.7517471038501403,0.038797062679084,0.0363645476833999,0.7862503389431934,0.0384551111412386,0.5216666666666666,0,False
MIDNIGHT,3,0.01,123,140,3000,30,0.9937697777777778,0.9683255590177632,0.0493927181452865,0.1489734469776028,0.1434303910026632,0.5742788732604791,0.013107026680261,0.0082068294081401,0.1000052749944835,0.0272708854891824,0.5156666666666667,0,False
MIDNIGHT,3,0.01,456,140,3000,30,0.9929017777777778,0.9643195329215668,0.0499180784062159,0.138594904515133,0.1360527121807005,0.659394000528757,0.0188397189021456,0.0155675392160235,0.100005876218359,0.0340126939406678,0.5196666666666667,0,False
MIDNIGHT,3,0.05,42,700,3000,150,0.9948555555555556,0.9769938624737556,0.0271427069467996,0.0664712307218259,0.0546731864515686,0.9276893347009796,0.0131455999772093,0.0118853389291819,0.8996483343042626,0.0134170813409832,0.5163333333333333,0,False
MIDNIGHT,3,0.05,123,700,3000,150,0.9960311111111112,0.9746558418951384,0.0251606211746986,0.0649591374869248,0.055158279522534,0.9300320124475384,0.0138548845751793,0.0140345659943038,0.6622445556653854,0.0170857391514184,0.5206666666666667,0,False
MIDNIGHT,3,0.05,456,700,3000,150,0.9954755555555556,0.9756578791610436,0.0266138628218612,0.0651065006600604,0.0560178071863598,0.9360074786645912,0.0132151190102266,0.0128414123344783,1.26725296164168,0.0206329203110741,0.519,0,False
MIDNIGHT,3,0.1,42,1400,3000,300,0.9961248888888888,0.9783275516057116,0.0211271285872652,0.045257711930869,0.0369752051149693,1.0723111726510002,0.0116457480175638,0.0120575942591858,0.9048435304169308,0.012682775126456,0.5163333333333333,0,False
MIDNIGHT,3,0.1,123,1400,3000,300,0.9969373333333332,0.9776611837283172,0.0201318101347407,0.0483897097672094,0.0391076184358449,1.0034928578636504,0.0116687840664797,0.0100101077128018,1.1820496035271364,0.0119582726959714,0.5156666666666667,0,False
MIDNIGHT,3,0.1,456,1400,3000,300,0.9962511111111112,0.9776616405357872,0.0216768126358366,0.0483517476636214,0.0379352133496106,1.0253833424792007,0.0102460645636213,0.0078809298908539,1.0721760299327183,0.010799359929281,0.515,0,False
MIDNIGHT,3,0.25,42,3500,3000,750,0.9971586666666664,0.9799960792315294,0.0168482820655254,0.0265113982300225,0.0224867443625225,1.2360473707597386,0.0100983159546164,0.010569334222947,1.2980760775388722,0.0091371871679031,0.514,0,False
MIDNIGHT,3,0.25,123,3500,3000,750,0.9976262222222222,0.9796624884379024,0.0161554722593017,0.0295039638132878,0.0256244006644388,1.1717500551765112,0.0086886717980177,0.0100582649867759,1.3597049379246515,0.0098508767791931,0.5143333333333333,0,False
MIDNIGHT,3,0.25,456,3500,3000,750,0.9974075555555556,0.9803296593508188,0.0165240088145786,0.029690515139122,0.0253331541805673,1.1658205471927083,0.0083954164190236,0.0097895084999386,1.1826404917838105,0.0085412462457171,0.5136666666666667,0,False
MIDNIGHT,3,0.5,42,7000,3000,1500,0.9977262222222222,0.9823311954079776,0.0141991406966892,0.0218549309539954,0.0178210279238511,1.2776276411985208,0.0070240356803055,0.0088244333496368,1.2587878215527522,0.0077293883871131,0.511,0,False
MIDNIGHT,3,0.5,123,7000,3000,1500,0.9979617777777778,0.9816638775387057,0.0140141691320822,0.0228143678754555,0.0186471899708685,1.2744294117459838,0.0085381050955127,0.0088311177514436,1.385225061251356,0.0092908556937248,0.5123333333333333,0,False
MIDNIGHT,3,0.5,456,7000,3000,1500,0.9979057777777778,0.983664690094168,0.0140053899238992,0.0226805440523141,0.0189748052706125,1.2705633451189933,0.008202088401529,0.0088451740817221,1.121197693889412,0.0100560206669965,0.511,0,False
MIDNIGHT,3,1.0,42,14000,3000,3000,0.9983217777777778,0.9846653308465982,0.0117656318636939,0.0198656492630642,0.0143933347445263,1.3383131290104096,0.0077893226637204,0.0071716720290806,1.3383131290104096,0.0077893226637204,0.5093333333333333,0,False
MIDNIGHT,3,1.0,123,14000,3000,3000,0.9983217777777778,0.9846653308465982,0.0117656318636939,0.0198656492630642,0.0143933347445263,1.3383131290104096,0.0077893226637204,0.0071716720290806,1.3383131290104096,0.0077893226637204,0.5093333333333333,0,False
MIDNIGHT,3,1.0,456,14000,3000,3000,0.9983217777777778,0.9846653308465982,0.0117656318636939,0.0198656492630642,0.0143933347445263,1.3383131290104096,0.0077893226637204,0.0071716720290806,1.3383131290104096,0.0077893226637204,0.5093333333333333,0,False
MIDNIGHT,4,0.01,42,140,3000,30,0.9953244444444443,0.9749969746339306,0.0524727728625217,0.1748534768198768,0.163385821186112,0.5231958166140512,0.007813185203499,0.008069009003892,0.1000036141666664,0.0228676568413348,0.511,0,False
MIDNIGHT,4,0.01,123,140,3000,30,0.9951035555555556,0.9696515295240036,0.0503390865976583,0.1663130687268943,0.1590778323761205,0.5587218337450778,0.021759428700329,0.0221685260516432,0.407087734583171,0.0232891498556581,0.5223333333333333,0,False
MIDNIGHT,4,0.01,456,140,3000,30,0.9922786666666666,0.9649705402243288,0.0521860940180817,0.1610046518365684,0.1492070356141202,0.6544722983093116,0.02994025457183,0.02994025457183,0.1000052749944835,0.0335908406020505,0.529,0,False
MIDNIGHT,4,0.05,42,700,3000,150,0.9963751111111112,0.9786628733997156,0.0224763504232154,0.0716035066606135,0.0652754036584458,0.8872261030968421,0.0130496019760778,0.0135326600816231,0.8656667126687578,0.0129614080709744,0.5133333333333333,0,False
MIDNIGHT,4,0.05,123,700,3000,150,0.9962453333333332,0.9769952738068076,0.0227737159735514,0.0707565303171628,0.0648870518915963,0.9176655409747912,0.0139361969220915,0.0148511061676646,0.4460672473835603,0.0194418547116865,0.5143333333333333,0,False
MIDNIGHT,4,0.05,456,700,3000,150,0.9953564444444444,0.9733226623982928,0.0246688103324743,0.0669854150907325,0.0647153177554889,0.979038278791104,0.0187371600898647,0.0189262086895103,1.0885082245348474,0.0182352546571686,0.52,0,False
MIDNIGHT,4,0.1,42,1400,3000,300,0.9966551111111112,0.9793300169493862,0.0180058041472704,0.0486973999300522,0.0444866465195466,1.0400176013024371,0.0119593598221193,0.0124961509920359,1.161391970478205,0.0129909291439483,0.5126666666666667,0,False
MIDNIGHT,4,0.1,123,1400,3000,300,0.9962817777777776,0.9786628733997156,0.0186547319778342,0.0448356338969751,0.0410962720421877,1.0961305290932808,0.0128073994882148,0.0132102985182905,1.0717817809665071,0.0128205940615737,0.5133333333333333,0,False
MIDNIGHT,4,0.1,456,1400,3000,300,0.9962391111111112,0.9753259201431186,0.0200252510594739,0.0477954913030802,0.0446022499690489,1.1338350888704354,0.0179135289718931,0.0184440293030767,1.3456994588556013,0.0200435347785461,0.5173333333333333,0,False
MIDNIGHT,4,0.25,42,3500,3000,750,0.9973644444444444,0.9829988193624556,0.0137830604052307,0.0292127162258553,0.0268714628198944,1.1997038823328017,0.009833601667332,0.0090359950874527,1.3220874581337545,0.0110665617745915,0.5083333333333333,0,False
MIDNIGHT,4,0.25,123,3500,3000,750,0.9970915555555556,0.982331682327204,0.0145106960276859,0.0268582409462243,0.0245205548979456,1.2778868065976825,0.0100696514822171,0.0103658285083213,1.1953090378054023,0.0097303587663202,0.5096666666666667,0,False
MIDNIGHT,4,0.25,456,3500,3000,750,0.9971982222222222,0.982331682327204,0.0143345897526043,0.0290464526160875,0.026562375957088,1.2802505658494991,0.0108838397061272,0.0115287087691438,1.338101165442187,0.010309143806276,0.5096666666666667,0,False
MIDNIGHT,4,0.5,42,7000,3000,1500,0.9977004444444446,0.9856660917176788,0.0117005840046219,0.0205963184546401,0.018582956971045,1.3415266800412609,0.0084400655662777,0.0088800467641432,1.3603968108519815,0.0084219775950214,0.5063333333333333,0,False
MIDNIGHT,4,0.5,123,7000,3000,1500,0.9975915555555558,0.9856659642989174,0.012099331876072,0.0184375945445769,0.0176830796006909,1.3766361922135022,0.0090583555670771,0.0090911998983041,1.350897212255611,0.0092637659328109,0.507,0,False
MIDNIGHT,4,0.5,456,7000,3000,1500,0.997572,0.985332681452509,0.0117754037459186,0.0197922587678698,0.0189926121923385,1.3687331499204147,0.0076750717586608,0.0092515371737979,1.405355300810493,0.0075338966036858,0.5066666666666667,0,False
MIDNIGHT,4,1.0,42,14000,3000,3000,0.9983026666666668,0.9873328773169168,0.0099986290128719,0.0148862545976565,0.0135834790622134,1.4408726665114358,0.0068005934549621,0.0077153878703283,1.4408726665114358,0.0068005934549621,0.506,0,False
MIDNIGHT,4,1.0,123,14000,3000,3000,0.9983026666666668,0.9873328773169168,0.0099986290128719,0.0148862545976565,0.0135834790622134,1.4408726665114358,0.0068005934549621,0.0077153878703283,1.4408726665114358,0.0068005934549621,0.506,0,False
MIDNIGHT,4,1.0,456,14000,3000,3000,0.9983026666666668,0.9873328773169168,0.0099986290128719,0.0148862545976565,0.0135834790622134,1.4408726665114358,0.0068005934549621,0.0077153878703283,1.4408726665114358,0.0068005934549621,0.506,0,False
PLIP,0,0.01,42,140,3000,30,0.9884186666666666,0.9412296624579092,0.1024947381617605,0.2424639821172866,0.2400038351213891,0.4307386391600571,0.028530739059839,0.0317916993582802,0.361943126753887,0.0326631581502253,0.542,0,False
PLIP,0,0.01,123,140,3000,30,0.9880586666666668,0.9425866452086108,0.1012485416055576,0.237079948722113,0.2381934605284258,0.4294122615632518,0.0261353258739839,0.027374195542967,0.4959167345784591,0.03080140623965,0.5373333333333333,0,False
PLIP,0,0.01,456,140,3000,30,0.981564,0.930747914714886,0.1026807928177152,0.2240747949252048,0.2248050394503048,0.5474282685427037,0.0499709611364895,0.0515111713832178,0.7154644551046463,0.0630209082879245,0.5603333333333333,0,False
PLIP,0,0.05,42,700,3000,150,0.9916351111111112,0.9522913444154572,0.0496306386025789,0.1208434031708489,0.1179442099249347,0.8075454930612647,0.0199664947621175,0.0217284459153951,0.4633361119481379,0.0285352284556252,0.5296666666666666,0,False
PLIP,0,0.05,123,700,3000,150,0.9919871111111112,0.9536140908156012,0.0494691328308068,0.1188304043074138,0.1168635556902959,0.8315351380927044,0.0260575778957832,0.0281781341968134,0.8123856095177431,0.0257731988442245,0.5336666666666666,0,False
PLIP,0,0.05,456,700,3000,150,0.9919235555555556,0.9512678156187764,0.0505293929226441,0.1252721426951283,0.1214775282531585,0.815436801895401,0.0250750212033626,0.0264554894848716,0.907205262057425,0.0283932632367749,0.5366666666666666,0,False
PLIP,0,0.1,42,1400,3000,300,0.993608,0.9593136411356428,0.0385291395882278,0.0882303024888816,0.0826544911713942,0.9190980645696042,0.0179464400011132,0.0168448079611303,0.8255310136914845,0.0175856879274182,0.522,0,False
PLIP,0,0.1,123,1400,3000,300,0.9932155555555556,0.9586401228165988,0.0390585296356096,0.0870568690814024,0.0813848183340805,0.9551916333811876,0.0185305451397887,0.0201364862658156,0.8648065203686747,0.0184262837257582,0.5253333333333333,0,False
PLIP,0,0.1,456,1400,3000,300,0.9936995555555556,0.959634261949176,0.0390984441828483,0.0903851407201649,0.0848465912621388,0.943246095526476,0.0219668439657005,0.022131765760134,0.974127143440988,0.0234647062907813,0.5283333333333333,0,False
PLIP,0,0.25,42,3500,3000,750,0.995172,0.9686565113763526,0.0297118822137883,0.0602714804144082,0.0569154443134602,1.0738396406369557,0.0137197341347113,0.013060638165648,1.0510293152118453,0.0139364355027539,0.518,0,False
PLIP,0,0.25,123,3500,3000,750,0.9950471111111112,0.9669889046040474,0.0297679609427472,0.0572936544965593,0.0529819551345594,1.0788138763235513,0.012562442532679,0.0114420086960769,0.971879439318606,0.0116790943162138,0.5183333333333333,0,False
PLIP,0,0.25,456,3500,3000,750,0.9948226666666669,0.9656533821581436,0.0302472689087317,0.0587099059058279,0.0524272679027776,1.1244287438155771,0.0176525083444716,0.0157163227647717,1.0493287150092985,0.0151969115990243,0.5196666666666667,0,False
PLIP,0,0.5,42,7000,3000,1500,0.9958377777777778,0.9703254168139746,0.0254985690694159,0.041708381763817,0.0405528176181928,1.2090768487067474,0.012838192149529,0.0114969185567874,1.119173895482572,0.0114153285492324,0.5163333333333333,0,False
PLIP,0,0.5,123,7000,3000,1500,0.9957817777777778,0.9696578977991306,0.0256630148056911,0.0422942592767141,0.0409927364084843,1.2270980884694895,0.0133438937573219,0.0135217423403944,1.1771164229388924,0.0128068506982508,0.517,0,False
PLIP,0,0.5,456,7000,3000,1500,0.9955488888888888,0.968990321534799,0.0259783897257405,0.0420164124234671,0.0389197387544413,1.240580436150443,0.0139610872925509,0.0126722052798681,1.197189730633886,0.0125816442545863,0.5176666666666667,0,False
PLIP,0,1.0,42,14000,3000,3000,0.9965333333333332,0.9733275958028303,0.0218149642420608,0.0302351783809023,0.027980875415593,1.3331421457765045,0.010275331685882,0.0101092552052501,1.3331421457765045,0.010275331685882,0.5146666666666667,0,False
PLIP,0,1.0,123,14000,3000,3000,0.9965333333333332,0.9733275958028303,0.0218149642420608,0.0302351783809023,0.027980875415593,1.3331421457765045,0.010275331685882,0.0101092552052501,1.3331421457765045,0.010275331685882,0.5146666666666667,0,False
PLIP,0,1.0,456,14000,3000,3000,0.9965333333333332,0.9733275958028303,0.0218149642420608,0.0302351783809023,0.027980875415593,1.3331421457765045,0.010275331685882,0.0101092552052501,1.3331421457765045,0.010275331685882,0.5146666666666667,0,False
PLIP,1,0.01,42,140,3000,30,0.9648213333333332,0.8966402065595459,0.1262358326771588,0.2130066049790982,0.2135451358580518,0.4553682752452523,0.0161554645744402,0.0131767346664269,0.5345629022123725,0.0239594593529627,0.516,0,False
PLIP,1,0.01,123,140,3000,30,0.9678191111111112,0.8975805318939896,0.1260261028938251,0.2210879774655783,0.2200521811275629,0.447814896776427,0.0228125805520436,0.0229051860271627,0.4941125751573871,0.0264262986970835,0.529,0,False
PLIP,1,0.01,456,140,3000,30,0.975123111111111,0.9088366251029204,0.1270241364041671,0.2430357195713945,0.2424082807084877,0.4125209675386314,0.0391061884310278,0.0397452246511711,0.1000052749944835,0.0749062385963133,0.5423333333333333,0,False
PLIP,1,0.05,42,700,3000,150,0.9809297777777776,0.9233026543950914,0.0741949283166095,0.1281096356647542,0.1288745418910258,0.7543427315805518,0.0174318381278085,0.0170192564870854,0.9607782832887258,0.0279292169118292,0.52,0,False
PLIP,1,0.05,123,700,3000,150,0.9817968888888888,0.9279379946478392,0.0731015971700196,0.1318502581224367,0.1311604332907999,0.7524005429903878,0.0210472088908853,0.0207605376444494,0.6075308516155946,0.0236755008701442,0.5293333333333333,0,False
PLIP,1,0.05,456,700,3000,150,0.9788977777777776,0.9199700865968125,0.0750593415582295,0.1256377237636781,0.122066433816575,0.7927647540864236,0.0171500595405537,0.0145247471372606,0.9509945459190472,0.022372187719279,0.5193333333333333,0,False
PLIP,1,0.1,42,1400,3000,300,0.984920888888889,0.9359726532087704,0.0597102630775556,0.0973555099483132,0.0944029045240416,0.8834730676153711,0.0190305235192062,0.0157748601832595,1.0373926484522331,0.0192708227579021,0.5206666666666667,0,False
PLIP,1,0.1,123,1400,3000,300,0.9854666666666666,0.9369584696407224,0.0588890151776662,0.0996029323371001,0.0973444801478194,0.8967528453044237,0.0192781567825673,0.0201438465320897,0.9184839276263996,0.0191744002452716,0.5256666666666666,0,False
PLIP,1,0.1,456,1400,3000,300,0.9841186666666666,0.9343079250985852,0.0607043223661764,0.0957677954086023,0.0930074962664004,0.9064721896193364,0.0167184476649128,0.015152006107934,0.9594730163681892,0.0173014394493558,0.5196666666666667,0,False
PLIP,1,0.25,42,3500,3000,750,0.988284,0.9436402088758332,0.0473225223695211,0.0673108078162883,0.0649856106201957,1.0577934917653762,0.0166441004825383,0.0150953046091015,1.136298145022108,0.0179194117880532,0.5216666666666666,0,False
PLIP,1,0.25,123,3500,3000,750,0.9882453333333332,0.9433075319612124,0.0472103931547724,0.0654360763192301,0.0602354971230029,1.0751717646342345,0.0173918911276316,0.0176139956944093,1.0176908385045464,0.0171184717280433,0.5213333333333333,0,False
PLIP,1,0.25,456,3500,3000,750,0.9879013333333332,0.9403053099927464,0.0481002391798305,0.0654994005059716,0.0655521198559715,1.08533534113717,0.0180061405621226,0.018005907746126,1.123203917969343,0.018232609649538,0.5216666666666666,0,False
PLIP,1,0.5,42,7000,3000,1500,0.9900008888888888,0.9496458480222768,0.0411068993074791,0.0510091104300521,0.0496406053941897,1.185047144349901,0.0146027670033927,0.0139726695421226,1.196520069154566,0.0140111940528177,0.5203333333333333,0,False
PLIP,1,0.5,123,7000,3000,1500,0.9900475555555556,0.946649381066132,0.0409671782999008,0.0472793889753541,0.0475163887846181,1.2013147019753747,0.013015442443924,0.0130923581383449,1.1990826566352946,0.0131180395397764,0.518,0,False
PLIP,1,0.5,456,7000,3000,1500,0.9904408888888888,0.9486524034454016,0.040418760020175,0.0502818100490566,0.050888234887386,1.1732971767806812,0.0156927060599829,0.0140342872711581,1.120112444219722,0.0167062850558627,0.5166666666666667,0,False
PLIP,1,1.0,42,14000,3000,3000,0.9919266666666666,0.9523244285960522,0.035465372101855,0.0374461480732503,0.0339838742975066,1.2878573294173663,0.010852682988398,0.0090853718465655,1.2878573294173663,0.010852682988398,0.5136666666666667,0,False
PLIP,1,1.0,123,14000,3000,3000,0.9919266666666666,0.9523244285960522,0.035465372101855,0.0374461480732503,0.0339838742975066,1.2878573294173663,0.010852682988398,0.0090853718465655,1.2878573294173663,0.010852682988398,0.5136666666666667,0,False
PLIP,1,1.0,456,14000,3000,3000,0.9919266666666666,0.9523244285960522,0.035465372101855,0.0374461480732503,0.0339838742975066,1.2878573294173663,0.010852682988398,0.0090853718465655,1.2878573294173663,0.010852682988398,0.5136666666666667,0,False
PLIP,2,0.01,42,140,3000,30,0.9901453333333332,0.9506160975505584,0.0793919891170495,0.2007558736899607,0.1967945813525879,0.551747892816111,0.0261731774828776,0.0247026143869969,0.8518106447969382,0.0586694055466871,0.532,0,False
PLIP,2,0.01,123,140,3000,30,0.989764,0.9526437462398468,0.078210725449353,0.1984631034975936,0.196478340739629,0.542022635756482,0.0192630528526746,0.0182681837934765,0.1000052749944835,0.0392560241987885,0.522,0,False
PLIP,2,0.01,456,140,3000,30,0.9901324444444444,0.9559929393115962,0.0834760957301603,0.2198389242707408,0.2169187731512576,0.44708594679351,0.0113763931828912,0.0097812979930367,0.3813078973016945,0.0112889152997709,0.5126666666666667,0,False
PLIP,2,0.05,42,700,3000,150,0.9917955555555554,0.9583222146263688,0.0428500894368186,0.0931745665573984,0.0900582150098232,0.9249324956062304,0.0133139291067164,0.0128027547955066,0.9382493449857496,0.0133096262436889,0.5163333333333333,0,False
PLIP,2,0.05,123,700,3000,150,0.9922453333333332,0.9599850432984062,0.0418170666138622,0.097143082765835,0.0936363224633918,0.9157984319411256,0.0159053211998031,0.0125118123599621,1.0724665049863007,0.0236563147558143,0.5193333333333333,0,False
PLIP,2,0.05,456,700,3000,150,0.9922604444444444,0.9616475373105542,0.0409287759079871,0.0947680367659396,0.0936293176173238,0.9139185504040264,0.0141162062696011,0.0140354700498652,0.756651623540771,0.0166764860035756,0.5223333333333333,0,False
PLIP,2,0.1,42,1400,3000,300,0.9931666666666666,0.963325444228892,0.0346021297652786,0.0676990947236169,0.0666855146632913,1.0544943614309463,0.0119568766187245,0.0084220800269469,1.0550934907614666,0.0119736056280756,0.5146666666666667,0,False
PLIP,2,0.1,123,1400,3000,300,0.9928675555555556,0.960322748324303,0.0350131346342095,0.0674995328260629,0.0648764479114358,1.0819023512087798,0.0124126050417517,0.0096428505650788,1.2864501594294568,0.022229110848901,0.5163333333333333,0,False
PLIP,2,0.1,456,1400,3000,300,0.993104,0.9639883322196392,0.0334310018247946,0.0652566847290868,0.0614473859992639,1.1001815030499291,0.0131153386610936,0.0133784993181892,1.0449274524493035,0.0129753324139714,0.518,0,False
PLIP,2,0.25,42,3500,3000,750,0.9943266666666668,0.9673263048584672,0.0274480425043328,0.0412133673739993,0.0384449665445877,1.2900738515609584,0.009687999777874,0.0098604418808524,1.2120356150919478,0.0103580656014225,0.5146666666666667,0,False
PLIP,2,0.25,123,3500,3000,750,0.994044,0.9663250680083588,0.0274569246023747,0.0402112714448244,0.035338420060455,1.3066071409162507,0.0112331860337233,0.00840346520497,1.5222639971637408,0.0194733848413597,0.5156666666666667,0,False
PLIP,2,0.25,456,3500,3000,750,0.9942222222222225,0.9679924746751568,0.0275051600273345,0.038372679930272,0.0357243903861271,1.315589178783584,0.0119317548581377,0.0113349083218971,1.4407700874893876,0.0159677118949624,0.5153333333333333,0,False
PLIP,2,0.5,42,7000,3000,1500,0.9949262222222222,0.969994118847294,0.0244026608154183,0.0283882922324595,0.0254593871408734,1.4246392987631378,0.0084843802818102,0.0084607237740827,1.3693895059194967,0.0074565369624961,0.514,0,False
PLIP,2,0.5,123,7000,3000,1500,0.9948862222222222,0.9699929450079596,0.0244753350191648,0.0295138395886128,0.0251590627118561,1.4260606684165649,0.0098628249024663,0.008608400583057,1.568804859551862,0.0121912467039557,0.5153333333333333,0,False
PLIP,2,0.5,456,7000,3000,1500,0.9949728888888888,0.9706597684522272,0.0242112547179354,0.0292705363619357,0.0254825681030623,1.4467091918097563,0.0084123552435276,0.009416125258785,1.4127568601029878,0.0083574820486836,0.5153333333333333,0,False
PLIP,2,1.0,42,14000,3000,3000,0.9954088888888888,0.9723281648494568,0.0221026806579267,0.0208930592900437,0.017513226532903,1.5618541028611317,0.0082937581415763,0.0067730268782346,1.5618541028611317,0.0082937581415763,0.5136666666666667,0,False
PLIP,2,1.0,123,14000,3000,3000,0.9954088888888888,0.9723281648494568,0.0221026806579267,0.0208930592900437,0.017513226532903,1.5618541028611317,0.0082937581415763,0.0067730268782346,1.5618541028611317,0.0082937581415763,0.5136666666666667,0,False
PLIP,2,1.0,456,14000,3000,3000,0.9954088888888888,0.9723281648494568,0.0221026806579267,0.0208930592900437,0.017513226532903,1.5618541028611317,0.0082937581415763,0.0067730268782346,1.5618541028611317,0.0082937581415763,0.5136666666666667,0,False
PLIP,3,0.01,42,140,3000,30,0.9807702222222224,0.9249765843583848,0.0979227625281378,0.2098739544989916,0.2109514025830896,0.5289463840545096,0.0303391804504301,0.0304788385609973,0.4714528720145071,0.0302333074992532,0.5176666666666667,0,False
PLIP,3,0.01,123,140,3000,30,0.9858115555555554,0.9516537689665876,0.0996290141440118,0.2357343291155385,0.237989686393919,0.4011671042574627,0.0187747397612494,0.0137438923471795,0.1000052749944835,0.0397267328556313,0.5163333333333333,0,False
PLIP,3,0.01,456,140,3000,30,0.9859244444444444,0.9526464414356532,0.097202494772571,0.2356031708514303,0.2323475031376158,0.4203544119789162,0.0187855188840868,0.0133607877777827,0.1000052749944835,0.0408990910072986,0.5206666666666667,0,False
PLIP,3,0.05,42,700,3000,150,0.9870822222222222,0.9506550651242004,0.0507793108125225,0.1025849144075348,0.1020612967013055,0.8322219094370779,0.015454235759823,0.0123761211321732,0.81710052746331,0.0149541090607535,0.5153333333333333,0,False
PLIP,3,0.05,123,700,3000,150,0.9875426666666668,0.9549801462444938,0.0502875287490784,0.1092882602959151,0.1079694984451357,0.7855774331669686,0.0182579117189208,0.013446974800365,0.6108393838059192,0.0201247701367071,0.521,0,False
PLIP,3,0.05,456,700,3000,150,0.9875942222222224,0.9539763540734706,0.0509608182694165,0.1112759290781337,0.1074690369208919,0.805849255879921,0.0187214122564514,0.0152902468893651,0.9278081935634116,0.0175100708823179,0.5226666666666666,0,False
PLIP,3,0.1,42,1400,3000,300,0.9884662222222222,0.9549923937145376,0.042011688355172,0.0718978211511821,0.0728440506805268,0.9738097905721914,0.0143661543987912,0.0142056313885299,0.7604191475123266,0.0179306498203315,0.513,0,False
PLIP,3,0.1,123,1400,3000,300,0.9893946666666666,0.9569865750321406,0.0413478853073643,0.0798118602374893,0.0764740079674342,0.9063274191710412,0.0116605346764997,0.0070887970195105,0.9525694931252404,0.0106488982915509,0.5176666666666667,0,False
PLIP,3,0.1,456,1400,3000,300,0.9885106666666666,0.9559887331156776,0.0428906220335288,0.0776560704487652,0.0746756946700182,0.931631751807916,0.0153569957473142,0.0076347148030895,0.8696683887432753,0.0142499187919516,0.516,0,False
PLIP,3,0.25,42,3500,3000,750,0.9903506666666668,0.9599913937042456,0.0341610385918007,0.045776951485823,0.0420518845423284,1.1236086085417638,0.0114996117103965,0.0070671074384712,1.115512628303327,0.0113156832235822,0.5146666666666667,0,False
PLIP,3,0.25,123,3500,3000,750,0.9908413333333332,0.9619918240190336,0.0338172254751218,0.0479972429587337,0.0447285491207572,1.0920881228985144,0.0130877836326044,0.0074266648567067,1.1749294536157382,0.0092428514318762,0.5146666666666667,0,False
PLIP,3,0.25,456,3500,3000,750,0.990203111111111,0.9599913937042456,0.0350036976117054,0.0468978495504555,0.0434264248849071,1.114862199944105,0.0111765710409921,0.0061957490325668,0.9497022008745272,0.0151369354258798,0.5146666666666667,0,False
PLIP,3,0.5,42,7000,3000,1500,0.9920115555555556,0.964996262378683,0.0302620214724177,0.0356305051843727,0.0301107781780312,1.221639225107819,0.0097446584066402,0.0043983869820826,1.1638518607251884,0.0115049499462331,0.5103333333333333,0,False
PLIP,3,0.5,123,7000,3000,1500,0.9920191111111112,0.9636605252954416,0.030133502093933,0.0343155079659752,0.0319600020733594,1.218441377314529,0.0114915330444923,0.006313474574796,1.2798356673497369,0.011317686177563,0.513,0,False
PLIP,3,0.5,456,7000,3000,1500,0.9919711111111112,0.9653271692745378,0.0304104698619442,0.0343401908331305,0.0315089735562893,1.2063090010444135,0.010987637430497,0.0060050767916439,1.078169348369718,0.0124228908692118,0.5133333333333333,0,False
PLIP,3,1.0,42,14000,3000,3000,0.9933462222222222,0.9676627538598838,0.0266920137480157,0.0265243077793073,0.0221195158911358,1.2800360085547446,0.0117714913237893,0.005281784266603,1.2800360085547446,0.0117714913237893,0.511,0,False
PLIP,3,1.0,123,14000,3000,3000,0.9933462222222222,0.9676627538598838,0.0266920137480157,0.0265243077793073,0.0221195158911358,1.2800360085547446,0.0117714913237893,0.005281784266603,1.2800360085547446,0.0117714913237893,0.511,0,False
PLIP,3,1.0,456,14000,3000,3000,0.9933462222222222,0.9676627538598838,0.0266920137480157,0.0265243077793073,0.0221195158911358,1.2800360085547446,0.0117714913237893,0.005281784266603,1.2800360085547446,0.0117714913237893,0.511,0,False
PLIP,4,0.01,42,140,3000,30,0.987384888888889,0.9579842954633264,0.0923154467587199,0.233344563577489,0.2328234717282086,0.445667625123847,0.014897278970218,0.013409176209533,0.1000052749944835,0.0357305090965792,0.5193333333333333,0,False
PLIP,4,0.01,123,140,3000,30,0.988702222222222,0.9546550583616072,0.0897380288435629,0.2290569744560862,0.2271953020087637,0.4475039596508819,0.0142695391291583,0.0098977804324991,0.4586664313662695,0.0140947059656082,0.516,0,False
PLIP,4,0.01,456,140,3000,30,0.9833644444444444,0.9486263897562356,0.0901133256229642,0.2155535781897243,0.215662090040819,0.511876715613562,0.0250168100304365,0.0219138519004762,0.5532133101762753,0.0229807517232086,0.528,0,False
PLIP,4,0.05,42,700,3000,150,0.9909093333333334,0.96231339712041,0.0434345106601888,0.1053963490871471,0.1013392186023986,0.8510239483738707,0.0187643189383214,0.0178809620389389,0.9143567721697144,0.0183973055217664,0.523,0,False
PLIP,4,0.05,123,700,3000,150,0.9913577777777776,0.9583239562234837,0.0436606885473507,0.1065561195276611,0.1041238930826092,0.8274196085416708,0.0135846209697037,0.0102134443641402,0.8351240170281643,0.0140987642110124,0.515,0,False
PLIP,4,0.05,456,700,3000,150,0.9893568888888888,0.9593111805316228,0.0450694678015487,0.1001400980541828,0.0972122188446692,0.8972945502928116,0.0193482349563035,0.0188724213263969,1.0279347382947783,0.0186792300318363,0.5233333333333333,0,False
PLIP,4,0.1,42,1400,3000,300,0.9921306666666668,0.9629836758010284,0.0351469938365784,0.0751256330444653,0.0696037537583199,1.0031376253144684,0.0168022429670446,0.0166539302973801,1.064581261268815,0.0168822244105093,0.521,0,False
PLIP,4,0.1,123,1400,3000,300,0.991748,0.9609887257417392,0.0358393646801002,0.0758764256066802,0.0676475868769141,1.0186242688305849,0.0190406166363462,0.013114675524729,1.0122983854637748,0.019072749683283,0.517,0,False
PLIP,4,0.1,456,1400,3000,300,0.9914355555555556,0.9619826979034014,0.0358673134591667,0.0716049763109477,0.0652768607526733,1.0518007079805736,0.0180047281064672,0.0171418270878512,1.1525408118830711,0.0186670190003654,0.5213333333333333,0,False
PLIP,4,0.25,42,3500,3000,750,0.9935022222222224,0.967658038550062,0.0282785743475958,0.0446035339869534,0.0417559622761135,1.1989400206258178,0.0164910751258822,0.0122719830213927,1.272547762222459,0.0166185162457077,0.5163333333333333,0,False
PLIP,4,0.25,123,3500,3000,750,0.9934177777777776,0.966659494753538,0.0287616377634432,0.0436491119829193,0.0387745961083978,1.214420411358892,0.0133580125048189,0.0102286009673746,1.229103165634834,0.0130481843884898,0.5146666666666667,0,False
PLIP,4,0.25,456,3500,3000,750,0.993792,0.9679931149633966,0.0280166656294406,0.0449220846851332,0.0406573031491651,1.1985990834455262,0.0113979568271636,0.0118798723311316,1.223064795995851,0.0115323051674551,0.5146666666666667,0,False
PLIP,4,0.5,42,7000,3000,1500,0.9946635555555556,0.969994118847294,0.0249634372739977,0.0310745889576049,0.0290767316936615,1.3397682828346378,0.0128222718498985,0.0114600875793756,1.3234055456755154,0.013085289472008,0.514,0,False
PLIP,4,0.5,123,7000,3000,1500,0.9945506666666666,0.968661095305832,0.0250515134654457,0.031427829146129,0.0256604611242858,1.3553632248922012,0.0124734003200788,0.0096506550367675,1.2850020325374452,0.0109417947183541,0.5133333333333333,0,False
PLIP,4,0.5,456,7000,3000,1500,0.9947293333333334,0.96999518589427,0.0247973348035025,0.0311202257442902,0.0279673807382154,1.3422046893500874,0.0132784201668608,0.0094269296853106,1.345871521935453,0.0142146465279318,0.5126666666666667,0,False
PLIP,4,1.0,42,14000,3000,3000,0.9955817777777778,0.9729971166921269,0.0221883855963492,0.021564784882639,0.017332875211801,1.4646651053591182,0.0114841010243304,0.0094819629823449,1.4646651053591182,0.0114841010243304,0.5103333333333333,0,False
PLIP,4,1.0,123,14000,3000,3000,0.9955817777777778,0.9729971166921269,0.0221883855963492,0.021564784882639,0.017332875211801,1.4646651053591182,0.0114841010243304,0.0094819629823449,1.4646651053591182,0.0114841010243304,0.5103333333333333,0,False
PLIP,4,1.0,456,14000,3000,3000,0.9955817777777778,0.9729971166921269,0.0221883855963492,0.021564784882639,0.017332875211801,1.4646651053591182,0.0114841010243304,0.0094819629823449,1.4646651053591182,0.0114841010243304,0.5103333333333333,0,False
UNI,0,0.01,42,140,3000,30,0.9968733333333332,0.9803262311027614,0.0547917581372205,0.1984057924090152,0.1799472860646351,0.4874202433660359,0.0187796831512934,0.0216186759658917,0.1418755386651985,0.0197799257507696,0.519,0,False
UNI,0,0.01,123,140,3000,30,0.9973737777777778,0.978323157259936,0.0556220401004132,0.2010333158980781,0.1867032935836739,0.4868607952303405,0.0234524433948162,0.026085203483135,0.1000040272690233,0.0223785995048395,0.5216666666666666,0,False
UNI,0,0.01,456,140,3000,30,0.9959933333333334,0.9683028723937036,0.0571574264974683,0.1942679491603121,0.1785301340883674,0.5483829100369071,0.028483657904432,0.0304585847994997,0.9804434418998582,0.0717880447329045,0.531,0,False
UNI,0,0.05,42,700,3000,150,0.998055111111111,0.9889989720150516,0.0190951570014523,0.0867689018530813,0.0762488394295432,0.7933137776555911,0.0118936891617863,0.0136386331003935,0.1000039742683761,0.0115909148643579,0.5096666666666667,0,False
UNI,0,0.05,123,700,3000,150,0.9980182222222224,0.9866647463901468,0.0189710788947008,0.0851295086719201,0.0760499656111729,0.8289247542476641,0.0139005955618041,0.0152074833261616,0.8187266797872966,0.0139245351490971,0.512,0,False
UNI,0,0.05,456,700,3000,150,0.9977933333333334,0.9889991089278232,0.019597112968874,0.0896135376962344,0.0769336280401381,0.7460713480643276,0.0092581126489754,0.011478744864151,1.0092035501905,0.0192111595898876,0.509,0,False
UNI,0,0.1,42,1400,3000,300,0.9982728888888888,0.9906661647137468,0.0125568529649039,0.0582541496366298,0.0484335352668545,0.8897013452452863,0.0068040522846297,0.0076518679362772,0.937582499671958,0.0074673482925031,0.5073333333333333,0,False
UNI,0,0.1,123,1400,3000,300,0.9982155555555556,0.9899993599590372,0.0126326808308476,0.0554794725027784,0.0471122606618788,0.9513956247995298,0.0091373647119583,0.0098790841670687,1.015450907506962,0.009506200471805,0.508,0,False
UNI,0,0.1,456,1400,3000,300,0.9980555555555556,0.9899993599590372,0.0130077720462986,0.0586581617897221,0.0493888431479642,0.911336596124311,0.007950926823191,0.0089179933420543,0.9694373827964966,0.008822906238266,0.508,0,False
UNI,0,0.25,42,3500,3000,750,0.9982897777777778,0.9923331416618748,0.0084370170253044,0.0324376349833337,0.0240216624746165,1.0539292364556756,0.0044539191736529,0.0048448480286869,1.0933184354601218,0.0047897487152614,0.505,0,False
UNI,0,0.25,123,3500,3000,750,0.99844,0.99099955897839,0.0086757077801088,0.0316276358985555,0.0254291255543906,1.1140390602092032,0.0063723457580076,0.006659287924119,1.0755224234620786,0.0064850938049756,0.507,0,False
UNI,0,0.25,456,3500,3000,750,0.9981831111111112,0.99099955897839,0.0089039408729097,0.0324956352843334,0.0258650573846406,1.112014975256916,0.0060094637317145,0.0071168336078472,1.0851885819894094,0.0061002386959978,0.507,0,False
UNI,0,0.5,42,7000,3000,1500,0.998548,0.9929998685530872,0.0069124649758894,0.020575779956873,0.0141499174865178,1.180283030949378,0.0043195808473082,0.0034505578821518,1.173628656129989,0.0039378844536384,0.5043333333333333,0,False
UNI,0,0.5,123,7000,3000,1500,0.9984168888888888,0.9919997724379715,0.0071240805399361,0.0221408194015234,0.0152265284090208,1.2163138622432992,0.0058399451825491,0.0048403660375514,1.2377722582693214,0.0052590215893676,0.5053333333333333,0,False
UNI,0,0.5,456,7000,3000,1500,0.9982528888888887,0.9919997724379715,0.0070570475880111,0.0211260789472685,0.0145028549072355,1.236748931063148,0.004177659776131,0.0047777347397631,1.227121947855862,0.0042027868955754,0.5053333333333333,0,False
UNI,0,1.0,42,14000,3000,3000,0.9986902222222224,0.99333322666496,0.0060575298336951,0.0138332144244443,0.0081340090545465,1.3109827459159595,0.0047496774898278,0.0031036909622408,1.3109827459159595,0.0047496774898278,0.504,0,False
UNI,0,1.0,123,14000,3000,3000,0.9986902222222224,0.99333322666496,0.0060575298336951,0.0138332144244443,0.0081340090545465,1.3109827459159595,0.0047496774898278,0.0031036909622408,1.3109827459159595,0.0047496774898278,0.504,0,False
UNI,0,1.0,456,14000,3000,3000,0.9986902222222224,0.99333322666496,0.0060575298336951,0.0138332144244443,0.0081340090545465,1.3109827459159595,0.0047496774898278,0.0031036909622408,1.3109827459159595,0.0047496774898278,0.504,0,False
UNI,1,0.01,42,140,3000,30,0.9962813333333334,0.980330009104872,0.0622582732787355,0.2053836535756161,0.1876958377652034,0.4027881629067267,0.0138444869510196,0.0158961750607562,0.1000066419568314,0.0187992554260617,0.513,0,False
UNI,1,0.01,123,140,3000,30,0.9957737777777778,0.9693115104074008,0.0615958032734636,0.197964346330543,0.1844695292795685,0.4987108088103682,0.024450189528071,0.0264861565414507,0.2205307497423018,0.0260952346827076,0.5266666666666666,0,False
UNI,1,0.01,456,140,3000,30,0.9969048888888888,0.9779905995405148,0.0606271953688919,0.20609152977358,0.1878121964874566,0.4506893595393885,0.0224132864832861,0.02083790418131,0.1000038801043625,0.0215883144302351,0.5206666666666667,0,False
UNI,1,0.05,42,700,3000,150,0.9975084444444444,0.9863318738812,0.0230884737210092,0.0915224198414269,0.0771620744950855,0.7397533261567182,0.0127830589913435,0.0127151093393965,0.9011225328857596,0.0152012768371535,0.5103333333333333,0,False
UNI,1,0.05,123,700,3000,150,0.9975675555555557,0.9846644583486688,0.0236035993847809,0.0903194201793391,0.0783715514390119,0.7775017351644107,0.0144725797051822,0.0146713651069373,0.1000042830636664,0.0153940342843283,0.512,0,False
UNI,1,0.05,456,700,3000,150,0.9975382222222222,0.9873322298297984,0.0237953760435382,0.0936921991864837,0.0785101652874954,0.7004669522097563,0.0130757655112836,0.011521385332949,0.7413132024975715,0.0124417304266292,0.5093333333333333,0,False
UNI,1,0.1,42,1400,3000,300,0.9978804444444443,0.9883325230918814,0.0163709481938043,0.061152824036288,0.050763106015323,0.8788714006272825,0.0115207319729145,0.0099015772361803,1.195934715975023,0.0175491885984937,0.5083333333333333,0,False
UNI,1,0.1,123,1400,3000,300,0.9981782222222224,0.9889993534064392,0.0166130638028674,0.0605806660175606,0.0511588986760658,0.8840753120555339,0.01226094360276,0.0116493897032939,0.726186824642025,0.0118777806347944,0.5076666666666667,0,False
UNI,1,0.1,456,1400,3000,300,0.9980124444444444,0.9889992360580596,0.0168501773095443,0.0644691860532232,0.0513294137819579,0.8196686344230907,0.010641564193041,0.0095312901232073,0.7491632960058113,0.0105604163795615,0.5083333333333333,0,False
UNI,1,0.25,42,3500,3000,750,0.9983324444444444,0.9889993534064392,0.0119216618494829,0.036603964410836,0.0281985900965302,1.0306996925776193,0.0084144715914347,0.0081490487261389,1.119408688478719,0.0086349238205031,0.5076666666666667,0,False
UNI,1,0.25,123,3500,3000,750,0.9984066666666668,0.9899994621933002,0.0120048730319248,0.0352625361393872,0.0292466518841046,1.074338912068267,0.0092572498914768,0.0091599554806146,0.9435031626771804,0.0098354765096966,0.5073333333333333,0,False
UNI,1,0.25,456,3500,3000,750,0.998288,0.9903327651147495,0.0119101845643778,0.0366041342060847,0.0269913509525718,1.0358910299316042,0.008516213014489,0.0080301941956955,1.1415811728203973,0.00898171285026,0.5076666666666667,0,False
UNI,1,0.5,42,7000,3000,1500,0.9988315555555556,0.9906661647137468,0.0096250636117492,0.024430919701027,0.0187291965331868,1.1641603215555654,0.0072313433401243,0.007460738876551,1.1932654544377077,0.0073734542993934,0.5073333333333333,0,False
UNI,1,0.5,123,7000,3000,1500,0.9987537777777776,0.9906661647137468,0.0096316907312435,0.0237773818070474,0.0177531320102085,1.185628173120089,0.0079570649258321,0.0069652313538875,1.153712615601657,0.0077349195755463,0.5073333333333333,0,False
UNI,1,0.5,456,7000,3000,1500,0.9986795555555557,0.9906662518334148,0.0096058216929042,0.0229044206358687,0.0158439938440803,1.1828602376161257,0.0077486526357723,0.0066886709559617,1.148053181884209,0.0080650486491895,0.5066666666666667,0,False
UNI,1,1.0,42,14000,3000,3000,0.9989715555555556,0.991333021322101,0.0081983393318423,0.0147889393083165,0.0096846697100627,1.289158983990776,0.0060676308022142,0.0050183309897503,1.289158983990776,0.0060676308022142,0.506,0,False
UNI,1,1.0,123,14000,3000,3000,0.9989715555555556,0.991333021322101,0.0081983393318423,0.0147889393083165,0.0096846697100627,1.289158983990776,0.0060676308022142,0.0050183309897503,1.289158983990776,0.0060676308022142,0.506,0,False
UNI,1,1.0,456,14000,3000,3000,0.9989715555555556,0.991333021322101,0.0081983393318423,0.0147889393083165,0.0096846697100627,1.289158983990776,0.0060676308022142,0.0050183309897503,1.289158983990776,0.0060676308022142,0.506,0,False
UNI,2,0.01,42,140,3000,30,0.9971275555555555,0.9779928696897796,0.0573412378293615,0.1980841911566035,0.1848092837726386,0.4906721154406775,0.0195079639662649,0.0203852385576439,0.1000052749944835,0.0211655117829258,0.518,0,False
UNI,2,0.01,123,140,3000,30,0.9978253333333336,0.9783260484774048,0.0591190103894194,0.2056541038149006,0.1934855505201082,0.4487064516533294,0.0177386946943588,0.019348356636581,0.1000042830851208,0.0203930731568273,0.5183333333333333,0,False
UNI,2,0.01,456,140,3000,30,0.9948337777777776,0.9799952966719732,0.062693155207463,0.2084923780577859,0.1908070904857862,0.4584752698370717,0.0159915938893486,0.0145183702213567,0.2378416620647857,0.0175928487383317,0.5153333333333333,0,False
UNI,2,0.05,42,700,3000,150,0.9987226666666666,0.9826649331599826,0.021565006817527,0.088120273691751,0.0792113495068313,0.7648467425595677,0.0097951827303379,0.0116233604715259,0.6745869862684378,0.0105933959938798,0.51,0,False
UNI,2,0.05,123,700,3000,150,0.9985231111111113,0.983664443215882,0.0215886999425008,0.0887436576336491,0.0783828177902039,0.7801188412340896,0.0102317171088673,0.0118000795895826,1.0510743691214328,0.0206335198442413,0.5116666666666667,0,False
UNI,2,0.05,456,700,3000,150,0.9975133333333333,0.9833309329876836,0.0224494616773276,0.0862446937006504,0.0765394608548601,0.8028317379533632,0.0112182958169242,0.0119248418401389,0.999935759797508,0.0139015020937393,0.512,0,False
UNI,2,0.1,42,1400,3000,300,0.9989968888888888,0.9853322316209528,0.0153208037491696,0.0583699579868143,0.0514874751384385,0.9131712727817054,0.0088958929864413,0.010253860211827,0.8710047793645538,0.0089557596585655,0.5086666666666667,0,False
UNI,2,0.1,123,1400,3000,300,0.998912888888889,0.9846651331799848,0.0157456231330503,0.0605578584204199,0.0553071410804769,0.9092348031358372,0.0088138944853037,0.0117016518994768,1.0441390213857418,0.0129204856176223,0.51,0,False
UNI,2,0.1,456,1400,3000,300,0.9984333333333332,0.985998599859986,0.0158281393189678,0.0565158652240819,0.0497212131519859,0.960312340745108,0.0085995862229937,0.0100300778091734,1.0522578099003932,0.0100479429073337,0.51,0,False
UNI,2,0.25,42,3500,3000,750,0.999092,0.9863322262436592,0.0113099701118957,0.0337649957166365,0.0304606114903033,1.1379478796251874,0.0069126516308671,0.0095957954168545,1.2348184788282222,0.008408610477862,0.509,0,False
UNI,2,0.25,123,3500,3000,750,0.9990328888888887,0.9876656675857411,0.011114624060811,0.0342595773131876,0.0304578097942952,1.1449400820568238,0.0075265111218771,0.0093857056239371,1.2819602962142904,0.0113393781257531,0.509,0,False
UNI,2,0.25,456,3500,3000,750,0.998761777777778,0.9866655050839984,0.0118177411995283,0.0319940639375691,0.0282719681812323,1.171413121412714,0.0081090855224857,0.0094635308200896,1.222779516222351,0.0083775533013447,0.5093333333333333,0,False
UNI,2,0.5,42,7000,3000,1500,0.999171111111111,0.9879993546319602,0.0094577773400577,0.0240236423105331,0.0198904195749772,1.2761784843153678,0.0072567188554401,0.0076640238858766,1.322668807864512,0.0076760404230779,0.5073333333333333,0,False
UNI,2,0.5,123,7000,3000,1500,0.9991155555555556,0.988332647552284,0.0093543467825127,0.0231200743342519,0.0200506461244571,1.274286211449305,0.0065412097232414,0.0076590595938494,1.428158043414378,0.0085662534309085,0.5076666666666667,0,False
UNI,2,0.5,456,7000,3000,1500,0.9990213333333334,0.9876656675857411,0.009889606865403,0.0222392675013633,0.0197853955900101,1.3011459081564642,0.0064215321077598,0.0083648993907909,1.3145239064173555,0.0063864332877907,0.509,0,False
UNI,2,1.0,42,14000,3000,3000,0.9992248888888888,0.9903330916606248,0.008000031269202,0.0168014771980943,0.01405177726981,1.3698406491512214,0.0065313051487402,0.00632726023465,1.3698406491512214,0.0065313051487402,0.505,0,False
UNI,2,1.0,123,14000,3000,3000,0.9992248888888888,0.9903330916606248,0.008000031269202,0.0168014771980943,0.01405177726981,1.3698406491512214,0.0065313051487402,0.00632726023465,1.3698406491512214,0.0065313051487402,0.505,0,False
UNI,2,1.0,456,14000,3000,3000,0.9992248888888888,0.9903330916606248,0.008000031269202,0.0168014771980943,0.01405177726981,1.3698406491512214,0.0065313051487402,0.00632726023465,1.3698406491512214,0.0065313051487402,0.505,0,False
UNI,3,0.01,42,140,3000,30,0.9972964444444444,0.9783326375702508,0.0495663403201855,0.1690725705314145,0.1595244202390463,0.4309946915219445,0.0074341426447081,0.0057458965509161,0.1000052749944835,0.0188018412302457,0.5056666666666667,0,False
UNI,3,0.01,123,140,3000,30,0.9982422222222224,0.985998948365455,0.0491761543740789,0.1848228227412548,0.1672353508904687,0.3887624416893264,0.007293146413572,0.0068565477770832,0.1000063738415107,0.0123178398890067,0.5086666666666667,0,False
UNI,3,0.01,456,140,3000,30,0.9983933333333334,0.984331200635642,0.0481056349407278,0.1786468119365137,0.1663675642745181,0.427183228053773,0.0115134305536882,0.0117368308038268,0.1000049818481769,0.0150751540610397,0.5116666666666667,0,False
UNI,3,0.05,42,700,3000,150,0.9984195555555556,0.9853318665199852,0.0199041236401167,0.0732219188143801,0.0638995277720543,0.7347862436148038,0.0082879150098436,0.0079679735009803,0.6532980915212756,0.0079163087066019,0.51,0,False
UNI,3,0.05,123,700,3000,150,0.9986653333333332,0.9876658101257032,0.0179525575970981,0.0757468017270031,0.0637029252338138,0.7189558228824882,0.0086231088478099,0.0081999880815059,0.4809454921489902,0.010869453582959,0.5083333333333333,0,False
UNI,3,0.05,456,700,3000,150,0.998692,0.985998599859986,0.0190292276006723,0.0778757362354457,0.066809571582329,0.7142354883512615,0.0086601713695469,0.0089733336754149,0.8170166095962625,0.0077458260416766,0.51,0,False
UNI,3,0.1,42,1400,3000,300,0.9986191111111112,0.9879992319508448,0.0142784379689151,0.050196539500823,0.0403000826647424,0.8498874699820601,0.0063179414318513,0.0063919770422088,0.5752629348798518,0.0094699737610085,0.508,0,False
UNI,3,0.1,123,1400,3000,300,0.9987257777777778,0.9889995587600792,0.0132844670296421,0.0499076718359674,0.0401652723527047,0.8561212061865342,0.0080032601952824,0.0058162446911213,0.8296587118499997,0.0076260677140418,0.5063333333333333,0,False
UNI,3,0.1,456,1400,3000,300,0.9988466666666668,0.9896663348411966,0.0139275286288203,0.052700451336755,0.0424168576161903,0.8015008972447507,0.0070707002507558,0.0056397457502845,0.8275496008381822,0.0058878510003764,0.5056666666666667,0,False
UNI,3,0.25,42,3500,3000,750,0.9989964444444444,0.9906663306545702,0.0098403575734146,0.029974888160661,0.023719942167594,0.9775940364392026,0.006998894191222,0.0057370890976276,1.0423237590870271,0.0065179381205281,0.506,0,False
UNI,3,0.25,123,3500,3000,750,0.9988884444444444,0.9909997749943747,0.009782753767363,0.0288115826750063,0.0222963392875016,1.0182988624959974,0.0066215525687354,0.0051553250366471,1.075093988268404,0.0061853031251453,0.505,0,False
UNI,3,0.25,456,3500,3000,750,0.9989688888888888,0.9903329455770392,0.009995055151447,0.0301719432810243,0.0241427363094703,0.9764553292417256,0.0063839661027965,0.0053402049164599,0.8675072401752812,0.0078493868393345,0.5063333333333333,0,False
UNI,3,0.5,42,7000,3000,1500,0.9989608888888888,0.9923332302578736,0.0081017859288549,0.020519119873548,0.0134707411772828,1.1079391824628873,0.0058288386765638,0.0040214400477659,1.154934835717527,0.0063565928390329,0.5036666666666667,0,False
UNI,3,0.5,123,7000,3000,1500,0.998984,0.992333189367667,0.0081927593875317,0.0197922747334366,0.0141773577422,1.123239683840262,0.0053885338653887,0.0044394376357807,1.2363353635271337,0.0052026391339524,0.5043333333333333,0,False
UNI,3,0.5,456,7000,3000,1500,0.999079111111111,0.9916665101822468,0.0080966573808396,0.0206336630079105,0.0143690154497466,1.094486401804892,0.0049364257206243,0.0040677378867862,0.8525623742125888,0.0061788074395596,0.5043333333333333,0,False
UNI,3,1.0,42,14000,3000,3000,0.9990742222222222,0.992666549331456,0.0069000232822497,0.0144413107034557,0.0090404285444225,1.226389072385748,0.0052500823398029,0.0036708997393169,1.226389072385748,0.0052500823398029,0.504,0,False
UNI,3,1.0,123,14000,3000,3000,0.9990742222222222,0.992666549331456,0.0069000232822497,0.0144413107034557,0.0090404285444225,1.226389072385748,0.0052500823398029,0.0036708997393169,1.226389072385748,0.0052500823398029,0.504,0,False
UNI,3,1.0,456,14000,3000,3000,0.9990742222222222,0.992666549331456,0.0069000232822497,0.0144413107034557,0.0090404285444225,1.226389072385748,0.0052500823398029,0.0036708997393169,1.226389072385748,0.0052500823398029,0.504,0,False
UNI,4,0.01,42,140,3000,30,0.9962337777777776,0.9793300169493862,0.0567374083871449,0.1889213430570037,0.1747076300199622,0.4362080244599856,0.020120196225469,0.0204977907665177,0.1000041635488597,0.0189536894834147,0.5126666666666667,0,False
UNI,4,0.01,123,140,3000,30,0.9968755555555556,0.9823300329761592,0.0524278031372146,0.1868728666249839,0.1741608829980738,0.4504769187282568,0.0193691343797577,0.0189840751703791,0.1000056842173232,0.016498040022182,0.5136666666666667,0,False
UNI,4,0.01,456,140,3000,30,0.9957871111111112,0.9766596541894366,0.0554458272248929,0.1818142983776006,0.1678246299836755,0.4628640691301601,0.0223861813276373,0.0217866023625821,0.1000052749944835,0.022104131028815,0.5173333333333333,0,False
UNI,4,0.05,42,700,3000,150,0.9975328888888888,0.9886658153434636,0.0183357664050163,0.0780272050517864,0.0694300219094188,0.7610269613196602,0.0106961633784777,0.0108608382460979,0.7979267252198631,0.0105950868174263,0.5086666666666667,0,False
UNI,4,0.05,123,700,3000,150,0.9973306666666668,0.9873323818544592,0.0182073239485732,0.0788055509506678,0.0707781953506185,0.7866315625107464,0.0118874210137335,0.0117727585575813,0.1000063687564957,0.0120539710649565,0.5086666666666667,0,False
UNI,4,0.05,456,700,3000,150,0.9973444444444444,0.9866659495910668,0.0200598621924398,0.0791174373332088,0.0693881149358916,0.7656243345196658,0.0110080846071988,0.010979762846265,0.579934199183578,0.0098704701252906,0.5073333333333333,0,False
UNI,4,0.1,42,1400,3000,300,0.9978391111111112,0.9886660571524069,0.0127853774520603,0.0525298226024997,0.0457850053755589,0.9101054924114784,0.0086611769500966,0.0088363023863096,1.0256468745361371,0.0092956508526197,0.5073333333333333,0,False
UNI,4,0.1,123,1400,3000,300,0.9975622222222222,0.9879995679844474,0.0133231732606767,0.0494509448034302,0.0445367872634822,0.9422250239999004,0.0093447957577464,0.0087024431713074,0.7426570210376359,0.0089541697678691,0.506,0,False
UNI,4,0.1,456,1400,3000,300,0.9977413333333334,0.988332647552284,0.0140916259314368,0.0514837898076707,0.0460995676811579,0.9323360083829748,0.0115800728751838,0.0105019268803528,1.1626466935615043,0.0141784231470328,0.5076666666666667,0,False
UNI,4,0.25,42,3500,3000,750,0.9980968888888888,0.988999646766435,0.0092892003176642,0.0281272369359704,0.0236454486516424,1.1318336446890855,0.0067539705523247,0.0068759795482399,1.320690453816063,0.0078035650264182,0.5056666666666667,0,False
UNI,4,0.25,123,3500,3000,750,0.9977444444444444,0.9889997249931248,0.0097420754269639,0.0266763067748556,0.0236995394504564,1.165626002811759,0.0075335238702519,0.0072968877381685,0.836400229089158,0.0075022819711155,0.505,0,False
UNI,4,0.25,456,3500,3000,750,0.9978222222222224,0.9886661629405752,0.0097028510431552,0.0273714695934713,0.023824241670188,1.173278225783578,0.0072235710317227,0.0076980120535215,1.2923266022791826,0.0082182893453114,0.5066666666666667,0,False
UNI,4,0.5,42,7000,3000,1500,0.9980697777777776,0.9896664083268748,0.0082285212143289,0.0184405147916482,0.0158802692980018,1.2832195980912748,0.0083578025890321,0.0068454158354222,1.3525198891926342,0.007171610243743,0.505,0,False
UNI,4,0.5,123,7000,3000,1500,0.9981355555555556,0.9903331518114062,0.0083815739384093,0.0183801930139985,0.0158058752390628,1.3009437595851576,0.00731882567727,0.0067695971138416,1.2506323063063316,0.0073256964809836,0.5043333333333333,0,False
UNI,4,0.5,456,7000,3000,1500,0.9980733333333334,0.9896663348411966,0.0082977413979357,0.0182130529229669,0.0157498079223154,1.2968259171745016,0.0067387912433306,0.0070437574466682,1.3795097919530623,0.0060966881219058,0.5056666666666667,0,False
UNI,4,1.0,42,14000,3000,3000,0.9983893333333334,0.9906664634029808,0.0072398018899909,0.0126024474009038,0.0106434345737281,1.3995019162145288,0.0068056760736281,0.0058565723662129,1.3995019162145288,0.0068056760736281,0.5046666666666667,0,False
UNI,4,1.0,123,14000,3000,3000,0.9983893333333334,0.9906664634029808,0.0072398018899909,0.0126024474009038,0.0106434345737281,1.3995019162145288,0.0068056760736281,0.0058565723662129,1.3995019162145288,0.0068056760736281,0.5046666666666667,0,False
UNI,4,1.0,456,14000,3000,3000,0.9983893333333334,0.9906664634029808,0.0072398018899909,0.0126024474009038,0.0106434345737281,1.3995019162145288,0.0068056760736281,0.0058565723662129,1.3995019162145288,0.0068056760736281,0.5046666666666667,0,False
VIRCHOW2,0,0.01,42,140,3000,30,0.9958653333333334,0.9713097563286452,0.0625984582790772,0.210982917999258,0.1908310862985114,0.5276615184162803,0.0258742165093773,0.0285920934758986,0.1348647355256538,0.0287998828927985,0.5286666666666666,0,False
VIRCHOW2,0,0.01,123,140,3000,30,0.9957506666666668,0.9693044658888093,0.0634903431602025,0.2076321073728553,0.1906184528445547,0.5386617040103587,0.0282401851869396,0.0312734748354911,0.4193739592051255,0.0314942077437557,0.5306666666666666,0,False
VIRCHOW2,0,0.01,456,140,3000,30,0.9936568888888888,0.951889152607608,0.0636125962517613,0.1930707581845895,0.1824511097803384,0.6558069504626044,0.039970751733111,0.0436765959821183,1.2407142495379275,0.1047895489891946,0.548,0,False
VIRCHOW2,0,0.05,42,700,3000,150,0.997588,0.9833287024173382,0.0236373488817205,0.0909901611728244,0.0829178332476621,0.8985775747788023,0.0177389801686936,0.0203188403101,0.1791892957024023,0.0171060256785618,0.5166666666666667,0,False
VIRCHOW2,0,0.05,123,700,3000,150,0.997692,0.982327817648864,0.0238336442656628,0.0935945393685013,0.0858638727890171,0.8871069592291989,0.0182700572476065,0.0210936359184906,0.875994675109514,0.0183845825804031,0.5176666666666667,0,False
VIRCHOW2,0,0.05,456,700,3000,150,0.9973471111111112,0.9839962373375783,0.0243490276078823,0.0946305489163135,0.0851076824870158,0.8630328930307587,0.0155942761572769,0.0171442147597855,1.202533054273061,0.0319975669830785,0.5153333333333333,0,False
VIRCHOW2,0,0.1,42,1400,3000,300,0.9980986666666666,0.9869980222547186,0.0161553889026546,0.0631467003438977,0.0568011513870126,0.9614960976008964,0.0115941188940942,0.0131716352199337,0.7727730260633205,0.0126824234339589,0.5123333333333333,0,False
VIRCHOW2,0,0.1,123,1400,3000,300,0.9982155555555556,0.9859975106685632,0.0163063737925233,0.0619642229438156,0.0572351699286034,1.0076633450240629,0.0129554423703135,0.0152323439850504,0.9679566577584158,0.0132823110728345,0.5133333333333333,0,False
VIRCHOW2,0,0.1,456,1400,3000,300,0.997904,0.9859975106685632,0.0169469952648525,0.064515420873413,0.0570002445704222,0.9811784122586696,0.0124192231276582,0.0150127807428757,1.1749548668848373,0.0178854264306701,0.5133333333333333,0,False
VIRCHOW2,0,0.25,42,3500,3000,750,0.9983266666666666,0.9876653496001072,0.0117179166633333,0.0374778494283852,0.0319574317105762,1.1087480041540996,0.0084305583346784,0.0096680416536612,1.0444189750936266,0.0090323640348384,0.5103333333333333,0,False
VIRCHOW2,0,0.25,123,3500,3000,750,0.9985684444444444,0.9879986345113044,0.0115991984811663,0.0361332961833328,0.0331468657072039,1.1398910434721816,0.0097957435187974,0.0110714460769045,1.0865040824416252,0.009653597776005,0.5106666666666667,0,False
VIRCHOW2,0,0.25,456,3500,3000,750,0.998244888888889,0.9876649877344416,0.0122349996139665,0.0372531424368094,0.0334539727761361,1.173344324556756,0.0105484697263302,0.0127009295390514,1.1696674297736775,0.0105754865174776,0.5116666666666667,0,False
VIRCHOW2,0,0.5,42,7000,3000,1500,0.9987106666666667,0.9883323882567822,0.009711519505544,0.0247958406269419,0.0235098750498991,1.2056156749534068,0.007007343244407,0.0090817903302457,1.1804833687858332,0.0071798978856973,0.509,0,False
VIRCHOW2,0,0.5,123,7000,3000,1500,0.9986106666666666,0.987998799879988,0.009890745414048,0.0240879288696686,0.0223530128188533,1.2719867413618229,0.0083581695707772,0.0090126365406306,1.31069649440598,0.0080898276693757,0.51,0,False
VIRCHOW2,0,0.5,456,7000,3000,1500,0.9985137777777776,0.988665377038454,0.0101837573932725,0.0251678446255333,0.0242118490956524,1.260855023213462,0.0089565382627486,0.0101395699235336,1.2157975333614817,0.0092308336893727,0.5106666666666667,0,False
VIRCHOW2,0,1.0,42,14000,3000,3000,0.9987577777777776,0.9886658153434636,0.0087179725989272,0.0169537553762017,0.0157255752282956,1.3209424537557704,0.0072299406303055,0.007432735480658,1.3209424537557704,0.0072299406303055,0.5086666666666667,0,False
VIRCHOW2,0,1.0,123,14000,3000,3000,0.9987577777777776,0.9886658153434636,0.0087179725989272,0.0169537553762017,0.0157255752282956,1.3209424537557704,0.0072299406303055,0.007432735480658,1.3209424537557704,0.0072299406303055,0.5086666666666667,0,False
VIRCHOW2,0,1.0,456,14000,3000,3000,0.9987577777777776,0.9886658153434636,0.0087179725989272,0.0169537553762017,0.0157255752282956,1.3209424537557704,0.0072299406303055,0.007432735480658,1.3209424537557704,0.0072299406303055,0.5086666666666667,0,False
VIRCHOW2,1,0.01,42,140,3000,30,0.995755111111111,0.976322217930084,0.0679960572120629,0.2154444941135795,0.2018903106064044,0.438185809075093,0.0215916058459876,0.0210209492685305,0.4564223950216291,0.0220319945060647,0.5216666666666666,0,False
VIRCHOW2,1,0.01,123,140,3000,30,0.9945431111111112,0.9736519088080337,0.0693841532607758,0.2170289488611684,0.2039429906569858,0.4561187678393761,0.0261416222012938,0.0261416222012938,0.2695893512732938,0.0256863008416227,0.5236666666666666,0,False
VIRCHOW2,1,0.01,456,140,3000,30,0.9959662222222222,0.9726500257267644,0.0695293042991993,0.2169579226381407,0.2036832324243643,0.4546177559561439,0.0277582935538888,0.0261906148142029,0.1000052749944835,0.025416771808369,0.5246666666666666,0,False
VIRCHOW2,1,0.05,42,700,3000,150,0.9969351111111112,0.9843298075400296,0.0254990786187988,0.096606248072522,0.0861657453835224,0.7701652345931723,0.0139992514523541,0.0148632131702352,0.7950814223781122,0.0138334994569346,0.515,0,False
VIRCHOW2,1,0.05,123,700,3000,150,0.9971404444444444,0.9833290655741204,0.0257672953046286,0.1003065551295267,0.087359095904186,0.7756632824505276,0.015097797791954,0.0151749414016386,0.4203673062885346,0.0163884703444989,0.516,0,False
VIRCHOW2,1,0.05,456,700,3000,150,0.9970151111111112,0.9819949986107251,0.0266970925132931,0.0989244497285765,0.0867686866229646,0.7686639202277353,0.0146223459825071,0.0150361006544641,0.7441152054993241,0.0150925927441239,0.5166666666666667,0,False
VIRCHOW2,1,0.1,42,1400,3000,300,0.9971497777777778,0.9849971978099464,0.0181524581607791,0.0655645554210247,0.0565447868607846,0.929576108211733,0.0121150991921094,0.0127004217221302,1.2024710217872243,0.0176360957982886,0.5136666666666667,0,False
VIRCHOW2,1,0.1,123,1400,3000,300,0.9976235555555556,0.9843301140423182,0.0179929071759578,0.0676052425092424,0.0595280903902883,0.9401250510546252,0.0137601958256726,0.0140644473880088,0.7598978226091789,0.0142054053061176,0.5143333333333333,0,False
VIRCHOW2,1,0.1,456,1400,3000,300,0.9975946666666666,0.9846636607441726,0.0188187536304392,0.0682359027953144,0.0611587509288106,0.9071193633377116,0.0130812283135007,0.0135623382151545,0.7760859005190104,0.0135631994850037,0.514,0,False
VIRCHOW2,1,0.25,42,3500,3000,750,0.9976546666666666,0.9876651741527392,0.0130171283119431,0.0399207169310319,0.0326690285685812,1.11288676719707,0.0102286153587805,0.0110499614202837,1.1778497787073163,0.0103777301166492,0.511,0,False
VIRCHOW2,1,0.25,123,3500,3000,750,0.9979964444444444,0.9856642439238898,0.0132104790922914,0.0398135546831252,0.0352992878846078,1.134716967397695,0.011264617429791,0.0120993058875646,0.9768543378679212,0.011970987262603,0.513,0,False
VIRCHOW2,1,0.25,456,3500,3000,750,0.9978604444444444,0.9873317061613692,0.0131496050172059,0.0396554545367925,0.0347422685390232,1.1058124941312957,0.0102376586111386,0.0112560117444843,1.1343812380401777,0.0100583489207487,0.5113333333333333,0,False
VIRCHOW2,1,0.5,42,7000,3000,1500,0.9981386666666666,0.9889989720150516,0.0106996998466723,0.0267610665241249,0.0232423826993796,1.2499226104008143,0.0089255102213435,0.0093656365716362,1.287103219862028,0.0088388719121154,0.5096666666666667,0,False
VIRCHOW2,1,0.5,123,7000,3000,1500,0.9983648888888887,0.9886655332199886,0.0104982289934166,0.0261822828313457,0.0222857780521646,1.263669948010708,0.0088065087124951,0.0090262162806724,1.2469886110534112,0.0089033245164816,0.51,0,False
VIRCHOW2,1,0.5,456,7000,3000,1500,0.9982008888888888,0.9889989720150516,0.010686425590352,0.0276039955123989,0.0244243844798229,1.2419585718169786,0.0094550369944792,0.0103299826473372,1.193457219619879,0.010524108141426,0.5096666666666667,0,False
VIRCHOW2,1,1.0,42,14000,3000,3000,0.9986675555555556,0.9909994709689048,0.0087816176584268,0.0195746217047054,0.0158484902597052,1.3225534695894603,0.0065046716772344,0.0071787670924572,1.3225534695894603,0.0065046716772344,0.5076666666666667,0,False
VIRCHOW2,1,1.0,123,14000,3000,3000,0.9986675555555556,0.9909994709689048,0.0087816176584268,0.0195746217047054,0.0158484902597052,1.3225534695894603,0.0065046716772344,0.0071787670924572,1.3225534695894603,0.0065046716772344,0.5076666666666667,0,False
VIRCHOW2,1,1.0,456,14000,3000,3000,0.9986675555555556,0.9909994709689048,0.0087816176584268,0.0195746217047054,0.0158484902597052,1.3225534695894603,0.0065046716772344,0.0071787670924572,1.3225534695894603,0.0065046716772344,0.5076666666666667,0,False
VIRCHOW2,2,0.01,42,140,3000,30,0.9967324444444444,0.9809945074126424,0.047322922979571,0.1762991072122773,0.161508756147059,0.5497841092625148,0.0158472810000314,0.0165901336267926,0.1000052749944835,0.0179758821481766,0.517,0,False
VIRCHOW2,2,0.01,123,140,3000,30,0.9969035555555554,0.9806604006364728,0.0492666315904002,0.1809711814683414,0.163296341765424,0.5460813868547008,0.0165950938111775,0.017855721513665,0.1000043696642297,0.0188517742215273,0.518,0,False
VIRCHOW2,2,0.01,456,140,3000,30,0.992428,0.976996112342986,0.0554658259513178,0.1788870580914394,0.1698656518114375,0.5693054530180437,0.0158252086430127,0.0106196465719941,0.5328995703535229,0.0140566700066131,0.513,0,False
VIRCHOW2,2,0.05,42,700,3000,150,0.9988546666666668,0.9879992319508448,0.0181635500214123,0.0751206192499529,0.0680354635184188,0.8121435314880265,0.0095110255258807,0.0102834775044119,0.7040461850626099,0.0096154371344603,0.508,0,False
VIRCHOW2,2,0.05,123,700,3000,150,0.9986102222222222,0.9873320665399874,0.0176524880757607,0.0740985206418526,0.06746724474877,0.8653084182834696,0.0101599949980709,0.0106255418941353,1.1581420076506794,0.0197454468632671,0.51,0,False
VIRCHOW2,2,0.05,456,700,3000,150,0.9971568888888888,0.9859982015467764,0.0189637739875362,0.0732435015797124,0.063767236372458,0.8936251509742895,0.0105461282329763,0.0114627717030717,1.0841466868023246,0.0142829061825078,0.5113333333333333,0,False
VIRCHOW2,2,0.1,42,1400,3000,300,0.9990911111111112,0.9889994609735876,0.0130818379264341,0.0493228070481888,0.0439469746052511,0.9531937643113504,0.0072274945364295,0.0076703148207487,0.9024459089053842,0.007448637866029,0.507,0,False
VIRCHOW2,2,0.1,123,1400,3000,300,0.9989404444444444,0.9893326506229732,0.0135357025163264,0.0493291814590278,0.0452933518396211,0.9867125142271852,0.0085953297428725,0.0091145469282982,1.1909147807314302,0.0137275508760849,0.508,0,False
VIRCHOW2,2,0.1,456,1400,3000,300,0.9984048888888888,0.9886658153434636,0.013459332506832,0.0479724806934533,0.0418856654563495,1.0191643663625238,0.0091972578020195,0.0094169912514063,1.158345169335415,0.0081808849766975,0.5086666666666667,0,False
VIRCHOW2,2,0.25,42,3500,3000,750,0.9991671111111112,0.9896661603085216,0.0101200112403484,0.0271752329664224,0.0250984227606667,1.1759039277614116,0.0070142933467867,0.0073700734776082,1.221469227133939,0.0065468558164467,0.507,0,False
VIRCHOW2,2,0.25,123,3500,3000,750,0.9990662222222222,0.9899994621933002,0.0100761874181454,0.0285181343981377,0.0255719405838677,1.19555730348184,0.0071339726314652,0.0075417987328009,1.3400689716892724,0.0095194723603776,0.5073333333333333,0,False
VIRCHOW2,2,0.25,456,3500,3000,750,0.9988448888888888,0.9896661603085216,0.0103236010651285,0.0267268317138565,0.0253051679953466,1.2166645487741248,0.0075050292703746,0.0088439056919849,1.3670606807881265,0.0075339576568878,0.507,0,False
VIRCHOW2,2,0.5,42,7000,3000,1500,0.9993222222222222,0.990332859643456,0.0088671731476493,0.0194726074714229,0.0173333575060883,1.3058975109693185,0.0059845455597152,0.0061798829818882,1.2888686105379057,0.0060700662234539,0.507,0,False
VIRCHOW2,2,0.5,123,7000,3000,1500,0.9992986666666668,0.990332859643456,0.0087560962593641,0.0186201754126461,0.0172128044006915,1.308839333963019,0.0054266070049167,0.0062361911221401,1.4582861414991832,0.0064437621681594,0.507,0,False
VIRCHOW2,2,0.5,456,7000,3000,1500,0.9991435555555556,0.9899995555358015,0.0088953337280992,0.0177847019745806,0.0175239947144558,1.3360917985544525,0.0066314579337514,0.0075300363283176,1.3930749403966551,0.0064576653346456,0.5066666666666667,0,False
VIRCHOW2,2,1.0,42,14000,3000,3000,0.999448,0.9899996399870395,0.0078875706267203,0.0133194489097535,0.0111137715459006,1.4011991761259517,0.0047381557484424,0.0050631351041849,1.4011991761259517,0.0047381557484424,0.506,0,False
VIRCHOW2,2,1.0,123,14000,3000,3000,0.999448,0.9899996399870395,0.0078875706267203,0.0133194489097535,0.0111137715459006,1.4011991761259517,0.0047381557484424,0.0050631351041849,1.4011991761259517,0.0047381557484424,0.506,0,False
VIRCHOW2,2,1.0,456,14000,3000,3000,0.999448,0.9899996399870395,0.0078875706267203,0.0133194489097535,0.0111137715459006,1.4011991761259517,0.0047381557484424,0.0050631351041849,1.4011991761259517,0.0047381557484424,0.506,0,False
VIRCHOW2,3,0.01,42,140,3000,30,0.9954284444444444,0.966322822311986,0.0573398533286965,0.1715027633580201,0.1692622668906901,0.5004942784893759,0.0132971125302165,0.0113775485666517,0.1000052749944835,0.0294960057127935,0.5176666666666667,0,False
VIRCHOW2,3,0.01,123,140,3000,30,0.9976822222222222,0.9736519088080337,0.0572386350345257,0.1945998141292258,0.1831512990711626,0.4868097590727263,0.0183628180848632,0.0206609422131915,0.1000035597259762,0.025631617753546,0.5236666666666666,0,False
VIRCHOW2,3,0.01,456,140,3000,30,0.997303111111111,0.969976461545852,0.0565459872870748,0.18993361006517,0.1789730358170711,0.535345905257856,0.0231189601147773,0.0269046611193385,0.1000057775217361,0.0296625961834023,0.528,0,False
VIRCHOW2,3,0.05,42,700,3000,150,0.9977768888888888,0.9756572514324708,0.0249943591387512,0.078633596784836,0.0741254203418455,0.8522788524173853,0.0151821219268023,0.0157658998856493,0.7309420294625563,0.0159793561345828,0.5196666666666667,0,False
VIRCHOW2,3,0.05,123,700,3000,150,0.9979906666666666,0.9779928696897796,0.0237391501639669,0.0813093700646347,0.0759698708948714,0.8339134363354177,0.0140970686675999,0.0157551494761412,0.6450921603553865,0.0164908563944957,0.518,0,False
VIRCHOW2,3,0.05,456,700,3000,150,0.9983017777777778,0.974653644272346,0.0241936471089287,0.0849448762283138,0.0802088060802215,0.8429826231385321,0.0166826852037634,0.0189133179508493,1.1107041531027124,0.0259646000349581,0.5226666666666666,0,False
VIRCHOW2,3,0.1,42,1400,3000,300,0.9983875555555556,0.978993929245552,0.018417362381889,0.0563940591366375,0.0513773050255478,0.973959043223355,0.0126910020679573,0.0143853127290642,0.6310895750491364,0.0157596795864143,0.517,0,False
VIRCHOW2,3,0.1,123,1400,3000,300,0.9986275555555556,0.983997432476944,0.017148534897121,0.0572925178343756,0.0535970795711382,0.9003160825718763,0.0100894831399528,0.0126626120730453,0.9788900040834926,0.0123355336826871,0.5126666666666667,0,False
VIRCHOW2,3,0.1,456,1400,3000,300,0.9987071111111112,0.9826632686673256,0.0173635360985608,0.0595994828414965,0.0544830059386384,0.9061905575301388,0.010978393126386,0.0133858897824458,1.0047857104608078,0.0136552483975741,0.514,0,False
VIRCHOW2,3,0.25,42,3500,3000,750,0.9988644444444444,0.984997958055402,0.0128207703875813,0.0347967289290323,0.0325597418765804,1.07518550049971,0.0087583362833085,0.012102415200911,1.1854633420205278,0.010526386558307,0.5116666666666667,0,False
VIRCHOW2,3,0.25,123,3500,3000,750,0.9989351111111112,0.9856651360217464,0.0122189611242305,0.0380728049110172,0.0328755453401582,1.046215242969185,0.0088734487787199,0.011023367985735,1.022623378605218,0.0091155965792425,0.5103333333333333,0,False
VIRCHOW2,3,0.25,456,3500,3000,750,0.998912,0.9849981847803584,0.012405170120309,0.0365860802246705,0.0329344625836002,1.056237746857187,0.0084601047185839,0.0116290003951761,1.089251796853588,0.0081891407291291,0.511,0,False
VIRCHOW2,3,0.5,42,7000,3000,1500,0.9990493333333332,0.9869989469147,0.0096130905974784,0.0264351674239742,0.021191764017445,1.120470717412932,0.0081139679817419,0.0082114484452751,1.1497424564516692,0.0075451461292507,0.509,0,False
VIRCHOW2,3,0.5,123,7000,3000,1500,0.999071111111111,0.9873322298297984,0.0097080872486894,0.0264462450970608,0.0215349777918486,1.1310530365780276,0.0076111250442847,0.0089990436661375,1.2303742543330236,0.0087444744919649,0.5093333333333333,0,False
VIRCHOW2,3,0.5,456,7000,3000,1500,0.9991137777777778,0.9869987851086974,0.0097836399292089,0.0264702057148597,0.0217545164684793,1.1177884036050818,0.0068060620267969,0.0086492122755872,1.0391922330164267,0.008058490776212,0.5096666666666667,0,False
VIRCHOW2,3,1.0,42,14000,3000,3000,0.999172,0.991333144588482,0.0078348823770115,0.0188445916417316,0.0145452741794679,1.1837348595329635,0.0070190859410912,0.006510608517744,1.1837348595329635,0.0070190859410912,0.5046666666666667,0,False
VIRCHOW2,3,1.0,123,14000,3000,3000,0.999172,0.991333144588482,0.0078348823770115,0.0188445916417316,0.0145452741794679,1.1837348595329635,0.0070190859410912,0.006510608517744,1.1837348595329635,0.0070190859410912,0.5046666666666667,0,False
VIRCHOW2,3,1.0,456,14000,3000,3000,0.999172,0.991333144588482,0.0078348823770115,0.0188445916417316,0.0145452741794679,1.1837348595329635,0.0070190859410912,0.006510608517744,1.1837348595329635,0.0070190859410912,0.5046666666666667,0,False
VIRCHOW2,4,0.01,42,140,3000,30,0.9946511111111112,0.9769933510784616,0.0559206585024542,0.1858120814712737,0.1730812914968259,0.474548400563073,0.0151057705808654,0.0155550571019989,0.1000040920694941,0.0216519732727226,0.517,0,False
VIRCHOW2,4,0.01,123,140,3000,30,0.9953497777777778,0.974318126810864,0.0536848693521533,0.1848628562231314,0.1694615405192216,0.496391325605776,0.0252514352353787,0.0253220182219065,0.5665922708941308,0.0246670948757368,0.5243333333333333,0,False
VIRCHOW2,4,0.01,456,140,3000,30,0.9918586666666666,0.9696422961766528,0.0565768216646918,0.1725707850700222,0.1621158449749244,0.5477043897618514,0.0274645658175611,0.0261151087669481,0.1000052749944835,0.029970485347962,0.5283333333333333,0,False
VIRCHOW2,4,0.05,42,700,3000,150,0.9965106666666668,0.9826625904490434,0.0218261258794777,0.0813522834825637,0.0724684939612797,0.8061714383772841,0.0154870797326213,0.0155692602104923,0.8867206474052163,0.0150655625800186,0.5153333333333333,0,False
VIRCHOW2,4,0.05,123,700,3000,150,0.9966186666666668,0.981662165747126,0.0211800135022731,0.0813328826945113,0.073771880107911,0.8275947304734114,0.0169702334696271,0.0183348423775622,0.6029789590122008,0.0171392406088223,0.5156666666666667,0,False
VIRCHOW2,4,0.05,456,700,3000,150,0.9962088888888888,0.9793271222820724,0.0230785387635612,0.0784150178438541,0.0717367220799017,0.853427636782949,0.0188129856902527,0.0188129856902528,0.7807350338349905,0.0189356160247995,0.5173333333333333,0,False
VIRCHOW2,4,0.1,42,1400,3000,300,0.9971555555555556,0.9846646969321836,0.0154887605979993,0.0550871727781316,0.0494966695656979,0.94398217432575,0.0121865446706918,0.0132038235692149,1.075513541327108,0.0120723341093902,0.5113333333333333,0,False
VIRCHOW2,4,0.1,123,1400,3000,300,0.9969586666666668,0.9846646969321836,0.0159724001301449,0.0536824724313775,0.0485261521266207,0.9791597128897532,0.0131226969913144,0.0138751841920475,0.9137452027105026,0.0127558095359695,0.5113333333333333,0,False
VIRCHOW2,4,0.1,456,1400,3000,300,0.9968111111111112,0.9803276480236122,0.0177666453011216,0.0553112487553642,0.0503240617261627,1.0140693259742894,0.017803735470114,0.0186917482370973,1.181644205107402,0.0182213458425056,0.517,0,False
VIRCHOW2,4,0.25,42,3500,3000,750,0.997512,0.988332647552284,0.0113763192752133,0.0325530012136311,0.02746795401865,1.134504213044878,0.0086434361887413,0.0092172936168086,1.3275542923643295,0.0088224177582642,0.5076666666666667,0,False
VIRCHOW2,4,0.25,123,3500,3000,750,0.9972084444444446,0.9879990985989616,0.0116378117398359,0.0292300001122179,0.02661044840556,1.2087478027926597,0.0094369947726708,0.0116062414689544,1.1652590732833414,0.0096062795153052,0.5086666666666667,0,False
VIRCHOW2,4,0.25,456,3500,3000,750,0.9973235555555556,0.9869987851086974,0.0118977526561594,0.0310820130002719,0.0285523170737559,1.1925930609816289,0.0109234979629667,0.0123488725569385,1.3214065722206416,0.0104166575370442,0.5096666666666667,0,False
VIRCHOW2,4,0.5,42,7000,3000,1500,0.9977702222222222,0.9899994621933002,0.0095891482944743,0.0210761529575291,0.0189219993046216,1.2995904960878943,0.0087888047515134,0.0095417385454449,1.3598323709996554,0.0076546490685886,0.5073333333333333,0,False
VIRCHOW2,4,0.5,123,7000,3000,1500,0.9975875555555554,0.9896661603085216,0.0097711535901873,0.0193729998276843,0.0182096264655225,1.338172843576252,0.0079112321556568,0.0094987368164132,1.3281121210011906,0.007920712015379,0.507,0,False
VIRCHOW2,4,0.5,456,7000,3000,1500,0.9978257777777778,0.9896661603085216,0.009549205159305,0.0209746074552407,0.0183927197322789,1.3175213841312317,0.0083870405967232,0.0094667032811696,1.3977791038537457,0.008056653247251,0.507,0,False
VIRCHOW2,4,1.0,42,14000,3000,3000,0.9983195555555556,0.991333021322101,0.0081304613047087,0.0146161576897338,0.0117153112420418,1.4347288145267558,0.0072437455572503,0.0070144333574902,1.4347288145267558,0.0072437455572503,0.506,0,False
VIRCHOW2,4,1.0,123,14000,3000,3000,0.9983195555555556,0.991333021322101,0.0081304613047087,0.0146161576897338,0.0117153112420418,1.4347288145267558,0.0072437455572503,0.0070144333574902,1.4347288145267558,0.0072437455572503,0.506,0,False
VIRCHOW2,4,1.0,456,14000,3000,3000,0.9983195555555556,0.991333021322101,0.0081304613047087,0.0146161576897338,0.0117153112420418,1.4347288145267558,0.0072437455572503,0.0070144333574902,1.4347288145267558,0.0072437455572503,0.506,0,False
