model,dataset,fraction,seed,budget,n_train,n_val,n_labels_total,n_classes,auroc,f1_macro,brier,ece_fixed,ece_adaptive,temperature,ece_scaled_fixed,ece_scaled_adaptive,degeneracy_share,forced_classes,forced_val_classes,degenerate
CLIP,BRACS,0.01,42,proportional,33,7,40,7,0.6584071093220386,0.0343915343915343,,0.0744083599294561,0.0951942381863049,3.882564817190495,0.0229678351971389,0.0495497296409188,0.9982456140350876,0,7,True
CLIP,BRACS,0.01,123,proportional,33,7,40,7,0.692112905595282,0.0965779532456194,,0.0378337319462098,0.0709482017877297,2.9295938871294385,0.0081707661541627,0.0550154048318507,0.8736842105263158,0,7,False
CLIP,BRACS,0.01,456,proportional,33,7,40,7,0.7274524745501383,0.0961109670728545,,0.0308187521751312,0.079406426233022,1.9129329711878145,0.0045010286156877,0.0750315710128407,0.8789473684210526,0,7,False
CLIP,BRACS,0.05,42,proportional,180,14,194,7,0.7477439276935263,0.2720487132037658,,0.1360535524440111,0.1545006918800744,0.5225213780892601,0.0810926624850634,0.0982129794384823,0.3456140350877193,0,0,False
CLIP,BRACS,0.05,123,proportional,180,14,194,7,0.7351810671160953,0.2720412858687823,,0.1463481277093129,0.1594234954808502,0.7050176350413909,0.0923909449958111,0.1279973721691279,0.3578947368421052,0,0,False
CLIP,BRACS,0.05,456,proportional,180,14,194,7,0.7526273040315378,0.2748707198743326,,0.1538098848427,0.1657546277693636,0.638577922486256,0.1308822847912241,0.1404276485572227,0.3543859649122807,0,0,False
CLIP,BRACS,0.1,42,proportional,362,28,390,7,0.7730243822062656,0.2911878893014265,,0.1486109790326524,0.1724932204151375,0.4831623759471533,0.0747914893408504,0.0846793576726682,0.3052631578947368,0,0,False
CLIP,BRACS,0.1,123,proportional,362,28,390,7,0.7575907598496107,0.2944525929061352,,0.1376373109227826,0.1708949339963925,0.6342299888561633,0.1140412433498073,0.1211788446207628,0.3192982456140351,0,0,False
CLIP,BRACS,0.1,456,proportional,362,28,390,7,0.7735948571153378,0.2935253068969523,,0.131206139654111,0.1784309337073558,0.6640669122883591,0.1132913300623997,0.1458849739725022,0.3087719298245614,0,0,False
CLIP,BRACS,0.25,42,proportional,912,75,987,7,0.79425036329706,0.329292360913737,,0.1149924477279707,0.1378995051017879,0.6635578310276359,0.0737643866138415,0.0812385219919859,0.2824561403508772,0,0,False
CLIP,BRACS,0.25,123,proportional,912,75,987,7,0.7775493994197122,0.3426826999582138,,0.1200934309630576,0.1496945553111603,0.6045473721234612,0.0693207053723146,0.0784135583546485,0.2684210526315789,0,0,False
CLIP,BRACS,0.25,456,proportional,912,75,987,7,0.7846693568753393,0.3335618696212344,,0.1202809171097951,0.1329992789496179,0.6334496719405532,0.0805068829468534,0.0717093949140717,0.2894736842105263,0,0,False
CLIP,BRACS,0.5,42,proportional,1826,154,1980,7,0.8031229249261697,0.3879333445552476,,0.1153152380666346,0.1167018322750563,0.7028359286337444,0.051779913486782,0.0662054668518179,0.2684210526315789,0,0,False
CLIP,BRACS,0.5,123,proportional,1826,154,1980,7,0.7982259482418578,0.3895131766221281,,0.0990204993182002,0.1082088277354998,0.694372056120608,0.0516802589070141,0.0688194894730633,0.2684210526315789,0,0,False
CLIP,BRACS,0.5,456,proportional,1826,154,1980,7,0.7941069656291848,0.3871026255818882,,0.1032590261593806,0.1189563146138924,0.6919775176265931,0.0325426012551411,0.0493235393785254,0.2649122807017544,0,0,False
CLIP,BRACS,1.0,42,proportional,3657,312,3969,7,0.8137754803415936,0.4334848518095503,,0.0870837047829788,0.0875888428844596,0.742487699342635,0.0179655302593632,0.0489065905299309,0.2456140350877192,0,0,False
CLIP,BRACS,1.0,123,proportional,3657,312,3969,7,0.8137754803415936,0.4334848518095503,,0.0870837047829788,0.0875888428844596,0.742487699342635,0.0179655302593632,0.0489065905299309,0.2456140350877192,0,0,False
CLIP,BRACS,1.0,456,proportional,3657,312,3969,7,0.8137754803415936,0.4334848518095503,,0.0870837047829788,0.0875888428844596,0.742487699342635,0.0179655302593632,0.0489065905299309,0.2456140350877192,0,0,False
CLIP,CRC,0.01,42,proportional,696,144,840,9,0.9781073723600736,0.8107346495337443,,0.3688654672100533,0.3688654672100533,0.3265870337329317,0.0278224577072553,0.0293762975157776,0.1999333333333333,0,0,False
CLIP,CRC,0.01,123,proportional,696,144,840,9,0.9784782730364106,0.8125272619205758,,0.3764468503293946,0.3764468503293946,0.2573115960501886,0.0133853938939007,0.0133278287820062,0.2028,0,0,False
CLIP,CRC,0.01,456,proportional,696,144,840,9,0.9769671720070304,0.8118110771441805,,0.369500327383631,0.369500327383631,0.309832865441395,0.0202926902764148,0.0208715345562859,0.1859333333333333,0,0,False
CLIP,CRC,0.05,42,proportional,3495,745,4240,9,0.9893204867616348,0.8798555268983296,,0.2253942466686107,0.2252961563290881,0.4198468184581465,0.0061918608059386,0.0050087315960935,0.1582666666666666,0,0,False
CLIP,CRC,0.05,123,proportional,3495,745,4240,9,0.9890491860665996,0.8782612236511571,,0.2229623963767433,0.2229623963767432,0.4244813083591047,0.006546832282688,0.0067799583807262,0.1626666666666666,0,0,False
CLIP,CRC,0.05,456,proportional,3495,745,4240,9,0.9894274761280212,0.879261385265827,,0.2244064199649728,0.2244064199649729,0.3987436934826052,0.0068446075472068,0.0070437630996226,0.1574666666666666,0,0,False
CLIP,CRC,0.1,42,proportional,6996,1497,8493,9,0.9925975434930354,0.9014627789568256,,0.1751348450691784,0.1750599369963434,0.4391437992191339,0.0044747102550149,0.0058818242346223,0.1526666666666666,0,0,False
CLIP,CRC,0.1,123,proportional,6996,1497,8493,9,0.9921038229825332,0.8953747579374988,,0.1682143607979294,0.1681157115382122,0.4406094626938591,0.009858638063153,0.0094011557074832,0.1526,0,0,False
CLIP,CRC,0.1,456,proportional,6996,1497,8493,9,0.9925273762495912,0.9006376048121612,,0.1741038649365641,0.1741038649365641,0.4685778295488965,0.0079068336018594,0.0070593292340677,0.1511333333333333,0,0,False
CLIP,CRC,0.25,42,proportional,17496,3746,21242,9,0.9953754536602272,0.9259936386124212,,0.1242360330841232,0.1241053832514846,0.4703501887221104,0.0046792492160183,0.0036199039284858,0.1476666666666666,0,0,False
CLIP,CRC,0.25,123,proportional,17496,3746,21242,9,0.9953013493952731,0.92506417321018,,0.123806058919762,0.123806058919762,0.4792107609557929,0.0052409644645118,0.0026738236349798,0.1467333333333333,0,0,False
CLIP,CRC,0.25,456,proportional,17496,3746,21242,9,0.9953223387380472,0.9247862586790536,,0.1242324658308518,0.1242324658308518,0.5188303941645155,0.0064290569320179,0.0062990429481905,0.1474666666666666,0,0,False
CLIP,CRC,0.5,42,proportional,34998,7496,42494,9,0.9965985304204088,0.938173262704093,,0.0937226223516685,0.0937051093666522,0.5229259941030436,0.0024788288649453,0.0031339958893151,0.1460666666666666,0,0,False
CLIP,CRC,0.5,123,proportional,34998,7496,42494,9,0.996663017608243,0.938135185770696,,0.0933330805595768,0.0933330805595769,0.5247959786356956,0.0035319266026172,0.002914380714899,0.1461333333333333,0,0,False
CLIP,CRC,0.5,456,proportional,34998,7496,42494,9,0.996746572456318,0.9383958478713048,,0.0938484135344341,0.0938484135344341,0.5373104011757955,0.004761093067874,0.0052857640592149,0.1456666666666666,0,0,False
CLIP,CRC,1.0,42,proportional,70000,15000,85000,9,0.9976336039772756,0.9504009415178384,,0.0718160286584718,0.0718160286584718,0.5629438439127928,0.0032525050409466,0.0031211336520564,0.1444,0,0,False
CLIP,CRC,1.0,123,proportional,70000,15000,85000,9,0.9976336039772756,0.9504009415178384,,0.0718160286584718,0.0718160286584718,0.5629438439127928,0.0032525050409466,0.0031211336520564,0.1444,0,0,False
CLIP,CRC,1.0,456,proportional,70000,15000,85000,9,0.9976336039772756,0.9504009415178384,,0.0718160286584718,0.0718160286584718,0.5629438439127928,0.0032525050409466,0.0031211336520564,0.1444,0,0,False
CLIP,LungHist700,0.01,42,proportional,7,7,14,7,0.5937199380420627,0.136149005056568,,0.0342784281075258,0.0951275354646023,5.404205224109308,0.0373951012418344,0.095219289128103,0.3904761904761905,6,7,False
CLIP,LungHist700,0.01,123,proportional,7,7,14,7,0.6203690070765261,0.2507544467955239,,0.1497224739229589,0.1508947950575316,0.1000052749944835,0.1364120038306968,0.1453790473449986,0.2857142857142857,6,7,False
CLIP,LungHist700,0.01,456,proportional,7,7,14,7,0.5666983609416967,0.1861017801109966,,0.0159255242501488,0.0972946360056647,0.1191886897494968,0.0124550356990923,0.1136548403590022,0.4285714285714285,6,7,False
CLIP,LungHist700,0.05,42,proportional,22,7,29,7,0.6889886496629591,0.0457142857142857,,0.0389698004890042,0.1758924420886312,9.99999345034106,0.0402424037771306,0.1440015212026648,1.0,0,6,True
CLIP,LungHist700,0.05,123,proportional,22,7,29,7,0.6780073336646844,0.0457142857142857,,0.036711449513601,0.1451159590749847,9.999994093767066,0.0404182656283073,0.1257172269931394,1.0,0,6,True
CLIP,LungHist700,0.05,456,proportional,22,7,29,7,0.7832271255908398,0.0457142857142857,,0.036636358163174,0.2060991236062338,2.815618726236513,0.0208110019207528,0.1890438370297689,1.0,0,6,True
CLIP,LungHist700,0.1,42,proportional,45,8,53,7,0.786549037409256,0.0457142857142857,,0.0319933162548366,0.1762176127734514,0.8644757678412227,0.1002318149704924,0.1750858825678164,1.0,0,2,True
CLIP,LungHist700,0.1,123,proportional,45,8,53,7,0.7678545703413722,0.0457142857142857,,0.0334603817303821,0.1510208125550076,1.0641273734459955,0.0278799370207446,0.1492411828283898,1.0,0,2,True
CLIP,LungHist700,0.1,456,proportional,45,8,53,7,0.7969259423773182,0.0457142857142857,,0.0572432201735411,0.1669674280901,0.7080867401557759,0.1601935065520817,0.177822246316703,1.0,0,2,True
CLIP,LungHist700,0.25,42,proportional,118,24,142,7,0.8013518522245652,0.0606060606060606,,0.0836862558791924,0.1725033422045007,0.5238092501329463,0.1391698831750558,0.1742180130745618,0.9523809523809524,0,0,False
CLIP,LungHist700,0.25,123,proportional,118,24,142,7,0.8102091375810032,0.1014353567513962,,0.061900813731586,0.1889210585157523,0.5738473903938245,0.1475932271097788,0.1671845748963303,0.9428571428571428,0,0,False
CLIP,LungHist700,0.25,456,proportional,118,24,142,7,0.841085621226281,0.0984056593812691,,0.0985480869414308,0.1784117426759636,0.4876531791652435,0.1677101256382169,0.1909556175527144,0.9809523809523808,0,0,False
CLIP,LungHist700,0.5,42,proportional,240,49,289,7,0.8080083166224175,0.1651997056132394,,0.0556965514552698,0.1846924581385286,0.3894255949550015,0.1570804312407805,0.1876311230043875,0.8380952380952381,0,0,False
CLIP,LungHist700,0.5,123,proportional,240,49,289,7,0.8303927576064261,0.1722357082170166,,0.0697924969327353,0.1552139207483036,0.4004649734404958,0.1533051856347408,0.1993552510326566,0.8285714285714286,0,0,False
CLIP,LungHist700,0.5,456,proportional,240,49,289,7,0.8330735810022923,0.1939920522664511,,0.0543084920376384,0.092559331134552,0.420310626050894,0.1446320000567149,0.1314920153842871,0.7714285714285715,0,0,False
CLIP,LungHist700,1.0,42,proportional,483,103,586,7,0.8354478917641995,0.2155225726654298,,0.1092982121133295,0.1526190456795182,0.3567950809098608,0.1755661617188098,0.183348532834318,0.6476190476190476,0,0,False
CLIP,LungHist700,1.0,123,proportional,483,103,586,7,0.8354478917641995,0.2155225726654298,,0.1092982121133295,0.1526190456795182,0.3567950809098608,0.1755661617188098,0.183348532834318,0.6476190476190476,0,0,False
CLIP,LungHist700,1.0,456,proportional,483,103,586,7,0.8354478917641995,0.2155225726654298,,0.1092982121133295,0.1526190456795182,0.3567950809098608,0.1755661617188098,0.183348532834318,0.6476190476190476,0,0,False
CLIP,MHIST,0.01,42,proportional,18,3,21,2,0.617382495948136,0.3870765370138017,0.2390260735160656,0.1119272207300848,0.1244103003602141,2.531454724725873,0.0494245146376681,0.1013029423028134,1.0,0,0,True
CLIP,MHIST,0.01,123,proportional,18,3,21,2,0.604367008824059,0.3870765370138017,0.239153371550039,0.1134927545695638,0.1136299310131089,2.361696759774232,0.0624701064097102,0.0997965685057341,1.0,0,0,True
CLIP,MHIST,0.01,456,proportional,18,3,21,2,0.6918647577885827,0.3870765370138017,0.2371520620754561,0.1599578690986219,0.166451730693071,2.729935973244465,0.1121850652676406,0.1546934674622429,1.0,0,0,True
CLIP,MHIST,0.05,42,proportional,92,16,108,2,0.7837430217900234,0.3870765370138017,0.2251857004955003,0.1600341183970755,0.2036050807591437,1.9102685733894096,0.191755229270678,0.2057497552585426,1.0,0,0,True
CLIP,MHIST,0.05,123,proportional,92,16,108,2,0.7376598235188188,0.3870765370138017,0.2248016324795185,0.1378590630215362,0.1607593882702603,2.0003370936384863,0.1378443635176114,0.1607523200666989,1.0,0,0,True
CLIP,MHIST,0.05,456,proportional,92,16,108,2,0.782117774176121,0.3870765370138017,0.2266986518306117,0.1732896809846165,0.1967211763266163,1.925395021029048,0.1890134068788057,0.1975974472982252,1.0,0,0,True
CLIP,MHIST,0.1,42,proportional,184,32,216,2,0.7910453808752026,0.3870765370138017,0.2116393237159458,0.1649314028639308,0.175660191514116,1.676068035880134,0.1667708798458714,0.1815173943493812,1.0,0,0,True
CLIP,MHIST,0.1,123,proportional,184,32,216,2,0.7895641995317847,0.3870765370138017,0.2153077894363655,0.1692999200769146,0.1842305941254643,1.8632747754277696,0.1798531790561941,0.18493699739785,1.0,0,0,True
CLIP,MHIST,0.1,456,proportional,184,32,216,2,0.8042949756888169,0.3870765370138017,0.2158931239086234,0.1604092126652696,0.1922999695784748,1.7348021532725704,0.1898950277538288,0.194255782612824,1.0,0,0,True
CLIP,MHIST,0.25,42,proportional,461,81,542,2,0.8181973707905638,0.4343206304552046,0.1940894298200217,0.1509273244466565,0.1588192256817302,1.6421454171400538,0.1466832116084643,0.15618110013967,0.978505629477994,0,0,False
CLIP,MHIST,0.25,123,proportional,461,81,542,2,0.8304880244912661,0.3986241023474745,0.1956241899746962,0.1565922137881228,0.1677868916298997,1.4923550450574186,0.1601081618475903,0.1636890418084692,0.9948822927328556,0,0,True
CLIP,MHIST,0.25,456,proportional,461,81,542,2,0.8246308301818838,0.3982085587259639,0.1964153761639674,0.1531786587048036,0.1639580583106511,1.6048176881229317,0.1461074989304791,0.1664928521184913,0.9938587512794268,0,0,True
CLIP,MHIST,0.5,42,proportional,924,163,1087,2,0.8294390419593012,0.5343956209766453,0.182972837126906,0.1306308280152611,0.1309179236413994,1.4265980993016425,0.1270512052365957,0.1294220843023518,0.9150460593654044,0,0,False
CLIP,MHIST,0.5,123,proportional,924,163,1087,2,0.83827660723933,0.5504233028793531,0.181025776695556,0.1330154366643583,0.140633916783549,1.438846842358125,0.1298602962701206,0.1334535011361637,0.9129989764585466,0,0,False
CLIP,MHIST,0.5,456,proportional,924,163,1087,2,0.8421438861876462,0.5298697145546507,0.1809480429618795,0.1354482793316709,0.1463690322517096,1.515352792339773,0.135226771983621,0.1394494420689012,0.9211873080859776,0,0,False
CLIP,MHIST,1.0,42,proportional,1849,326,2175,2,0.8535251215559156,0.6538130709397826,0.168127317467387,0.1170179919242529,0.122461911437924,1.5072020766862118,0.1071567205503601,0.1045262371832764,0.8208802456499488,0,0,False
CLIP,MHIST,1.0,123,proportional,1849,326,2175,2,0.8535251215559156,0.6538130709397826,0.168127317467387,0.1170179919242529,0.122461911437924,1.5072020766862118,0.1071567205503601,0.1045262371832764,0.8208802456499488,0,0,False
CLIP,MHIST,1.0,456,proportional,1849,326,2175,2,0.8535251215559156,0.6538130709397826,0.168127317467387,0.1170179919242529,0.122461911437924,1.5072020766862118,0.1071567205503601,0.1045262371832764,0.8208802456499488,0,0,False
CLIP,PCam,0.01,42,proportional,2620,326,2946,2,0.8792610357842996,0.7974132669256667,0.1479470120894307,0.0798414562912117,0.0797324501177586,1.0720846887945863,0.024940831665749,0.0245964488775492,0.507171630859375,0,0,False
CLIP,PCam,0.01,123,proportional,2620,326,2946,2,0.8812400407372489,0.8013831303844592,0.1468343276077396,0.0824076867439749,0.0822508332093954,1.2936177697050697,0.0218379368141522,0.0219580031884075,0.506317138671875,0,0,False
CLIP,PCam,0.01,456,proportional,2620,326,2946,2,0.8821511053495265,0.8021784076844505,0.1468216450407208,0.0843655127903268,0.0841664585918845,1.3971693797783389,0.0306998583479057,0.0305238796646575,0.506011962890625,0,0,False
CLIP,PCam,0.05,42,proportional,13106,1637,14743,2,0.9015466689161464,0.8167435395697712,0.1302483410977443,0.0586945269342262,0.0585339836456483,1.5854210079119362,0.0294649512989477,0.0306587277390542,0.521942138671875,0,0,False
CLIP,PCam,0.05,123,proportional,13106,1637,14743,2,0.8987788373237962,0.8118521642871075,0.1323390906554751,0.0555071895453464,0.0557245743147743,1.5495219321425464,0.0333155930885506,0.0326759802692164,0.534027099609375,0,0,False
CLIP,PCam,0.05,456,proportional,13106,1637,14743,2,0.9001525160203623,0.8164094116779701,0.1307793330888555,0.0509991203729317,0.0504809875429266,1.6858222546027903,0.0315423186888826,0.0315033411486449,0.521728515625,0,0,False
CLIP,PCam,0.1,42,proportional,26214,3275,29489,2,0.9021394968212968,0.8146947920746532,0.1286456509595825,0.0402896835489395,0.0404697855023016,1.802442559837928,0.0329221789337515,0.0324904050544695,0.533935546875,0,0,False
CLIP,PCam,0.1,123,proportional,26214,3275,29489,2,0.902617611841347,0.8144831300435262,0.1289394058312873,0.0460424394816832,0.0464771896404147,1.6776356728843964,0.0363409952989206,0.0365808091095652,0.538299560546875,0,0,False
CLIP,PCam,0.1,456,proportional,26214,3275,29489,2,0.9032477932391384,0.8166885425541252,0.1284956721359314,0.0462219135432484,0.0459674220282931,1.745516806614967,0.0369843900785286,0.0371265753601576,0.53570556640625,0,0,False
CLIP,PCam,0.25,42,proportional,65536,8191,73727,2,0.9123482842187058,0.8257311011629238,0.1215176711730524,0.040256853209044,0.0403060960054085,1.9048449040171869,0.0375514271704364,0.0380259862721582,0.538238525390625,0,0,False
CLIP,PCam,0.25,123,proportional,65536,8191,73727,2,0.9109995537958226,0.8233898832903217,0.1228468025764156,0.0429684998595386,0.0435835413051872,1.8717761950826604,0.0401664549375395,0.0408787503486392,0.54168701171875,0,0,False
CLIP,PCam,0.25,456,proportional,65536,8191,73727,2,0.9119815144207112,0.8247421603896724,0.1219492394708603,0.0405131397455521,0.0418743887741198,1.9599056250577047,0.0396572646961573,0.041030836073982,0.54119873046875,0,0,False
CLIP,PCam,0.5,42,proportional,131072,16383,147455,2,0.913174818253391,0.8261146189039021,0.1209777693872886,0.0397112636533781,0.0402545198660064,2.044536684937365,0.0395391731376637,0.0408180265373289,0.545440673828125,0,0,False
CLIP,PCam,0.5,123,proportional,131072,16383,147455,2,0.9141843609326844,0.8269738039753376,0.1202226131140898,0.0397061901383512,0.0396326603898405,1.9842012222502496,0.0392213169250183,0.0393296837019153,0.54327392578125,0,0,False
CLIP,PCam,0.5,456,proportional,131072,16383,147455,2,0.9150283367797304,0.8285499027537903,0.1195550503120509,0.039332733303598,0.0403573486638008,2.020363936009501,0.0395802701800934,0.0406134919889959,0.544189453125,0,0,False
CLIP,PCam,1.0,42,proportional,262144,32768,294912,2,0.9165845808112788,0.8314118373534156,0.1183981814002239,0.0406349207965251,0.0407173415907543,2.0840287328217446,0.0402332302290896,0.0410780906287111,0.546966552734375,0,0,False
CLIP,PCam,1.0,123,proportional,262144,32768,294912,2,0.9165845808112788,0.8314118373534156,0.1183981814002239,0.0406349207965251,0.0407173415907543,2.0840287328217446,0.0402332302290896,0.0410780906287111,0.546966552734375,0,0,False
CLIP,PCam,1.0,456,proportional,262144,32768,294912,2,0.9165845808112788,0.8314118373534156,0.1183981814002239,0.0406349207965251,0.0407173415907543,2.0840287328217446,0.0402332302290896,0.0410780906287111,0.546966552734375,0,0,False
CLIP,SPIDER-Breast,0.01,42,proportional,682,113,795,18,0.8841062255462238,0.3255208432704198,,0.2130844328144416,0.2130844328144414,0.2715041211302284,0.0537481429235668,0.0568557334789271,0.1568057171347847,0,0,False
CLIP,SPIDER-Breast,0.01,123,proportional,682,113,795,18,0.8890382738090281,0.3107024100464446,,0.1977718842184358,0.1977718842184358,0.3019906261648539,0.0429230445156555,0.0446318835946941,0.1666112680737909,0,0,False
CLIP,SPIDER-Breast,0.01,456,proportional,682,113,795,18,0.8955157756791046,0.3171355812635184,,0.2157719060868253,0.2157719060868253,0.2604972939550541,0.0669560058319386,0.0673627631541395,0.1897955791922885,0,0,False
CLIP,SPIDER-Breast,0.05,42,proportional,3431,600,4031,18,0.9228029607587688,0.4797246710119808,,0.258592547852898,0.258592547852898,0.4147511427416451,0.0183163709059518,0.0211645581587947,0.1071962772145587,0,0,False
CLIP,SPIDER-Breast,0.05,123,proportional,3431,600,4031,18,0.925632843922257,0.4726457601464875,,0.2491287191640988,0.2491287191640987,0.4204794086463879,0.0235337826395054,0.026823648582369,0.1049526342030912,0,0,False
CLIP,SPIDER-Breast,0.05,456,proportional,3431,600,4031,18,0.923876375927319,0.473987729555535,,0.2564814199368473,0.2564814199368472,0.3971623560923795,0.0314527855217953,0.0323972062371441,0.1056174173176001,0,0,False
CLIP,SPIDER-Breast,0.1,42,proportional,6868,1203,8071,18,0.9351641359217656,0.5357412175694507,,0.2347369068162659,0.2347369068162658,0.480201620204099,0.018413172807984,0.022432173270469,0.1002160545122154,0,0,False
CLIP,SPIDER-Breast,0.1,123,proportional,6868,1203,8071,18,0.9372045253834328,0.5260171851816979,,0.2256224652518891,0.225622465251889,0.4620390310782107,0.0311415857907281,0.0311593819668946,0.102210403855742,0,0,False
CLIP,SPIDER-Breast,0.1,456,proportional,6868,1203,8071,18,0.9359669788247692,0.5346469987681479,,0.2331195697396474,0.2331195697396475,0.4703221255696611,0.0223323595018728,0.0219245577684605,0.101794914409174,0,0,False
CLIP,SPIDER-Breast,0.25,42,proportional,17176,3027,20203,18,0.948570944084974,0.5907127649676717,,0.1897724216658252,0.1897724216658252,0.540582040357265,0.0192101204448476,0.0191101093123736,0.1108525843443576,0,0,False
CLIP,SPIDER-Breast,0.25,123,proportional,17176,3027,20203,18,0.9497187515212164,0.5819836938707758,,0.1830374962793937,0.1830374962793938,0.5206896473369722,0.035071009003462,0.035071009003462,0.1111018780122984,0,0,False
CLIP,SPIDER-Breast,0.25,456,proportional,17176,3027,20203,18,0.9489491043155336,0.5839590730493898,,0.1877707613019859,0.1873124946214257,0.5312982003491967,0.0253021984615994,0.0253021984615994,0.1093568223367126,0,0,False
CLIP,SPIDER-Breast,0.5,42,proportional,34361,6060,40421,18,0.9567660875527312,0.6209930999258982,,0.1572067007149399,0.1572067007149399,0.5783096684975217,0.0253611888689522,0.025766867299316,0.1170018281535649,0,0,False
CLIP,SPIDER-Breast,0.5,123,proportional,34361,6060,40421,18,0.9577083434147128,0.6190188637353119,,0.155919126215393,0.155919126215393,0.5760096222631015,0.0256664420340521,0.0254570312411183,0.1157553598138607,0,0,False
CLIP,SPIDER-Breast,0.5,456,proportional,34361,6060,40421,18,0.9571903094113512,0.6174415731666668,,0.1552816213417178,0.1551351864435493,0.5667113198829372,0.0294359100316966,0.0293728508916837,0.1158384577031743,0,0,False
CLIP,SPIDER-Breast,1.0,42,proportional,68730,12128,80858,18,0.9641062276211544,0.646821015581728,,0.1266862053593942,0.1266862053593942,0.6050938683868293,0.0293980431380711,0.0289668702275965,0.1201595479474821,0,0,False
CLIP,SPIDER-Breast,1.0,123,proportional,68730,12128,80858,18,0.9641062276211544,0.646821015581728,,0.1266862053593942,0.1266862053593942,0.6050938683868293,0.0293980431380711,0.0289668702275965,0.1201595479474821,0,0,False
CLIP,SPIDER-Breast,1.0,456,proportional,68730,12128,80858,18,0.9641062276211544,0.646821015581728,,0.1266862053593942,0.1266862053593942,0.6050938683868293,0.0293980431380711,0.0289668702275965,0.1201595479474821,0,0,False
CONCH,BRACS,0.01,42,proportional,33,7,40,7,0.8033214267138716,0.3476986786526897,,0.1530331596527814,0.174118007100375,0.7273382285036287,0.1157481128166681,0.1321415961717599,0.4491228070175438,0,7,False
CONCH,BRACS,0.01,123,proportional,33,7,40,7,0.8452553595339873,0.3633002658518229,,0.1863040374500479,0.1979182726948317,0.5754411814219272,0.0915997369925886,0.1092166274556138,0.3385964912280702,0,7,False
CONCH,BRACS,0.01,456,proportional,33,7,40,7,0.8200433167586257,0.3545900817001385,,0.1456016911013127,0.1566191611453324,0.8003764761463661,0.1013438575686859,0.1236967132779805,0.3982456140350877,0,7,False
CONCH,BRACS,0.05,42,proportional,180,14,194,7,0.8647321338652988,0.4613593303550526,,0.1361369440787549,0.1442610964432071,0.6173723022010097,0.0631893527248134,0.0793589803782564,0.2912280701754386,0,0,False
CONCH,BRACS,0.05,123,proportional,180,14,194,7,0.8809443074743407,0.4823123735008057,,0.1525765850841999,0.1525765850841999,0.557605624843314,0.0436134846451968,0.0442485950574427,0.2824561403508772,0,0,False
CONCH,BRACS,0.05,456,proportional,180,14,194,7,0.8743897752619539,0.4500465461334943,,0.103663135948065,0.1137019998102412,0.5066901516218051,0.1121876853132444,0.1153548894623724,0.2789473684210526,0,0,False
CONCH,BRACS,0.1,42,proportional,362,28,390,7,0.888240942088376,0.5332136147891013,,0.113984072478678,0.137632404255861,0.619272606331068,0.0414239402524927,0.0544972688545934,0.2543859649122807,0,0,False
CONCH,BRACS,0.1,123,proportional,362,28,390,7,0.8829577502710163,0.5374222280805405,,0.1223495609658132,0.1242451223997535,0.534489200811947,0.0613261872865547,0.062862698628794,0.2333333333333333,0,0,False
CONCH,BRACS,0.1,456,proportional,362,28,390,7,0.8850694589589037,0.472322137268285,,0.0943644122001205,0.1068244104809246,0.579629757034733,0.1179104213569815,0.117236991698381,0.2719298245614035,0,0,False
CONCH,BRACS,0.25,42,proportional,912,75,987,7,0.8973551986095051,0.557266497123248,,0.0708776411327078,0.0609102374886419,0.8315126938372083,0.0417015647460146,0.0514896359147755,0.2228070175438596,0,0,False
CONCH,BRACS,0.25,123,proportional,912,75,987,7,0.8959270217333316,0.5797504476650968,,0.0849657189711791,0.0812003289010431,0.7382920218748412,0.0468752724754617,0.0626699824451347,0.2157894736842105,0,0,False
CONCH,BRACS,0.25,456,proportional,912,75,987,7,0.8932405806816285,0.5576345058693294,,0.0654340845883278,0.0793418805844302,0.7059399219217651,0.0615291248159109,0.0635575116485216,0.2210526315789473,0,0,False
CONCH,BRACS,0.5,42,proportional,1826,154,1980,7,0.9003986012790619,0.5667558152581559,,0.0566579432905675,0.0634565180719992,0.9105655527722352,0.0605759690933551,0.0597148307861434,0.2070175438596491,0,0,False
CONCH,BRACS,0.5,123,proportional,1826,154,1980,7,0.9017131434509736,0.5857603269683659,,0.0646861679420483,0.0750499073944515,0.8268518541386382,0.0603596310989715,0.0742885061874472,0.2087719298245614,0,0,False
CONCH,BRACS,0.5,456,proportional,1826,154,1980,7,0.9019833589190888,0.5664635585476108,,0.0593979122687313,0.0626538106097012,0.9119622378923194,0.0385351817736531,0.0468634195811839,0.2175438596491228,0,0,False
CONCH,BRACS,1.0,42,proportional,3657,312,3969,7,0.9046904324226632,0.5894401916092502,,0.0298246660233539,0.0408753332193526,0.9660312810581936,0.0246887749905251,0.047373945402409,0.1982456140350877,0,0,False
CONCH,BRACS,1.0,123,proportional,3657,312,3969,7,0.9046904324226632,0.5894401916092502,,0.0298246660233539,0.0408753332193526,0.9660312810581936,0.0246887749905251,0.047373945402409,0.1982456140350877,0,0,False
CONCH,BRACS,1.0,456,proportional,3657,312,3969,7,0.9046904324226632,0.5894401916092502,,0.0298246660233539,0.0408753332193526,0.9660312810581936,0.0246887749905251,0.047373945402409,0.1982456140350877,0,0,False
CONCH,CRC,0.01,42,proportional,696,144,840,9,0.998046966323874,0.9635652972519236,,0.1876892464003478,0.1876892464003479,0.4664964520603482,0.0105399589503945,0.0090593459639436,0.1424,0,0,False
CONCH,CRC,0.01,123,proportional,696,144,840,9,0.9981143801528888,0.9648116316104997,,0.1923369472943369,0.1922611955044732,0.1347914849927212,0.0276995849663821,0.027699584989386,0.1445333333333333,0,0,False
CONCH,CRC,0.01,456,proportional,696,144,840,9,0.9982086456804576,0.966475915727171,,0.194207747193381,0.1941290504043446,0.4135432792418325,0.0033137612158725,0.0031796397845226,0.1408,0,0,False
CONCH,CRC,0.05,42,proportional,3495,745,4240,9,0.998775539953741,0.9740771082692444,,0.0714689098784808,0.0714689098784807,0.6007589986925626,0.0051769888781633,0.0052789831994031,0.1404666666666666,0,0,False
CONCH,CRC,0.05,123,proportional,3495,745,4240,9,0.9986966820758444,0.973664048936588,,0.0708697128042693,0.0708697128042693,0.545176078467398,0.0030231964489937,0.002067630081715,0.1398666666666666,0,0,False
CONCH,CRC,0.05,456,proportional,3495,745,4240,9,0.9987260903011838,0.9727303346476376,,0.0714536109262082,0.0714536109262083,0.6341131623864181,0.0083053966012792,0.0081287529796031,0.1398,0,0,False
CONCH,CRC,0.1,42,proportional,6996,1497,8493,9,0.998962163921958,0.9766797550945352,,0.0467288567203508,0.0466951153643293,0.6515714003571523,0.00398413723077,0.004744457058317,0.14,0,0,False
CONCH,CRC,0.1,123,proportional,6996,1497,8493,9,0.9988665513978846,0.9757855232910732,,0.0460174842378419,0.045915128110257,0.6050427121707603,0.0029417404628249,0.0015576197430708,0.1398666666666666,0,0,False
CONCH,CRC,0.1,456,proportional,6996,1497,8493,9,0.998951349846813,0.974935204457096,,0.0467845893287051,0.0456251667537528,0.7136037549186759,0.0092201899709889,0.0075236761809555,0.1401333333333333,0,0,False
CONCH,CRC,0.25,42,proportional,17496,3746,21242,9,0.9991334873189937,0.979035484897252,,0.0263856373707622,0.0256533668057577,0.7478373020017822,0.0047454588999319,0.0039283120094629,0.1405333333333333,0,0,False
CONCH,CRC,0.25,123,proportional,17496,3746,21242,9,0.9991373936137776,0.9792021445278464,,0.0277546404266457,0.0274148226442614,0.6680025072281512,0.0023765190008768,0.0013236386785983,0.1403333333333333,0,0,False
CONCH,CRC,0.25,456,proportional,17496,3746,21242,9,0.9991525521957708,0.9784533016273202,,0.0270622373792015,0.0267089325383244,0.7552573254587208,0.0052792766855869,0.0048366990631163,0.1404666666666666,0,0,False
CONCH,CRC,0.5,42,proportional,34998,7496,42494,9,0.9993312555640146,0.9814165522957008,,0.0189793210130927,0.0187610725223679,0.7677757611515563,0.0028326251831675,0.002942835003783,0.1405333333333333,0,0,False
CONCH,CRC,0.5,123,proportional,34998,7496,42494,9,0.9993023207617304,0.9807426046811398,,0.0194635502058074,0.0188311115049658,0.7048949061427947,0.0021470640570586,0.0015880796261187,0.1407333333333333,0,0,False
CONCH,CRC,0.5,456,proportional,34998,7496,42494,9,0.9993216596974644,0.9804368654709104,,0.0186268100423816,0.0176168651705759,0.786142195177101,0.0032917861430819,0.0031586515013363,0.1403333333333333,0,0,False
CONCH,CRC,1.0,42,proportional,70000,15000,85000,9,0.9994136787146106,0.9828761845101572,,0.0133047824909338,0.012924677480732,0.7823339368357436,0.0019021640584354,0.0015364083554337,0.1407333333333333,0,0,False
CONCH,CRC,1.0,123,proportional,70000,15000,85000,9,0.9994136787146106,0.9828761845101572,,0.0133047824909338,0.012924677480732,0.7823339368357436,0.0019021640584354,0.0015364083554337,0.1407333333333333,0,0,False
CONCH,CRC,1.0,456,proportional,70000,15000,85000,9,0.9994136787146106,0.9828761845101572,,0.0133047824909338,0.012924677480732,0.7823339368357436,0.0019021640584354,0.0015364083554337,0.1407333333333333,0,0,False
CONCH,LungHist700,0.01,42,proportional,7,7,14,7,0.8481885209837342,0.3990236562852565,,0.3270529408773485,0.3527107730287324,0.1000052749944835,0.1340308702223454,0.1564829148584321,0.3142857142857143,6,7,False
CONCH,LungHist700,0.01,123,proportional,7,7,14,7,0.8800150253678455,0.481524242150428,,0.3395474501441415,0.3688999153260636,0.1000052749944835,0.1181743190440164,0.1452649744084498,0.2285714285714285,6,7,False
CONCH,LungHist700,0.01,456,proportional,7,7,14,7,0.8904432184524934,0.4369373546520058,,0.3278263545205717,0.3506309534248291,0.1000052749944835,0.1257791604208022,0.1428355386477121,0.2476190476190476,6,7,False
CONCH,LungHist700,0.05,42,proportional,22,7,29,7,0.903348499662326,0.3879972060877876,,0.2422435912324571,0.2620819140994003,0.406561995259096,0.1731232163909449,0.1702400401984031,0.4476190476190476,0,6,False
CONCH,LungHist700,0.05,123,proportional,22,7,29,7,0.9332747361053614,0.4125169800361616,,0.2701474665897555,0.2778613227194529,0.2537165094226919,0.1496467949581672,0.1983518774204674,0.4571428571428571,0,6,False
CONCH,LungHist700,0.05,456,proportional,22,7,29,7,0.9276110885764024,0.3806972789115646,,0.2200944294913287,0.2288799919516279,0.2414517792816671,0.1155228493795951,0.1191927717964173,0.3809523809523809,0,6,False
CONCH,LungHist700,0.1,42,proportional,45,8,53,7,0.9269447716052984,0.5238355091819733,,0.2959355544798407,0.2959355544798407,0.3558997934553273,0.1056509480082963,0.1127806067596363,0.2761904761904762,0,2,False
CONCH,LungHist700,0.1,123,proportional,45,8,53,7,0.932046510567443,0.45453181272509,,0.2384613678320484,0.2606610356981277,0.2635826709152257,0.1159226936519654,0.1030751369480004,0.2857142857142857,0,2,False
CONCH,LungHist700,0.1,456,proportional,45,8,53,7,0.9380575467407954,0.5524305268666171,,0.2993224672693931,0.3144033525363768,0.3433307367319973,0.1480595536190614,0.150585108230803,0.2666666666666666,0,2,False
CONCH,LungHist700,0.25,42,proportional,118,24,142,7,0.9477576968976216,0.5211835783264355,,0.1977904061139596,0.2065608756126499,0.3871488518007102,0.1054793050836606,0.1198883523278189,0.2285714285714285,0,0,False
CONCH,LungHist700,0.25,123,proportional,118,24,142,7,0.9469047056430768,0.6234522380380723,,0.3011632737075461,0.3011632737075461,0.3031545650316418,0.1880124282277339,0.1699256042014301,0.2285714285714285,0,0,False
CONCH,LungHist700,0.25,456,proportional,118,24,142,7,0.9536334221440724,0.6243190473936598,,0.282070314344714,0.2844780587616483,0.235581364767113,0.1683841830440672,0.1664717793005806,0.2,0,0,False
CONCH,LungHist700,0.5,42,proportional,240,49,289,7,0.9583260318525092,0.6140000757984537,,0.2330536608145987,0.2237417043477216,0.4758463511672354,0.1057834528773941,0.1327012271567334,0.2285714285714285,0,0,False
CONCH,LungHist700,0.5,123,proportional,240,49,289,7,0.9596297040315932,0.668324657798342,,0.2553527360339962,0.2553527360339962,0.3686454181710962,0.0847124075236759,0.1114606093288798,0.238095238095238,0,0,False
CONCH,LungHist700,0.5,456,proportional,240,49,289,7,0.9633706554102004,0.621317948687612,,0.2260998208165131,0.2397074168367557,0.400435111933786,0.0923270202708178,0.1116891613441508,0.219047619047619,0,0,False
CONCH,LungHist700,1.0,42,proportional,483,103,586,7,0.971386775329594,0.7006370321407915,,0.2083645176047343,0.2263070668987902,0.4784500567645269,0.103803629822855,0.0944560613303595,0.238095238095238,0,0,False
CONCH,LungHist700,1.0,123,proportional,483,103,586,7,0.971386775329594,0.7006370321407915,,0.2083645176047343,0.2263070668987902,0.4784500567645269,0.103803629822855,0.0944560613303595,0.238095238095238,0,0,False
CONCH,LungHist700,1.0,456,proportional,483,103,586,7,0.971386775329594,0.7006370321407915,,0.2083645176047343,0.2263070668987902,0.4784500567645269,0.103803629822855,0.0944560613303595,0.238095238095238,0,0,False
CONCH,MHIST,0.01,42,proportional,18,3,21,2,0.6934539888348641,0.3870765370138017,0.2334580573801568,0.1493118791130648,0.1520339856749507,2.4669689523178144,0.0580155808404098,0.1379910467105936,1.0,0,0,True
CONCH,MHIST,0.01,123,proportional,18,3,21,2,0.6089951377633711,0.3870765370138017,0.2390561595942903,0.1066909899030597,0.1320607422406189,1.834876312806876,0.1439769731380477,0.1468835280493895,1.0,0,0,True
CONCH,MHIST,0.01,456,proportional,18,3,21,2,0.6123716909778498,0.3870765370138017,0.2318615721497598,0.099963037306268,0.0983480840368057,2.563430406868192,0.0618553901079992,0.0812187468812965,1.0,0,0,True
CONCH,MHIST,0.05,42,proportional,92,16,108,2,0.7794075274626328,0.3870765370138017,0.2193080163740664,0.1778020485271864,0.1800175737948716,1.8445490501093575,0.1723208858783729,0.1833819568438214,1.0,0,0,True
CONCH,MHIST,0.05,123,proportional,92,16,108,2,0.7319737079056365,0.3870765370138017,0.215896004987379,0.1353441379043333,0.1374388889320167,1.4096966696072502,0.1604591072772618,0.163213502548876,1.0,0,0,True
CONCH,MHIST,0.05,456,proportional,92,16,108,2,0.7020349360705924,0.3870765370138017,0.219320561474061,0.1089297244779752,0.119860038494256,2.304648004842746,0.1042477598193592,0.1112049573013384,1.0,0,0,True
CONCH,MHIST,0.1,42,proportional,184,32,216,2,0.8096074194129299,0.3960708738721423,0.2055385779373836,0.167049434428628,0.1711482097173607,1.7736403421168094,0.1657729470189205,0.1743377975457318,0.9969293756397134,0,0,True
CONCH,MHIST,0.1,123,proportional,184,32,216,2,0.7694174320187286,0.3926875174232468,0.2051761374510299,0.1295000371581978,0.1339951161442078,1.9711921394210772,0.1301738037210692,0.1342320157604265,0.9969293756397134,0,0,True
CONCH,MHIST,0.1,456,proportional,184,32,216,2,0.7822033135242211,0.4040723175612698,0.1996047219352572,0.1098706636766931,0.1193125109294558,1.701480069573295,0.1102099444833366,0.1195257414302769,0.9918116683725692,0,0,True
CONCH,MHIST,0.25,42,proportional,461,81,542,2,0.825036016567621,0.5321889439536498,0.1836704559951833,0.1299500369108734,0.1367493657241068,1.6176356821246258,0.1277559508655974,0.1287251017958033,0.9160696008188332,0,0,False
CONCH,MHIST,0.25,123,proportional,461,81,542,2,0.8144876643255897,0.5252028829410752,0.1862016047834224,0.1121110837021696,0.1212911775823649,1.7022347697593567,0.1210852484184719,0.1172267231560483,0.9273285568065508,0,0,False
CONCH,MHIST,0.25,456,proportional,461,81,542,2,0.8159643435980551,0.5547415565541269,0.1851828543552801,0.1132569072393395,0.1188836912081752,1.841664501172371,0.1100967776977427,0.1146946810186432,0.9109518935516888,0,0,False
CONCH,MHIST,0.5,42,proportional,924,163,1087,2,0.8321808031694581,0.620791150499725,0.1738241000774106,0.109035699070683,0.1083541398485531,1.57504346650313,0.0990735931601084,0.0932349040128985,0.8403275332650972,0,0,False
CONCH,MHIST,0.5,123,proportional,924,163,1087,2,0.8373401764811814,0.625975842528675,0.1731655175177907,0.1151436150313291,0.1151910241814565,1.5754541502414352,0.0988162010455923,0.1017617408548915,0.8433981576253838,0,0,False
CONCH,MHIST,0.5,456,proportional,924,163,1087,2,0.838290113452188,0.6348974608655586,0.1716889340322095,0.102284825624885,0.1151957555708406,1.6705128125822546,0.1029136501024702,0.1039733418073612,0.8352098259979529,0,0,False
CONCH,MHIST,1.0,42,proportional,1849,326,2175,2,0.8509814514676751,0.7128424785987385,0.1614328003666548,0.0917423345736237,0.0917251962606024,1.7557879054500405,0.0853360111669062,0.0813599497051298,0.7533265097236438,0,0,False
CONCH,MHIST,1.0,123,proportional,1849,326,2175,2,0.8509814514676751,0.7128424785987385,0.1614328003666548,0.0917423345736237,0.0917251962606024,1.7557879054500405,0.0853360111669062,0.0813599497051298,0.7533265097236438,0,0,False
CONCH,MHIST,1.0,456,proportional,1849,326,2175,2,0.8509814514676751,0.7128424785987385,0.1614328003666548,0.0917423345736237,0.0917251962606024,1.7557879054500405,0.0853360111669062,0.0813599497051298,0.7533265097236438,0,0,False
CONCH,PCam,0.01,42,proportional,2620,326,2946,2,0.9560775006107892,0.8886018378991238,0.0845228950735794,0.0514064825035747,0.0503152765328123,1.3957684471956409,0.0259251029769785,0.025930301230459,0.534088134765625,0,0,False
CONCH,PCam,0.01,123,proportional,2620,326,2946,2,0.9532504406171723,0.8826814233906508,0.0873784812858854,0.0494795072346486,0.0487595955371727,1.4333428744807224,0.0340777425648779,0.0340777425648778,0.540252685546875,0,0,False
CONCH,PCam,0.01,456,proportional,2620,326,2946,2,0.9559951195260914,0.8875191798883781,0.0854878698280366,0.054794651263655,0.0549563096552372,1.4269706543116398,0.0301705334939299,0.0301705334939298,0.5357666015625,0,0,False
CONCH,PCam,0.05,42,proportional,13106,1637,14743,2,0.9576468092377992,0.8891247343611484,0.081615992791742,0.0369706320438567,0.0368504461520702,1.656340190627389,0.03587570126443,0.03587570126443,0.54718017578125,0,0,False
CONCH,PCam,0.05,123,proportional,13106,1637,14743,2,0.9597688318367033,0.890760303188036,0.0799947844861461,0.0385045154826911,0.038901767003018,1.733646395586693,0.0369263930298801,0.0369263930298801,0.5487060546875,0,0,False
CONCH,PCam,0.05,456,proportional,13106,1637,14743,2,0.9602243119887685,0.8928124970062317,0.0787788808479776,0.0361816136654201,0.0358530733403035,1.673855157729023,0.0312111566276005,0.0313421946203427,0.542205810546875,0,0,False
CONCH,PCam,0.1,42,proportional,26214,3275,29489,2,0.9591148160272316,0.8912670333040662,0.0796463403870608,0.0331550856919686,0.0346566406516518,1.8296388545303977,0.0351221806936184,0.0352502820833492,0.54705810546875,0,0,False
CONCH,PCam,0.1,123,proportional,26214,3275,29489,2,0.9593728855597652,0.8910082814044298,0.0798307624983463,0.0349787486490718,0.0357093355069298,1.8304730176436583,0.0369092751410627,0.0370231268832561,0.54840087890625,0,0,False
CONCH,PCam,0.1,456,proportional,26214,3275,29489,2,0.9611107710541328,0.8931839035263494,0.0777221176930062,0.0322592614235572,0.0333020103773505,1.8263269609778696,0.0322532809943385,0.0326835495162035,0.54498291015625,0,0,False
CONCH,PCam,0.25,42,proportional,65536,8191,73727,2,0.9643023693964484,0.89653020001193,0.0746208590269424,0.0341821611702012,0.0349429227159087,1.940156506923801,0.0343416845480841,0.0351931651433024,0.54681396484375,0,0,False
CONCH,PCam,0.25,123,proportional,65536,8191,73727,2,0.962505613128748,0.894475187002765,0.0763233333855364,0.0340938166236868,0.0351520416191821,1.8499011940598653,0.0357742719965384,0.036250490117676,0.547393798828125,0,0,False
CONCH,PCam,0.25,456,proportional,65536,8191,73727,2,0.9631755694583168,0.8946531540756237,0.0759560208749125,0.0346458489297392,0.0357472741731531,1.9537121174526395,0.0351463417039036,0.0354339676994871,0.547943115234375,0,0,False
CONCH,PCam,0.5,42,proportional,131072,16383,147455,2,0.964730420231039,0.8963537420834322,0.0743054919167492,0.0354724439431954,0.0357455871469189,1.9997237180268224,0.0354755358794279,0.0357469894282236,0.549163818359375,0,0,False
CONCH,PCam,0.5,123,proportional,131072,16383,147455,2,0.965105408020932,0.8978870386014639,0.0739779051127224,0.0353370710197357,0.0357496051124426,1.9710620524460292,0.0356599041526094,0.0359365070206002,0.548797607421875,0,0,False
CONCH,PCam,0.5,456,proportional,131072,16383,147455,2,0.9656282228074332,0.8987270612703668,0.0732532014305724,0.0342480372875864,0.0353355248482843,1.9891831258347847,0.0343694019072306,0.0352746375002915,0.54736328125,0,0,False
CONCH,PCam,1.0,42,proportional,262144,32768,294912,2,0.965720330626876,0.8983981716002114,0.0735313189255878,0.0381210417352446,0.0383886756702097,2.0890805392965466,0.0371321575934106,0.0372814757295132,0.5496826171875,0,0,False
CONCH,PCam,1.0,123,proportional,262144,32768,294912,2,0.965720330626876,0.8983981716002114,0.0735313189255878,0.0381210417352446,0.0383886756702097,2.0890805392965466,0.0371321575934106,0.0372814757295132,0.5496826171875,0,0,False
CONCH,PCam,1.0,456,proportional,262144,32768,294912,2,0.965720330626876,0.8983981716002114,0.0735313189255878,0.0381210417352446,0.0383886756702097,2.0890805392965466,0.0371321575934106,0.0372814757295132,0.5496826171875,0,0,False
CONCH,SPIDER-Breast,0.01,42,proportional,682,113,795,18,0.9656901899412544,0.621272121106781,,0.3090066218492288,0.3090066218492288,0.4100708449246791,0.0294671721988098,0.0299305235700952,0.1139272062489612,0,0,False
CONCH,SPIDER-Breast,0.01,123,proportional,682,113,795,18,0.9649463453577088,0.6139111542634711,,0.3218814386720249,0.3218814386720248,0.3609155181994934,0.0446938270761884,0.0450914393478123,0.1179159049360146,0,0,False
CONCH,SPIDER-Breast,0.01,456,proportional,682,113,795,18,0.9666395197700688,0.5965692532423219,,0.3168674751323208,0.3168674751323208,0.3077967727036462,0.0952647097373447,0.0954356270109788,0.105201927871032,0,0,False
CONCH,SPIDER-Breast,0.05,42,proportional,3431,600,4031,18,0.9778410017038968,0.7099180140457322,,0.1823410303402126,0.1823200081165371,0.5365087422541573,0.0174221188118543,0.0188413729633076,0.1202426458367957,0,0,False
CONCH,SPIDER-Breast,0.05,123,proportional,3431,600,4031,18,0.9776986130858452,0.7037628984587321,,0.179727604106557,0.179727604106557,0.5449648985724515,0.0163491881817954,0.0159847499456212,0.1205750373940501,0,0,False
CONCH,SPIDER-Breast,0.05,456,proportional,3431,600,4031,18,0.9785545756003776,0.7199187747430404,,0.1964627250862022,0.1964410184916213,0.4697946749196986,0.0351221562691912,0.0346774717405366,0.1192454711650324,0,0,False
CONCH,SPIDER-Breast,0.1,42,proportional,6868,1203,8071,18,0.9820708352997626,0.7402339978619005,,0.1424538410738863,0.1424538410738863,0.5873798824411549,0.014542990729585,0.0139259591791934,0.1210736247299318,0,0,False
CONCH,SPIDER-Breast,0.1,123,proportional,6868,1203,8071,18,0.981357490089557,0.7274738777508203,,0.1319719560355607,0.1319719560355607,0.5691159876792391,0.028378826351138,0.0287289993606458,0.1195778627222868,0,0,False
CONCH,SPIDER-Breast,0.1,456,proportional,6868,1203,8071,18,0.9817687678774794,0.7375900533426654,,0.1402523314126982,0.1402309853677297,0.5460733473072933,0.0293569410987666,0.0289780969189326,0.1201595479474821,0,0,False
CONCH,SPIDER-Breast,0.25,42,proportional,17176,3027,20203,18,0.9850186821521414,0.7596975156975494,,0.0918369963986077,0.0918369963986077,0.6347588239846785,0.0220777616865815,0.0214732574893152,0.1211567226192454,0,0,False
CONCH,SPIDER-Breast,0.25,123,proportional,17176,3027,20203,18,0.9849036526970696,0.7551757434290806,,0.0909197351245478,0.090656157355735,0.630681428770909,0.0269417951833488,0.025685785731084,0.1199102542795413,0,0,False
CONCH,SPIDER-Breast,0.25,456,proportional,17176,3027,20203,18,0.985037795819693,0.7594278489784566,,0.0929103633933368,0.0929103633933367,0.6346098180385447,0.02146609435342,0.0218360482105472,0.1214891141764999,0,0,False
CONCH,SPIDER-Breast,0.5,42,proportional,34361,6060,40421,18,0.986789791241404,0.7726650175694321,,0.0661024692264675,0.0658463670172515,0.6875884608121097,0.0197706950034297,0.0204360640254374,0.120824331061991,0,0,False
CONCH,SPIDER-Breast,0.5,123,proportional,34361,6060,40421,18,0.9869111482347068,0.7758267874707161,,0.0682219691592483,0.068126071514844,0.684071370032323,0.0208898482996949,0.0206995794022215,0.1215722120658135,0,0,False
CONCH,SPIDER-Breast,0.5,456,proportional,34361,6060,40421,18,0.9870581855959808,0.7752582751489518,,0.0680946922858247,0.0680946922858246,0.6661881231230166,0.0239935300733034,0.0232285372795385,0.1220707994016952,0,0,False
CONCH,SPIDER-Breast,1.0,42,proportional,68730,12128,80858,18,0.9883801851722642,0.7828783075707056,,0.0458057033429405,0.0457748731276833,0.708580344264474,0.0252617757346485,0.0255746096663156,0.1224031909589496,0,0,False
CONCH,SPIDER-Breast,1.0,123,proportional,68730,12128,80858,18,0.9883801851722642,0.7828783075707056,,0.0458057033429405,0.0457748731276833,0.708580344264474,0.0252617757346485,0.0255746096663156,0.1224031909589496,0,0,False
CONCH,SPIDER-Breast,1.0,456,proportional,68730,12128,80858,18,0.9883801851722642,0.7828783075707056,,0.0458057033429405,0.0457748731276833,0.708580344264474,0.0252617757346485,0.0255746096663156,0.1224031909589496,0,0,False
GigaPath,BRACS,0.01,42,proportional,33,7,40,7,0.7262489825257087,0.2536490250295848,,0.1005897288020346,0.1357168314005638,0.8503064325318991,0.110832768828296,0.1204555431097777,0.4929824561403508,0,7,False
GigaPath,BRACS,0.01,123,proportional,33,7,40,7,0.7449791680156584,0.1945372144094559,,0.0221002683069253,0.0659346364663505,1.288661081086205,0.0418178039700794,0.0558071634704697,0.4684210526315789,0,7,False
GigaPath,BRACS,0.01,456,proportional,33,7,40,7,0.7741843547332466,0.3078244342789486,,0.127863014432742,0.1444910791281855,0.7911837717615298,0.1185106860889837,0.1244690183294472,0.4385964912280701,0,7,False
GigaPath,BRACS,0.05,42,proportional,180,14,194,7,0.8329418827057491,0.419773332482219,,0.1143231614157521,0.1143231614157521,0.5602729512052083,0.0945539444303129,0.061650417184769,0.312280701754386,0,0,False
GigaPath,BRACS,0.05,123,proportional,180,14,194,7,0.8286769244165944,0.4331965718387081,,0.1105543148813182,0.1086140089493643,0.6685268828101386,0.0391456885904752,0.0345889749560289,0.2894736842105263,0,0,False
GigaPath,BRACS,0.05,456,proportional,180,14,194,7,0.8493548626424013,0.4478425498390013,,0.1413839517725005,0.1413839517725005,0.5239909891512023,0.0704464834724085,0.0813770809890694,0.2754385964912281,0,0,False
GigaPath,BRACS,0.1,42,proportional,362,28,390,7,0.8509058233103592,0.518263585270626,,0.1372424634034516,0.1397983417702832,0.4722455811676042,0.1027298674315319,0.1008674805866589,0.231578947368421,0,0,False
GigaPath,BRACS,0.1,123,proportional,362,28,390,7,0.8565256348189635,0.5364992881578551,,0.147931179116007,0.1543466327613817,0.7291037302517799,0.0650874289017005,0.0766332518026806,0.2105263157894736,0,0,False
GigaPath,BRACS,0.1,456,proportional,362,28,390,7,0.8672838044262859,0.5058149447570142,,0.1534421917395607,0.140608995664224,0.5866020634155149,0.071326451945059,0.0779783253599115,0.2543859649122807,0,0,False
GigaPath,BRACS,0.25,42,proportional,912,75,987,7,0.8786627877404892,0.5577836145808737,,0.1310846044487229,0.1334789558743333,0.7040199698799198,0.0726062202903568,0.0842588268408867,0.1947368421052631,0,0,False
GigaPath,BRACS,0.25,123,proportional,912,75,987,7,0.8855491173145628,0.585294677677579,,0.1242962790154629,0.1268397782389941,0.6761308197949537,0.0531291288967321,0.0573473734938735,0.2017543859649122,0,0,False
GigaPath,BRACS,0.25,456,proportional,912,75,987,7,0.8770174469284674,0.571993172467781,,0.1205300415610113,0.1164907260554272,0.6295858844784818,0.04760365319715,0.0608532508375444,0.2122807017543859,0,0,False
GigaPath,BRACS,0.5,42,proportional,1826,154,1980,7,0.8922633515724773,0.5926769952202261,,0.0720440916460393,0.0891822282259656,0.7190102750959125,0.0457136806630864,0.0897758993087087,0.1894736842105263,0,0,False
GigaPath,BRACS,0.5,123,proportional,1826,154,1980,7,0.8925221662508608,0.5904579574691613,,0.0991252465965709,0.0978869587825132,0.7076725505784219,0.0543692641292408,0.0640710616300442,0.1947368421052631,0,0,False
GigaPath,BRACS,0.5,456,proportional,1826,154,1980,7,0.8885304463535636,0.5798192978183286,,0.0836530878139013,0.0864485479344253,0.7117672343320103,0.0432070829231234,0.0618071802397932,0.2,0,0,False
GigaPath,BRACS,1.0,42,proportional,3657,312,3969,7,0.8982040556571903,0.6049751109795717,,0.0660298730265189,0.0693042142903217,0.7751704736543567,0.0617059220331861,0.0563657110712123,0.1912280701754386,0,0,False
GigaPath,BRACS,1.0,123,proportional,3657,312,3969,7,0.8982040556571903,0.6049751109795717,,0.0660298730265189,0.0693042142903217,0.7751704736543567,0.0617059220331861,0.0563657110712123,0.1912280701754386,0,0,False
GigaPath,BRACS,1.0,456,proportional,3657,312,3969,7,0.8982040556571903,0.6049751109795717,,0.0660298730265189,0.0693042142903217,0.7751704736543567,0.0617059220331861,0.0563657110712123,0.1912280701754386,0,0,False
GigaPath,CRC,0.01,42,proportional,696,144,840,9,0.9992411237469958,0.9801410552659244,,0.23818790093276,0.2381879009327599,0.399165054819929,0.0115327728305455,0.0114363750435303,0.1462666666666666,0,0,False
GigaPath,CRC,0.01,123,proportional,696,144,840,9,0.999368912244798,0.9817946043692294,,0.2440093797409862,0.2440093797409862,0.1000041055460672,0.0141717481709472,0.014171748170977,0.1424,0,0,False
GigaPath,CRC,0.01,456,proportional,696,144,840,9,0.9992427376794027,0.978232143467364,,0.2398568905120993,0.2398568905120993,0.3549010242083047,0.0048286674344372,0.0043473460563388,0.1408666666666666,0,0,False
GigaPath,CRC,0.05,42,proportional,3495,745,4240,9,0.9994859650517636,0.9870497796318132,,0.083368139190194,0.083368139190194,0.5055918638578394,0.0022169273144804,0.0029624291125956,0.1423333333333333,0,0,False
GigaPath,CRC,0.05,123,proportional,3495,745,4240,9,0.9995505438942218,0.9870644722319544,,0.0835524868586468,0.0835524868586469,0.4167567294677209,0.0041249654270774,0.0031555549394705,0.1413333333333333,0,0,False
GigaPath,CRC,0.05,456,proportional,3495,745,4240,9,0.9995436594000632,0.9868170755558768,,0.0862669496248635,0.0862669496248635,0.4649454909510808,0.0022891691846911,0.0027121443550534,0.1414,0,0,False
GigaPath,CRC,0.1,42,proportional,6996,1497,8493,9,0.9995958209136035,0.9892657466803684,,0.0528494489177816,0.0528494489177815,0.5728720663121296,0.0025482581095462,0.0033219351193607,0.1416666666666666,0,0,False
GigaPath,CRC,0.1,123,proportional,6996,1497,8493,9,0.999658955419979,0.9888302292897426,,0.0526180201494803,0.0525840374362295,0.4953959656214275,0.0021724951719233,0.0016374891122311,0.1413333333333333,0,0,False
GigaPath,CRC,0.1,456,proportional,6996,1497,8493,9,0.9996049425503506,0.9885940927336302,,0.0530661503180924,0.0530661503180924,0.5528580974159267,0.0013308732934147,0.001760696352769,0.1414,0,0,False
GigaPath,CRC,0.25,42,proportional,17496,3746,21242,9,0.999757675183198,0.9902934355836944,,0.0273529084241084,0.027202300742002,0.6013471173497968,0.0011995499201272,0.000918268337101,0.1418,0,0,False
GigaPath,CRC,0.25,123,proportional,17496,3746,21242,9,0.9997901938574408,0.9913305585317906,,0.0283774469807022,0.0281526018985302,0.555071756424334,0.0021984453545874,0.0010629514083902,0.1412666666666666,0,0,False
GigaPath,CRC,0.25,456,proportional,17496,3746,21242,9,0.99979866677874,0.9906995970593888,,0.0273727317657357,0.0273727317657356,0.6080832676997386,0.0015232702889569,0.0008624290375501,0.1418666666666666,0,0,False
GigaPath,CRC,0.5,42,proportional,34998,7496,42494,9,0.9998659909874936,0.9920690846396004,,0.0180697462113292,0.0178060916924728,0.6212077813574267,0.0013673910980589,0.0009354784950821,0.1414,0,0,False
GigaPath,CRC,0.5,123,proportional,34998,7496,42494,9,0.9998453027909564,0.9921496088396182,,0.0176092953300222,0.0174167280180304,0.6268446180093435,0.0021700717330873,0.0013300206814365,0.1414,0,0,False
GigaPath,CRC,0.5,456,proportional,34998,7496,42494,9,0.9998563597786004,0.9919928360718456,,0.0177682792455495,0.0172678202034839,0.6528545087929779,0.0013422955089885,0.0009633412632491,0.1415333333333333,0,0,False
GigaPath,CRC,1.0,42,proportional,70000,15000,85000,9,0.9999000489102976,0.9938646935718864,,0.01117924911767,0.0111061298268036,0.6547001447646292,0.001968708264319,0.0008335275625091,0.1416,0,0,False
GigaPath,CRC,1.0,123,proportional,70000,15000,85000,9,0.9999000489102976,0.9938646935718864,,0.01117924911767,0.0111061298268036,0.6547001447646292,0.001968708264319,0.0008335275625091,0.1416,0,0,False
GigaPath,CRC,1.0,456,proportional,70000,15000,85000,9,0.9999000489102976,0.9938646935718864,,0.01117924911767,0.0111061298268036,0.6547001447646292,0.001968708264319,0.0008335275625091,0.1416,0,0,False
GigaPath,LungHist700,0.01,42,proportional,7,7,14,7,0.6600650738628632,0.3290599122376321,,0.2065705699153837,0.2162565047568526,0.8243649279916081,0.1992790136591941,0.207660534841667,0.3619047619047619,6,7,False
GigaPath,LungHist700,0.01,123,proportional,7,7,14,7,0.6161440051977788,0.2445003200642298,,0.1314391325066454,0.1771016904295694,0.1000052749944835,0.1362773671027484,0.1320451975860348,0.2761904761904762,6,7,False
GigaPath,LungHist700,0.01,456,proportional,7,7,14,7,0.6894466644292099,0.3682392957182873,,0.2208098520055324,0.2335824072120505,0.1252416528734078,0.0781698064504267,0.1414919886008087,0.2857142857142857,6,7,False
GigaPath,LungHist700,0.05,42,proportional,22,7,29,7,0.7344938715773056,0.1587301587301587,,0.0843887642178709,0.1930218896728762,1.785764355998128,0.0422462399600806,0.1821557812747578,0.923809523809524,0,6,False
GigaPath,LungHist700,0.05,123,proportional,22,7,29,7,0.7491953633600653,0.1402930402930403,,0.1833278205536251,0.20238790533896,0.7461990936386068,0.1942718022748144,0.2085574700128754,0.8,0,6,False
GigaPath,LungHist700,0.05,456,proportional,22,7,29,7,0.8302389886004171,0.1854874058036916,,0.0923717971769785,0.2097040794692624,0.4217433442377535,0.1158880879672585,0.1590924734581452,0.7333333333333333,0,6,False
GigaPath,LungHist700,0.1,42,proportional,45,8,53,7,0.8264188718394152,0.2816392832792941,,0.1026367433972973,0.1632215947056673,0.4670311922382206,0.1424482536949371,0.1499038739762739,0.6952380952380952,0,2,False
GigaPath,LungHist700,0.1,123,proportional,45,8,53,7,0.8382516586033455,0.2476451497407112,,0.1544916238556542,0.2140075272388104,0.4901946621935941,0.1613632636182498,0.1603439694977026,0.6952380952380952,0,2,False
GigaPath,LungHist700,0.1,456,proportional,45,8,53,7,0.8470522161209454,0.2932178668635422,,0.1993120126538012,0.2478492368042549,0.3329651503113952,0.1903568182814343,0.1770803733624563,0.5047619047619047,0,2,False
GigaPath,LungHist700,0.25,42,proportional,118,24,142,7,0.8860477271913609,0.4454512612407349,,0.2219900863452319,0.2561278306293398,0.3233147725388309,0.105871071406791,0.1265612211993967,0.3809523809523809,0,0,False
GigaPath,LungHist700,0.25,123,proportional,118,24,142,7,0.9143863455628468,0.5229568062080377,,0.3132322981037109,0.3291588542598027,0.2616295104508992,0.1735299139562296,0.1875696682485733,0.3619047619047619,0,0,False
GigaPath,LungHist700,0.25,456,proportional,118,24,142,7,0.9329590056103744,0.5237962054895693,,0.2898256248068862,0.3237297865683436,0.2635276704984727,0.1064503384450562,0.1391300357837657,0.3238095238095238,0,0,False
GigaPath,LungHist700,0.5,42,proportional,240,49,289,7,0.925391472949805,0.6112662314342987,,0.3037633176921508,0.3010840587576934,0.3776688400127194,0.0948955306323808,0.1001518336114904,0.2952380952380952,0,0,False
GigaPath,LungHist700,0.5,123,proportional,240,49,289,7,0.9382178154297544,0.632906495931706,,0.3220810542891182,0.3173972810714318,0.3111760607809862,0.1805468798052588,0.1635215647416566,0.2952380952380952,0,0,False
GigaPath,LungHist700,0.5,456,proportional,240,49,289,7,0.9488037225594074,0.6537399515790873,,0.3300570185125437,0.3349261441053169,0.3433051460815067,0.1136341377008186,0.1073157717025728,0.2761904761904762,0,0,False
GigaPath,LungHist700,1.0,42,proportional,483,103,586,7,0.96452289514029,0.7248092894377723,,0.3120928906883916,0.308331309829332,0.3939907466191993,0.0783625733071197,0.106016408695487,0.2476190476190476,0,0,False
GigaPath,LungHist700,1.0,123,proportional,483,103,586,7,0.96452289514029,0.7248092894377723,,0.3120928906883916,0.308331309829332,0.3939907466191993,0.0783625733071197,0.106016408695487,0.2476190476190476,0,0,False
GigaPath,LungHist700,1.0,456,proportional,483,103,586,7,0.96452289514029,0.7248092894377723,,0.3120928906883916,0.308331309829332,0.3939907466191993,0.0783625733071197,0.106016408695487,0.2476190476190476,0,0,False
GigaPath,MHIST,0.01,42,proportional,18,3,21,2,0.6828741220961643,0.3870765370138017,0.23269777870682,0.141608881987619,0.1541194849288185,2.991830804131451,0.0922991007732261,0.1424135800267328,1.0,0,0,True
GigaPath,MHIST,0.01,123,proportional,18,3,21,2,0.6579866738699801,0.3870765370138017,0.2383156342271091,0.1059798170623536,0.1583886454652827,2.085350366051347,0.1148496441281682,0.1537605956654272,1.0,0,0,True
GigaPath,MHIST,0.01,456,proportional,18,3,21,2,0.6680307941653161,0.3870765370138017,0.2258671511709362,0.1131697544247407,0.1129091013357224,1.7620599949251223,0.1111224147257531,0.1245993172511773,1.0,0,0,True
GigaPath,MHIST,0.05,42,proportional,92,16,108,2,0.7764631730596074,0.3870765370138017,0.2088549792810844,0.1375432760432782,0.1348182146181196,1.5666364603215217,0.1322705002347088,0.1353181173613855,1.0,0,0,True
GigaPath,MHIST,0.05,123,proportional,92,16,108,2,0.7792499549792905,0.3870765370138017,0.2059344379864774,0.1188671592597661,0.1248428662162873,1.5153884575802217,0.1218198104408188,0.1261686041094199,1.0,0,0,True
GigaPath,MHIST,0.05,456,proportional,92,16,108,2,0.8278948316225463,0.3870765370138017,0.2133865532966968,0.1706223303686755,0.1906206853791151,1.5784715971877568,0.1689261897086713,0.1946379402148059,1.0,0,0,True
GigaPath,MHIST,0.1,42,proportional,184,32,216,2,0.8454979290473617,0.4156301401519786,0.1901584091527541,0.159735419198685,0.1631258117333041,1.404232711850273,0.1491100378089599,0.1494831661042392,0.9877175025588536,0,0,False
GigaPath,MHIST,0.1,123,proportional,184,32,216,2,0.8240815775256618,0.4231955043404106,0.1925088932896388,0.1410031585623644,0.1399437642442049,1.7336484160247252,0.1265459922366733,0.1311428666213864,0.9825997952917092,0,0,False
GigaPath,MHIST,0.1,456,proportional,184,32,216,2,0.8392535566360526,0.395663141889557,0.1929906519752705,0.145061495401419,0.1574223883447154,1.433440245807998,0.1457675196819532,0.150877183413894,0.9959058341862844,0,0,True
GigaPath,MHIST,0.25,42,proportional,461,81,542,2,0.8654826220061229,0.674822400443067,0.166646625134755,0.1240217992748166,0.1322422077483857,1.201350215397209,0.1050466426403625,0.1056352262749108,0.8300921187308086,0,0,False
GigaPath,MHIST,0.25,123,proportional,461,81,542,2,0.8461147127678732,0.6480039401688066,0.1707603902729672,0.109657540828813,0.1068671094892006,1.3053356056950405,0.0945285680278638,0.1046973717174132,0.8413510747185261,0,0,False
GigaPath,MHIST,0.25,456,proportional,461,81,542,2,0.8469340896812534,0.6193051210459627,0.1748564938221342,0.1201554088001044,0.1201492629632995,1.4629705666891182,0.1168715979351998,0.119095156893759,0.8710337768679631,0,0,False
GigaPath,MHIST,0.5,42,proportional,924,163,1087,2,0.8671393841166938,0.7344347688566881,0.1556571874874158,0.100402654416612,0.0991283275576536,1.1373146627372177,0.0789327378416768,0.0814885387801955,0.7584442169907881,0,0,False
GigaPath,MHIST,0.5,123,proportional,924,163,1087,2,0.8691202953358546,0.7479186734553461,0.1529768969477448,0.0931125375112037,0.0938029073234935,1.3159568197784337,0.0725409821427344,0.0694451094541953,0.7523029682702149,0,0,False
GigaPath,MHIST,0.5,456,proportional,924,163,1087,2,0.8676121015667206,0.7107946322852257,0.1568022164046766,0.0995315890050967,0.1021439902054904,1.4541801629142417,0.081282172451892,0.085640339068699,0.7830092118730808,0,0,False
GigaPath,MHIST,1.0,42,proportional,1849,326,2175,2,0.8868359445344859,0.7845976956995875,0.1408570818401597,0.0826854753853385,0.0830591991494924,1.355341023746555,0.0536220758280459,0.0576856279980419,0.7093142272262026,0,0,False
GigaPath,MHIST,1.0,123,proportional,1849,326,2175,2,0.8868359445344859,0.7845976956995875,0.1408570818401597,0.0826854753853385,0.0830591991494924,1.355341023746555,0.0536220758280459,0.0576856279980419,0.7093142272262026,0,0,False
GigaPath,MHIST,1.0,456,proportional,1849,326,2175,2,0.8868359445344859,0.7845976956995875,0.1408570818401597,0.0826854753853385,0.0830591991494924,1.355341023746555,0.0536220758280459,0.0576856279980419,0.7093142272262026,0,0,False
GigaPath,PCam,0.01,42,proportional,2620,326,2946,2,0.9822383602324114,0.9398914622028588,0.0510327271164438,0.0712207531495541,0.0689087988084202,1.435739785807079,0.032155926198378,0.0332506890669254,0.542755126953125,0,0,False
GigaPath,PCam,0.01,123,proportional,2620,326,2946,2,0.9816753719079988,0.9345728960887048,0.0529760120835916,0.0715944314231363,0.0708750978642249,1.776270919492531,0.056083798864321,0.056420853959978,0.54766845703125,0,0,False
GigaPath,PCam,0.01,456,proportional,2620,326,2946,2,0.9808170127124848,0.9345759467030336,0.0530856261437577,0.0709985706731862,0.0700845162717142,1.6051309340593305,0.0446600428626407,0.0446844624321026,0.54718017578125,0,0,False
GigaPath,PCam,0.05,42,proportional,13106,1637,14743,2,0.9838811092457712,0.9411479154950668,0.0453430749038264,0.0383800917394338,0.0380794746898284,1.9565809592044845,0.0366247286822319,0.0362612094139428,0.54217529296875,0,0,False
GigaPath,PCam,0.05,123,proportional,13106,1637,14743,2,0.984242421492482,0.940002449145652,0.0462049315003591,0.0410318985896998,0.0417995037834299,1.9534364778122275,0.03973366886339,0.0399018022490784,0.544891357421875,0,0,False
GigaPath,PCam,0.05,456,proportional,13106,1637,14743,2,0.9844820508346726,0.9411506432445896,0.0446519946052866,0.0362558795914065,0.035814251024114,1.9403255616701975,0.0343366783657558,0.0333226173532643,0.5416259765625,0,0,False
GigaPath,PCam,0.1,42,proportional,26214,3275,29489,2,0.9839607634174729,0.9401965730603408,0.0453729131637104,0.0309946406842522,0.0319933858295293,2.21103213970596,0.0376371420380005,0.0380054001444921,0.542877197265625,0,0,False
GigaPath,PCam,0.1,123,proportional,26214,3275,29489,2,0.9832995428952488,0.936227975370156,0.0475991928037003,0.0332324193952614,0.0335877474047995,2.1640654113725115,0.0360150139858982,0.0365369453024646,0.547119140625,0,0,False
GigaPath,PCam,0.1,456,proportional,26214,3275,29489,2,0.9841046192538976,0.9385315483638488,0.046402364618489,0.0327732097980727,0.0338081752770013,2.155432286683083,0.0364300607495414,0.0373194901237244,0.545440673828125,0,0,False
GigaPath,PCam,0.25,42,proportional,65536,8191,73727,2,0.9827831505103944,0.9368140080305892,0.0483943867937106,0.0357211147870909,0.0360683401353954,2.4701703291081545,0.0375167927804635,0.0381081444862496,0.546295166015625,0,0,False
GigaPath,PCam,0.25,123,proportional,65536,8191,73727,2,0.9825680373081334,0.9358320233366798,0.0489389543257485,0.035137617308051,0.0355458742930632,2.359916176311685,0.0349309056191153,0.0351072423255694,0.546844482421875,0,0,False
GigaPath,PCam,0.25,456,proportional,65536,8191,73727,2,0.9832506037476644,0.9377353887893728,0.0480909135944149,0.0343959131724721,0.0347284358245919,2.4235784909988647,0.0361712972112109,0.0370518927404686,0.545623779296875,0,0,False
GigaPath,PCam,0.5,42,proportional,131072,16383,147455,2,0.982780479476763,0.9365729232668843,0.0492923735729418,0.0370408755735903,0.0374305793948985,2.615975932927489,0.0368099994296623,0.0371540127232378,0.545684814453125,0,0,False
GigaPath,PCam,0.5,123,proportional,131072,16383,147455,2,0.980036616406568,0.9332183091593936,0.0526741776460621,0.040181018537024,0.0406677213584957,2.5904989754039374,0.0360932614300094,0.0372990252199291,0.54901123046875,0,0,False
GigaPath,PCam,0.5,456,proportional,131072,16383,147455,2,0.98100347470183,0.931826783880618,0.0522784277301103,0.0399335339623793,0.0404289488370444,2.6205357296769725,0.0378305649435598,0.0381813408287061,0.551177978515625,0,0,False
GigaPath,PCam,1.0,42,proportional,262144,32768,294912,2,0.9799245745550996,0.934263533141838,0.0529309781827692,0.0417297225036032,0.0421543449135346,2.802328694211797,0.0387921949586577,0.0393980535794571,0.5482177734375,0,0,False
GigaPath,PCam,1.0,123,proportional,262144,32768,294912,2,0.9799245745550996,0.934263533141838,0.0529309781827692,0.0417297225036032,0.0421543449135346,2.802328694211797,0.0387921949586577,0.0393980535794571,0.5482177734375,0,0,False
GigaPath,PCam,1.0,456,proportional,262144,32768,294912,2,0.9799245745550996,0.934263533141838,0.0529309781827692,0.0417297225036032,0.0421543449135346,2.802328694211797,0.0387921949586577,0.0393980535794571,0.5482177734375,0,0,False
GigaPath,SPIDER-Breast,0.01,42,proportional,682,113,795,18,0.9862849232312868,0.7572550015207562,,0.4208695601824455,0.4208695601824455,0.3100977256221242,0.0186090538797699,0.0186421348917121,0.1233172677413993,0,0,False
GigaPath,SPIDER-Breast,0.01,123,proportional,682,113,795,18,0.9867825817293218,0.7502931036648324,,0.4180401392855821,0.4180401392855823,0.2858327066478014,0.0316290233762017,0.0303572355073479,0.1243144424131627,0,0,False
GigaPath,SPIDER-Breast,0.01,456,proportional,682,113,795,18,0.9868283456987847,0.7465956637114284,,0.4270355554182178,0.4270355554182179,0.282948447079625,0.0270557541851837,0.0288384302115606,0.1238989529665946,0,0,False
GigaPath,SPIDER-Breast,0.05,42,proportional,3431,600,4031,18,0.9925971318684972,0.8328767925852046,,0.2192774300619936,0.2192774300619936,0.4408015804392125,0.0141075274003975,0.0127723589844652,0.1250623234169852,0,0,False
GigaPath,SPIDER-Breast,0.05,123,proportional,3431,600,4031,18,0.9926819236921208,0.8253486788602191,,0.2101189324100189,0.2100757552597015,0.4414164503792639,0.0206786688840241,0.0206237445303383,0.1256440086421804,0,0,False
GigaPath,SPIDER-Breast,0.05,456,proportional,3431,600,4031,18,0.9926631046520804,0.8263680940129886,,0.2114083527631935,0.2113873978103118,0.396250985169674,0.0330392886501226,0.0307048977168611,0.1254778128635532,0,0,False
GigaPath,SPIDER-Breast,0.1,42,proportional,6868,1203,8071,18,0.9937847418686788,0.8495312542615842,,0.1508061250501541,0.150806125050154,0.4861712166088643,0.0181425657177966,0.0181328830649897,0.1254778128635532,0,0,False
GigaPath,SPIDER-Breast,0.1,123,proportional,6868,1203,8071,18,0.9935342605932694,0.8378798114665564,,0.1421540104746113,0.1421540104746113,0.4791787047145958,0.0288212465791026,0.0283337979766736,0.125311617084926,0,0,False
GigaPath,SPIDER-Breast,0.1,456,proportional,6868,1203,8071,18,0.9935796906164616,0.8379561217290484,,0.1409748739029488,0.1408512146729369,0.466602908622415,0.0306087628897282,0.0306437836167335,0.1252285191956124,0,0,False
GigaPath,SPIDER-Breast,0.25,42,proportional,17176,3027,20203,18,0.994487968943115,0.8571437324538439,,0.0829760271307895,0.0829760271307895,0.5353830524362159,0.0293307761501349,0.0289423529203541,0.1254778128635532,0,0,False
GigaPath,SPIDER-Breast,0.25,123,proportional,17176,3027,20203,18,0.994401650595688,0.8511855267164217,,0.0789884949670592,0.0788617658490542,0.5344450570546098,0.0335130500384868,0.0335919577445509,0.1253947149742396,0,0,False
GigaPath,SPIDER-Breast,0.25,456,proportional,17176,3027,20203,18,0.9944586134187278,0.8531105264666066,,0.0820285970450007,0.0820285970450008,0.5330975729834468,0.0309705008416539,0.030882699286425,0.1253947149742396,0,0,False
GigaPath,SPIDER-Breast,0.5,42,proportional,34361,6060,40421,18,0.9946312653209256,0.8604795670684457,,0.0476846619185451,0.0476846619185452,0.5794206890817094,0.0345852581966297,0.034639270543474,0.1254778128635532,0,0,False
GigaPath,SPIDER-Breast,0.5,123,proportional,34361,6060,40421,18,0.9946414822033088,0.8596434501576192,,0.0485131784494522,0.048384183481593,0.5929526082881507,0.0320975136267666,0.0321639036082482,0.1253947149742396,0,0,False
GigaPath,SPIDER-Breast,0.5,456,proportional,34361,6060,40421,18,0.9946163098544374,0.8599662492866864,,0.0476989770068121,0.047698977006812,0.5822152133591159,0.0344815207179773,0.0342481436233808,0.1254778128635532,0,0,False
GigaPath,SPIDER-Breast,1.0,42,proportional,68730,12128,80858,18,0.99482185011914,0.8662743237362703,,0.0254336677795756,0.0250135421741369,0.624860697066675,0.0357710461959801,0.0357534357679004,0.1253947149742396,0,0,False
GigaPath,SPIDER-Breast,1.0,123,proportional,68730,12128,80858,18,0.99482185011914,0.8662743237362703,,0.0254336677795756,0.0250135421741369,0.624860697066675,0.0357710461959801,0.0357534357679004,0.1253947149742396,0,0,False
GigaPath,SPIDER-Breast,1.0,456,proportional,68730,12128,80858,18,0.99482185011914,0.8662743237362703,,0.0254336677795756,0.0250135421741369,0.624860697066675,0.0357710461959801,0.0357534357679004,0.1253947149742396,0,0,False
H-Optimus-0,BRACS,0.01,42,proportional,33,7,40,7,0.7298470295482282,0.2481798488793485,,0.1020570957004541,0.1046014155154724,1.0881260172148932,0.1067963852038128,0.111044408129263,0.4964912280701754,0,7,False
H-Optimus-0,BRACS,0.01,123,proportional,33,7,40,7,0.7465440692876585,0.2018373941808974,,0.0504554242779768,0.075968270101733,9.99999503809426,0.1340718598580332,0.1460225113931077,0.4982456140350877,0,7,False
H-Optimus-0,BRACS,0.01,456,proportional,33,7,40,7,0.7619167193316423,0.2511407253856844,,0.0686374894925899,0.096054882158495,0.9542244433015834,0.0616365112600087,0.0958214002614993,0.4456140350877193,0,7,False
H-Optimus-0,BRACS,0.05,42,proportional,180,14,194,7,0.8201759132898064,0.3884179487203416,,0.0745259107283189,0.0851083724209576,0.6354138423700886,0.0887427914771834,0.1052523707141623,0.3105263157894737,0,0,False
H-Optimus-0,BRACS,0.05,123,proportional,180,14,194,7,0.8243759309554066,0.4216010863072261,,0.0897167303207911,0.1054727921474751,0.9903563444914892,0.0874583979060515,0.1042513232271516,0.2736842105263158,0,0,False
H-Optimus-0,BRACS,0.05,456,proportional,180,14,194,7,0.8406759117352985,0.3989799688389524,,0.1058249387651696,0.105712418731911,0.6303164559710328,0.0694050006983995,0.0800953052983349,0.3052631578947368,0,0,False
H-Optimus-0,BRACS,0.1,42,proportional,362,28,390,7,0.8428320151236592,0.4860060365272734,,0.0949281237125538,0.0949281237125537,0.572129498268289,0.0830825564812217,0.080448209886302,0.2508771929824561,0,0,False
H-Optimus-0,BRACS,0.1,123,proportional,362,28,390,7,0.8519852017118703,0.4940211672798488,,0.1168863672681094,0.1100989982937767,0.899059743684442,0.0831848232352985,0.1052922220152583,0.2526315789473684,0,0,False
H-Optimus-0,BRACS,0.1,456,proportional,362,28,390,7,0.8613919522288604,0.458921596556668,,0.0949193758347849,0.0971107927971001,0.6896739934957178,0.0529197572469397,0.0731221377925427,0.2807017543859649,0,0,False
H-Optimus-0,BRACS,0.25,42,proportional,912,75,987,7,0.871520489768511,0.53561355765596,,0.0684961784625051,0.0744864473444822,0.7307488294604968,0.0634441295404054,0.0611517181943367,0.2122807017543859,0,0,False
H-Optimus-0,BRACS,0.25,123,proportional,912,75,987,7,0.8788920498170071,0.5754816429837186,,0.116532771904534,0.1137988394797937,0.8120281770763643,0.0573870125413128,0.0664910191547512,0.2035087719298245,0,0,False
H-Optimus-0,BRACS,0.25,456,proportional,912,75,987,7,0.874387328442478,0.5252528784241246,,0.0799295799373285,0.0839487366504846,0.7367653144680443,0.0493431294188711,0.0495775951926397,0.2333333333333333,0,0,False
H-Optimus-0,BRACS,0.5,42,proportional,1826,154,1980,7,0.8860595859815604,0.5575926229135845,,0.0785542512902779,0.071688752450356,0.8158432260478193,0.066130220222444,0.0680019600856706,0.2035087719298245,0,0,False
H-Optimus-0,BRACS,0.5,123,proportional,1826,154,1980,7,0.8917596361648698,0.5636589250452321,,0.0710288056815772,0.0853688884911192,0.8103658189127393,0.0449096626282868,0.0595377564955952,0.2,0,0,False
H-Optimus-0,BRACS,0.5,456,proportional,1826,154,1980,7,0.8886794832012687,0.5667538937910005,,0.0659298228571638,0.0679728914520773,0.7737660021592875,0.038079973959897,0.0548606175431907,0.2105263157894736,0,0,False
H-Optimus-0,BRACS,1.0,42,proportional,3657,312,3969,7,0.8956033932491521,0.5853666534551226,,0.0569633778571087,0.0682520918734284,0.8796049389631576,0.049741229161523,0.0644671116477197,0.1842105263157894,0,0,False
H-Optimus-0,BRACS,1.0,123,proportional,3657,312,3969,7,0.8956033932491521,0.5853666534551226,,0.0569633778571087,0.0682520918734284,0.8796049389631576,0.049741229161523,0.0644671116477197,0.1842105263157894,0,0,False
H-Optimus-0,BRACS,1.0,456,proportional,3657,312,3969,7,0.8956033932491521,0.5853666534551226,,0.0569633778571087,0.0682520918734284,0.8796049389631576,0.049741229161523,0.0644671116477197,0.1842105263157894,0,0,False
H-Optimus-0,CRC,0.01,42,proportional,696,144,840,9,0.9993712825469304,0.983212783368994,,0.2270245374052063,0.2270245374052063,0.3909841920423343,0.0098791082022748,0.0105036933379368,0.148,0,0,False
H-Optimus-0,CRC,0.01,123,proportional,696,144,840,9,0.9995614548412058,0.9867743915069194,,0.2324341192095621,0.2324341192095621,0.1000050981146439,0.0098786390728116,0.0095931108841491,0.1434,0,0,False
H-Optimus-0,CRC,0.01,456,proportional,696,144,840,9,0.9993634051776276,0.9828343715875476,,0.2287158545551652,0.2285715375469052,0.3128043395862537,0.0049249995787494,0.0039061966141388,0.1422,0,0,False
H-Optimus-0,CRC,0.05,42,proportional,3495,745,4240,9,0.9996307327097134,0.99043127326195,,0.079427901069265,0.079427901069265,0.4407770629529848,0.0031899060836079,0.0028106203254388,0.1427333333333333,0,0,False
H-Optimus-0,CRC,0.05,123,proportional,3495,745,4240,9,0.9996833994652716,0.9905837065825354,,0.0797930136441814,0.0797930136441813,0.4160685469943731,0.0031682936542301,0.0018444465690679,0.1418666666666666,0,0,False
H-Optimus-0,CRC,0.05,456,proportional,3495,745,4240,9,0.9996523132371816,0.990216198016288,,0.0814098703666763,0.081386775105843,0.4720109813983023,0.0029017627604129,0.0032272679136184,0.1423333333333333,0,0,False
H-Optimus-0,CRC,0.1,42,proportional,6996,1497,8493,9,0.9997172363944014,0.9919784829753416,,0.049692123416009,0.0496921234160089,0.5169460436338162,0.0014936682195269,0.0021215158967182,0.1420666666666666,0,0,False
H-Optimus-0,CRC,0.1,123,proportional,6996,1497,8493,9,0.9997440445335628,0.9919454487564489,,0.0493555977333011,0.0493555977333011,0.4855972845728632,0.0023467590652637,0.002021857146146,0.1418666666666666,0,0,False
H-Optimus-0,CRC,0.1,456,proportional,6996,1497,8493,9,0.9997138946408664,0.9920433244883504,,0.049507695543755,0.0494814414601753,0.557515247466716,0.0023357891629785,0.0031727224540424,0.1418666666666666,0,0,False
H-Optimus-0,CRC,0.25,42,proportional,17496,3746,21242,9,0.9998266718487392,0.9935249046972182,,0.0261721104845629,0.0261721104845629,0.5646705957870968,0.0021057779189537,0.000948962924803,0.1424,0,0,False
H-Optimus-0,CRC,0.25,123,proportional,17496,3746,21242,9,0.999848398340718,0.994044924404896,,0.026368760042569,0.026368760042569,0.5478527198291432,0.0015159253747088,0.0011402791071689,0.1421333333333333,0,0,False
H-Optimus-0,CRC,0.25,456,proportional,17496,3746,21242,9,0.9998997411518508,0.993629938487917,,0.0262597770853463,0.0262597770853463,0.5742939836642144,0.001717108271835,0.0006806437233059,0.1423333333333333,0,0,False
H-Optimus-0,CRC,0.5,42,proportional,34998,7496,42494,9,0.9999292503239352,0.9947124310807812,,0.0171264014544297,0.0171264014544295,0.6044754130833796,0.0011935382937702,0.0005297965169437,0.1423333333333333,0,0,False
H-Optimus-0,CRC,0.5,123,proportional,34998,7496,42494,9,0.9999097409576716,0.9952753036234098,,0.0164660124050046,0.0164660124050047,0.5762976255460582,0.0013315118594565,0.000501252173414,0.1422,0,0,False
H-Optimus-0,CRC,0.5,456,proportional,34998,7496,42494,9,0.9999372951135964,0.9947674987368376,,0.0161079768485719,0.0160964706963189,0.6287706240696085,0.0008185513888007,0.0004434264229927,0.1423333333333333,0,0,False
H-Optimus-0,CRC,1.0,42,proportional,70000,15000,85000,9,0.999951537035037,0.996061531911532,,0.0111409579894397,0.0111409579894396,0.6212414221724557,0.0012199633530728,0.0005667873385814,0.1421333333333333,0,0,False
H-Optimus-0,CRC,1.0,123,proportional,70000,15000,85000,9,0.999951537035037,0.996061531911532,,0.0111409579894397,0.0111409579894396,0.6212414221724557,0.0012199633530728,0.0005667873385814,0.1421333333333333,0,0,False
H-Optimus-0,CRC,1.0,456,proportional,70000,15000,85000,9,0.999951537035037,0.996061531911532,,0.0111409579894397,0.0111409579894396,0.6212414221724557,0.0012199633530728,0.0005667873385814,0.1421333333333333,0,0,False
H-Optimus-0,LungHist700,0.01,42,proportional,7,7,14,7,0.6467112790994168,0.2773874246728245,,0.1658640851986705,0.2159563143936217,0.3266690242129289,0.1330467525825778,0.1431300626558556,0.3428571428571428,6,7,False
H-Optimus-0,LungHist700,0.01,123,proportional,7,7,14,7,0.6093547785904437,0.242345870828843,,0.0893999097000567,0.1494934730979608,0.1000052749944835,0.1825477683776294,0.1793614926969185,0.3809523809523809,6,7,False
H-Optimus-0,LungHist700,0.01,456,proportional,7,7,14,7,0.6660736161492894,0.3876750427273075,,0.2268244160259395,0.2361924754915756,0.1169082168676286,0.1260044837021695,0.1540706527561146,0.3047619047619048,6,7,False
H-Optimus-0,LungHist700,0.05,42,proportional,22,7,29,7,0.7020699743604201,0.1165649165649165,,0.0879698381815002,0.1451785123262077,2.767722387191194,0.0539029734322766,0.1385333592867745,0.923809523809524,0,6,False
H-Optimus-0,LungHist700,0.05,123,proportional,22,7,29,7,0.7304540590363752,0.2269769446240034,,0.0907696567932318,0.1795200690478726,0.8089795881709236,0.1092750100531542,0.1887221486078612,0.8,0,6,False
H-Optimus-0,LungHist700,0.05,456,proportional,22,7,29,7,0.8294191592548901,0.1960952012078001,,0.0899634052607335,0.1632948653794693,0.4160260653563061,0.1500616210172354,0.1714127154491416,0.819047619047619,0,6,False
H-Optimus-0,LungHist700,0.1,42,proportional,45,8,53,7,0.8139044664007928,0.3432481862872312,,0.1588212436925865,0.1680725156639112,0.4606374054823467,0.1139626761100058,0.1376381295165979,0.5904761904761905,0,2,False
H-Optimus-0,LungHist700,0.1,123,proportional,45,8,53,7,0.8192100027507571,0.267552599970953,,0.1104088310103704,0.1769040947966338,0.4635536036791973,0.1199558000348209,0.1631177281976284,0.6095238095238096,0,2,False
H-Optimus-0,LungHist700,0.1,456,proportional,45,8,53,7,0.8410790747666239,0.3449598021026592,,0.18879389435483,0.2450399420837742,0.3234045762343905,0.1310948061973598,0.1496937857035822,0.4380952380952381,0,2,False
H-Optimus-0,LungHist700,0.25,42,proportional,118,24,142,7,0.904350437417877,0.461225629439267,,0.2379924468300102,0.2574463061738519,0.2532740693240349,0.1779795902921462,0.1657935376438233,0.3619047619047619,0,0,False
H-Optimus-0,LungHist700,0.25,123,proportional,118,24,142,7,0.928533695479354,0.4856742409942483,,0.2645364230813862,0.267793170349504,0.2099692310442868,0.2177745541984374,0.2033978063523502,0.4095238095238095,0,0,False
H-Optimus-0,LungHist700,0.25,456,proportional,118,24,142,7,0.9291266794040922,0.5448237714971623,,0.2974462541931463,0.3347448752531385,0.2041610425437674,0.188784303683333,0.1868468985864678,0.3333333333333333,0,0,False
H-Optimus-0,LungHist700,0.5,42,proportional,240,49,289,7,0.93475423073371,0.5998708010335917,,0.3055823774542636,0.3017833707584613,0.3206762042484034,0.1385777060392498,0.1511591764184344,0.2857142857142857,0,0,False
H-Optimus-0,LungHist700,0.5,123,proportional,240,49,289,7,0.9460640089722686,0.6673525826763196,,0.3443177856456296,0.3443177856456295,0.2946161552749994,0.1661209667758572,0.171700370289478,0.3142857142857143,0,0,False
H-Optimus-0,LungHist700,0.5,456,proportional,240,49,289,7,0.9420099965546116,0.628426182346698,,0.3171598287611618,0.3134292206612139,0.3400187312956866,0.1231002695639881,0.1461839422968431,0.2761904761904762,0,0,False
H-Optimus-0,LungHist700,1.0,42,proportional,483,103,586,7,0.9637720379268856,0.7366257873884082,,0.3144088020647287,0.3144088020647287,0.372447659274772,0.0877905262152229,0.1211419085485465,0.2666666666666666,0,0,False
H-Optimus-0,LungHist700,1.0,123,proportional,483,103,586,7,0.9637720379268856,0.7366257873884082,,0.3144088020647287,0.3144088020647287,0.372447659274772,0.0877905262152229,0.1211419085485465,0.2666666666666666,0,0,False
H-Optimus-0,LungHist700,1.0,456,proportional,483,103,586,7,0.9637720379268856,0.7366257873884082,,0.3144088020647287,0.3144088020647287,0.372447659274772,0.0877905262152229,0.1211419085485465,0.2666666666666666,0,0,False
H-Optimus-0,MHIST,0.01,42,proportional,18,3,21,2,0.7473842967765171,0.3870765370138017,0.2309137137891219,0.1508161805430574,0.1837042707728721,2.243993059952494,0.0921392215265857,0.1780745194867063,1.0,0,0,True
H-Optimus-0,MHIST,0.01,123,proportional,18,3,21,2,0.64039258058707,0.3870765370138017,0.2339039117042348,0.1021182319210263,0.1181160317390251,1.9248027452148824,0.0915969118603104,0.1220920332978882,1.0,0,0,True
H-Optimus-0,MHIST,0.01,456,proportional,18,3,21,2,0.7159013146047181,0.3870765370138017,0.2282745947956782,0.1430113597560148,0.1496243880686311,1.935346085332729,0.1310976880135786,0.1523918172141553,1.0,0,0,True
H-Optimus-0,MHIST,0.05,42,proportional,92,16,108,2,0.8292499549792905,0.3870765370138017,0.2029452197637372,0.1833946857069833,0.1910905898493313,1.7543212543366415,0.1548837058924665,0.1880299830338776,1.0,0,0,True
H-Optimus-0,MHIST,0.05,123,proportional,92,16,108,2,0.7338825859895554,0.4180193596425912,0.2079765429536157,0.1117539448346853,0.1180615927785877,1.7959714241161877,0.1190708384782388,0.1223559364469813,0.985670419651996,0,0,False
H-Optimus-0,MHIST,0.05,456,proportional,92,16,108,2,0.7407482441923284,0.3870765370138017,0.2157746478645792,0.1220748963647786,0.1381491236179102,2.005190405434824,0.1228230016995074,0.1379842488288927,1.0,0,0,True
H-Optimus-0,MHIST,0.1,42,proportional,184,32,216,2,0.8293309922564379,0.4757713190673906,0.1864726395368776,0.1304333786633388,0.1370380408346249,1.5008558493492077,0.1209376980772452,0.1317325062269055,0.95496417604913,0,0,False
H-Optimus-0,MHIST,0.1,123,proportional,184,32,216,2,0.7861201152530164,0.436046974522293,0.1955871389846857,0.1191756612230556,0.1197725884947257,1.886149445971052,0.1150180885240581,0.1187922423474135,0.9754350051177072,0,0,False
H-Optimus-0,MHIST,0.1,456,proportional,184,32,216,2,0.8202818296416353,0.4307536415452818,0.1925070641363439,0.1290520657199918,0.1329615980173094,1.5274861131839237,0.1376493517922843,0.1345761611094019,0.984646878198567,0,0,False
H-Optimus-0,MHIST,0.25,42,proportional,461,81,542,2,0.8588870880605078,0.6815681059657905,0.1668074830909294,0.1219278045136537,0.1240959204157347,1.0482717933189645,0.1008047281296117,0.1027723463760576,0.8116683725690891,0,0,False
H-Optimus-0,MHIST,0.25,123,proportional,461,81,542,2,0.8376283090221501,0.6471220846471951,0.173680168240715,0.0978740727108213,0.0996334919143329,1.2587928705165887,0.0927885545383935,0.0961139056848252,0.8433981576253838,0,0,False
H-Optimus-0,MHIST,0.25,456,proportional,461,81,542,2,0.8381730596074195,0.6497637282059638,0.1741980826486629,0.1024121612649633,0.11090402313604,1.4073357433175202,0.0952044502624288,0.0960415585163074,0.8464687819856704,0,0,False
H-Optimus-0,MHIST,0.5,42,proportional,924,163,1087,2,0.8658652980370971,0.7397148289667204,0.1567193571555649,0.101847687258983,0.0998049591573422,1.0393631158514405,0.0739135547564011,0.0769933239804232,0.7410440122824974,0,0,False
H-Optimus-0,MHIST,0.5,123,proportional,924,163,1087,2,0.8663830361966504,0.7401737736570794,0.1561992337549105,0.0893085923978609,0.0924135371595893,1.1696537948311283,0.0673596727952072,0.0697382565891326,0.7389969293756398,0,0,False
H-Optimus-0,MHIST,0.5,456,proportional,924,163,1087,2,0.8695344858634971,0.736351257674787,0.1570641008565461,0.1006824860694705,0.1006838037399692,1.3603178343154985,0.0772504135572075,0.0828121863511218,0.7604912998976459,0,0,False
H-Optimus-0,MHIST,1.0,42,proportional,1849,326,2175,2,0.8848370250315145,0.7730169266511782,0.1425767656510791,0.084259905156307,0.095178627594009,1.3543623242942555,0.0571224700796943,0.0598829834503087,0.7093142272262026,0,0,False
H-Optimus-0,MHIST,1.0,123,proportional,1849,326,2175,2,0.8848370250315145,0.7730169266511782,0.1425767656510791,0.084259905156307,0.095178627594009,1.3543623242942555,0.0571224700796943,0.0598829834503087,0.7093142272262026,0,0,False
H-Optimus-0,MHIST,1.0,456,proportional,1849,326,2175,2,0.8848370250315145,0.7730169266511782,0.1425767656510791,0.084259905156307,0.095178627594009,1.3543623242942555,0.0571224700796943,0.0598829834503087,0.7093142272262026,0,0,False
H-Optimus-0,PCam,0.01,42,proportional,2620,326,2946,2,0.9828983961121046,0.9337992784015414,0.0532319663563729,0.067315711453038,0.0665974893825795,1.3794536580980008,0.0348536435029688,0.034672560505241,0.54412841796875,0,0,False
H-Optimus-0,PCam,0.01,123,proportional,2620,326,2946,2,0.981848370695748,0.9291319994880822,0.0563124368132026,0.0676004225735797,0.0674354328026332,1.7637524160266844,0.0556089024663165,0.0557025277323499,0.547119140625,0,0,False
H-Optimus-0,PCam,0.01,456,proportional,2620,326,2946,2,0.981886268080872,0.9304737358629078,0.0559064366767887,0.0669256039084802,0.0661823051362336,1.4859104315486809,0.0422672103984398,0.0424636943416097,0.5477294921875,0,0,False
H-Optimus-0,PCam,0.05,42,proportional,13106,1637,14743,2,0.9847741658014586,0.937246079467482,0.0473447021601134,0.0403503655073359,0.0396463118382664,1.8761753029370651,0.0368168804811727,0.037758988158114,0.545623779296875,0,0,False
H-Optimus-0,PCam,0.05,123,proportional,13106,1637,14743,2,0.9842505500773971,0.9380348780883148,0.0479361822053287,0.0391269134279844,0.039497565256978,1.906973112845015,0.036596129350627,0.0381622464277066,0.546722412109375,0,0,False
H-Optimus-0,PCam,0.05,456,proportional,13106,1637,14743,2,0.9855656709250727,0.938998477965734,0.0459483251746542,0.0379536616138582,0.0389897433700098,1.7238582897412964,0.0327542649403528,0.0335534795077028,0.5439453125,0,0,False
H-Optimus-0,PCam,0.1,42,proportional,26214,3275,29489,2,0.9856256294833714,0.9407450297786896,0.0452430715160264,0.0344945236315659,0.0349610629603775,2.080152278428297,0.0361968791969299,0.0360925430600679,0.543243408203125,0,0,False
H-Optimus-0,PCam,0.1,123,proportional,26214,3275,29489,2,0.9852195913931726,0.9387108959761106,0.0461933257231538,0.0347538447563054,0.0351375012103962,2.049064750823153,0.035825775222139,0.0356445774843569,0.546173095703125,0,0,False
H-Optimus-0,PCam,0.1,456,proportional,26214,3275,29489,2,0.98494020574566,0.9400986093582973,0.0454458203325362,0.0320045111047483,0.0327143093358943,2.01446899020197,0.0323275813093567,0.032864092572902,0.5440673828125,0,0,False
H-Optimus-0,PCam,0.25,42,proportional,65536,8191,73727,2,0.9837981544662624,0.9386507715507836,0.0466660657792482,0.0348529875892593,0.0349582648680657,2.3471774680909583,0.0337188768264905,0.0338631673774853,0.545989990234375,0,0,False
H-Optimus-0,PCam,0.25,123,proportional,65536,8191,73727,2,0.98357896207038,0.9401839397518366,0.0461561523210831,0.0336765473353674,0.0337450132169736,2.2463873214797485,0.0310315743592728,0.0318475855338687,0.545257568359375,0,0,False
H-Optimus-0,PCam,0.25,456,proportional,65536,8191,73727,2,0.9846341358388688,0.9399462090584614,0.0454621095000369,0.0329946042461334,0.0331053878985908,2.404940983349442,0.0322096778110494,0.0324879654367952,0.543975830078125,0,0,False
H-Optimus-0,PCam,0.5,42,proportional,131072,16383,147455,2,0.985064317539899,0.9432019344769272,0.0442329399547208,0.0326060677177093,0.0331101785158764,2.518256851407554,0.0305162627453834,0.0307107668271643,0.540985107421875,0,0,False
H-Optimus-0,PCam,0.5,123,proportional,131072,16383,147455,2,0.984570776089907,0.9414563541887736,0.0454939020241065,0.0334039761012558,0.0339917264787876,2.555720042052537,0.0304185761548515,0.0310084825846621,0.5416259765625,0,0,False
H-Optimus-0,PCam,0.5,456,proportional,131072,16383,147455,2,0.983388234622864,0.9401565009571496,0.0461147219503497,0.0352550908058341,0.0357157734655464,2.54648009924772,0.0303678276923052,0.0315749726901416,0.544677734375,0,0,False
H-Optimus-0,PCam,1.0,42,proportional,262144,32768,294912,2,0.9821887579830332,0.9389289349257284,0.0475515246628609,0.0365875818552595,0.0373909563778415,2.7490706558992173,0.0302015041437399,0.0313162433247481,0.54547119140625,0,0,False
H-Optimus-0,PCam,1.0,123,proportional,262144,32768,294912,2,0.9821887579830332,0.9389289349257284,0.0475515246628609,0.0365875818552595,0.0373909563778415,2.7490706558992173,0.0302015041437399,0.0313162433247481,0.54547119140625,0,0,False
H-Optimus-0,PCam,1.0,456,proportional,262144,32768,294912,2,0.9821887579830332,0.9389289349257284,0.0475515246628609,0.0365875818552595,0.0373909563778415,2.7490706558992173,0.0302015041437399,0.0313162433247481,0.54547119140625,0,0,False
H-Optimus-0,SPIDER-Breast,0.01,42,proportional,682,113,795,18,0.9911786466220468,0.8300723401577292,,0.4722478628280469,0.4722478628280468,0.2745305335918998,0.018823282456757,0.0183446176448245,0.1204088416154229,0,0,False
H-Optimus-0,SPIDER-Breast,0.01,123,proportional,682,113,795,18,0.9911490344593124,0.8313845699485712,,0.475249860939535,0.475249860939535,0.3216006150951391,0.0245162965031865,0.024176047889441,0.1217384078444407,0,0,False
H-Optimus-0,SPIDER-Breast,0.01,456,proportional,682,113,795,18,0.9906732680507514,0.7918393977336333,,0.448758234018437,0.4487582340184371,0.2578894100284971,0.042976995744163,0.0423118448708551,0.1205750373940501,0,0,False
H-Optimus-0,SPIDER-Breast,0.05,42,proportional,3431,600,4031,18,0.9943156095686764,0.8681508975889007,,0.2252806544807735,0.2252806544807734,0.4679983898849419,0.0106584770450366,0.0113592511699736,0.1237327571879674,0,0,False
H-Optimus-0,SPIDER-Breast,0.05,123,proportional,3431,600,4031,18,0.9943780371562578,0.8587334435614985,,0.2219433421769842,0.2219433421769842,0.5020724352127661,0.0085428335207286,0.0100630408305889,0.1236496592986538,0,0,False
H-Optimus-0,SPIDER-Breast,0.05,456,proportional,3431,600,4031,18,0.9943951455536052,0.8633826553258377,,0.2188446927031777,0.2188446927031777,0.465545878125,0.0126307137155308,0.0126876625535977,0.1243144424131627,0,0,False
H-Optimus-0,SPIDER-Breast,0.1,42,proportional,6868,1203,8071,18,0.99509957304094,0.8780083807863529,,0.1495601856773406,0.1495601856773405,0.5421830175641796,0.0106898795369892,0.0097575655405315,0.1241482466345354,0,0,False
H-Optimus-0,SPIDER-Breast,0.1,123,proportional,6868,1203,8071,18,0.9947595390640892,0.8658923455530204,,0.1452152178659106,0.1452152178659106,0.5301723794206967,0.0160354317840563,0.0138335066331414,0.1238989529665946,0,0,False
H-Optimus-0,SPIDER-Breast,0.1,456,proportional,6868,1203,8071,18,0.9950572437773196,0.8726677779248424,,0.1452689737475603,0.1452689737475603,0.5276529916644591,0.0141854375677147,0.0132862997341378,0.1243144424131627,0,0,False
H-Optimus-0,SPIDER-Breast,0.25,42,proportional,17176,3027,20203,18,0.9954863999239156,0.8814814669670055,,0.0804010121004019,0.080401012100402,0.583471537466058,0.0194264929191709,0.0193314806192946,0.1246468339704171,0,0,False
H-Optimus-0,SPIDER-Breast,0.25,123,proportional,17176,3027,20203,18,0.9954603206956868,0.8811157795716418,,0.0818177066246254,0.0817866122179719,0.5738810028466375,0.0212997399380892,0.0207326587523357,0.1243975403024763,0,0,False
H-Optimus-0,SPIDER-Breast,0.25,456,proportional,17176,3027,20203,18,0.9954291927869642,0.8782814701337197,,0.0765833173181749,0.0765833173181749,0.6012865651405209,0.0196212778003915,0.0191527962910795,0.1245637360811035,0,0,False
H-Optimus-0,SPIDER-Breast,0.5,42,proportional,34361,6060,40421,18,0.99555794890987,0.8861714693963827,,0.0495885932527891,0.049588593252789,0.6226124549969654,0.0251692366062234,0.0227385177006274,0.1247299318597307,0,0,False
H-Optimus-0,SPIDER-Breast,0.5,123,proportional,34361,6060,40421,18,0.9955903336764684,0.884705509027432,,0.0501716165098901,0.0501413027972945,0.623962381071849,0.0232953993671604,0.0224066071936688,0.1244806381917899,0,0,False
H-Optimus-0,SPIDER-Breast,0.5,456,proportional,34361,6060,40421,18,0.9956070477412532,0.8842074747740574,,0.0462148089713176,0.0462148089713176,0.6200563453889868,0.0254952730637924,0.0254830579256421,0.1245637360811035,0,0,False
H-Optimus-0,SPIDER-Breast,1.0,42,proportional,68730,12128,80858,18,0.9956255660731292,0.8881088143746657,,0.02540396593219,0.02540396593219,0.662412101126634,0.0281758305569295,0.0266556858798034,0.1246468339704171,0,0,False
H-Optimus-0,SPIDER-Breast,1.0,123,proportional,68730,12128,80858,18,0.9956255660731292,0.8881088143746657,,0.02540396593219,0.02540396593219,0.662412101126634,0.0281758305569295,0.0266556858798034,0.1246468339704171,0,0,False
H-Optimus-0,SPIDER-Breast,1.0,456,proportional,68730,12128,80858,18,0.9956255660731292,0.8881088143746657,,0.02540396593219,0.02540396593219,0.662412101126634,0.0281758305569295,0.0266556858798034,0.1246468339704171,0,0,False
MIDNIGHT,BRACS,0.01,42,proportional,33,7,40,7,0.7388334637026913,0.3047441111064216,,0.1145887436348332,0.1173656761160274,1.5536636673440447,0.1697204111098579,0.1697204111098579,0.3456140350877193,0,7,False
MIDNIGHT,BRACS,0.01,123,proportional,33,7,40,7,0.7336728752972264,0.293356936634352,,0.0971530164932116,0.1093086499390026,0.542433602728118,0.0892024511806879,0.0992142011140638,0.4403508771929824,0,7,False
MIDNIGHT,BRACS,0.01,456,proportional,33,7,40,7,0.7741463274799771,0.3189748698177452,,0.1048907222922417,0.1068295893285035,1.0203248119151538,0.1085518756329627,0.1100919467447295,0.4175438596491228,0,7,False
MIDNIGHT,BRACS,0.05,42,proportional,180,14,194,7,0.81794127514768,0.3811903275343544,,0.0823493751875724,0.1035537053930937,0.919440600795112,0.064280359116471,0.0934779054889633,0.3350877192982456,0,0,False
MIDNIGHT,BRACS,0.05,123,proportional,180,14,194,7,0.8120740422690625,0.3950893603964278,,0.0762176257725978,0.0826698527259468,0.9080459236107238,0.0699122453510071,0.0817098713207395,0.312280701754386,0,0,False
MIDNIGHT,BRACS,0.05,456,proportional,180,14,194,7,0.8429389239984649,0.4093801931362598,,0.1213451683452569,0.1278476171093996,0.8396640743938603,0.0836119957800688,0.0938432947889906,0.2982456140350877,0,0,False
MIDNIGHT,BRACS,0.1,42,proportional,362,28,390,7,0.8518986386405982,0.4563544227203984,,0.1065257156260184,0.1115774594634867,0.778165759351647,0.0630230880886775,0.0764325267899412,0.2929824561403509,0,0,False
MIDNIGHT,BRACS,0.1,123,proportional,362,28,390,7,0.8396924357613174,0.4509843308577959,,0.0765982150567559,0.0900108911541785,0.7251244857699919,0.0677950234216483,0.0764121421051927,0.2649122807017544,0,0,False
MIDNIGHT,BRACS,0.1,456,proportional,362,28,390,7,0.8608782172931061,0.4363082592721925,,0.105467924607807,0.1143642677427368,0.7160876610534557,0.0882076163012899,0.0847972832324784,0.3017543859649123,0,0,False
MIDNIGHT,BRACS,0.25,42,proportional,912,75,987,7,0.8715667867273049,0.5076017398549751,,0.0683068868769334,0.086214831363564,0.8985843512659962,0.047633895736789,0.0631887812611368,0.2596491228070175,0,0,False
MIDNIGHT,BRACS,0.25,123,proportional,912,75,987,7,0.8700082527612567,0.5232335136380736,,0.0724001141892395,0.0790835270314548,0.7872835929075038,0.032881540246093,0.0528207530357266,0.2456140350877192,0,0,False
MIDNIGHT,BRACS,0.25,456,proportional,912,75,987,7,0.8677328265483715,0.4993353136396641,,0.0602256794609432,0.0967268691617194,0.8589784106447382,0.0544408150803425,0.0918051670991695,0.2666666666666666,0,0,False
MIDNIGHT,BRACS,0.5,42,proportional,1826,154,1980,7,0.8827345588845198,0.5436015227392259,,0.0757048697558436,0.0786760694152481,0.9380675155788304,0.0621810383037669,0.0746820336142277,0.2263157894736842,0,0,False
MIDNIGHT,BRACS,0.5,123,proportional,1826,154,1980,7,0.8803964321087692,0.5397900998712186,,0.0690988315135236,0.0821835420673098,0.8441749993757902,0.0386551863033672,0.0589511480920211,0.2333333333333333,0,0,False
MIDNIGHT,BRACS,0.5,456,proportional,1826,154,1980,7,0.881413166138927,0.540751444446687,,0.0639811581808284,0.0645044539617482,1.006033304113705,0.0645242328846666,0.0655132523347963,0.2543859649122807,0,0,False
MIDNIGHT,BRACS,1.0,42,proportional,3657,312,3969,7,0.8920914360615793,0.5613119866447086,,0.0719654947223496,0.0821926373865526,0.9838519600446326,0.0726329772643355,0.0834390922087413,0.219298245614035,0,0,False
MIDNIGHT,BRACS,1.0,123,proportional,3657,312,3969,7,0.8920914360615793,0.5613119866447086,,0.0719654947223496,0.0821926373865526,0.9838519600446326,0.0726329772643355,0.0834390922087413,0.219298245614035,0,0,False
MIDNIGHT,BRACS,1.0,456,proportional,3657,312,3969,7,0.8920914360615793,0.5613119866447086,,0.0719654947223496,0.0821926373865526,0.9838519600446326,0.0726329772643355,0.0834390922087413,0.219298245614035,0,0,False
MIDNIGHT,CRC,0.01,42,proportional,696,144,840,9,0.9981725152097494,0.967002277553136,,0.1810510925306016,0.1810510925306015,0.4318576219447113,0.00629336942942,0.0075638382861159,0.1472,0,0,False
MIDNIGHT,CRC,0.01,123,proportional,696,144,840,9,0.9984992477139188,0.964427184543982,,0.1826532121522695,0.1826532121522694,0.3095376547705455,0.0149795910137315,0.0142586690934213,0.1461333333333333,0,0,False
MIDNIGHT,CRC,0.01,456,proportional,696,144,840,9,0.9981569795150176,0.964384202876834,,0.1816189623243202,0.1816189623243202,0.4739749160918042,0.0116377114674361,0.0118308040312321,0.1443333333333333,0,0,False
MIDNIGHT,CRC,0.05,42,proportional,3495,745,4240,9,0.9988291703807318,0.975257714504338,,0.0656569514301642,0.0656569514301642,0.6078488275368007,0.0042179382855241,0.0056999383438581,0.1446,0,0,False
MIDNIGHT,CRC,0.05,123,proportional,3495,745,4240,9,0.9988978566201124,0.9741283273427876,,0.0658681195854655,0.0658681195854655,0.5614604574577987,0.0035581426926255,0.0025023550790651,0.1446,0,0,False
MIDNIGHT,CRC,0.05,456,proportional,3495,745,4240,9,0.9988052940738212,0.9738475875641464,,0.0682546994527089,0.0682546994527089,0.5912226206145831,0.003456206961284,0.0044784020033133,0.1434666666666666,0,0,False
MIDNIGHT,CRC,0.1,42,proportional,6996,1497,8493,9,0.999092345946007,0.9781650753009216,,0.0424514911736746,0.0424514911736745,0.6446247107121538,0.0037554500870835,0.0038149627418744,0.1438,0,0,False
MIDNIGHT,CRC,0.1,123,proportional,6996,1497,8493,9,0.9991647112743468,0.9783434310602674,,0.0441076571906931,0.0441076571906929,0.5955135505047591,0.0033868268986464,0.0026670887393934,0.1430666666666666,0,0,False
MIDNIGHT,CRC,0.1,456,proportional,6996,1497,8493,9,0.999066777958556,0.9778992493816668,,0.0442479016420375,0.0442479016420375,0.6484206112126223,0.0027875032693132,0.0039946020369886,0.1426,0,0,False
MIDNIGHT,CRC,0.25,42,proportional,17496,3746,21242,9,0.9993576644658276,0.982111592245876,,0.0247668728590788,0.0247668728590788,0.6896650068908682,0.0033431322939089,0.0033533986548573,0.1432,0,0,False
MIDNIGHT,CRC,0.25,123,proportional,17496,3746,21242,9,0.9994208211670504,0.982476900244736,,0.0253488417166966,0.0253488417166967,0.6770548162049165,0.0034073167942066,0.0025222277382076,0.1426666666666666,0,0,False
MIDNIGHT,CRC,0.25,456,proportional,17496,3746,21242,9,0.9994690284850553,0.9822866920469308,,0.0257628843810816,0.0256595215946774,0.6897983054046941,0.0021722236269494,0.0024368209409741,0.1422,0,0,False
MIDNIGHT,CRC,0.5,42,proportional,34998,7496,42494,9,0.9995981924165824,0.984615510485672,,0.0174763096003458,0.017339718488443,0.7082543799778594,0.0025218241583171,0.0017485219365312,0.1422,0,0,False
MIDNIGHT,CRC,0.5,123,proportional,34998,7496,42494,9,0.999582771523787,0.9857581239593672,,0.018675076192537,0.0185556175074473,0.685192792382625,0.002519533556948,0.0011830737669014,0.1427333333333333,0,0,False
MIDNIGHT,CRC,0.5,456,proportional,34998,7496,42494,9,0.9995876626697096,0.9850239788463776,,0.0171603802298585,0.0170504231309872,0.7140466872961622,0.0029766271695695,0.0013087229405976,0.1420666666666666,0,0,False
MIDNIGHT,CRC,1.0,42,proportional,70000,15000,85000,9,0.9996967099917168,0.9875221124604632,,0.0127321236651975,0.0127321236651974,0.7184427398185931,0.0033519757714169,0.0010283142446457,0.1424,0,0,False
MIDNIGHT,CRC,1.0,123,proportional,70000,15000,85000,9,0.9996967099917168,0.9875221124604632,,0.0127321236651975,0.0127321236651974,0.7184427398185931,0.0033519757714169,0.0010283142446457,0.1424,0,0,False
MIDNIGHT,CRC,1.0,456,proportional,70000,15000,85000,9,0.9996967099917168,0.9875221124604632,,0.0127321236651975,0.0127321236651974,0.7184427398185931,0.0033519757714169,0.0010283142446457,0.1424,0,0,False
MIDNIGHT,LungHist700,0.01,42,proportional,7,7,14,7,0.7198688021526322,0.4482466850887903,,0.2887048558242743,0.3334882259486418,0.2623045291599248,0.1810208645788593,0.2141071345786771,0.1904761904761904,6,7,False
MIDNIGHT,LungHist700,0.01,123,proportional,7,7,14,7,0.6034945360102209,0.2061118953075735,,0.0637962064684131,0.1442004435445671,0.223819197019369,0.176055839502761,0.1979112064996361,0.2857142857142857,6,7,False
MIDNIGHT,LungHist700,0.01,456,proportional,7,7,14,7,0.767714392384122,0.3097961353600451,,0.1655594703506501,0.222281503060368,0.222647000238389,0.1362755547592693,0.1724862425276813,0.2571428571428571,6,7,False
MIDNIGHT,LungHist700,0.05,42,proportional,22,7,29,7,0.7676284211360932,0.1831417624521072,,0.1272212330133689,0.1865382571289024,0.5473307253263557,0.1656457734243418,0.1871452558741279,0.638095238095238,0,6,False
MIDNIGHT,LungHist700,0.05,123,proportional,22,7,29,7,0.8203044132146067,0.3519811132656806,,0.2152521146263706,0.2329580178173431,0.3965344867851392,0.0910515244457495,0.1413738618574004,0.3714285714285714,0,6,False
MIDNIGHT,LungHist700,0.05,456,proportional,22,7,29,7,0.87703907409882,0.3356832612166531,,0.2139346296192394,0.255948256458373,0.2603235568201118,0.1168526391554418,0.1225985374548859,0.4380952380952381,0,6,False
MIDNIGHT,LungHist700,0.1,42,proportional,45,8,53,7,0.8511523793537783,0.3985015705549955,,0.2157810543474597,0.2434766990254198,0.4231583605850305,0.1473584304762442,0.2054129585965677,0.3714285714285714,0,2,False
MIDNIGHT,LungHist700,0.1,123,proportional,45,8,53,7,0.8481491447575262,0.4133919769593394,,0.2250889190032314,0.2557473770768076,0.3670926401799202,0.095158855001515,0.1282097520342199,0.2857142857142857,0,2,False
MIDNIGHT,LungHist700,0.1,456,proportional,45,8,53,7,0.8876986154168259,0.4080727943351254,,0.2417875407811217,0.2380037795243538,0.4760009028535248,0.1400479828533156,0.1723315308257936,0.2857142857142857,0,2,False
MIDNIGHT,LungHist700,0.25,42,proportional,118,24,142,7,0.8998358441208723,0.4196608946608947,,0.1441614270755857,0.1836683723451485,0.4916794101104468,0.1465957795821381,0.1495800709408429,0.2857142857142857,0,0,False
MIDNIGHT,LungHist700,0.25,123,proportional,118,24,142,7,0.8808984152363798,0.4746089861853408,,0.1830749274732337,0.1889151496951282,0.3480400022619149,0.2121413362829113,0.2254130662334768,0.2095238095238095,0,0,False
MIDNIGHT,LungHist700,0.25,456,proportional,118,24,142,7,0.9143074206323404,0.524984814802444,,0.1931994369772244,0.2551092849845267,0.4912156197482596,0.1545753617388068,0.1852352383458818,0.2571428571428571,0,0,False
MIDNIGHT,LungHist700,0.5,42,proportional,240,49,289,7,0.921954324871214,0.54177293875302,,0.1902685003767913,0.1955503783615766,0.4909251216683999,0.1540974621854669,0.1496650914485422,0.2476190476190476,0,0,False
MIDNIGHT,LungHist700,0.5,123,proportional,240,49,289,7,0.9012887487774366,0.541169916585199,,0.1515951778587883,0.1683870644662634,0.5386593746952831,0.1757462978463032,0.1649517761367729,0.219047619047619,0,0,False
MIDNIGHT,LungHist700,0.5,456,proportional,240,49,289,7,0.9222703557959492,0.5368703573893969,,0.1651569563523306,0.1815061958693455,0.5904721634968845,0.0968379803773889,0.1657603656790761,0.238095238095238,0,0,False
MIDNIGHT,LungHist700,1.0,42,proportional,483,103,586,7,0.9460658957717402,0.68089805558137,,0.1946074086746045,0.2107724362373422,0.505135268342822,0.104621205238328,0.0738649256598909,0.2,0,0,False
MIDNIGHT,LungHist700,1.0,123,proportional,483,103,586,7,0.9460658957717402,0.68089805558137,,0.1946074086746045,0.2107724362373422,0.505135268342822,0.104621205238328,0.0738649256598909,0.2,0,0,False
MIDNIGHT,LungHist700,1.0,456,proportional,483,103,586,7,0.9460658957717402,0.68089805558137,,0.1946074086746045,0.2107724362373422,0.505135268342822,0.104621205238328,0.0738649256598909,0.2,0,0,False
MIDNIGHT,MHIST,0.01,42,proportional,18,3,21,2,0.5655141365027913,0.3870765370138017,0.2386971070985855,0.0895947940735582,0.1025051543452882,2.201820832060742,0.0720064768133867,0.0905843252146088,1.0,0,0,True
MIDNIGHT,MHIST,0.01,123,proportional,18,3,21,2,0.4122051143526022,0.3870765370138017,0.2452755620870261,0.0947196747625885,0.1056183598697714,1.970177342742046,0.0958841032616293,0.1070437204313617,1.0,0,0,True
MIDNIGHT,MHIST,0.01,456,proportional,18,3,21,2,0.5198631370430398,0.3870765370138017,0.2385557837968358,0.0874421502655394,0.0985531136901235,1.5946462378045727,0.1075836876347662,0.126650380366265,1.0,0,0,True
MIDNIGHT,MHIST,0.05,42,proportional,92,16,108,2,0.6809247253736719,0.3870765370138017,0.2280438271458725,0.1290789943882425,0.1278720586179485,1.6607348804130837,0.1459481626446199,0.1469248768543677,1.0,0,0,True
MIDNIGHT,MHIST,0.05,123,proportional,92,16,108,2,0.6143841166936791,0.3870765370138017,0.2348147453592028,0.0885413561603101,0.0986138371843413,2.189874890667065,0.0902592009216087,0.0889511063660071,1.0,0,0,True
MIDNIGHT,MHIST,0.05,456,proportional,92,16,108,2,0.5567981271384836,0.3870765370138017,0.2370218319583216,0.0977809975296123,0.1043804709815449,2.871492469594294,0.0500029350259793,0.0863634532409176,1.0,0,0,True
MIDNIGHT,MHIST,0.1,42,proportional,184,32,216,2,0.6882901134521879,0.3889107747598314,0.2210368834695176,0.1007090323888895,0.1091165202187023,1.5395142954804442,0.1285375129921219,0.1290574805658584,0.9959058341862844,0,0,True
MIDNIGHT,MHIST,0.1,123,proportional,184,32,216,2,0.6469611021069692,0.3870765370138017,0.2298304308759687,0.106974376026468,0.1101677663515443,1.9061016723143196,0.1154386374779281,0.1163403074218522,1.0,0,0,True
MIDNIGHT,MHIST,0.1,456,proportional,184,32,216,2,0.6704619124797407,0.3870765370138017,0.2239524183549604,0.0980521287182033,0.106567635326526,1.935246621918052,0.1082818537566692,0.1094161271176628,1.0,0,0,True
MIDNIGHT,MHIST,0.25,42,proportional,461,81,542,2,0.6964838825859895,0.4570488661769403,0.2152873937526521,0.0895141113214277,0.089224878370397,1.9418265297206363,0.091330438607784,0.0912760565542244,0.95496417604913,0,0,False
MIDNIGHT,MHIST,0.25,123,proportional,461,81,542,2,0.7095759049162615,0.419908869037507,0.2151805805886197,0.1070486807064434,0.1197323351631814,1.5492657011941295,0.1309915627561813,0.141845443126184,0.9825997952917092,0,0,False
MIDNIGHT,MHIST,0.25,456,proportional,461,81,542,2,0.6657932649018549,0.4658266185272856,0.218400541451406,0.0722987219471679,0.0834238986821001,1.7611300375766012,0.0945638083154661,0.0949917535977377,0.9539406345957012,0,0,False
MIDNIGHT,MHIST,0.5,42,proportional,924,163,1087,2,0.6985233207275346,0.4941792956498839,0.2140002959260094,0.0873993322133155,0.0947752722685512,1.809005905129024,0.0936359891798263,0.1026690281623097,0.9160696008188332,0,0,False
MIDNIGHT,MHIST,0.5,123,proportional,924,163,1087,2,0.7200612281649559,0.4884096226160875,0.2075318202797414,0.0909907796451521,0.0923871503196446,1.647486479139924,0.1041810384167068,0.1038736120177759,0.9303991811668372,0,0,False
MIDNIGHT,MHIST,0.5,456,proportional,924,163,1087,2,0.7172609400324149,0.499414867814698,0.208547822370425,0.0893272377697063,0.0944873877752631,1.7105547836974586,0.1014590570627566,0.1022382938528065,0.924257932446264,0,0,False
MIDNIGHT,MHIST,1.0,42,proportional,1849,326,2175,2,0.7383261300198092,0.5404122476907287,0.2010804927859965,0.0825294760265744,0.0957124665251063,1.712834489414385,0.092621245225626,0.0976031933435389,0.8833162743091095,0,0,False
MIDNIGHT,MHIST,1.0,123,proportional,1849,326,2175,2,0.7383261300198092,0.5404122476907287,0.2010804927859965,0.0825294760265744,0.0957124665251063,1.712834489414385,0.092621245225626,0.0976031933435389,0.8833162743091095,0,0,False
MIDNIGHT,MHIST,1.0,456,proportional,1849,326,2175,2,0.7383261300198092,0.5404122476907287,0.2010804927859965,0.0825294760265744,0.0957124665251063,1.712834489414385,0.092621245225626,0.0976031933435389,0.8833162743091095,0,0,False
MIDNIGHT,PCam,0.01,42,proportional,2620,326,2946,2,0.9495605622547402,0.8810779500480093,0.0884922136161616,0.0530836198872111,0.0538300614798857,1.601385738796168,0.0516234908447235,0.0517177805160621,0.57464599609375,0,0,False
MIDNIGHT,PCam,0.01,123,proportional,2620,326,2946,2,0.9392316193221112,0.8709558814950027,0.0975629774922307,0.0600801882985693,0.0621526446076219,1.8021976904285235,0.0621075630854558,0.0627527019690183,0.58612060546875,0,0,False
MIDNIGHT,PCam,0.01,456,proportional,2620,326,2946,2,0.9497133438883492,0.8806757903819112,0.0896708013706932,0.0583240887844914,0.0625342049071802,1.6834832769296613,0.0547943682769223,0.0565167188837675,0.57977294921875,0,0,False
MIDNIGHT,PCam,0.05,42,proportional,13106,1637,14743,2,0.9556278319126508,0.8987061574915483,0.0774307890989945,0.0476634976577221,0.0476634976577221,1.810232839845325,0.0510621421756036,0.051097819537923,0.56964111328125,0,0,False
MIDNIGHT,PCam,0.05,123,proportional,13106,1637,14743,2,0.955957658000012,0.8956041426927503,0.0790106024504533,0.0517865467188697,0.0517865467188696,1.9143114752175856,0.0533772801180642,0.0533982006921885,0.574005126953125,0,0,False
MIDNIGHT,PCam,0.05,456,proportional,13106,1637,14743,2,0.9586923233267808,0.8987811018518158,0.0761667208561919,0.0461082150095853,0.0481773138052474,1.818448280462134,0.0496596199003375,0.0499810813395009,0.570831298828125,0,0,False
MIDNIGHT,PCam,0.1,42,proportional,26214,3275,29489,2,0.9544545552442714,0.9000780146320677,0.0760686086634502,0.0484477380935674,0.0485232923566085,1.9701170361949285,0.0489836503749776,0.0490908889285122,0.570220947265625,0,0,False
MIDNIGHT,PCam,0.1,123,proportional,26214,3275,29489,2,0.9568165536374268,0.9007717756503216,0.0762050415766256,0.0514359184427031,0.051503180820473,2.0175122007929027,0.0511312082206688,0.0511947621243788,0.571044921875,0,0,False
MIDNIGHT,PCam,0.1,456,proportional,26214,3275,29489,2,0.9586404374740326,0.9017904146835138,0.0748099777349855,0.0493183285048439,0.0494318253653928,1.9819880608416285,0.0496478418011227,0.0497845547265833,0.570587158203125,0,0,False
MIDNIGHT,PCam,0.25,42,proportional,65536,8191,73727,2,0.9556589902463948,0.9053726282305554,0.0739574116548283,0.0526961512786694,0.0528969262728449,2.150561774692568,0.0503724000806324,0.0504422889534109,0.568756103515625,0,0,False
MIDNIGHT,PCam,0.25,123,proportional,65536,8191,73727,2,0.9573864151236948,0.906673035062179,0.0731805045367085,0.0519323777486994,0.052132466936728,2.0552515168326138,0.0510742358700939,0.0512299492133092,0.567779541015625,0,0,False
MIDNIGHT,PCam,0.25,456,proportional,65536,8191,73727,2,0.9571553949289558,0.9060668695696305,0.0737674668909057,0.0505130351688057,0.0507701091006117,2.206387418939778,0.0472311749798885,0.047333985099773,0.567230224609375,0,0,False
MIDNIGHT,PCam,0.5,42,proportional,131072,16383,147455,2,0.9534617875502542,0.9066830916343714,0.0738135075928469,0.0524985821041658,0.0527953355172002,2.24782253208208,0.0488869161222386,0.0490275095985992,0.566986083984375,0,0,False
MIDNIGHT,PCam,0.5,123,proportional,131072,16383,147455,2,0.9548790856788874,0.9062600645417148,0.0744495211784539,0.0524010227081062,0.0529511620598711,2.3342154463833364,0.0475741194625486,0.0478434496192071,0.566497802734375,0,0,False
MIDNIGHT,PCam,0.5,456,proportional,131072,16383,147455,2,0.9565945337456918,0.9083725631619,0.072817979831424,0.0525893831152711,0.0528588856073211,2.2551368369145868,0.0489242452713513,0.0490041850967598,0.56671142578125,0,0,False
MIDNIGHT,PCam,1.0,42,proportional,262144,32768,294912,2,0.9534379270615372,0.9061140930655364,0.0740490950636321,0.0558004007295935,0.0563320528116343,2.379907452568899,0.0508878762673128,0.0510326205661998,0.568328857421875,0,0,False
MIDNIGHT,PCam,1.0,123,proportional,262144,32768,294912,2,0.9534379270615372,0.9061140930655364,0.0740490950636321,0.0558004007295935,0.0563320528116343,2.379907452568899,0.0508878762673128,0.0510326205661998,0.568328857421875,0,0,False
MIDNIGHT,PCam,1.0,456,proportional,262144,32768,294912,2,0.9534379270615372,0.9061140930655364,0.0740490950636321,0.0558004007295935,0.0563320528116343,2.379907452568899,0.0508878762673128,0.0510326205661998,0.568328857421875,0,0,False
MIDNIGHT,SPIDER-Breast,0.01,42,proportional,682,113,795,18,0.9476432881293396,0.5747792068223535,,0.298254264261099,0.2982542642610989,0.4486830924003405,0.0331633981352594,0.0338450909407266,0.0980555093900615,0,0,False
MIDNIGHT,SPIDER-Breast,0.01,123,proportional,682,113,795,18,0.951591520806058,0.5926778547029717,,0.3164648299656529,0.3164648299656529,0.3675733017433717,0.0417465379944777,0.0405444143304808,0.1026258933023101,0,0,False
MIDNIGHT,SPIDER-Breast,0.01,456,proportional,682,113,795,18,0.9510832456936053,0.5865672168984726,,0.314237587241478,0.3142375872414781,0.3570647819453056,0.0532257534902623,0.0525506165633745,0.0952301811533987,0,0,False
MIDNIGHT,SPIDER-Breast,0.05,42,proportional,3431,600,4031,18,0.9745729561145524,0.6951342089124959,,0.1918495734334763,0.1918495734334763,0.4874577092149613,0.034661110339301,0.0356809256288805,0.1078610603290676,0,0,False
MIDNIGHT,SPIDER-Breast,0.05,123,proportional,3431,600,4031,18,0.9737033873530349,0.6955090172874319,,0.1970106704912611,0.1970106704912611,0.4941737890631098,0.0268747016786221,0.027559601346274,0.1100216054512215,0,0,False
MIDNIGHT,SPIDER-Breast,0.05,456,proportional,3431,600,4031,18,0.9731568877282162,0.6913873592146798,,0.1914549968771081,0.1913341865645788,0.4860041689622024,0.0368042734568287,0.0374355738239408,0.1112680737909257,0,0,False
MIDNIGHT,SPIDER-Breast,0.1,42,proportional,6868,1203,8071,18,0.980016708382074,0.73010634073827,,0.1502438776095634,0.1502438776095634,0.5295139712331518,0.0295877697232089,0.0299276277737778,0.1161708492604287,0,0,False
MIDNIGHT,SPIDER-Breast,0.1,123,proportional,6868,1203,8071,18,0.9790856550362208,0.7274355058818052,,0.1497621011784905,0.1497429091462212,0.5097153115470741,0.039822066332393,0.0403987805254244,0.1157553598138607,0,0,False
MIDNIGHT,SPIDER-Breast,0.1,456,proportional,6868,1203,8071,18,0.9794520983326788,0.7321151533680035,,0.1503984425360331,0.1503984425360332,0.5196096749906224,0.0358160542065093,0.0361114613485249,0.1158384577031743,0,0,False
MIDNIGHT,SPIDER-Breast,0.25,42,proportional,17176,3027,20203,18,0.984621852935473,0.7682115467249037,,0.1061114333495477,0.106069802153867,0.5484474990020735,0.0370151086562529,0.0371618820587233,0.119744058500914,0,0,False
MIDNIGHT,SPIDER-Breast,0.25,123,proportional,17176,3027,20203,18,0.98453650193429,0.768433449026285,,0.1051897763468919,0.1050184303377395,0.5435954658940336,0.0408011799876352,0.0409672298593715,0.1204919395047365,0,0,False
MIDNIGHT,SPIDER-Breast,0.25,456,proportional,17176,3027,20203,18,0.9842713457812776,0.7683337771742129,,0.1051222582143152,0.1051222582143152,0.5537926289168101,0.0370237149403287,0.037380381445966,0.1198271563902276,0,0,False
MIDNIGHT,SPIDER-Breast,0.5,42,proportional,34361,6060,40421,18,0.9872668417460412,0.7899382126086395,,0.0793208623378422,0.0793208623378422,0.569227058546568,0.039018344419576,0.0392006498799456,0.1213229183978727,0,0,False
MIDNIGHT,SPIDER-Breast,0.5,123,proportional,34361,6060,40421,18,0.9870820579052898,0.7900938264526741,,0.0735072613971266,0.0734874343701015,0.5841059841219697,0.0398738265264757,0.040027946484989,0.122320093069636,0,0,False
MIDNIGHT,SPIDER-Breast,0.5,456,proportional,34361,6060,40421,18,0.9872657936769692,0.7917671032488554,,0.0763307700197398,0.0763090240075636,0.5687253863673049,0.0416596870542642,0.0412053874703608,0.1228186804055177,0,0,False
MIDNIGHT,SPIDER-Breast,1.0,42,proportional,68730,12128,80858,18,0.989004333235496,0.8134626320897372,,0.0568350632891392,0.0568350632891391,0.6037838727093849,0.0375121508849118,0.0373276055384743,0.1234834635200265,0,0,False
MIDNIGHT,SPIDER-Breast,1.0,123,proportional,68730,12128,80858,18,0.989004333235496,0.8134626320897372,,0.0568350632891392,0.0568350632891391,0.6037838727093849,0.0375121508849118,0.0373276055384743,0.1234834635200265,0,0,False
MIDNIGHT,SPIDER-Breast,1.0,456,proportional,68730,12128,80858,18,0.989004333235496,0.8134626320897372,,0.0568350632891392,0.0568350632891391,0.6037838727093849,0.0375121508849118,0.0373276055384743,0.1234834635200265,0,0,False
PLIP,BRACS,0.01,42,proportional,33,7,40,7,0.6782269658704332,0.1931426407041312,,0.0379062928140203,0.0640910631227619,2.375161145067821,0.0782165272839208,0.0804394093002369,0.743859649122807,0,7,False
PLIP,BRACS,0.01,123,proportional,33,7,40,7,0.740245436657333,0.2212882213735092,,0.0529550743822738,0.0850212046621148,1.077991309152111,0.0605496912274264,0.0870488635060478,0.6508771929824562,0,7,False
PLIP,BRACS,0.01,456,proportional,33,7,40,7,0.7669590224196211,0.2699972235330034,,0.1171863558209127,0.1384197384551854,0.9246583743062446,0.1062914763625733,0.1319326167005136,0.6105263157894737,0,7,False
PLIP,BRACS,0.05,42,proportional,180,14,194,7,0.7978892808120891,0.3114714478420103,,0.1559684312570727,0.1871885414331293,0.4966977043663009,0.0989895086890936,0.1120316927130969,0.3245614035087719,0,0,False
PLIP,BRACS,0.05,123,proportional,180,14,194,7,0.7911151407653491,0.2859126389049953,,0.110206981378692,0.1321471037550994,0.6472536604994827,0.0753180446899425,0.0817975306706218,0.3298245614035088,0,0,False
PLIP,BRACS,0.05,456,proportional,180,14,194,7,0.8224502656461267,0.3135540725768316,,0.1569479520843599,0.1730035628934449,0.5262082885221216,0.0727536528350411,0.1031017797803803,0.3070175438596491,0,0,False
PLIP,BRACS,0.1,42,proportional,362,28,390,7,0.8279253532298672,0.3663077660167316,,0.1603025105522598,0.1562217982880095,0.526352404668151,0.0612496810153628,0.080086796665737,0.2912280701754386,0,0,False
PLIP,BRACS,0.1,123,proportional,362,28,390,7,0.8163022216422565,0.3636837581222032,,0.1330660928145206,0.1457452317078245,0.5821375844976501,0.0512904410775085,0.0731704360320142,0.2789473684210526,0,0,False
PLIP,BRACS,0.1,456,proportional,362,28,390,7,0.8275506197567146,0.3666381718470688,,0.132359776121856,0.1497692196632451,0.5050272772853387,0.068991261618492,0.0641541589829685,0.3280701754385965,0,0,False
PLIP,BRACS,0.25,42,proportional,912,75,987,7,0.842678174733009,0.4538376534232143,,0.1283394939599074,0.1388346326017861,0.673843575223094,0.0363829662141579,0.0512081768428481,0.2631578947368421,0,0,False
PLIP,BRACS,0.25,123,proportional,912,75,987,7,0.8334906525443971,0.4579599364025292,,0.1338887019536196,0.1339296417444246,0.5850118223044091,0.0262002118919298,0.0369028630667054,0.256140350877193,0,0,False
PLIP,BRACS,0.25,456,proportional,912,75,987,7,0.8322360784889582,0.4474514831606828,,0.1127513909474764,0.1156743491119338,0.5702647630896391,0.0633395016138671,0.0654752509658252,0.2859649122807017,0,0,False
PLIP,BRACS,0.5,42,proportional,1826,154,1980,7,0.8480830225376655,0.47857154926627,,0.0762162047212219,0.0839846214728695,0.7494497619762124,0.0389311145194736,0.0554509312510892,0.243859649122807,0,0,False
PLIP,BRACS,0.5,123,proportional,1826,154,1980,7,0.8468326302800956,0.4683696626772486,,0.086122303765507,0.0916540692572257,0.6998766942859015,0.0465294361007679,0.054169032737133,0.2421052631578947,0,0,False
PLIP,BRACS,0.5,456,proportional,1826,154,1980,7,0.8416856339680444,0.4773077717162203,,0.0729814206754879,0.1014852896952541,0.6521365182053968,0.0604688099846094,0.0812311598147185,0.2385964912280701,0,0,False
PLIP,BRACS,1.0,42,proportional,3657,312,3969,7,0.856587673169057,0.4978774599268564,,0.0587771940622889,0.0825212113611179,0.7837318247123395,0.0567169418416456,0.0640721139626216,0.2105263157894736,0,0,False
PLIP,BRACS,1.0,123,proportional,3657,312,3969,7,0.856587673169057,0.4978774599268564,,0.0587771940622889,0.0825212113611179,0.7837318247123395,0.0567169418416456,0.0640721139626216,0.2105263157894736,0,0,False
PLIP,BRACS,1.0,456,proportional,3657,312,3969,7,0.856587673169057,0.4978774599268564,,0.0587771940622889,0.0825212113611179,0.7837318247123395,0.0567169418416456,0.0640721139626216,0.2105263157894736,0,0,False
PLIP,CRC,0.01,42,proportional,696,144,840,9,0.9958767148604402,0.9297055483081108,,0.27745558715778,0.27745558715778,0.3051656027043754,0.0111545861560097,0.0110103740056268,0.1534666666666666,0,0,False
PLIP,CRC,0.01,123,proportional,696,144,840,9,0.9962292129495344,0.9361482342820832,,0.2948973571722984,0.2948798268184786,0.2491400723536534,0.0166999708463258,0.0168170720849893,0.1472,0,0,False
PLIP,CRC,0.01,456,proportional,696,144,840,9,0.9958965746187528,0.9322170597103836,,0.289039976917386,0.289039976917386,0.3448119407266267,0.008606152592503,0.0087614173991538,0.1491333333333333,0,0,False
PLIP,CRC,0.05,42,proportional,3495,745,4240,9,0.9976864251575664,0.9550909230125948,,0.1269976724667657,0.1269976724667656,0.4618114464664739,0.003758108943031,0.0047045869914813,0.1432666666666666,0,0,False
PLIP,CRC,0.05,123,proportional,3495,745,4240,9,0.9976470370665363,0.955113939137176,,0.1281322854086191,0.1281322854086191,0.4518264019141019,0.0040694258723822,0.0040636666647917,0.1428,0,0,False
PLIP,CRC,0.05,456,proportional,3495,745,4240,9,0.9976819556717338,0.951975626329677,,0.128203400647888,0.1282034006478879,0.5094405188897719,0.0082715865933151,0.0080292300937492,0.1431333333333333,0,0,False
PLIP,CRC,0.1,42,proportional,6996,1497,8493,9,0.9981609921950316,0.9598401136183308,,0.0875998905818765,0.0875931846607263,0.5280100443464242,0.0048647294915367,0.0025663247141972,0.1430666666666666,0,0,False
PLIP,CRC,0.1,123,proportional,6996,1497,8493,9,0.9981363802532476,0.9595504759361846,,0.0873803786446951,0.0873133684360413,0.456325174331189,0.0074803327243773,0.00662859322159,0.1416,0,0,False
PLIP,CRC,0.1,456,proportional,6996,1497,8493,9,0.9981678842476658,0.9593428070206994,,0.0890560724497879,0.088927058489446,0.5830111906566903,0.0099935178308202,0.0092171115406548,0.1422,0,0,False
PLIP,CRC,0.25,42,proportional,17496,3746,21242,9,0.99865728412423,0.9676876113666923,,0.054677626188745,0.0541455201523248,0.5836429708892803,0.0025162435103176,0.002244227602521,0.1431333333333333,0,0,False
PLIP,CRC,0.25,123,proportional,17496,3746,21242,9,0.9986271586273304,0.9673629485608916,,0.0553207183679092,0.0549648365774176,0.5460771235744891,0.004047350834381,0.0027123559271426,0.1424,0,0,False
PLIP,CRC,0.25,456,proportional,17496,3746,21242,9,0.998674720883781,0.968199976987051,,0.0562872091304936,0.0562533618571493,0.6153631883268955,0.0054774238357453,0.0059135234385261,0.1427333333333333,0,0,False
PLIP,CRC,0.5,42,proportional,34998,7496,42494,9,0.998954690011678,0.9721060814193724,,0.0386365037800133,0.0385482528984145,0.6167282285420461,0.0025728035663426,0.0018630790540447,0.1426666666666666,0,0,False
PLIP,CRC,0.5,123,proportional,34998,7496,42494,9,0.9989208030693614,0.9720568041818548,,0.0384034750406378,0.038031963508981,0.5974461213830858,0.0031643722481698,0.0019442773427305,0.1427333333333333,0,0,False
PLIP,CRC,0.5,456,proportional,34998,7496,42494,9,0.9989481387368218,0.9722987948833866,,0.0396971439990232,0.0394764559740346,0.6422393735642258,0.0040416973220095,0.0034399241721843,0.1426666666666666,0,0,False
PLIP,CRC,1.0,42,proportional,70000,15000,85000,9,0.9991666117025452,0.976428964917576,,0.0281272113259042,0.028006795745088,0.6482916748769463,0.0019242254281304,0.0014373214064187,0.1429333333333333,0,0,False
PLIP,CRC,1.0,123,proportional,70000,15000,85000,9,0.9991666117025452,0.976428964917576,,0.0281272113259042,0.028006795745088,0.6482916748769463,0.0019242254281304,0.0014373214064187,0.1429333333333333,0,0,False
PLIP,CRC,1.0,456,proportional,70000,15000,85000,9,0.9991666117025452,0.976428964917576,,0.0281272113259042,0.028006795745088,0.6482916748769463,0.0019242254281304,0.0014373214064187,0.1429333333333333,0,0,False
PLIP,LungHist700,0.01,42,proportional,7,7,14,7,0.7244925228350151,0.4252244987279519,,0.3659636050957247,0.3898087301249651,0.1330572629594645,0.2530183616613146,0.2848134512321164,0.3238095238095238,6,7,False
PLIP,LungHist700,0.01,123,proportional,7,7,14,7,0.7848062155443036,0.406537277910183,,0.2844281476187944,0.2875383037358083,0.1000052749944835,0.1666968657005733,0.1713853565830979,0.2666666666666666,6,7,False
PLIP,LungHist700,0.01,456,proportional,7,7,14,7,0.7780854276626792,0.3917540929415244,,0.2719776962610156,0.2725983371217848,0.1000052749944835,0.1489177065027813,0.1658151151321726,0.3714285714285714,6,7,False
PLIP,LungHist700,0.05,42,proportional,22,7,29,7,0.8267458914434879,0.0574466184222281,,0.2186625384468333,0.2407484315141975,0.8528852589892996,0.2355467372051591,0.2423582476942969,0.9809523809523808,0,6,False
PLIP,LungHist700,0.05,123,proportional,22,7,29,7,0.8489692456316312,0.0457142857142857,,0.2098602954564341,0.2464001526596014,0.7331204867469273,0.2069010636760157,0.2480118695439996,1.0,0,6,True
PLIP,LungHist700,0.05,456,proportional,22,7,29,7,0.8666975887097168,0.0778377466689155,,0.2118711715683237,0.2118711715683237,0.5254316885854354,0.2239229248316846,0.2311423211517332,0.961904761904762,0,6,False
PLIP,LungHist700,0.1,42,proportional,45,8,53,7,0.8659669212375893,0.261595547309833,,0.1349196246800622,0.1756634377342572,0.4372556523913466,0.1228046896547927,0.1711131961783002,0.6095238095238096,0,2,False
PLIP,LungHist700,0.1,123,proportional,45,8,53,7,0.8722063586226279,0.1912359495769633,,0.1147234165762856,0.1986153628287621,0.4236774246113548,0.1732733065944028,0.2042800051476574,0.6952380952380952,0,2,False
PLIP,LungHist700,0.1,456,proportional,45,8,53,7,0.8901052021821966,0.3226000889866435,,0.1946112014374533,0.2320594476216982,0.3119339132199787,0.1078384977627274,0.1050428342436467,0.5428571428571428,0,2,False
PLIP,LungHist700,0.25,42,proportional,118,24,142,7,0.8863909635831752,0.4036626305533869,,0.2002655768947462,0.22688720123486,0.2546786512527372,0.179094386242726,0.1743905689609809,0.4285714285714285,0,0,False
PLIP,LungHist700,0.25,123,proportional,118,24,142,7,0.8822323143551426,0.4555689398789919,,0.2312586720085378,0.2656863867583904,0.2819463109177612,0.1899365802773393,0.1598513530199535,0.4,0,0,False
PLIP,LungHist700,0.25,456,proportional,118,24,142,7,0.9196441897329148,0.4574770258980785,,0.2591030308041132,0.2633162457725215,0.2561809016259049,0.1311156022131969,0.1207070302395828,0.4095238095238095,0,0,False
PLIP,LungHist700,0.5,42,proportional,240,49,289,7,0.8951784996420306,0.48698593189398,,0.216468094984506,0.2170395536792979,0.3328740208529135,0.1517575405736226,0.1457846494164758,0.2952380952380952,0,0,False
PLIP,LungHist700,0.5,123,proportional,240,49,289,7,0.8987428679890697,0.5346429148322216,,0.2407515160889793,0.2433062616893125,0.327599049641303,0.1390168390489128,0.1519461886902497,0.2952380952380952,0,0,False
PLIP,LungHist700,0.5,456,proportional,240,49,289,7,0.9171729584072926,0.5106730730569738,,0.2408360219455102,0.2526188411471686,0.3092007532122207,0.1083196080578953,0.1250060183674806,0.2952380952380952,0,0,False
PLIP,LungHist700,1.0,42,proportional,483,103,586,7,0.9220359017533604,0.5968399763005977,,0.2244485961840375,0.2337670767481399,0.4108644184982545,0.1066343523620137,0.1435001190901686,0.238095238095238,0,0,False
PLIP,LungHist700,1.0,123,proportional,483,103,586,7,0.9220359017533604,0.5968399763005977,,0.2244485961840375,0.2337670767481399,0.4108644184982545,0.1066343523620137,0.1435001190901686,0.238095238095238,0,0,False
PLIP,LungHist700,1.0,456,proportional,483,103,586,7,0.9220359017533604,0.5968399763005977,,0.2244485961840375,0.2337670767481399,0.4108644184982545,0.1066343523620137,0.1435001190901686,0.238095238095238,0,0,False
PLIP,MHIST,0.01,42,proportional,18,3,21,2,0.7423329731676571,0.3870765370138017,0.2304073513664588,0.1271330369089613,0.1727264905114952,2.0835670324753712,0.1201906467952054,0.1716629459398466,1.0,0,0,True
PLIP,MHIST,0.01,123,proportional,18,3,21,2,0.6336214658743021,0.3870765370138017,0.2365206934716227,0.1365908156473551,0.1510967775411354,2.1212140116159333,0.1413431133390573,0.1448709613092783,1.0,0,0,True
PLIP,MHIST,0.01,456,proportional,18,3,21,2,0.7348865478119936,0.3870765370138017,0.2331970324967769,0.1746898997008341,0.1864069489264871,2.8122094135932336,0.1558327013699584,0.17024364569679,1.0,0,0,True
PLIP,MHIST,0.05,42,proportional,92,16,108,2,0.7786376733297318,0.3870765370138017,0.2177090996175687,0.1490272027155929,0.1706957184447001,1.7371204635020658,0.1756054215450957,0.1800599202026723,1.0,0,0,True
PLIP,MHIST,0.05,123,proportional,92,16,108,2,0.7451692778678193,0.3870765370138017,0.2158978594153803,0.1436650997921061,0.1793561444006296,1.85460924163642,0.1664272835142865,0.1819579905457785,1.0,0,0,True
PLIP,MHIST,0.05,456,proportional,92,16,108,2,0.7459031154330994,0.3870765370138017,0.220258526040276,0.141888632362242,0.1652638338437412,1.799507012608595,0.1732284507536351,0.1711170931007394,1.0,0,0,True
PLIP,MHIST,0.1,42,proportional,184,32,216,2,0.7839726274086081,0.3870765370138017,0.204854433025275,0.1457203915187255,0.1475714050898842,1.509943329922912,0.158997820787675,0.1615454091908336,1.0,0,0,True
PLIP,MHIST,0.1,123,proportional,184,32,216,2,0.7720691518098325,0.3870765370138017,0.2073565082543658,0.1316032676799323,0.1564775885793768,1.9344788564336943,0.1433289149514119,0.1564155374304194,1.0,0,0,True
PLIP,MHIST,0.1,456,proportional,184,32,216,2,0.7820547451827841,0.3900896060152363,0.2065451163912339,0.1383069514620865,0.1372884439198456,1.6322393905257773,0.1371336050240947,0.134695133565641,0.9989764585465712,0,0,True
PLIP,MHIST,0.25,42,proportional,461,81,542,2,0.7998964523680893,0.4826655759328311,0.1891564737773346,0.1229930635086263,0.1260656876043314,1.4388980793170822,0.1290106777497063,0.1270882039366903,0.9508700102354144,0,0,False
PLIP,MHIST,0.25,123,proportional,461,81,542,2,0.7929362506753107,0.514375408763898,0.1897245967314628,0.1270371453391817,0.1279715901876442,1.2885090050942636,0.1259613869127069,0.1269312945001689,0.933469805527124,0,0,False
PLIP,MHIST,0.25,456,proportional,461,81,542,2,0.7890149468755627,0.4775761818891277,0.1932742453453703,0.1123159735409016,0.1227712639471215,1.5629598674870322,0.1174583390671222,0.1235105462258645,0.9580348004094166,0,0,False
PLIP,MHIST,0.5,42,proportional,924,163,1087,2,0.7989150009004142,0.5711483063825222,0.1834807046214174,0.1033194507343393,0.1016925300121113,1.3492239627368212,0.1119777492496293,0.1054128691368194,0.8761514841351075,0,0,False
PLIP,MHIST,0.5,123,proportional,924,163,1087,2,0.8067531064289574,0.5968363136176067,0.1802634686322063,0.1005675266134538,0.1009814162183684,1.3908819957594731,0.0997099713697087,0.1014522270410417,0.8567041965199591,0,0,False
PLIP,MHIST,0.5,456,proportional,924,163,1087,2,0.8132721051683774,0.5797728967138843,0.1811943066152105,0.1120278897396886,0.1135744880365231,1.5424061448022268,0.1115186360324429,0.1080151316680602,0.887410440122825,0,0,False
PLIP,MHIST,1.0,42,proportional,1849,326,2175,2,0.8291644156311905,0.6424857241455648,0.17074570556405,0.0910379819949247,0.0940659911951157,1.4400670641557114,0.0852055428518133,0.0848050460379954,0.8106448311156602,0,0,False
PLIP,MHIST,1.0,123,proportional,1849,326,2175,2,0.8291644156311905,0.6424857241455648,0.17074570556405,0.0910379819949247,0.0940659911951157,1.4400670641557114,0.0852055428518133,0.0848050460379954,0.8106448311156602,0,0,False
PLIP,MHIST,1.0,456,proportional,1849,326,2175,2,0.8291644156311905,0.6424857241455648,0.17074570556405,0.0910379819949247,0.0940659911951157,1.4400670641557114,0.0852055428518133,0.0848050460379954,0.8106448311156602,0,0,False
PLIP,PCam,0.01,42,proportional,2620,326,2946,2,0.9414989319944668,0.864672990668552,0.1020501940959698,0.0691260684819989,0.0693427452402509,1.266585934887516,0.0309457933893644,0.0309457933893644,0.53466796875,0,0,False
PLIP,PCam,0.01,123,proportional,2620,326,2946,2,0.9417690006892422,0.8617470191296394,0.102218428853057,0.0716153225945818,0.0709690970387811,1.3666518050987764,0.0339878877895517,0.0343263373052377,0.53985595703125,0,0,False
PLIP,PCam,0.01,456,proportional,2620,326,2946,2,0.9435367406655112,0.8682076486140926,0.1013453782947531,0.0762543227803663,0.076507400844143,1.3370380341715324,0.0324211725751547,0.0328002571134752,0.53570556640625,0,0,False
PLIP,PCam,0.05,42,proportional,13106,1637,14743,2,0.950933276100943,0.8750109977882965,0.0910255341600763,0.0504363169665192,0.0501202418015718,1.6339850220727916,0.0380934628164372,0.03868884169435,0.54571533203125,0,0,False
PLIP,PCam,0.05,123,proportional,13106,1637,14743,2,0.9498641697441949,0.8726748674524607,0.0922461508775241,0.0493789914988833,0.0497395374477136,1.6615172088983536,0.0428837810308877,0.0429228137424884,0.55157470703125,0,0,False
PLIP,PCam,0.05,456,proportional,13106,1637,14743,2,0.950658629023555,0.8757814487816125,0.0909892532877104,0.0482904287664209,0.0475643428524315,1.6470574019850748,0.037306904454609,0.0375691284531928,0.545196533203125,0,0,False
PLIP,PCam,0.1,42,proportional,26214,3275,29489,2,0.9514249772571916,0.8759573254126898,0.0901036103231011,0.0443881824885751,0.0450792991594583,1.7762903081328163,0.0416673639561787,0.0416673639561787,0.5484619140625,0,0,False
PLIP,PCam,0.1,123,proportional,26214,3275,29489,2,0.951547494626892,0.8743599984844289,0.090794011505295,0.0481152278662834,0.0484238122267597,1.7770753820915792,0.0454779760020726,0.0459874571018628,0.5537109375,0,0,False
PLIP,PCam,0.1,456,proportional,26214,3275,29489,2,0.9515455090468002,0.8763833732705101,0.0897577619560188,0.0435474514502736,0.0437774513788223,1.8359336664092771,0.0402164008846364,0.0408292301749714,0.54864501953125,0,0,False
PLIP,PCam,0.25,42,proportional,65536,8191,73727,2,0.9533684392089156,0.8777202346763919,0.0889021135612561,0.0454298243522476,0.0465124035913563,1.9519151257128096,0.0458542227191811,0.0464666956270022,0.55419921875,0,0,False
PLIP,PCam,0.25,123,proportional,65536,8191,73727,2,0.952146968451148,0.875147907156274,0.0899508803419507,0.0464363840062458,0.0468374503011686,1.946922714920005,0.0469119717272673,0.0469119717272673,0.556488037109375,0,0,False
PLIP,PCam,0.25,456,proportional,65536,8191,73727,2,0.953367019873053,0.8779634724707532,0.0887044354682978,0.0447335650453426,0.0456663216821694,1.9707271024071389,0.0449879031624757,0.0455709125729109,0.5543212890625,0,0,False
PLIP,PCam,0.5,42,proportional,131072,16383,147455,2,0.9524826171683084,0.8743261303985292,0.0903682390169982,0.0502873916009395,0.0502873916009395,2.095142234758629,0.0494521787929227,0.0494521787929227,0.560302734375,0,0,False
PLIP,PCam,0.5,123,proportional,131072,16383,147455,2,0.9537678276547178,0.8771319200718868,0.0891899323931749,0.0499589143574265,0.0499589143574265,2.0646163354486533,0.0493971545789553,0.0494473461119253,0.559051513671875,0,0,False
PLIP,PCam,0.5,456,proportional,131072,16383,147455,2,0.953065140918612,0.8770038700440314,0.0893233706677449,0.0485258533192932,0.0485258533192931,2.0874717818068174,0.0477848921019739,0.0477848921019738,0.55731201171875,0,0,False
PLIP,PCam,1.0,42,proportional,262144,32768,294912,2,0.9523657175374036,0.8718892364510866,0.0918246914258517,0.057402093811539,0.0574020938115391,2.141662968994923,0.0560417420567183,0.0560417420567182,0.568695068359375,0,0,False
PLIP,PCam,1.0,123,proportional,262144,32768,294912,2,0.9523657175374036,0.8718892364510866,0.0918246914258517,0.057402093811539,0.0574020938115391,2.141662968994923,0.0560417420567183,0.0560417420567182,0.568695068359375,0,0,False
PLIP,PCam,1.0,456,proportional,262144,32768,294912,2,0.9523657175374036,0.8718892364510866,0.0918246914258517,0.057402093811539,0.0574020938115391,2.141662968994923,0.0560417420567183,0.0560417420567182,0.568695068359375,0,0,False
PLIP,SPIDER-Breast,0.01,42,proportional,682,113,795,18,0.9444725003384706,0.5113091620096362,,0.3551089242305186,0.3551089242305186,0.3058254451815418,0.028734200022723,0.0291721201308286,0.1013794249626059,0,0,False
PLIP,SPIDER-Breast,0.01,123,proportional,682,113,795,18,0.94152439243216,0.5235964661605851,,0.3690194723402283,0.3690194723402282,0.3183454973244409,0.0174132320152129,0.0189447198360823,0.1025427954129965,0,0,False
PLIP,SPIDER-Breast,0.01,456,proportional,682,113,795,18,0.9481486472947168,0.5297010297071829,,0.3683967626123779,0.3683967626123781,0.2739851985155771,0.0485412983539468,0.0486052064441695,0.1120159547947482,0,0,False
PLIP,SPIDER-Breast,0.05,42,proportional,3431,600,4031,18,0.9654840754146926,0.6484932898542506,,0.2589505730179793,0.2589505730179792,0.4313102530240937,0.0282770482856074,0.0281544387768736,0.1115173674588665,0,0,False
PLIP,SPIDER-Breast,0.05,123,proportional,3431,600,4031,18,0.9651691748601612,0.6332290205160638,,0.248621405801732,0.2486214058017321,0.4665680389773252,0.022312899586675,0.0211776063965018,0.1165032408176832,0,0,False
PLIP,SPIDER-Breast,0.05,456,proportional,3431,600,4031,18,0.9645398234798476,0.639654042816518,,0.2482701452606042,0.2482701452606043,0.4230632769417219,0.0418245695809355,0.0412350484692205,0.1132624231344523,0,0,False
PLIP,SPIDER-Breast,0.1,42,proportional,6868,1203,8071,18,0.9716638474061032,0.6850198471631965,,0.2098151681159995,0.2098151681159995,0.4882109645946911,0.0228284538511631,0.0221295853204397,0.1153398703672926,0,0,False
PLIP,SPIDER-Breast,0.1,123,proportional,6868,1203,8071,18,0.9710484831231394,0.6739049574844885,,0.1976725547399054,0.1976725547399053,0.4998388751658587,0.026062115786977,0.0260318404658041,0.1201595479474821,0,0,False
PLIP,SPIDER-Breast,0.1,456,proportional,6868,1203,8071,18,0.9708947911649416,0.681141293404269,,0.2026844798016517,0.2026414155333564,0.4938620100325377,0.0241489821202987,0.0242318253774374,0.1170018281535649,0,0,False
PLIP,SPIDER-Breast,0.25,42,proportional,17176,3027,20203,18,0.9761467009531016,0.7108789281182681,,0.1436017465223663,0.1436017465223663,0.5447680217914078,0.0315598062465267,0.0316250755705157,0.1196609606116004,0,0,False
PLIP,SPIDER-Breast,0.25,123,proportional,17176,3027,20203,18,0.976441458055917,0.7094160886402314,,0.141873434869433,0.141873434869433,0.561621734911008,0.0274266735135157,0.0273330934178575,0.1198271563902276,0,0,False
PLIP,SPIDER-Breast,0.25,456,proportional,17176,3027,20203,18,0.9761934849950452,0.7081394720905779,,0.1411643580497137,0.1411432808487382,0.5586131605761357,0.0284788030940824,0.0286692086120187,0.1194116669436596,0,0,False
PLIP,SPIDER-Breast,0.5,42,proportional,34361,6060,40421,18,0.9788493387561964,0.720052506569983,,0.0999931889945063,0.0999931889945063,0.6079146301517969,0.0338858841503088,0.0339088497840123,0.119744058500914,0,0,False
PLIP,SPIDER-Breast,0.5,123,proportional,34361,6060,40421,18,0.97928881854313,0.7264514045326969,,0.1069577217588974,0.1068693771719917,0.607404418999153,0.0290239391008767,0.0281109518053567,0.1201595479474821,0,0,False
PLIP,SPIDER-Breast,0.5,456,proportional,34361,6060,40421,18,0.9790528612539564,0.7235333595075821,,0.1033356343146316,0.1033356343146316,0.5903313264408996,0.0365024050708851,0.036431610671551,0.120824331061991,0,0,False
PLIP,SPIDER-Breast,1.0,42,proportional,68730,12128,80858,18,0.9816586089275982,0.7375199746291697,,0.0750833583357228,0.0749549977250455,0.636504332574386,0.0360233013481725,0.0360321228045939,0.1216553099551271,0,0,False
PLIP,SPIDER-Breast,1.0,123,proportional,68730,12128,80858,18,0.9816586089275982,0.7375199746291697,,0.0750833583357228,0.0749549977250455,0.636504332574386,0.0360233013481725,0.0360321228045939,0.1216553099551271,0,0,False
PLIP,SPIDER-Breast,1.0,456,proportional,68730,12128,80858,18,0.9816586089275982,0.7375199746291697,,0.0750833583357228,0.0749549977250455,0.636504332574386,0.0360233013481725,0.0360321228045939,0.1216553099551271,0,0,False
UNI,BRACS,0.01,42,proportional,33,7,40,7,0.7616340370155833,0.2908235608064862,,0.1367336341061829,0.1448363095680483,0.7903885251300604,0.1079308073446114,0.1160619615027109,0.475438596491228,0,7,False
UNI,BRACS,0.01,123,proportional,33,7,40,7,0.798193718721001,0.2311481232335179,,0.073104100837319,0.0774445333366052,1.463109059179541,0.1138402305614404,0.1170998124765574,0.4333333333333333,0,7,False
UNI,BRACS,0.01,456,proportional,33,7,40,7,0.7973917342099677,0.298250655957761,,0.119007219489133,0.1277815458632016,1.1217862719685625,0.1343054401101625,0.1347613456581375,0.4701754385964912,0,7,False
UNI,BRACS,0.05,42,proportional,180,14,194,7,0.8467684605019842,0.3981764809602642,,0.1069608867494479,0.1279649674451995,0.5589868067238687,0.0736550972969892,0.0798646368661007,0.2807017543859649,0,0,False
UNI,BRACS,0.05,123,proportional,180,14,194,7,0.8509568894097098,0.4647841142259024,,0.1446087057359197,0.1446087057359198,0.6781131747414513,0.0456104148134332,0.0517206583121538,0.2473684210526315,0,0,False
UNI,BRACS,0.05,456,proportional,180,14,194,7,0.8644363842745137,0.4499010428518847,,0.1486400924377869,0.1486400924377869,0.5490715617376416,0.0598285312236021,0.0807032657693588,0.2736842105263158,0,0,False
UNI,BRACS,0.1,42,proportional,362,28,390,7,0.8621632858019276,0.5304707690464352,,0.1499082805496191,0.1524937636879611,0.5357187849397669,0.0725642423495644,0.0739402145888187,0.2245614035087719,0,0,False
UNI,BRACS,0.1,123,proportional,362,28,390,7,0.867760997100987,0.5434990633163738,,0.1488194938314955,0.1488194938314955,0.7134524965958458,0.0508768505116254,0.0578144412563114,0.2508771929824561,0,0,False
UNI,BRACS,0.1,456,proportional,362,28,390,7,0.8741864281316155,0.4972872253009215,,0.1260717065794286,0.1376001939491244,0.559546606253633,0.0580924041783226,0.0783848146356497,0.2596491228070175,0,0,False
UNI,BRACS,0.25,42,proportional,912,75,987,7,0.8805822739197661,0.5652032194600501,,0.0887320120028878,0.0995295154343441,0.7357956326066029,0.0394658996031154,0.0554911885556092,0.2052631578947368,0,0,False
UNI,BRACS,0.25,123,proportional,912,75,987,7,0.8891427801854588,0.554643198458187,,0.0981619036487615,0.1006899286020731,0.6890335491474621,0.0661322282482629,0.0900693476988392,0.2245614035087719,0,0,False
UNI,BRACS,0.25,456,proportional,912,75,987,7,0.8848335943313625,0.5703106644277653,,0.1042692867882898,0.1037488974260883,0.6718345930665847,0.0626234292557478,0.0701271664973352,0.219298245614035,0,0,False
UNI,BRACS,0.5,42,proportional,1826,154,1980,7,0.8918930092799499,0.5879238525540881,,0.057876781638356,0.0625697522786378,0.7619938042580321,0.0581421501749089,0.0639615762728623,0.1842105263157894,0,0,False
UNI,BRACS,0.5,123,proportional,1826,154,1980,7,0.8980345873560882,0.5850277987410403,,0.0641218765025454,0.0708448363538924,0.72094054425058,0.0588113928614045,0.0579355897957074,0.2,0,0,False
UNI,BRACS,0.5,456,proportional,1826,154,1980,7,0.8955591372312872,0.5800883550111766,,0.0544676937278721,0.0686166736557266,0.7299019289959489,0.064421431455319,0.0669162946641858,0.2070175438596491,0,0,False
UNI,BRACS,1.0,42,proportional,3657,312,3969,7,0.9012589709524764,0.5961587890370639,,0.0488810091180108,0.0974173280452442,0.8120119086391238,0.081177292285616,0.0856516940516671,0.1859649122807017,0,0,False
UNI,BRACS,1.0,123,proportional,3657,312,3969,7,0.9012589709524764,0.5961587890370639,,0.0488810091180108,0.0974173280452442,0.8120119086391238,0.081177292285616,0.0856516940516671,0.1859649122807017,0,0,False
UNI,BRACS,1.0,456,proportional,3657,312,3969,7,0.9012589709524764,0.5961587890370639,,0.0488810091180108,0.0974173280452442,0.8120119086391238,0.081177292285616,0.0856516940516671,0.1859649122807017,0,0,False
UNI,CRC,0.01,42,proportional,696,144,840,9,0.9993864513833208,0.9844282982254644,,0.2161282951803063,0.2161282951803063,0.396987622202494,0.0070224909461555,0.0076111504580995,0.1447333333333333,0,0,False
UNI,CRC,0.01,123,proportional,696,144,840,9,0.9995794231152996,0.9879094219544255,,0.2254445121704305,0.2254445121704305,0.1000041116474221,0.0091571788031688,0.0087520703051656,0.1426,0,0,False
UNI,CRC,0.01,456,proportional,696,144,840,9,0.9993768779504184,0.9844389217013192,,0.220892310535497,0.2208923105354971,0.3123623607811503,0.0042718358228983,0.002391375887374,0.1429333333333333,0,0,False
UNI,CRC,0.05,42,proportional,3495,745,4240,9,0.9995425683483928,0.9906217483339248,,0.0747227124096089,0.0747227124096089,0.4971921156611898,0.0024997067540674,0.0026561528510701,0.1423333333333333,0,0,False
UNI,CRC,0.05,123,proportional,3495,745,4240,9,0.9996379053640874,0.990502479791878,,0.0758379357215966,0.0758379357215966,0.4500124019853032,0.0030031280059837,0.0020771434885342,0.1418,0,0,False
UNI,CRC,0.05,456,proportional,3495,745,4240,9,0.9996474310471702,0.9909971758621172,,0.0774978645239602,0.0774978645239603,0.4111565747050267,0.0036493769748758,0.0022250281178886,0.1422666666666666,0,0,False
UNI,CRC,0.1,42,proportional,6996,1497,8493,9,0.9996325775034144,0.9913321797288146,,0.04618283705312,0.04618283705312,0.544594476079071,0.0017005521638099,0.0013416693749521,0.1416,0,0,False
UNI,CRC,0.1,123,proportional,6996,1497,8493,9,0.999699408290196,0.99199503335952,,0.0472103874813738,0.0472103874813739,0.4846366372872019,0.0030523482725033,0.0015012854262468,0.1418666666666666,0,0,False
UNI,CRC,0.1,456,proportional,6996,1497,8493,9,0.999677035271239,0.9914709994921728,,0.0470816547520245,0.0468866513222687,0.5595827651367793,0.0017648276780874,0.00238372734597,0.1421333333333333,0,0,False
UNI,CRC,0.25,42,proportional,17496,3746,21242,9,0.9997786037222698,0.9924152214339376,,0.0246053161622287,0.0246053161622287,0.5743608363959888,0.0019522544254833,0.0013253040509164,0.1416666666666666,0,0,False
UNI,CRC,0.25,123,proportional,17496,3746,21242,9,0.9997931940737164,0.9933299853787976,,0.0246531718214047,0.0245675459357787,0.5722594249368208,0.001848433627616,0.0007092093937142,0.1418,0,0,False
UNI,CRC,0.25,456,proportional,17496,3746,21242,9,0.9998607542551794,0.9932292492090824,,0.0257121667752503,0.0256772937445256,0.5817592988001359,0.0013901262160667,0.0005591610120571,0.142,0,0,False
UNI,CRC,0.5,42,proportional,34998,7496,42494,9,0.9999200303704976,0.9939811659858564,,0.0160796694374214,0.0156243097865069,0.6277949407329863,0.0008308090986815,0.0007660485242568,0.1418666666666666,0,0,False
UNI,CRC,0.5,123,proportional,34998,7496,42494,9,0.9998543881739848,0.994216687980774,,0.0154576370373812,0.0154576370373813,0.6059512927413465,0.0017266360152357,0.000888273464393,0.1420666666666666,0,0,False
UNI,CRC,0.5,456,proportional,34998,7496,42494,9,0.9999019626084542,0.994220343524888,,0.015852231569022,0.0158512505639242,0.6413737481150262,0.0009752910922293,0.0006785819242461,0.1420666666666666,0,0,False
UNI,CRC,1.0,42,proportional,70000,15000,85000,9,0.9999219330690908,0.9948402491051612,,0.010392303586176,0.0099608754824488,0.6578746139383751,0.0008462966558543,0.0006262010122733,0.142,0,0,False
UNI,CRC,1.0,123,proportional,70000,15000,85000,9,0.9999219330690908,0.9948402491051612,,0.010392303586176,0.0099608754824488,0.6578746139383751,0.0008462966558543,0.0006262010122733,0.142,0,0,False
UNI,CRC,1.0,456,proportional,70000,15000,85000,9,0.9999219330690908,0.9948402491051612,,0.010392303586176,0.0099608754824488,0.6578746139383751,0.0008462966558543,0.0006262010122733,0.142,0,0,False
UNI,LungHist700,0.01,42,proportional,7,7,14,7,0.6680259617412434,0.3199271627843056,,0.2129036097808011,0.2424786478348934,0.3119193511566952,0.1452094361360951,0.1905624868953908,0.2761904761904762,6,7,False
UNI,LungHist700,0.01,123,proportional,7,7,14,7,0.7002336335149476,0.3106250558134538,,0.181161012771721,0.2113343709963591,0.1000052749944835,0.0727815191932618,0.162637053288369,0.219047619047619,6,7,False
UNI,LungHist700,0.01,456,proportional,7,7,14,7,0.6688052536677555,0.3915721025228665,,0.2441709110956362,0.2530752157294466,0.1000052749944835,0.0799313126284962,0.1287685644914445,0.2666666666666666,6,7,False
UNI,LungHist700,0.05,42,proportional,22,7,29,7,0.7631658263843945,0.1631551405987496,,0.0779557425065535,0.1551866234736709,1.636014115216594,0.0663158542517893,0.1661301779739039,0.8952380952380953,0,6,False
UNI,LungHist700,0.05,123,proportional,22,7,29,7,0.8101947013240147,0.204836022866536,,0.1638484801367132,0.1873411920094655,0.6051166079007206,0.1773070939302896,0.1843000742511246,0.7904761904761904,0,6,False
UNI,LungHist700,0.05,456,proportional,22,7,29,7,0.8599099310484446,0.1275856054181177,,0.1659399666380599,0.1780829147296442,0.3690038036891451,0.2183979032986722,0.2186284163226476,0.923809523809524,0,6,False
UNI,LungHist700,0.1,42,proportional,45,8,53,7,0.8497558516949673,0.3221169634962738,,0.1431486705630349,0.1833062261446197,0.4335624010903007,0.0806619361164789,0.1694089668133563,0.638095238095238,0,2,False
UNI,LungHist700,0.1,123,proportional,45,8,53,7,0.8670866520038755,0.3502531024710983,,0.1727495855297332,0.2168924389371947,0.4144338474517582,0.1302363316871941,0.1359680180519182,0.5619047619047619,0,2,False
UNI,LungHist700,0.1,456,proportional,45,8,53,7,0.8880506457967015,0.3713026923783974,,0.202680700265715,0.2246126376248881,0.2841885064678402,0.1523591911101732,0.1582507005391326,0.4761904761904761,0,2,False
UNI,LungHist700,0.25,42,proportional,118,24,142,7,0.9100480885634414,0.5286520403774869,,0.2778714368224667,0.3071596409244024,0.3363610811061615,0.184127340571753,0.1486803872141738,0.4,0,0,False
UNI,LungHist700,0.25,123,proportional,118,24,142,7,0.9288750309438883,0.5458589969563142,,0.2855380797193932,0.3115209700319434,0.2486193856923605,0.1625031588267835,0.155030042596356,0.3619047619047619,0,0,False
UNI,LungHist700,0.25,456,proportional,118,24,142,7,0.9412733275504128,0.534679398946845,,0.2889488420030295,0.2994121682404878,0.2205051191806685,0.1212979597085624,0.1521479728644525,0.2952380952380952,0,0,False
UNI,LungHist700,0.5,42,proportional,240,49,289,7,0.9381056738060222,0.5760470118750823,,0.2532683633332349,0.2532683633332349,0.3711785467756557,0.1048031270029284,0.1123983446433787,0.2952380952380952,0,0,False
UNI,LungHist700,0.5,123,proportional,240,49,289,7,0.943984578124112,0.6851102033830445,,0.3460075374219503,0.3425234745788248,0.3133675088861858,0.1277469669292493,0.1777197327763635,0.2952380952380952,0,0,False
UNI,LungHist700,0.5,456,proportional,240,49,289,7,0.9521234381850098,0.6704481733604261,,0.3331324056603683,0.3275414998158282,0.3441166876000912,0.1079506921731779,0.1189504922555919,0.2666666666666666,0,0,False
UNI,LungHist700,1.0,42,proportional,483,103,586,7,0.9634073153799294,0.7534841628959276,,0.3125866344121605,0.3125866344121605,0.4224742227733707,0.1217773263765562,0.0992538897318252,0.238095238095238,0,0,False
UNI,LungHist700,1.0,123,proportional,483,103,586,7,0.9634073153799294,0.7534841628959276,,0.3125866344121605,0.3125866344121605,0.4224742227733707,0.1217773263765562,0.0992538897318252,0.238095238095238,0,0,False
UNI,LungHist700,1.0,456,proportional,483,103,586,7,0.9634073153799294,0.7534841628959276,,0.3125866344121605,0.3125866344121605,0.4224742227733707,0.1217773263765562,0.0992538897318252,0.238095238095238,0,0,False
UNI,MHIST,0.01,42,proportional,18,3,21,2,0.7426706284891049,0.3870765370138017,0.228135342657691,0.1336142312789968,0.1857785882962342,2.1328138720238203,0.0974044907618753,0.1828545805605748,1.0,0,0,True
UNI,MHIST,0.01,123,proportional,18,3,21,2,0.6134206735098146,0.3870765370138017,0.2366940116913881,0.0897128999181361,0.1092221520170906,2.1649783090205643,0.0887313380858551,0.1007251467260364,1.0,0,0,True
UNI,MHIST,0.01,456,proportional,18,3,21,2,0.722262740860796,0.3870765370138017,0.2303714586002772,0.138656602507147,0.1464033632575563,2.242594708178925,0.1122122662483256,0.1391003006253917,1.0,0,0,True
UNI,MHIST,0.05,42,proportional,92,16,108,2,0.8069286871961102,0.3870765370138017,0.2046521748829338,0.1655875441092864,0.1686829636590671,1.714893499591405,0.1683446783194401,0.1697995581650074,1.0,0,0,True
UNI,MHIST,0.05,123,proportional,92,16,108,2,0.7631010264721771,0.3870765370138017,0.2079350681495047,0.1350698346757744,0.1416635255331678,1.5006209448610943,0.1522116779588828,0.1542630115240323,1.0,0,0,True
UNI,MHIST,0.05,456,proportional,92,16,108,2,0.7436115613182064,0.3870765370138017,0.2173600974236094,0.114372215272157,0.1201711418470604,1.993656582218518,0.1113941277798247,0.1202260759609856,1.0,0,0,True
UNI,MHIST,0.1,42,proportional,184,32,216,2,0.8117639113992436,0.5224156848501358,0.1893167777830227,0.1462236425002273,0.1442343160173651,1.6536402359161702,0.138447201205806,0.1445188798189458,0.9232343909928352,0,0,False
UNI,MHIST,0.1,123,proportional,184,32,216,2,0.8194084278768233,0.395663141889557,0.194982431673288,0.143925050317492,0.1574439288720427,1.6663035757386708,0.1549753518093385,0.1575832051068957,0.9959058341862844,0,0,True
UNI,MHIST,0.1,456,proportional,184,32,216,2,0.8279128399063569,0.4136646918519658,0.194110745041135,0.1370367938983849,0.1488679683253769,1.4457313968348138,0.1416274388786725,0.1485162672520043,0.9907881269191402,0,0,True
UNI,MHIST,0.25,42,proportional,461,81,542,2,0.8464208535926527,0.6487686134049679,0.169988395194529,0.108525330153234,0.1172778551444952,1.1795827995172086,0.1070892035021719,0.1085806468373656,0.827021494370522,0,0,False
UNI,MHIST,0.25,123,proportional,461,81,542,2,0.8456915180983253,0.6660138859444562,0.170711024071411,0.1121703814218876,0.1158676374807869,1.2398625578933615,0.1050030624979426,0.1044368432213461,0.8259979529170931,0,0,False
UNI,MHIST,0.25,456,proportional,461,81,542,2,0.8228435080136863,0.6620282691885766,0.1770210136416577,0.0890232580744713,0.0932392727654216,1.4518349421572667,0.0952219998850955,0.1055212365553362,0.8393039918116684,0,0,False
UNI,MHIST,0.5,42,proportional,924,163,1087,2,0.8728209976589231,0.7227846799484061,0.156243955520078,0.1129548178192133,0.1106010264476045,1.19512295511878,0.0846353072116342,0.0859368968816483,0.7615148413510747,0,0,False
UNI,MHIST,0.5,123,proportional,924,163,1087,2,0.8695930127858814,0.7378370265087699,0.1547711077322123,0.0961970177382817,0.1004158320184555,1.308960097820469,0.0748261349246748,0.0819222118223841,0.7492323439099283,0,0,False
UNI,MHIST,0.5,456,proportional,924,163,1087,2,0.8660813974428239,0.716454007596664,0.1588820493512478,0.0984129367936597,0.1007291856603905,1.4749017146385348,0.0959329134873226,0.0930067601900615,0.789150460593654,0,0,False
UNI,MHIST,1.0,42,proportional,1849,326,2175,2,0.8856428957320367,0.7731453110936632,0.1421376406020441,0.0802746194612495,0.0825707230517809,1.3695925677572136,0.0613432249894772,0.0624570101712796,0.721596724667349,0,0,False
UNI,MHIST,1.0,123,proportional,1849,326,2175,2,0.8856428957320367,0.7731453110936632,0.1421376406020441,0.0802746194612495,0.0825707230517809,1.3695925677572136,0.0613432249894772,0.0624570101712796,0.721596724667349,0,0,False
UNI,MHIST,1.0,456,proportional,1849,326,2175,2,0.8856428957320367,0.7731453110936632,0.1421376406020441,0.0802746194612495,0.0825707230517809,1.3695925677572136,0.0613432249894772,0.0624570101712796,0.721596724667349,0,0,False
UNI,PCam,0.01,42,proportional,2620,326,2946,2,0.9832883185935304,0.9370870886044133,0.0527664728260832,0.0726837788007711,0.0717348990413186,1.3518228874733451,0.0343769555604495,0.0370485242251149,0.541168212890625,0,0,False
UNI,PCam,0.01,123,proportional,2620,326,2946,2,0.9817349504866176,0.934461104116635,0.0557091662517423,0.0741467605663684,0.0729427382782723,1.7719612066324035,0.0574612937178088,0.0578418612116543,0.54595947265625,0,0,False
UNI,PCam,0.01,456,proportional,2620,326,2946,2,0.9816070314449988,0.935084244996196,0.0553733316823856,0.0709839889693083,0.0704949369075555,1.4349893667708824,0.0392203687721804,0.0416970237839703,0.54400634765625,0,0,False
UNI,PCam,0.05,42,proportional,13106,1637,14743,2,0.9826982995577778,0.9371777768987324,0.0492307243945009,0.0402764722740464,0.0420912999596184,1.880113328202248,0.0412446598648395,0.0421286344658107,0.546844482421875,0,0,False
UNI,PCam,0.05,123,proportional,13106,1637,14743,2,0.984546196620031,0.9403752558431504,0.047203017933429,0.0417123862841958,0.0427739074705729,2.007702058983212,0.0418812126537357,0.0429002808920696,0.543792724609375,0,0,False
UNI,PCam,0.05,456,proportional,13106,1637,14743,2,0.9835091240404064,0.9389657484268272,0.0477395028315008,0.0385562894276188,0.0393749926208812,1.79564544884523,0.0373871683639809,0.0379652092916397,0.544342041015625,0,0,False
UNI,PCam,0.1,42,proportional,26214,3275,29489,2,0.9820703645104464,0.937511867035449,0.0494062443013271,0.0420339406267456,0.0420528304264366,2.1053469904526327,0.0411908137531476,0.0416834794952732,0.5472412109375,0,0,False
UNI,PCam,0.1,123,proportional,26214,3275,29489,2,0.9832012287410355,0.9399161183769572,0.0470097062287038,0.0359969842008028,0.0361213606038817,2.163444682382186,0.0355795387393922,0.0363666379833006,0.54388427734375,0,0,False
UNI,PCam,0.1,456,proportional,26214,3275,29489,2,0.9839599811063672,0.94019211677214,0.0469762867551022,0.0377184438535406,0.0386987005951757,2.048150475686293,0.0373123847296414,0.0388920145327434,0.543731689453125,0,0,False
UNI,PCam,0.25,42,proportional,65536,8191,73727,2,0.9816193137293548,0.938471756511227,0.049095015755449,0.0413700765462341,0.0414829214003624,2.372399320127424,0.0386160971636397,0.0388476206274329,0.545196533203125,0,0,False
UNI,PCam,0.25,123,proportional,65536,8191,73727,2,0.9820080366670856,0.9392123541793388,0.0482538248330446,0.038645757944313,0.0388069249294869,2.2428807893272165,0.0366979578862336,0.0367855543608266,0.543975830078125,0,0,False
UNI,PCam,0.25,456,proportional,65536,8191,73727,2,0.9826448379069458,0.9400387497120996,0.0476073947559646,0.0389085696544759,0.0390019543597745,2.3504782557831048,0.0361858557089038,0.0368160648046309,0.5438232421875,0,0,False
UNI,PCam,0.5,42,proportional,131072,16383,147455,2,0.9820470106613022,0.9400112220979304,0.0484645411706923,0.0393942780512247,0.0399692877501544,2.548741045657005,0.0354828412554773,0.0359764819103402,0.543243408203125,0,0,False
UNI,PCam,0.5,123,proportional,131072,16383,147455,2,0.9829678243600704,0.9400745912407018,0.0477405715412744,0.0386491814771486,0.0391579826005866,2.4957885227876915,0.0348642968497553,0.0361575247524034,0.542816162109375,0,0,False
UNI,PCam,0.5,456,proportional,131072,16383,147455,2,0.9824461904908096,0.9399177330488688,0.0482618160062135,0.039574484326416,0.0398348886425581,2.4151082773075263,0.0363867455478814,0.0379841274208497,0.5435791015625,0,0,False
UNI,PCam,1.0,42,proportional,262144,32768,294912,2,0.9786119794547076,0.935063438483746,0.0525141973929129,0.0450672648394791,0.0456205056222167,2.663506799211665,0.0409745063302993,0.0409851478344324,0.5474853515625,0,0,False
UNI,PCam,1.0,123,proportional,262144,32768,294912,2,0.9786119794547076,0.935063438483746,0.0525141973929129,0.0450672648394791,0.0456205056222167,2.663506799211665,0.0409745063302993,0.0409851478344324,0.5474853515625,0,0,False
UNI,PCam,1.0,456,proportional,262144,32768,294912,2,0.9786119794547076,0.935063438483746,0.0525141973929129,0.0450672648394791,0.0456205056222167,2.663506799211665,0.0409745063302993,0.0409851478344324,0.5474853515625,0,0,False
UNI,SPIDER-Breast,0.01,42,proportional,682,113,795,18,0.9863779811841494,0.7785978745686875,,0.4351736726523617,0.4351736726523617,0.2827537252956558,0.0334021216009751,0.0321206868684506,0.1238989529665946,0,0,False
UNI,SPIDER-Breast,0.01,123,proportional,682,113,795,18,0.9872867313666982,0.7696463753849089,,0.4276713334797558,0.4276713334797559,0.2920746175556179,0.0312929168488019,0.032383409922005,0.1242313445238491,0,0,False
UNI,SPIDER-Breast,0.01,456,proportional,682,113,795,18,0.9866706720329428,0.7516829073307179,,0.4240469548485066,0.4240469548485064,0.2788511833027169,0.0450080514684355,0.0453958374576347,0.1235665614093402,0,0,False
UNI,SPIDER-Breast,0.05,42,proportional,3431,600,4031,18,0.9924714532055128,0.8410251060578495,,0.2224933078314982,0.2224933078314982,0.4569693359394586,0.0119521344438877,0.0109072054599221,0.1248961276383579,0,0,False
UNI,SPIDER-Breast,0.05,123,proportional,3431,600,4031,18,0.9928574278406934,0.835293287715039,,0.2230271642324503,0.2230271642324503,0.4483702434728612,0.0162670535046168,0.0158874157532772,0.1249792255276716,0,0,False
UNI,SPIDER-Breast,0.05,456,proportional,3431,600,4031,18,0.9925231688015658,0.829971511007282,,0.2120127396648103,0.2120127396648103,0.4244786194868939,0.0259258539789088,0.0264245324785944,0.1249792255276716,0,0,False
UNI,SPIDER-Breast,0.1,42,proportional,6868,1203,8071,18,0.9935527857901628,0.8550553684631796,,0.1530366302948355,0.1530366302948356,0.5047867668712662,0.0172137422357649,0.0148376372607192,0.1248130297490443,0,0,False
UNI,SPIDER-Breast,0.1,123,proportional,6868,1203,8071,18,0.9936435797871848,0.848562001415925,,0.148959836028182,0.148959836028182,0.4801697426317657,0.0238666419387337,0.0232290109521821,0.1247299318597307,0,0,False
UNI,SPIDER-Breast,0.1,456,proportional,6868,1203,8071,18,0.9936729241595847,0.8464210689617351,,0.1435274369378013,0.1435274369378013,0.491020580540278,0.0242647518787353,0.0240039485094249,0.1249792255276716,0,0,False
UNI,SPIDER-Breast,0.25,42,proportional,17176,3027,20203,18,0.9944466486532388,0.865566701268135,,0.0863955845057013,0.0863955845057014,0.5572761952801609,0.0246389442637457,0.023284881488896,0.1248130297490443,0,0,False
UNI,SPIDER-Breast,0.25,123,proportional,17176,3027,20203,18,0.9947120062782708,0.8652376220719085,,0.0874120411016647,0.0873791955271647,0.5361604421991789,0.0267646629067072,0.0267614176724859,0.1248130297490443,0,0,False
UNI,SPIDER-Breast,0.25,456,proportional,17176,3027,20203,18,0.9944523341925808,0.8615877655417391,,0.0847390214550329,0.0847390214550328,0.5636254219805797,0.0257493948134138,0.0240282511495963,0.1248130297490443,0,0,False
UNI,SPIDER-Breast,0.5,42,proportional,34361,6060,40421,18,0.9946661574920618,0.8695604830117639,,0.0544281855432807,0.0544281855432807,0.5897674657056128,0.0288788511169323,0.0284712367068349,0.1248961276383579,0,0,False
UNI,SPIDER-Breast,0.5,123,proportional,34361,6060,40421,18,0.994885700395456,0.8704909235897833,,0.0548258334730876,0.0548258334730876,0.584190670018867,0.0283772097063765,0.0284234116786303,0.1248961276383579,0,0,False
UNI,SPIDER-Breast,0.5,456,proportional,34361,6060,40421,18,0.9948580581475,0.8692439644988519,,0.0527359208631911,0.0523600913769218,0.584495067828323,0.0305290401165252,0.0304523842785932,0.1248130297490443,0,0,False
UNI,SPIDER-Breast,1.0,42,proportional,68730,12128,80858,18,0.9951334781789676,0.87549908067133,,0.0314068717366063,0.0300444856480921,0.6252383301537008,0.0315934998627991,0.0313114312481424,0.1248130297490443,0,0,False
UNI,SPIDER-Breast,1.0,123,proportional,68730,12128,80858,18,0.9951334781789676,0.87549908067133,,0.0314068717366063,0.0300444856480921,0.6252383301537008,0.0315934998627991,0.0313114312481424,0.1248130297490443,0,0,False
UNI,SPIDER-Breast,1.0,456,proportional,68730,12128,80858,18,0.9951334781789676,0.87549908067133,,0.0314068717366063,0.0300444856480921,0.6252383301537008,0.0315934998627991,0.0313114312481424,0.1248130297490443,0,0,False
VIRCHOW2,BRACS,0.01,42,proportional,33,7,40,7,0.7918627116482531,0.3514129811807696,,0.1790252507041866,0.1790252507041866,1.0948894101972677,0.1912002463055741,0.1912002463055741,0.4578947368421052,0,7,False
VIRCHOW2,BRACS,0.01,123,proportional,33,7,40,7,0.7712968455807996,0.2856446556808475,,0.1344582390800457,0.1559478585565656,0.8566949020901016,0.1099534143634135,0.147737769469864,0.4052631578947368,0,7,False
VIRCHOW2,BRACS,0.01,456,proportional,33,7,40,7,0.812323907253837,0.3374414219358125,,0.1614975759921395,0.1683424431415156,0.6178615495563611,0.1035093698591372,0.1024979448686725,0.4631578947368421,0,7,False
VIRCHOW2,BRACS,0.05,42,proportional,180,14,194,7,0.8712140708285891,0.4873996797221067,,0.1734788875147971,0.1753428854956314,0.6285193848296503,0.0595258734124651,0.0702659671814663,0.2719298245614035,0,0,False
VIRCHOW2,BRACS,0.05,123,proportional,180,14,194,7,0.8670848429546263,0.4706204316483336,,0.153754619001407,0.153754619001407,0.6978121629837912,0.0524339286594312,0.0574690521124144,0.2526315789473684,0,0,False
VIRCHOW2,BRACS,0.05,456,proportional,180,14,194,7,0.8804267556741826,0.4615367598690945,,0.1476673730885026,0.1511908424611139,0.5202966219723879,0.0805931874109563,0.0810668364030041,0.2789473684210526,0,0,False
VIRCHOW2,BRACS,0.1,42,proportional,362,28,390,7,0.8858834754026549,0.543496603419034,,0.1338378096167581,0.1369894364006265,0.6944760760338858,0.0447933968031293,0.0661499697105779,0.2350877192982456,0,0,False
VIRCHOW2,BRACS,0.1,123,proportional,362,28,390,7,0.8778273847755302,0.5248997556383631,,0.1223540954712568,0.1203140143573669,0.5781291830018788,0.0878941073091853,0.0867387210979946,0.2298245614035087,0,0,False
VIRCHOW2,BRACS,0.1,456,proportional,362,28,390,7,0.8841247771127237,0.5136621789666609,,0.1245161740560712,0.1308864896807757,0.5612187171046509,0.0907162593867794,0.0949510335418797,0.2385964912280701,0,0,False
VIRCHOW2,BRACS,0.25,42,proportional,912,75,987,7,0.8937825582091475,0.5596515768866543,,0.0669743279524162,0.0815953829616183,0.7801419968407982,0.0707655511594986,0.0643629262851941,0.2035087719298245,0,0,False
VIRCHOW2,BRACS,0.25,123,proportional,912,75,987,7,0.8954894742051821,0.5754166876818997,,0.0856560143026114,0.0955433313481397,0.636990224786698,0.0861377623211611,0.0919435328191571,0.2,0,0,False
VIRCHOW2,BRACS,0.25,456,proportional,912,75,987,7,0.89052684083616,0.5614647109981512,,0.0755166012081738,0.0817669728953352,0.7168749106870456,0.0590960403205246,0.0596623807891739,0.2140350877192982,0,0,False
VIRCHOW2,BRACS,0.5,42,proportional,1826,154,1980,7,0.8995474587872349,0.5798356102293268,,0.0476881899293408,0.0548689742194836,0.8332243855204843,0.0599237997748988,0.0539452666474616,0.1982456140350877,0,0,False
VIRCHOW2,BRACS,0.5,123,proportional,1826,154,1980,7,0.9014768158069936,0.5890621665812397,,0.04136268150037,0.0530875816699845,0.7638447285817792,0.0623513579539709,0.0664639033667795,0.2,0,0,False
VIRCHOW2,BRACS,0.5,456,proportional,1826,154,1980,7,0.8992838573251581,0.5768891018323804,,0.0469105215764692,0.042829623617635,0.8267736578617325,0.0583577757628737,0.0646895783186937,0.2070175438596491,0,0,False
VIRCHOW2,BRACS,1.0,42,proportional,3657,312,3969,7,0.9038447387617934,0.5959433733841857,,0.0448590319770255,0.0527054560299052,0.8839693997098594,0.0496265600604705,0.0553442954708158,0.1929824561403508,0,0,False
VIRCHOW2,BRACS,1.0,123,proportional,3657,312,3969,7,0.9038447387617934,0.5959433733841857,,0.0448590319770255,0.0527054560299052,0.8839693997098594,0.0496265600604705,0.0553442954708158,0.1929824561403508,0,0,False
VIRCHOW2,BRACS,1.0,456,proportional,3657,312,3969,7,0.9038447387617934,0.5959433733841857,,0.0448590319770255,0.0527054560299052,0.8839693997098594,0.0496265600604705,0.0553442954708158,0.1929824561403508,0,0,False
VIRCHOW2,CRC,0.01,42,proportional,696,144,840,9,0.9990734796722108,0.9811206877131492,,0.1813119884327421,0.181311988432742,0.475984739673379,0.0110655248399639,0.0109744494229863,0.1439333333333333,0,0,False
VIRCHOW2,CRC,0.01,123,proportional,696,144,840,9,0.9992015195114,0.9815927744288624,,0.1853612344065479,0.1853612344065479,0.1000057250886391,0.0153084718373917,0.0153084718373924,0.1419333333333333,0,0,False
VIRCHOW2,CRC,0.01,456,proportional,696,144,840,9,0.9988772861931398,0.9779977651820384,,0.1807470453496123,0.1807470453496123,0.4304368420240216,0.0029804248765336,0.0041618424315254,0.1422666666666666,0,0,False
VIRCHOW2,CRC,0.05,42,proportional,3495,745,4240,9,0.9994384327936552,0.9881141863004402,,0.061662925680452,0.061662925680452,0.5630708577311271,0.0021559293397534,0.0026207370191652,0.1422666666666666,0,0,False
VIRCHOW2,CRC,0.05,123,proportional,3495,745,4240,9,0.9995215952049552,0.9889384432541932,,0.0637881057150226,0.0637881057150226,0.494712667586197,0.0036816583704336,0.0029724374350924,0.1420666666666666,0,0,False
VIRCHOW2,CRC,0.05,456,proportional,3495,745,4240,9,0.9995472062258194,0.9883721195921072,,0.0648738452946341,0.0647720567829887,0.5255757336688063,0.0032537877128234,0.0031141486008458,0.1412666666666666,0,0,False
VIRCHOW2,CRC,0.1,42,proportional,6996,1497,8493,9,0.9996174549263108,0.990227942392404,,0.0396192692695607,0.0396192692695606,0.5989671359194273,0.0026563963648317,0.0017327615868093,0.1418,0,0,False
VIRCHOW2,CRC,0.1,123,proportional,6996,1497,8493,9,0.9996259059010916,0.9904070410070022,,0.0402178845704912,0.0401172364460887,0.5804738388098322,0.0022243971538975,0.0020571941153463,0.1419333333333333,0,0,False
VIRCHOW2,CRC,0.1,456,proportional,6996,1497,8493,9,0.9996122215649896,0.9899591027137838,,0.0401388893502515,0.0401388893502515,0.6562474991330504,0.0036470892918582,0.0041640790000943,0.1411333333333333,0,0,False
VIRCHOW2,CRC,0.25,42,proportional,17496,3746,21242,9,0.9997553436350182,0.9915175974877966,,0.0200449446681115,0.0200139693255031,0.6723911055630635,0.0010754931274262,0.0011146570606609,0.142,0,0,False
VIRCHOW2,CRC,0.25,123,proportional,17496,3746,21242,9,0.9997675537060662,0.9921260622567976,,0.021720154701446,0.0216028666822964,0.6313020662727155,0.0022645673241186,0.0012343065551713,0.1419333333333333,0,0,False
VIRCHOW2,CRC,0.25,456,proportional,17496,3746,21242,9,0.9998025898965944,0.99184284280951,,0.0213802340794237,0.021323069785738,0.6592612452317322,0.0014861972615973,0.0012453970296834,0.1418,0,0,False
VIRCHOW2,CRC,0.5,42,proportional,34998,7496,42494,9,0.9998676506057094,0.9932502704569688,,0.014151017001795,0.0138858196101167,0.7031093716225155,0.0010405024907693,0.0012837005673092,0.1416,0,0,False
VIRCHOW2,CRC,0.5,123,proportional,34998,7496,42494,9,0.9998420299875485,0.9934490658172868,,0.0142089079530374,0.0139666667230714,0.6560216811558502,0.0017737610810424,0.0007447503806607,0.1418,0,0,False
VIRCHOW2,CRC,0.5,456,proportional,34998,7496,42494,9,0.9998673029522716,0.9931848371475084,,0.0140283310473189,0.0138532520449825,0.6994469136174633,0.0011973518199505,0.0012678500710634,0.1418,0,0,False
VIRCHOW2,CRC,1.0,42,proportional,70000,15000,85000,9,0.9999149146886968,0.9946173774385828,,0.0093129870864726,0.009139775279877,0.7015331050941398,0.0016625312269624,0.0003716577666478,0.1420666666666666,0,0,False
VIRCHOW2,CRC,1.0,123,proportional,70000,15000,85000,9,0.9999149146886968,0.9946173774385828,,0.0093129870864726,0.009139775279877,0.7015331050941398,0.0016625312269624,0.0003716577666478,0.1420666666666666,0,0,False
VIRCHOW2,CRC,1.0,456,proportional,70000,15000,85000,9,0.9999149146886968,0.9946173774385828,,0.0093129870864726,0.009139775279877,0.7015331050941398,0.0016625312269624,0.0003716577666478,0.1420666666666666,0,0,False
VIRCHOW2,LungHist700,0.01,42,proportional,7,7,14,7,0.7908149641055713,0.3580368401038087,,0.3137160875846399,0.3220930709161414,0.1501559535178533,0.1208686758871028,0.1542258036851251,0.4285714285714285,6,7,False
VIRCHOW2,LungHist700,0.01,123,proportional,7,7,14,7,0.8367585838962095,0.4246662950894643,,0.3107900022027028,0.3107900022027028,0.1000052749944835,0.0935614220203399,0.1494355638383104,0.2857142857142857,6,7,False
VIRCHOW2,LungHist700,0.01,456,proportional,7,7,14,7,0.8036368718342134,0.3986497987523418,,0.257873227723736,0.2787808536952606,0.1767876609346332,0.0928797254573015,0.1774762535608831,0.419047619047619,6,7,False
VIRCHOW2,LungHist700,0.05,42,proportional,22,7,29,7,0.8542094236094785,0.2696779411065125,,0.128770239508691,0.1728121301942054,0.3722417422196268,0.1114698378089584,0.1326986989368039,0.5428571428571428,0,6,False
VIRCHOW2,LungHist700,0.05,123,proportional,22,7,29,7,0.8599190593880967,0.3870427005700878,,0.2082370692134189,0.2256387813428042,0.5686075843005068,0.1671597031645289,0.2062698653465886,0.5619047619047619,0,6,False
VIRCHOW2,LungHist700,0.05,456,proportional,22,7,29,7,0.9022966701076428,0.3075868322012349,,0.1774173958322826,0.2303564748398796,0.3821186367799825,0.123992437370825,0.1752918017390716,0.5619047619047619,0,6,False
VIRCHOW2,LungHist700,0.1,42,proportional,45,8,53,7,0.9064599974917747,0.4233715698912667,,0.2335912377026302,0.2590218735288084,0.3297279553556248,0.1113853407853032,0.1184005825002949,0.3619047619047619,0,2,False
VIRCHOW2,LungHist700,0.1,123,proportional,45,8,53,7,0.9044301830749376,0.4209458422573177,,0.2479742992338717,0.2594468202105857,0.3917605082793285,0.123551980270772,0.1661566462726801,0.3904761904761905,0,2,False
VIRCHOW2,LungHist700,0.1,456,proportional,45,8,53,7,0.9290894687952416,0.4757301752551841,,0.2822272134417449,0.3071973977167467,0.3175311422099422,0.1215946785651688,0.1235147821992169,0.2952380952380952,0,2,False
VIRCHOW2,LungHist700,0.25,42,proportional,118,24,142,7,0.943515617311685,0.5812584555595576,,0.3077491554386395,0.2995175479453265,0.2632347303154109,0.1568804724766763,0.1713791446380962,0.2476190476190476,0,0,False
VIRCHOW2,LungHist700,0.25,123,proportional,118,24,142,7,0.9444724875657275,0.6215367965367965,,0.3160698277917266,0.3257730971842357,0.2294717895577003,0.1382573452903698,0.1177109426131494,0.2285714285714285,0,0,False
VIRCHOW2,LungHist700,0.25,456,proportional,118,24,142,7,0.9590077885477276,0.72421828380475,,0.3934038621957798,0.3934038621957798,0.277334899454199,0.1099849236505093,0.0892557793451859,0.2095238095238095,0,0,False
VIRCHOW2,LungHist700,0.5,42,proportional,240,49,289,7,0.9584494955138356,0.6612044309427362,,0.2902819499238988,0.2902819499238988,0.3887155605837597,0.0729491396947056,0.1378421479685249,0.2095238095238095,0,0,False
VIRCHOW2,LungHist700,0.5,123,proportional,240,49,289,7,0.959727271126166,0.7189806815174583,,0.31290632905202,0.31290632905202,0.3471242499978059,0.1478562565119783,0.1250138825778139,0.2095238095238095,0,0,False
VIRCHOW2,LungHist700,0.5,456,proportional,240,49,289,7,0.9639420022598502,0.7281530682227546,,0.3262344572906402,0.3262344572906401,0.3951627647892832,0.0972068388992733,0.0906854418736766,0.2,0,0,False
VIRCHOW2,LungHist700,1.0,42,proportional,483,103,586,7,0.9724456901692358,0.7597851791665485,,0.2636798581562782,0.2608620048195073,0.4578771676476234,0.101856457054918,0.1013931591495941,0.2095238095238095,0,0,False
VIRCHOW2,LungHist700,1.0,123,proportional,483,103,586,7,0.9724456901692358,0.7597851791665485,,0.2636798581562782,0.2608620048195073,0.4578771676476234,0.101856457054918,0.1013931591495941,0.2095238095238095,0,0,False
VIRCHOW2,LungHist700,1.0,456,proportional,483,103,586,7,0.9724456901692358,0.7597851791665485,,0.2636798581562782,0.2608620048195073,0.4578771676476234,0.101856457054918,0.1013931591495941,0.2095238095238095,0,0,False
VIRCHOW2,MHIST,0.01,42,proportional,18,3,21,2,0.6177831802629209,0.3870765370138017,0.2348589342012337,0.1516629101739958,0.1500513803362928,2.5480060955479447,0.0463739637512964,0.1326219079466758,1.0,0,0,True
VIRCHOW2,MHIST,0.01,123,proportional,18,3,21,2,0.7003961822438322,0.3870765370138017,0.2353187992527051,0.1760146560984963,0.1776879991130852,1.9428183485604489,0.1540717059683584,0.1801084414596799,1.0,0,0,True
VIRCHOW2,MHIST,0.01,456,proportional,18,3,21,2,0.569201332613002,0.3870765370138017,0.2352461523696577,0.0885767071507093,0.1154788681576635,3.0211657349495704,0.0494989829991483,0.0915570604273175,1.0,0,0,True
VIRCHOW2,MHIST,0.05,42,proportional,92,16,108,2,0.840941833243292,0.3870765370138017,0.2057058583265851,0.1727590217781283,0.203059242635568,1.554919819336147,0.1912154418277788,0.2048251379896545,1.0,0,0,True
VIRCHOW2,MHIST,0.05,123,proportional,92,16,108,2,0.7838330632090761,0.3870765370138017,0.2085144190935459,0.1587345127198383,0.1672063154500779,1.374805501273543,0.1811352276942287,0.1805922772753055,1.0,0,0,True
VIRCHOW2,MHIST,0.05,456,proportional,92,16,108,2,0.8388663785341257,0.3870765370138017,0.2083569420041298,0.1689133266799103,0.1944763510132975,1.545064108738665,0.1817391706721769,0.1938693296050682,1.0,0,0,True
VIRCHOW2,MHIST,0.1,42,proportional,184,32,216,2,0.837358184764992,0.4473622297530673,0.1881780417156241,0.1516078347297282,0.1612851233224285,1.2212629717427292,0.156632089192895,0.1579739531304901,0.978505629477994,0,0,False
VIRCHOW2,MHIST,0.1,123,proportional,184,32,216,2,0.874302179002341,0.3900896060152363,0.1893181458103645,0.2025531989819305,0.202212686190941,1.377783915001063,0.1880108679964359,0.1919227882891753,0.9989764585465712,0,0,True
VIRCHOW2,MHIST,0.1,456,proportional,184,32,216,2,0.8769719070772556,0.4136646918519658,0.1872222134467153,0.1864885510256602,0.193935095249587,1.4168657036123855,0.1725070489814533,0.1834403954140383,0.9907881269191402,0,0,True
VIRCHOW2,MHIST,0.25,42,proportional,461,81,542,2,0.8947010624887448,0.6911710017425305,0.1593742850253294,0.1555189272455761,0.1664617522590085,0.9934310884581128,0.1243820719971629,0.125102261277003,0.8280450358239508,0,0,False
VIRCHOW2,MHIST,0.25,123,proportional,461,81,542,2,0.8885692418512516,0.6541688187371306,0.1631616619066773,0.1541012403928439,0.1677535755557755,0.9602890366369832,0.1266547827890213,0.1315408285794338,0.857727737973388,0,0,False
VIRCHOW2,MHIST,0.25,456,proportional,461,81,542,2,0.8905726634251756,0.6395752387820133,0.1640523295192892,0.1616387918432364,0.1599584740603344,1.163128527399187,0.1280688688516078,0.1311695288628601,0.8659160696008188,0,0,False
VIRCHOW2,MHIST,0.5,42,proportional,924,163,1087,2,0.9067125877903836,0.7716022325472662,0.1455362531210695,0.1437185491511148,0.1470226260182593,0.9651856894944352,0.0919315626112177,0.0917687995666427,0.7420675537359263,0,0,False
VIRCHOW2,MHIST,0.5,123,proportional,924,163,1087,2,0.9066225463713308,0.7799037846636824,0.1438424611617779,0.1355056086714924,0.1313202333011816,0.8843791099329515,0.0804814197213816,0.0832322529793447,0.7359263050153532,0,0,False
VIRCHOW2,MHIST,0.5,456,proportional,924,163,1087,2,0.9046011165135962,0.764881617968788,0.1455367181019975,0.1313743701052833,0.1387077204730685,1.3017261328902603,0.0961339458075148,0.0976715342529404,0.7400204708290685,0,0,False
VIRCHOW2,MHIST,1.0,42,proportional,1849,326,2175,2,0.9157977669728076,0.8145354705484716,0.1301075659396225,0.1131381783009999,0.1172585550187848,1.2128027347864654,0.0624324619834041,0.0620643970365427,0.676560900716479,0,0,False
VIRCHOW2,MHIST,1.0,123,proportional,1849,326,2175,2,0.9157977669728076,0.8145354705484716,0.1301075659396225,0.1131381783009999,0.1172585550187848,1.2128027347864654,0.0624324619834041,0.0620643970365427,0.676560900716479,0,0,False
VIRCHOW2,MHIST,1.0,456,proportional,1849,326,2175,2,0.9157977669728076,0.8145354705484716,0.1301075659396225,0.1131381783009999,0.1172585550187848,1.2128027347864654,0.0624324619834041,0.0620643970365427,0.676560900716479,0,0,False
VIRCHOW2,PCam,0.01,42,proportional,2620,326,2946,2,0.9787459446435844,0.931076058492347,0.0562184279159016,0.056677674409542,0.0564518325777221,1.3263561591182835,0.0326315571902726,0.0339702246252218,0.54913330078125,0,0,False
VIRCHOW2,PCam,0.01,123,proportional,2620,326,2946,2,0.9792965612766574,0.9267232325489556,0.0575792576531807,0.0615214367901838,0.0627135572454175,1.522126017204856,0.0424691992601584,0.0425596638307894,0.554290771484375,0,0,False
VIRCHOW2,PCam,0.01,456,proportional,2620,326,2946,2,0.9795456342314782,0.9294573889029204,0.0573623264143361,0.0672411388458907,0.0668429940658239,1.320946567177571,0.0392009277614377,0.040972552398072,0.552978515625,0,0,False
VIRCHOW2,PCam,0.05,42,proportional,13106,1637,14743,2,0.9822220620843808,0.9352169408903932,0.0498632305712406,0.0382898229495719,0.0376108527421424,1.779021032998226,0.0328394013854757,0.0354208514527694,0.547393798828125,0,0,False
VIRCHOW2,PCam,0.05,123,proportional,13106,1637,14743,2,0.9831619828005772,0.9345359138281945,0.0493616544300983,0.0389000629467575,0.0383602302423045,1.8176379801584264,0.0350337333972762,0.0360619645215239,0.548675537109375,0,0,False
VIRCHOW2,PCam,0.05,456,proportional,13106,1637,14743,2,0.9833954058079976,0.9354987239650648,0.0485252219051318,0.0382894110098205,0.0393520827292814,1.732896791668923,0.0329490193257819,0.0352298248659721,0.54632568359375,0,0,False
VIRCHOW2,PCam,0.1,42,proportional,26214,3275,29489,2,0.982572623141328,0.9361375085148018,0.0488223394896441,0.0325903095393281,0.0339366014725015,1.9688652065203252,0.0309979890235683,0.0337014080237419,0.546905517578125,0,0,False
VIRCHOW2,PCam,0.1,123,proportional,26214,3275,29489,2,0.9841203846853184,0.9353989533299878,0.0478152813651564,0.0350854885063656,0.0357204664881225,1.9268014300580765,0.0336229555604765,0.0351998581614201,0.547637939453125,0,0,False
VIRCHOW2,PCam,0.1,456,proportional,26214,3275,29489,2,0.9852412539602124,0.9377360861079492,0.0461943127868656,0.0359368179052168,0.0355427012550686,1.8994548163630456,0.0330714437290077,0.0342947794036901,0.545501708984375,0,0,False
VIRCHOW2,PCam,0.25,42,proportional,65536,8191,73727,2,0.9854854579597244,0.9372421802898204,0.0465154877904543,0.0317104719731438,0.0335027121501914,2.1717863392430523,0.034556980779691,0.0346385292824715,0.546295166015625,0,0,False
VIRCHOW2,PCam,0.25,123,proportional,65536,8191,73727,2,0.985437446409594,0.938168343010189,0.0458658276662979,0.0295758015752087,0.0311357067938178,2.1242228140181068,0.0317836133479326,0.0320872184577083,0.544769287109375,0,0,False
VIRCHOW2,PCam,0.25,456,proportional,65536,8191,73727,2,0.9861862708744678,0.9385346191553314,0.0450064736033017,0.0317249804016576,0.0325688583941691,2.164573977727822,0.0335007536468116,0.0347999571655252,0.544891357421875,0,0,False
VIRCHOW2,PCam,0.5,42,proportional,131072,16383,147455,2,0.9859024223283628,0.938230519450221,0.0455693489299885,0.0302279227614172,0.0314358171124605,2.31843195820658,0.0321394132510451,0.0321043027405813,0.544586181640625,0,0,False
VIRCHOW2,PCam,0.5,123,proportional,131072,16383,147455,2,0.9863749531372364,0.9389697068152436,0.0452292003265393,0.0305071352302731,0.0316306129985657,2.328535264847434,0.0331570747958516,0.0340118917784668,0.543609619140625,0,0,False
VIRCHOW2,PCam,0.5,456,proportional,131072,16383,147455,2,0.9862769556327567,0.939399393387948,0.0450141532261078,0.0300459478030788,0.0312994794943948,2.3016413768586945,0.0325978561005985,0.0328063611610809,0.543304443359375,0,0,False
VIRCHOW2,PCam,1.0,42,proportional,262144,32768,294912,2,0.9857326123896912,0.937491084393006,0.0466627797440767,0.0339637875563802,0.0349016831247208,2.480989861595308,0.0351021057739754,0.0341019458770292,0.545562744140625,0,0,False
VIRCHOW2,PCam,1.0,123,proportional,262144,32768,294912,2,0.9857326123896912,0.937491084393006,0.0466627797440767,0.0339637875563802,0.0349016831247208,2.480989861595308,0.0351021057739754,0.0341019458770292,0.545562744140625,0,0,False
VIRCHOW2,PCam,1.0,456,proportional,262144,32768,294912,2,0.9857326123896912,0.937491084393006,0.0466627797440767,0.0339637875563802,0.0349016831247208,2.480989861595308,0.0351021057739754,0.0341019458770292,0.545562744140625,0,0,False
VIRCHOW2,SPIDER-Breast,0.01,42,proportional,682,113,795,18,0.9888736883184984,0.7762560701960324,,0.385203688206806,0.385203688206806,0.3063361979452226,0.048635348712246,0.0470210287357743,0.1221538972910088,0,0,False
VIRCHOW2,SPIDER-Breast,0.01,123,proportional,682,113,795,18,0.987278541385879,0.7684309825075196,,0.3843626389188862,0.3843626389188863,0.3273064735568937,0.0371944085426853,0.0370063908764058,0.1247299318597307,0,0,False
VIRCHOW2,SPIDER-Breast,0.01,456,proportional,682,113,795,18,0.9867472059301376,0.7438740625273383,,0.3650586889807804,0.3650586889807804,0.3426306011771602,0.0498114931332018,0.0468891653903184,0.120824331061991,0,0,False
VIRCHOW2,SPIDER-Breast,0.05,42,proportional,3431,600,4031,18,0.992998624516116,0.827890320724368,,0.1822107649645675,0.1822107649645675,0.447853220783868,0.0314101453457242,0.030012949787594,0.1242313445238491,0,0,False
VIRCHOW2,SPIDER-Breast,0.05,123,proportional,3431,600,4031,18,0.9933342516605498,0.8258794510390784,,0.1804048507452334,0.1803654304823319,0.5050836871785903,0.0164528861535836,0.0160625834683414,0.1248961276383579,0,0,False
VIRCHOW2,SPIDER-Breast,0.05,456,proportional,3431,600,4031,18,0.9928956998173276,0.8179148415103354,,0.1716471778930748,0.1716471778930748,0.4586736776476746,0.0333781874628188,0.0325452257350482,0.1246468339704171,0,0,False
VIRCHOW2,SPIDER-Breast,0.1,42,proportional,6868,1203,8071,18,0.9940721456229402,0.8468163582867706,,0.1285584959626201,0.1285364650979438,0.5335226515217403,0.0161767263594359,0.0159361951203098,0.1245637360811035,0,0,False
VIRCHOW2,SPIDER-Breast,0.1,123,proportional,6868,1203,8071,18,0.9940601646696549,0.8362912248654382,,0.1188204714067585,0.1188014843630958,0.5278087842583387,0.0275062107095432,0.0270207005339725,0.1243975403024763,0,0,False
VIRCHOW2,SPIDER-Breast,0.1,456,proportional,6868,1203,8071,18,0.9939708537163656,0.8386874960989542,,0.1192280145298795,0.1192059499657435,0.518280257165716,0.0271988475175765,0.0269820850117792,0.1243975403024763,0,0,False
VIRCHOW2,SPIDER-Breast,0.25,42,proportional,17176,3027,20203,18,0.9947559118632932,0.85999062381828,,0.0741491827803425,0.0741294245725935,0.5826982552775314,0.0222770201020211,0.0214241557771107,0.1241482466345354,0,0,False
VIRCHOW2,SPIDER-Breast,0.25,123,proportional,17176,3027,20203,18,0.9948772709998936,0.8549134724946208,,0.0701598639038312,0.0700191335057826,0.5706328175883145,0.0277896456958069,0.027892649190155,0.1242313445238491,0,0,False
VIRCHOW2,SPIDER-Breast,0.25,456,proportional,17176,3027,20203,18,0.9948002494381152,0.8526523298293348,,0.0690520567696799,0.0690110582400412,0.5911620135648367,0.0248619765228141,0.0244935438993526,0.1242313445238491,0,0,False
VIRCHOW2,SPIDER-Breast,0.5,42,proportional,34361,6060,40421,18,0.9951953725314362,0.8644127141973295,,0.0447182154605615,0.0446593618899159,0.6173572443320559,0.0273658087843802,0.027446245691541,0.1244806381917899,0,0,False
VIRCHOW2,SPIDER-Breast,0.5,123,proportional,34361,6060,40421,18,0.9951944752647364,0.865107147766653,,0.0455837878651874,0.0455837878651874,0.6181143548973222,0.0269524819761365,0.0257625403913157,0.1243975403024763,0,0,False
VIRCHOW2,SPIDER-Breast,0.5,456,proportional,34361,6060,40421,18,0.9951932804605896,0.8673906949849649,,0.0467817088298443,0.0467817088298444,0.6177340763046241,0.0254262031905764,0.0245913164274819,0.1243144424131627,0,0,False
VIRCHOW2,SPIDER-Breast,1.0,42,proportional,68730,12128,80858,18,0.995429404069162,0.8730482560692433,,0.0266800947411753,0.0266800947411752,0.6563066432008654,0.0270635341042268,0.0266204705196856,0.1243975403024763,0,0,False
VIRCHOW2,SPIDER-Breast,1.0,123,proportional,68730,12128,80858,18,0.995429404069162,0.8730482560692433,,0.0266800947411753,0.0266800947411752,0.6563066432008654,0.0270635341042268,0.0266204705196856,0.1243975403024763,0,0,False
VIRCHOW2,SPIDER-Breast,1.0,456,proportional,68730,12128,80858,18,0.995429404069162,0.8730482560692433,,0.0266800947411753,0.0266800947411752,0.6563066432008654,0.0270635341042268,0.0266204705196856,0.1243975403024763,0,0,False
