model,dataset,fraction,seed,n_train,n_classes,auroc,f1_macro,f1_binary,brier,ece_fixed,ece_adaptive,temperature,ece_scaled_fixed,ece_scaled_adaptive,degeneracy_share,degenerate,forced_classes
CLIP,BRACS,0.01,42,33,7,0.6584071093220386,0.0343915343915343,,,0.0744083599294561,0.0951942381863049,4.478364803233118,0.020674796869456,0.052055239518929,0.9982456140350876,True,0
CLIP,BRACS,0.01,123,33,7,0.692112905595282,0.0965779532456194,,,0.0378337319462098,0.0709482017877297,2.5953204946681185,0.0051742205795689,0.05548416306205,0.8736842105263158,False,0
CLIP,BRACS,0.01,456,33,7,0.7274524745501383,0.0961109670728545,,,0.0308187521751312,0.079406426233022,2.4595905507038927,0.0129172195576474,0.0733331901029553,0.8789473684210526,False,0
CLIP,BRACS,0.05,42,180,7,0.7477439276935263,0.2720487132037658,,,0.1360535524440107,0.1545006918800744,0.6747738720972464,0.0960326332930404,0.1155088062886984,0.3456140350877193,False,0
CLIP,BRACS,0.05,123,180,7,0.7351810671160953,0.2720412858687823,,,0.1463481277093129,0.1594234954808501,0.6742217694933229,0.0877554294649352,0.1248491206653974,0.3578947368421052,False,0
CLIP,BRACS,0.05,456,180,7,0.7526273040315378,0.2748707198743326,,,0.1538098848427,0.1657546277693636,0.6469339194519826,0.1320157033428465,0.1411231982929117,0.3543859649122807,False,0
CLIP,BRACS,0.1,42,362,7,0.7730243822062656,0.2911878893014265,,,0.1486109790326525,0.1724932204151376,0.5667138800589229,0.0894672622477185,0.1040655795387883,0.3052631578947368,False,0
CLIP,BRACS,0.1,123,362,7,0.7575907598496107,0.2944525929061352,,,0.1376373109227795,0.1708949339963909,0.6031938735703349,0.0965569181707726,0.1175765898480261,0.3192982456140351,False,0
CLIP,BRACS,0.1,456,362,7,0.7735948571153378,0.2935253068969523,,,0.1312061396541115,0.1784309337073562,0.6308080776898516,0.111034888806111,0.1441851447578792,0.3087719298245614,False,0
CLIP,BRACS,0.25,42,912,7,0.79425036329706,0.329292360913737,,,0.1149924477279645,0.1378995051017842,0.6350836274950267,0.0650517069264638,0.0747941385658357,0.2824561403508772,False,0
CLIP,BRACS,0.25,123,912,7,0.7775493994197122,0.3426826999582138,,,0.1200934309630578,0.1496945553111604,0.6289245301373748,0.0767098932560517,0.0771735786315088,0.2684210526315789,False,0
CLIP,BRACS,0.25,456,912,7,0.7846693568753393,0.3335618696212344,,,0.1202809171097925,0.1329992789496137,0.6463768839113341,0.0744960616970442,0.0729294089714022,0.2894736842105263,False,0
CLIP,BRACS,0.5,42,1826,7,0.8031229249261697,0.3879333445552476,,,0.1153152380666368,0.1167018322750584,0.6854345202180275,0.0480735392515911,0.0652009528575996,0.2684210526315789,False,0
CLIP,BRACS,0.5,123,1826,7,0.7982259482418578,0.3895131766221281,,,0.0990204993169961,0.1082088277343023,0.6908943519468185,0.0512138013779026,0.0686607410757588,0.2684210526315789,False,0
CLIP,BRACS,0.5,456,1826,7,0.7941069656291848,0.3871026255818882,,,0.103259026159406,0.1189563146139122,0.7017307105102364,0.0352801546555708,0.0511237950645481,0.2649122807017544,False,0
CLIP,BRACS,1.0,42,3657,7,0.8137754803415936,0.4334848518095503,,,0.0870837047827205,0.0875888428842574,0.742487699344127,0.0179655302594043,0.0489065905300665,0.2456140350877192,False,0
CLIP,BRACS,1.0,123,3657,7,0.8137754803415936,0.4334848518095503,,,0.0870837047827205,0.0875888428842574,0.742487699344127,0.0179655302594043,0.0489065905300665,0.2456140350877192,False,0
CLIP,BRACS,1.0,456,3657,7,0.8137754803415936,0.4334848518095503,,,0.0870837047827205,0.0875888428842574,0.742487699344127,0.0179655302594043,0.0489065905300665,0.2456140350877192,False,0
CLIP,CRC,0.01,42,696,9,0.9781073723600736,0.8107346495337443,,,0.3688654672100533,0.3688654672100531,0.2935223594238346,0.0096876194133542,0.0128931857087903,0.1999333333333333,False,0
CLIP,CRC,0.01,123,696,9,0.9784782730364106,0.8125272619205758,,,0.3764468503293947,0.3764468503293948,0.2711493874021952,0.0054968006824243,0.0082562341389228,0.2028,False,0
CLIP,CRC,0.01,456,696,9,0.9769671720070304,0.8118110771441805,,,0.3695003273836306,0.3695003273836306,0.2974778646398588,0.0140696926133957,0.0163004418608029,0.1859333333333333,False,0
CLIP,CRC,0.05,42,3495,9,0.9893204867616348,0.8798555268983296,,,0.2253942466686267,0.225296156329104,0.4031183529119491,0.0054857919556386,0.0057094753043375,0.1582666666666666,False,0
CLIP,CRC,0.05,123,3495,9,0.9890491860665996,0.8782612236511571,,,0.2229623963786029,0.2229623963786028,0.4067992171605963,0.007725744605054,0.0078562218949889,0.1626666666666666,False,0
CLIP,CRC,0.05,456,3495,9,0.9894274761280212,0.879261385265827,,,0.2244064199650048,0.2244064199650048,0.4028387416329038,0.0063196886510677,0.0062042300270365,0.1574666666666666,False,0
CLIP,CRC,0.1,42,6996,9,0.9925975434930354,0.9014627789568256,,,0.1751348450693733,0.1750599369965383,0.439606990084521,0.0045111194612305,0.0058060037587716,0.1526666666666666,False,0
CLIP,CRC,0.1,123,6996,9,0.9921038229825332,0.8953747579374988,,,0.1682143607974671,0.1681157115377499,0.4531859150274905,0.008122804792038,0.0079600169939596,0.1526,False,0
CLIP,CRC,0.1,456,6996,9,0.9925273762495912,0.9006376048121612,,,0.1741038649190827,0.1741038649190827,0.4420261484277903,0.0065056645128186,0.005354962353365,0.1511333333333333,False,0
CLIP,CRC,0.25,42,17496,9,0.9953754536602272,0.9259936386124212,,,0.1242360330945773,0.1241053832622842,0.4912236369645681,0.0032202845517747,0.0037247128705349,0.1476666666666666,False,0
CLIP,CRC,0.25,123,17496,9,0.9953013493952731,0.92506417321018,,,0.1238060588864088,0.1238060588864088,0.4933018110710229,0.0027923396864048,0.0024070956844964,0.1467333333333333,False,0
CLIP,CRC,0.25,456,17496,9,0.9953223387380472,0.9247862586790536,,,0.1242324658354407,0.1242324658354406,0.4915847924930255,0.0023723526930273,0.0033620087461696,0.1474666666666666,False,0
CLIP,CRC,0.5,42,34998,9,0.9965986264178454,0.938173262704093,,,0.0937263718221419,0.0937088479632507,0.5321271964999333,0.0030660558384768,0.0036955695202145,0.1460666666666666,False,0
CLIP,CRC,0.5,123,34998,9,0.9966630161005222,0.938067885630034,,,0.0932658744885246,0.0932658744885246,0.5298016557624112,0.0036318984782173,0.0032247328727236,0.1460666666666666,False,0
CLIP,CRC,0.5,456,34998,9,0.996746572456318,0.9383958478713048,,,0.0938484135417977,0.0938484135417978,0.5268455857096711,0.0051056571038825,0.0048609335034618,0.1456666666666666,False,0
CLIP,CRC,1.0,42,70000,9,0.9976336102290294,0.9504009415178384,,,0.071816040302663,0.071816040302663,0.5629432009274911,0.0032524842847108,0.0031210393160929,0.1444,False,0
CLIP,CRC,1.0,123,70000,9,0.9976336102290294,0.9504009415178384,,,0.071816040302663,0.071816040302663,0.5629432009274911,0.0032524842847108,0.0031210393160929,0.1444,False,0
CLIP,CRC,1.0,456,70000,9,0.9976336102290294,0.9504009415178384,,,0.071816040302663,0.071816040302663,0.5629432009274911,0.0032524842847108,0.0031210393160929,0.1444,False,0
CLIP,LungHist700,0.01,42,7,7,0.5937199380420627,0.136149005056568,,,0.0342784281075258,0.0951275354646023,0.1000052749944835,0.046946666719548,0.0974270040208287,0.3904761904761905,False,6
CLIP,LungHist700,0.01,123,7,7,0.6203690070765261,0.2507544467955239,,,0.1497224739229589,0.1508947950575316,0.1000052749944835,0.1364120038306968,0.1453790473449986,0.2857142857142857,False,6
CLIP,LungHist700,0.01,456,7,7,0.5666983609416967,0.1861017801109966,,,0.0159255242501488,0.0972946360056647,0.1000052749944835,0.0149574675054162,0.1176085363339353,0.4285714285714285,False,6
CLIP,LungHist700,0.05,42,22,7,0.6889886496629591,0.0457142857142857,,,0.0389698004890042,0.1758924420886312,0.7593802472967662,0.1372614703170941,0.181081078659773,1.0,True,0
CLIP,LungHist700,0.05,123,22,7,0.6780073336646844,0.0457142857142857,,,0.036711449513601,0.1451159590749847,0.7530546990160535,0.132510857616088,0.1531935814207224,1.0,True,0
CLIP,LungHist700,0.05,456,22,7,0.7832271255908398,0.0457142857142857,,,0.036636358163174,0.2060991236062338,0.7527790097039797,0.1956965449141379,0.2159494317309452,1.0,True,0
CLIP,LungHist700,0.1,42,45,7,0.786549037409256,0.0457142857142857,,,0.0319933162548366,0.1762176127734514,0.595767219244487,0.1660752361920008,0.1758380944285436,1.0,True,0
CLIP,LungHist700,0.1,123,45,7,0.7678545703413722,0.0457142857142857,,,0.0334603817303821,0.1510208125550076,0.6629087358943749,0.1342805375534843,0.1765134939646236,1.0,True,0
CLIP,LungHist700,0.1,456,45,7,0.7969259423773182,0.0457142857142857,,,0.0572432201735411,0.1669674280901,0.6332530551260989,0.145376132572924,0.1825654428552348,1.0,True,0
CLIP,LungHist700,0.25,42,118,7,0.8013518522245652,0.0606060606060606,,,0.0836862558791924,0.1725033422045007,0.4919050277564054,0.1536597632621408,0.1786322212990479,0.9523809523809524,False,0
CLIP,LungHist700,0.25,123,118,7,0.8102091375810032,0.1014353567513962,,,0.061900813731586,0.1889210585157523,0.5056044911841207,0.1291653840220498,0.1597580294005078,0.9428571428571428,False,0
CLIP,LungHist700,0.25,456,118,7,0.841085621226281,0.0984056593812691,,,0.0985480869414308,0.1784117426759636,0.4755056148289594,0.1752761040810602,0.1918157755096403,0.9809523809523808,False,0
CLIP,LungHist700,0.5,42,240,7,0.8080083166224175,0.1651997056132394,,,0.0556965514552698,0.1846924581385286,0.3977299038526378,0.152036120735125,0.1852438994550763,0.8380952380952381,False,0
CLIP,LungHist700,0.5,123,240,7,0.8303927576064261,0.1722357082170166,,,0.0697924969327353,0.1552139207483036,0.4066773300863196,0.154134993843801,0.1965335288920279,0.8285714285714286,False,0
CLIP,LungHist700,0.5,456,240,7,0.8330735810022923,0.1939920522664511,,,0.0543084920376384,0.092559331134552,0.3995997857476352,0.1472547022464627,0.1408014263931234,0.7714285714285715,False,0
CLIP,LungHist700,1.0,42,483,7,0.8354478917641995,0.2155225726654298,,,0.1092982121133294,0.1526190456795181,0.3567950809101771,0.1755661617186266,0.1833485328341934,0.6476190476190476,False,0
CLIP,LungHist700,1.0,123,483,7,0.8354478917641995,0.2155225726654298,,,0.1092982121133294,0.1526190456795181,0.3567950809101771,0.1755661617186266,0.1833485328341934,0.6476190476190476,False,0
CLIP,LungHist700,1.0,456,483,7,0.8354478917641995,0.2155225726654298,,,0.1092982121133294,0.1526190456795181,0.3567950809101771,0.1755661617186266,0.1833485328341934,0.6476190476190476,False,0
CLIP,MHIST,0.01,42,18,2,0.617382495948136,0.3870765370138017,0.0,0.2390260735160656,0.1119272207300848,0.1244103003602141,2.4439630143218403,0.0530670440019319,0.1038814347630489,1.0,True,0
CLIP,MHIST,0.01,123,18,2,0.604367008824059,0.3870765370138017,0.0,0.239153371550039,0.1134927545695638,0.1136299310131089,2.4635839397559485,0.0539096538360111,0.0966414736766393,1.0,True,0
CLIP,MHIST,0.01,456,18,2,0.6918647577885827,0.3870765370138017,0.0,0.2371520620754561,0.1599578690986219,0.166451730693071,2.424509796999151,0.0556063557711386,0.1577708555623291,1.0,True,0
CLIP,MHIST,0.05,42,92,2,0.7837430217900234,0.3870765370138017,0.0,0.2251857004955003,0.1600341183970755,0.2036050807591437,2.019373296143253,0.1563067082923284,0.2031672421113043,1.0,True,0
CLIP,MHIST,0.05,123,92,2,0.7376598235188188,0.3870765370138017,0.0,0.2248016324795185,0.1378590630215362,0.1607593882702603,2.028392678151912,0.1335899468075436,0.1601728877571194,1.0,True,0
CLIP,MHIST,0.05,456,92,2,0.782117774176121,0.3870765370138017,0.0,0.2266986518306117,0.1732896809846165,0.1967211763266163,2.11182070036892,0.1378181920472029,0.195546126941504,1.0,True,0
CLIP,MHIST,0.1,42,184,2,0.7910453808752026,0.3870765370138017,0.0,0.2116393237159458,0.1649314028639308,0.175660191514116,1.8092785659391717,0.1777986502978527,0.1787509063126291,1.0,True,0
CLIP,MHIST,0.1,123,184,2,0.7895641995317847,0.3870765370138017,0.0,0.2153077894363655,0.1692999200769146,0.1842305941254643,1.8566826897378992,0.1806539617484153,0.1849779091476577,1.0,True,0
CLIP,MHIST,0.1,456,184,2,0.8042949756888169,0.3870765370138017,0.0,0.2158931239086234,0.1604092126652696,0.1922999695784748,1.9240479878847376,0.1697565164300782,0.1927493457262551,1.0,True,0
CLIP,MHIST,0.25,42,461,2,0.8181973707905638,0.4343206304552046,0.0892388451443569,0.1940894298200217,0.1509273244466565,0.1588192256817302,1.642991257918298,0.1481958872937815,0.1561851350947766,0.978505629477994,False,0
CLIP,MHIST,0.25,123,461,2,0.8304880244912661,0.3986241023474745,0.021917808219178,0.1956241899746962,0.1565922137881228,0.1677868916298997,1.6023651734185314,0.1641118338255267,0.1636582141318808,0.9948822927328556,True,0
CLIP,MHIST,0.25,456,461,2,0.8246308301818838,0.3982085587259639,0.0218579234972677,0.1964153761639674,0.1531786587048036,0.1639580583106511,1.6512641212877472,0.1524330451342376,0.1657770680576302,0.9938587512794268,True,0
CLIP,MHIST,0.5,42,924,2,0.8294390419593012,0.5343956209766453,0.2799097065462754,0.1829728371269076,0.1306308280152597,0.1309179236413975,1.5971856177723855,0.1253648899972115,0.1277034625228492,0.9150460593654044,False,0
CLIP,MHIST,0.5,123,924,2,0.83827660723933,0.5504233028793531,0.3056179775280899,0.1810257766955543,0.1330154366643543,0.1406339167835442,1.5091860747337034,0.1251162932569254,0.1329981087479094,0.9129989764585466,False,0
CLIP,MHIST,0.5,456,924,2,0.8421438861876462,0.5298697145546507,0.2700228832951945,0.1809480429618795,0.1354482793316703,0.1463690322517085,1.5492930628592914,0.1306518986440835,0.1398271362479712,0.9211873080859776,False,0
CLIP,MHIST,1.0,42,1849,2,0.8535251215559156,0.6538130709397826,0.497196261682243,0.1681273174673871,0.117017991924256,0.1224619114379289,1.507202076685831,0.1071567205503572,0.1045262371832655,0.8208802456499488,False,0
CLIP,MHIST,1.0,123,1849,2,0.8535251215559156,0.6538130709397826,0.497196261682243,0.1681273174673871,0.117017991924256,0.1224619114379289,1.507202076685831,0.1071567205503572,0.1045262371832655,0.8208802456499488,False,0
CLIP,MHIST,1.0,456,1849,2,0.8535251215559156,0.6538130709397826,0.497196261682243,0.1681273174673871,0.117017991924256,0.1224619114379289,1.507202076685831,0.1071567205503572,0.1045262371832655,0.8208802456499488,False,0
CLIP,PCam,0.01,42,2620,2,0.8792610357842996,0.7974132669256667,0.7959171124638751,0.1479470120894306,0.0798414562912116,0.0797324501177585,1.2501508355858884,0.013860195965395,0.0154619164953437,0.507171630859375,False,0
CLIP,PCam,0.01,123,2620,2,0.8812400407372489,0.8013831303844592,0.8000860109356761,0.1468343276077394,0.082407686743974,0.0822508332093944,1.2426105789191877,0.0176083648871006,0.0182022740922741,0.506317138671875,False,0
CLIP,PCam,0.01,456,2620,2,0.8821511053495265,0.8021784076844505,0.8033254445051278,0.1468216450407198,0.0843655127903262,0.084166458591884,1.2533385844846705,0.0158830627248824,0.0175054462664345,0.506011962890625,False,0
CLIP,PCam,0.05,42,13106,2,0.9015466689161464,0.8167435395697712,0.8126833530990575,0.1302483410908397,0.0586945269291119,0.0585339836410774,1.5873581036734403,0.0295721143565712,0.030776147519211,0.521942138671875,False,0
CLIP,PCam,0.05,123,13106,2,0.8987788373237962,0.8118521642871075,0.8054098464260886,0.1323390906554751,0.0555071895453465,0.0557245743147744,1.5990763587164707,0.0342287113686907,0.0340790900207165,0.534027099609375,False,0
CLIP,PCam,0.05,456,13106,2,0.9001525160203623,0.8164094116779701,0.812381041530157,0.1307793330888593,0.0509991203729453,0.05048098754294,1.6307393829838728,0.0296424909474692,0.02825179163307,0.521728515625,False,0
CLIP,PCam,0.1,42,26214,2,0.9021394968212968,0.8146947920746532,0.8083667730418023,0.1286456509595821,0.0402896835489388,0.0404697855023009,1.7802800114451065,0.0328050527360819,0.0318870383022315,0.533935546875,False,0
CLIP,PCam,0.1,123,26214,2,0.902617611841347,0.8144831300435262,0.8073382847711547,0.1289394058312876,0.0460424394816782,0.0464771896404102,1.7441313506552991,0.0375107356655289,0.0382655273006673,0.538299560546875,False,0
CLIP,PCam,0.1,456,26214,2,0.9032477932391384,0.8166885425541252,0.8101041435851983,0.1284956721358249,0.0462219135428896,0.0459674220280013,1.6968812476324195,0.0357629504008771,0.0358712796378124,0.53570556640625,False,0
CLIP,PCam,0.25,42,65536,2,0.9123482842187058,0.8257311011629238,0.8190300875968008,0.1215176711730524,0.040256853209044,0.0403060960054085,1.9078878436053484,0.0375904821591562,0.0380918901943653,0.538238525390625,False,0
CLIP,PCam,0.25,123,65536,2,0.9109995537958226,0.8233898832903217,0.8159898072941552,0.1228468025764156,0.0429684998595386,0.0435835413051872,1.9104712769067271,0.0407362465368504,0.0416979809641073,0.54168701171875,False,0
CLIP,PCam,0.25,456,65536,2,0.9119815144207112,0.8247421603896724,0.8174843207793449,0.1219492394708603,0.0405131397455521,0.0418743887741198,1.8876069348053464,0.0383173513067668,0.0395023191740087,0.54119873046875,False,0
CLIP,PCam,0.5,42,131072,2,0.913174818253391,0.8261146189039021,0.8181760040931184,0.1209777693872886,0.0397112636533781,0.0402545198660064,2.0761031623721147,0.0401266372530599,0.0414017216755846,0.545440673828125,False,0
CLIP,PCam,0.5,123,131072,2,0.9141843609326844,0.8269738039753376,0.8194493188271703,0.1202226131140898,0.0397061901383512,0.0396326603898405,1.9947854788724373,0.0392865476408374,0.0395326511900005,0.54327392578125,False,0
CLIP,PCam,0.5,456,131072,2,0.9150283367797304,0.8285499027537903,0.8209369910260914,0.1195550503120509,0.039332733303598,0.0403573486638008,1.9801966908277788,0.0384383082265467,0.0402515712336215,0.544189453125,False,0
CLIP,PCam,1.0,42,262144,2,0.9165845808112788,0.8314118373534156,0.8234578182051118,0.1183981814002239,0.0406349207965251,0.0407173415907543,2.0840287328217446,0.0402332302290896,0.0410780906287111,0.546966552734375,False,0
CLIP,PCam,1.0,123,262144,2,0.9165845808112788,0.8314118373534156,0.8234578182051118,0.1183981814002239,0.0406349207965251,0.0407173415907543,2.0840287328217446,0.0402332302290896,0.0410780906287111,0.546966552734375,False,0
CLIP,PCam,1.0,456,262144,2,0.9165845808112788,0.8314118373534156,0.8234578182051118,0.1183981814002239,0.0406349207965251,0.0407173415907543,2.0840287328217446,0.0402332302290896,0.0410780906287111,0.546966552734375,False,0
CLIP,SPIDER-Breast,0.01,42,682,18,0.8841062255462238,0.3255208432704198,,,0.2130844328144416,0.2130844328144415,0.2890782281963479,0.0453948959744799,0.0470376870020764,0.1568057171347847,False,0
CLIP,SPIDER-Breast,0.01,123,682,18,0.8890382738090281,0.3107024100464446,,,0.1977718842184363,0.1977718842184362,0.2847833969839677,0.059811784289858,0.0597421394455371,0.1666112680737909,False,0
CLIP,SPIDER-Breast,0.01,456,682,18,0.8955157756791046,0.3171355812635184,,,0.2157719060868254,0.2157719060868254,0.2794112309958989,0.0508409077588976,0.0520455985241966,0.1897955791922885,False,0
CLIP,SPIDER-Breast,0.05,42,3431,18,0.9228029607587688,0.4797246710119808,,,0.2585925478528982,0.2585925478528982,0.4089667147735403,0.0221769116664836,0.0240790341691895,0.1071962772145587,False,0
CLIP,SPIDER-Breast,0.05,123,3431,18,0.925632843922257,0.4726457601464875,,,0.2491287191640972,0.2491287191640971,0.4006029601981864,0.0352415471153268,0.0356748791694808,0.1049526342030912,False,0
CLIP,SPIDER-Breast,0.05,456,3431,18,0.923876375927319,0.473987729555535,,,0.2564814199368476,0.2564814199368477,0.3996833859109996,0.0297881089442508,0.0303501316185092,0.1056174173176001,False,0
CLIP,SPIDER-Breast,0.1,42,6868,18,0.9351641359217656,0.5357412175694507,,,0.2347369068164042,0.2347369068164042,0.4678690674326333,0.0216626125082441,0.0245729996783874,0.1002160545122154,False,0
CLIP,SPIDER-Breast,0.1,123,6868,18,0.9372045253834328,0.5260171851816979,,,0.2256224652518685,0.2256224652518685,0.4646336015269227,0.0296565798871539,0.0293878433036008,0.102210403855742,False,0
CLIP,SPIDER-Breast,0.1,456,6868,18,0.9359669788247692,0.5346469987681479,,,0.2331195697396526,0.2331195697396526,0.4626980929981987,0.0260251770127282,0.0261070269778368,0.101794914409174,False,0
CLIP,SPIDER-Breast,0.25,42,17176,18,0.948570944084974,0.5907127649676717,,,0.1897724216657149,0.1897724216657148,0.5350264885916481,0.022469317038084,0.0220706566386698,0.1108525843443576,False,0
CLIP,SPIDER-Breast,0.25,123,17176,18,0.9497187515212164,0.5819836938707758,,,0.1830374962793974,0.1830374962793973,0.5306751643696638,0.0295598096213779,0.0295598096213779,0.1111018780122984,False,0
CLIP,SPIDER-Breast,0.25,456,17176,18,0.9489491043155336,0.5839590730493898,,,0.1877707612630298,0.1873124945824691,0.5233403889319466,0.0296983478511576,0.0296983478511576,0.1093568223367126,False,0
CLIP,SPIDER-Breast,0.5,42,34361,18,0.9567660875527312,0.6209930999258982,,,0.1572067006852019,0.157206700685202,0.5697006602102471,0.0296172593115212,0.0295529888721903,0.1170018281535649,False,0
CLIP,SPIDER-Breast,0.5,123,34361,18,0.9577083434147128,0.6190188637353119,,,0.1559191262069669,0.1559191262069669,0.567272077385959,0.03006645085398,0.0291333348964048,0.1157553598138607,False,0
CLIP,SPIDER-Breast,0.5,456,34361,18,0.9571903094113512,0.6174415731666668,,,0.1552816204647376,0.1551351855671491,0.567669473109248,0.0289301433444066,0.0289530080990429,0.1158384577031743,False,0
CLIP,SPIDER-Breast,1.0,42,68730,18,0.964099551574733,0.6470589322241724,,,0.1268344182114173,0.1268344182114173,0.6051623693708602,0.0292889892167614,0.0287801946235276,0.1201595479474821,False,0
CLIP,SPIDER-Breast,1.0,123,68730,18,0.964099551574733,0.6470589322241724,,,0.1268344182114173,0.1268344182114173,0.6051623693708602,0.0292889892167614,0.0287801946235276,0.1201595479474821,False,0
CLIP,SPIDER-Breast,1.0,456,68730,18,0.964099551574733,0.6470589322241724,,,0.1268344182114173,0.1268344182114173,0.6051623693708602,0.0292889892167614,0.0287801946235276,0.1201595479474821,False,0
CONCH,BRACS,0.01,42,33,7,0.8033214267138716,0.3476986786526897,,,0.1530331596527814,0.174118007100375,0.6757499517298741,0.1010439984981,0.1210279055493037,0.4491228070175438,False,0
CONCH,BRACS,0.01,123,33,7,0.8452553595339873,0.3633002658518229,,,0.1863040374500479,0.1979182726948317,0.5842687082227367,0.0974350112688704,0.1123748182607792,0.3385964912280702,False,0
CONCH,BRACS,0.01,456,33,7,0.8200433167586257,0.3545900817001385,,,0.1456016911013127,0.1566191611453324,0.6091304097549999,0.0726382079708282,0.0837466674177155,0.3982456140350877,False,0
CONCH,BRACS,0.05,42,180,7,0.8647321338652988,0.4613593303550526,,,0.1361369440787549,0.1442610964432071,0.574068296228411,0.0701970900299961,0.0739448599617183,0.2912280701754386,False,0
CONCH,BRACS,0.05,123,180,7,0.8809443074743407,0.4823123735008057,,,0.1525765850841999,0.1525765850841999,0.5879903807528017,0.0387143508358672,0.0445143281817739,0.2824561403508772,False,0
CONCH,BRACS,0.05,456,180,7,0.8743897752619539,0.4500465461334943,,,0.103663135948065,0.1137019998102412,0.5888095186672397,0.0784556671012185,0.0829651837200403,0.2789473684210526,False,0
CONCH,BRACS,0.1,42,362,7,0.888240942088376,0.5332136147891013,,,0.1139840724786782,0.1376324042558612,0.6281242976513841,0.0450804306497315,0.0570634413312324,0.2543859649122807,False,0
CONCH,BRACS,0.1,123,362,7,0.8829577502710163,0.5374222280805405,,,0.1223495609658135,0.1242451223997538,0.635266180865907,0.026773155343554,0.0360495404382318,0.2333333333333333,False,0
CONCH,BRACS,0.1,456,362,7,0.8850694589589037,0.472322137268285,,,0.0943644122001207,0.106824410480925,0.6524143592563707,0.1025427180803224,0.1034756499325561,0.2719298245614035,False,0
CONCH,BRACS,0.25,42,912,7,0.8973551986095051,0.557266497123248,,,0.0708776411327078,0.0609102374886419,0.7741653571747895,0.0522871618809931,0.0675683867508593,0.2228070175438596,False,0
CONCH,BRACS,0.25,123,912,7,0.8959270217333316,0.5797504476650968,,,0.0849657189711783,0.081200328901042,0.7956790564505913,0.0285243983855666,0.0532029484289412,0.2157894736842105,False,0
CONCH,BRACS,0.25,456,912,7,0.8932405806816285,0.5576345058693294,,,0.065434084588325,0.0793418805844281,0.7675518376338836,0.0446861362338263,0.0548515847947269,0.2210526315789473,False,0
CONCH,BRACS,0.5,42,1826,7,0.9003986012790619,0.5667558152581559,,,0.0566579432905692,0.0634565180719985,0.8779283023450953,0.068777034408499,0.064131614850611,0.2070175438596491,False,0
CONCH,BRACS,0.5,123,1826,7,0.9017131434509736,0.5857603269683659,,,0.0646861679436531,0.0750499073965923,0.8737612825308602,0.074527303284315,0.0696161419600282,0.2087719298245614,False,0
CONCH,BRACS,0.5,456,1826,7,0.9019833589190888,0.5664635585476108,,,0.0593979122687277,0.0626538106096909,0.8754502128303279,0.0355496785359754,0.0503725419139309,0.2175438596491228,False,0
CONCH,BRACS,1.0,42,3657,7,0.9046904324226632,0.5894401916092502,,,0.0298246660233517,0.0408753332193483,0.9660312810575375,0.0246887749906193,0.0473739454024684,0.1982456140350877,False,0
CONCH,BRACS,1.0,123,3657,7,0.9046904324226632,0.5894401916092502,,,0.0298246660233517,0.0408753332193483,0.9660312810575375,0.0246887749906193,0.0473739454024684,0.1982456140350877,False,0
CONCH,BRACS,1.0,456,3657,7,0.9046904324226632,0.5894401916092502,,,0.0298246660233517,0.0408753332193483,0.9660312810575375,0.0246887749906193,0.0473739454024684,0.1982456140350877,False,0
CONCH,CRC,0.01,42,696,9,0.998046966323874,0.9635652972519236,,,0.1876892464003478,0.1876892464003478,0.4285963923684373,0.0048200474770209,0.0039879779659389,0.1424,False,0
CONCH,CRC,0.01,123,696,9,0.9981143801528888,0.9648116316104997,,,0.1923369472943369,0.1922611955044732,0.4241170365067204,0.0021496793124593,0.0031486596881646,0.1445333333333333,False,0
CONCH,CRC,0.01,456,696,9,0.9982086456804576,0.966475915727171,,,0.194207747193381,0.1941290504043445,0.4226285260643929,0.0050847451585679,0.003451905168148,0.1408,False,0
CONCH,CRC,0.05,42,3495,9,0.998775539953741,0.9740771082692444,,,0.0714689098784807,0.0714689098784807,0.5805848707372245,0.003441348488942,0.0036262619341989,0.1404666666666666,False,0
CONCH,CRC,0.05,123,3495,9,0.9986966820758444,0.973664048936588,,,0.0708697128042694,0.0708697128042694,0.5906302149012036,0.0034142283692971,0.0043158804230768,0.1398666666666666,False,0
CONCH,CRC,0.05,456,3495,9,0.9987260903011838,0.9727303346476376,,,0.0714536109262082,0.0714536109262082,0.5864482208272737,0.0035216539736578,0.0040326686611772,0.1398,False,0
CONCH,CRC,0.1,42,6996,9,0.998962163921958,0.9766797550945352,,,0.0467288567203503,0.046695115364329,0.6466172729906393,0.0035866740410149,0.0044156075407581,0.14,False,0
CONCH,CRC,0.1,123,6996,9,0.9988665513978846,0.9757855232910732,,,0.0460174842378418,0.0459151281102569,0.6533477699716479,0.0043536840718204,0.0034589754508687,0.1398666666666666,False,0
CONCH,CRC,0.1,456,6996,9,0.998951349846813,0.974935204457096,,,0.0467845893287142,0.0456251667537619,0.6478312599151319,0.0044682686818895,0.0029337806809914,0.1401333333333333,False,0
CONCH,CRC,0.25,42,17496,9,0.9991334873189937,0.979035484897252,,,0.0263856373707622,0.0256533668057576,0.7309220761736234,0.0036114612779108,0.0030884288388569,0.1405333333333333,False,0
CONCH,CRC,0.25,123,17496,9,0.9991373936137776,0.9792021445278464,,,0.0277546404266458,0.0274148226442614,0.711221478610587,0.0027811961115251,0.0030973824050081,0.1403333333333333,False,0
CONCH,CRC,0.25,456,17496,9,0.9991525521957708,0.9784533016273202,,,0.0270622373792024,0.0267089325383252,0.7194623151591909,0.0033085591119699,0.0031844241019115,0.1404666666666666,False,0
CONCH,CRC,0.5,42,34998,9,0.9993312555640146,0.9814165522957008,,,0.0189793210130928,0.0187610725223675,0.7568536623940897,0.0021986709297444,0.0024079534314067,0.1405333333333333,False,0
CONCH,CRC,0.5,123,34998,9,0.9993023207617304,0.9807426046811398,,,0.0194635502058076,0.018831111504966,0.7466108069664419,0.0029199014452226,0.0016407966719281,0.1407333333333333,False,0
CONCH,CRC,0.5,456,34998,9,0.9993216596974644,0.9804368654709104,,,0.0186268100423418,0.0176168651705367,0.7639718884114665,0.0021164283106019,0.0022851773799391,0.1403333333333333,False,0
CONCH,CRC,1.0,42,70000,9,0.9994136787146106,0.9828761845101572,,,0.0133047824909334,0.0129246774807313,0.7823339368359818,0.0019021640584426,0.0015364083554428,0.1407333333333333,False,0
CONCH,CRC,1.0,123,70000,9,0.9994136787146106,0.9828761845101572,,,0.0133047824909334,0.0129246774807313,0.7823339368359818,0.0019021640584426,0.0015364083554428,0.1407333333333333,False,0
CONCH,CRC,1.0,456,70000,9,0.9994136787146106,0.9828761845101572,,,0.0133047824909334,0.0129246774807313,0.7823339368359818,0.0019021640584426,0.0015364083554428,0.1407333333333333,False,0
CONCH,LungHist700,0.01,42,7,7,0.8481885209837342,0.3990236562852565,,,0.3270529408773485,0.3527107730287324,0.1000052749944835,0.1340308702223454,0.1564829148584321,0.3142857142857143,False,6
CONCH,LungHist700,0.01,123,7,7,0.8800150253678455,0.481524242150428,,,0.3395474501441415,0.3688999153260636,0.1000052749944835,0.1181743190440164,0.1452649744084498,0.2285714285714285,False,6
CONCH,LungHist700,0.01,456,7,7,0.8904432184524934,0.4369373546520058,,,0.3278263545205717,0.3506309534248291,0.1000052749944835,0.1257791604208022,0.1428355386477121,0.2476190476190476,False,6
CONCH,LungHist700,0.05,42,22,7,0.903348499662326,0.3879972060877876,,,0.2422435912324571,0.2620819140994003,0.2589210199607458,0.1222785586106199,0.1549630046071343,0.4476190476190476,False,0
CONCH,LungHist700,0.05,123,22,7,0.9332747361053614,0.4125169800361616,,,0.2701474665897555,0.2778613227194529,0.2548394651155474,0.1431010184104332,0.1981118889627995,0.4571428571428571,False,0
CONCH,LungHist700,0.05,456,22,7,0.9276110885764024,0.3806972789115646,,,0.2200944294913287,0.2288799919516279,0.2027350864051536,0.1328548091179761,0.1375930253643943,0.3809523809523809,False,0
CONCH,LungHist700,0.1,42,45,7,0.9269447716052984,0.5238355091819733,,,0.2959355544798407,0.2959355544798407,0.2728954236795642,0.1241947729864493,0.116132467603734,0.2761904761904762,False,0
CONCH,LungHist700,0.1,123,45,7,0.932046510567443,0.45453181272509,,,0.2384613678320484,0.2606610356981277,0.2614078513054498,0.1177482776133873,0.1043421294514015,0.2857142857142857,False,0
CONCH,LungHist700,0.1,456,45,7,0.9380575467407954,0.5524305268666171,,,0.2993224672693931,0.3144033525363768,0.2453986950219492,0.1478939370993731,0.173873850455265,0.2666666666666666,False,0
CONCH,LungHist700,0.25,42,118,7,0.9477576968976216,0.5211835783264355,,,0.1977904061139596,0.2065608756126499,0.3591178221213852,0.1158186914266839,0.1164625865795683,0.2285714285714285,False,0
CONCH,LungHist700,0.25,123,118,7,0.9469047056430768,0.6234522380380723,,,0.3011632737075461,0.3011632737075461,0.3304374682578802,0.1487887987916076,0.1254744631167362,0.2285714285714285,False,0
CONCH,LungHist700,0.25,456,118,7,0.9536334221440724,0.6243190473936598,,,0.282070314344714,0.2844780587616483,0.3285688810183005,0.1519286925221059,0.1390351310997891,0.2,False,0
CONCH,LungHist700,0.5,42,240,7,0.9583260318525092,0.6140000757984537,,,0.2330536608145987,0.2237417043477217,0.4588711450301542,0.130451364584408,0.1321199016158965,0.2285714285714285,False,0
CONCH,LungHist700,0.5,123,240,7,0.9596297040315932,0.668324657798342,,,0.255352736033996,0.255352736033996,0.3995415045677802,0.0894794814735045,0.0989794887873445,0.238095238095238,False,0
CONCH,LungHist700,0.5,456,240,7,0.9633706554102004,0.621317948687612,,,0.2260998208165131,0.2397074168367557,0.4179184659877622,0.1017568943931276,0.0853886256084553,0.219047619047619,False,0
CONCH,LungHist700,1.0,42,483,7,0.971386775329594,0.7006370321407915,,,0.2083645176047342,0.2263070668987901,0.4784500567645333,0.1038036298228543,0.0944560613303593,0.238095238095238,False,0
CONCH,LungHist700,1.0,123,483,7,0.971386775329594,0.7006370321407915,,,0.2083645176047342,0.2263070668987901,0.4784500567645333,0.1038036298228543,0.0944560613303593,0.238095238095238,False,0
CONCH,LungHist700,1.0,456,483,7,0.971386775329594,0.7006370321407915,,,0.2083645176047342,0.2263070668987901,0.4784500567645333,0.1038036298228543,0.0944560613303593,0.238095238095238,False,0
CONCH,MHIST,0.01,42,18,2,0.6934539888348641,0.3870765370138017,0.0,0.2334580573801568,0.1493118791130648,0.1520339856749507,2.260303966311197,0.0929938476610558,0.1427966986291253,1.0,True,0
CONCH,MHIST,0.01,123,18,2,0.6089951377633711,0.3870765370138017,0.0,0.2390561595942903,0.1066909899030597,0.1320607422406189,2.5924951814850807,0.074796093785446,0.098223028369546,1.0,True,0
CONCH,MHIST,0.01,456,18,2,0.6123716909778498,0.3870765370138017,0.0,0.2318615721497598,0.099963037306268,0.0983480840368057,2.1680102412805597,0.0902767439967468,0.0893355201813375,1.0,True,0
CONCH,MHIST,0.05,42,92,2,0.7794075274626328,0.3870765370138017,0.0,0.2193080163740664,0.1778020485271864,0.1800175737948716,1.921849159510677,0.1835429505904934,0.181627747225814,1.0,True,0
CONCH,MHIST,0.05,123,92,2,0.7319737079056365,0.3870765370138017,0.0,0.215896004987379,0.1353441379043333,0.1374388889320167,1.9555653259684704,0.1393351466469693,0.1386588506354228,1.0,True,0
CONCH,MHIST,0.05,456,92,2,0.7020349360705924,0.3870765370138017,0.0,0.219320561474061,0.1089297244779752,0.119860038494256,2.015753703604537,0.1092622118448945,0.1192052528966034,1.0,True,0
CONCH,MHIST,0.1,42,184,2,0.8096074194129299,0.3960708738721423,0.0165289256198347,0.2055385779373836,0.167049434428628,0.1711482097173607,1.8185922365473848,0.1721731740385396,0.1735221317217893,0.9969293756397134,True,0
CONCH,MHIST,0.1,123,184,2,0.7694174320187286,0.3926875174232468,0.0110192837465564,0.2051761374510299,0.1295000371581978,0.1339951161442078,1.7781297556196516,0.1337783277310616,0.1363246970019417,0.9969293756397134,True,0
CONCH,MHIST,0.1,456,184,2,0.7822033135242211,0.4040723175612698,0.0326086956521739,0.1996047219352572,0.1098706636766931,0.1193125109294558,1.8536410315711616,0.1035950401382472,0.119142155953228,0.9918116683725692,True,0
CONCH,MHIST,0.25,42,461,2,0.825036016567621,0.5321889439536498,0.2760180995475113,0.1836704559951833,0.1299500369108734,0.1367493657241068,1.80581025221704,0.1216924446205219,0.1322825990802841,0.9160696008188332,False,0
CONCH,MHIST,0.25,123,461,2,0.8144876643255897,0.5252028829410752,0.259860788863109,0.1862016047834224,0.1121110837021696,0.1212911775823649,1.731640491176473,0.1236136736657909,0.1175869938396067,0.9273285568065508,False,0
CONCH,MHIST,0.25,456,461,2,0.8159643435980551,0.5547415565541269,0.3131991051454139,0.1851828543552801,0.1132569072393395,0.1188836912081752,1.729841151453975,0.1126606051536424,0.1125513122490516,0.9109518935516888,False,0
CONCH,MHIST,0.5,42,924,2,0.8321808031694581,0.620791150499725,0.4418604651162791,0.1738241000774108,0.1090356990706834,0.1083541398485535,1.7873999384640034,0.0975904996386846,0.1009663422196272,0.8403275332650972,False,0
CONCH,MHIST,0.5,123,924,2,0.8373401764811814,0.625975842528675,0.4483430799220272,0.173165517517791,0.1151436150313283,0.1151910241814558,1.6941777586125333,0.1029228383428426,0.1048636512703844,0.8433981576253838,False,0
CONCH,MHIST,0.5,456,924,2,0.838290113452188,0.6348974608655586,0.4644913627639155,0.1716889340322095,0.1022848256248848,0.1151957555708405,1.746268006434379,0.1045601660003285,0.1066110309468477,0.8352098259979529,False,0
CONCH,MHIST,1.0,42,1849,2,0.8509814514676751,0.7128424785987385,0.6023294509151415,0.1614328003666555,0.0917423345736239,0.0917251962606026,1.75578790544987,0.0853360111669012,0.0813599497051226,0.7533265097236438,False,0
CONCH,MHIST,1.0,123,1849,2,0.8509814514676751,0.7128424785987385,0.6023294509151415,0.1614328003666555,0.0917423345736239,0.0917251962606026,1.75578790544987,0.0853360111669012,0.0813599497051226,0.7533265097236438,False,0
CONCH,MHIST,1.0,456,1849,2,0.8509814514676751,0.7128424785987385,0.6023294509151415,0.1614328003666555,0.0917423345736239,0.0917251962606026,1.75578790544987,0.0853360111669012,0.0813599497051226,0.7533265097236438,False,0
CONCH,PCam,0.01,42,2620,2,0.9560775006107892,0.8886018378991238,0.884780685121982,0.0845228950735792,0.0514064825035752,0.0503152765328129,1.4346455682579264,0.0254618498769068,0.0254618498769069,0.534088134765625,False,0
CONCH,PCam,0.01,123,2620,2,0.9532504406171723,0.8826814233906508,0.8779339736657974,0.0873784812858854,0.0494795072346486,0.0487595955371727,1.463710703780501,0.0337658706151431,0.0337658706151432,0.540252685546875,False,0
CONCH,PCam,0.01,456,2620,2,0.9559951195260914,0.8875191798883781,0.8834720947165152,0.0854878698280366,0.054794651263655,0.0549563096552371,1.511743844686532,0.0293108934928194,0.0308038585057203,0.5357666015625,False,0
CONCH,PCam,0.05,42,13106,2,0.9576468092377992,0.8891247343611484,0.8838699343264457,0.081615992791742,0.0369706320438566,0.0368504461520701,1.672428356565378,0.0356826073916453,0.0356826073916453,0.54718017578125,False,0
CONCH,PCam,0.05,123,13106,2,0.9597688318367033,0.890760303188036,0.8854163324241938,0.0799947844861461,0.0385045154826927,0.0389017670030202,1.723996987776682,0.0370321684582893,0.0370321684582893,0.5487060546875,False,0
CONCH,PCam,0.05,456,13106,2,0.9602243119887685,0.8928124970062317,0.8882656638409077,0.0787788808479763,0.0361816136653981,0.0358530733402812,1.6880317829440894,0.0310478003691699,0.0311445143362113,0.542205810546875,False,0
CONCH,PCam,0.1,42,26214,2,0.9591148160272316,0.8912670333040662,0.8861270380217176,0.0796463403870608,0.0331550856919686,0.0346566406516518,1.8086826310028803,0.035363160568844,0.0355391990406435,0.54705810546875,False,0
CONCH,PCam,0.1,123,26214,2,0.9593728855597652,0.8910082814044298,0.8857097032878909,0.0798307624984173,0.0349787486492295,0.0357093355070442,1.8516513023444623,0.036668499566761,0.0367404640316561,0.54840087890625,False,0
CONCH,PCam,0.1,456,26214,2,0.9611107710541328,0.8931839035263494,0.8883561862754499,0.0777221176930043,0.0322592614235556,0.0333020103773493,1.7898661852714133,0.0326666672164096,0.0329478931899482,0.54498291015625,False,0
CONCH,PCam,0.25,42,65536,2,0.9643023693964484,0.89653020001193,0.8916642648989657,0.0746208590269424,0.0341821611702012,0.0349429227159087,1.913393746228165,0.0346527904388564,0.0353325378039688,0.54681396484375,False,0
CONCH,PCam,0.25,123,65536,2,0.962505613128748,0.894475187002765,0.8894514227121251,0.0763233333855364,0.0340938166236868,0.0351520416191821,1.9299207596275847,0.0348809728735424,0.0354822001458069,0.547393798828125,False,0
CONCH,PCam,0.25,456,65536,2,0.9631755694583168,0.8946531540756237,0.8895799935876884,0.0759560208749125,0.0346458489297392,0.0357472741731531,1.9264763958788091,0.0354404399417978,0.0356103593221517,0.547943115234375,False,0
CONCH,PCam,0.5,42,131072,2,0.964730420231039,0.8963537420834322,0.8912359550561798,0.0743054919167492,0.0354724439431954,0.0357455871469189,2.019430963781099,0.0352549178058317,0.0356469543190353,0.549163818359375,False,0
CONCH,PCam,0.5,123,131072,2,0.965105408020932,0.8978870386014639,0.8928823567165137,0.0739779051127224,0.0353370710197357,0.0357496051124426,1.980051474144349,0.0355596692011835,0.0358211347892588,0.548797607421875,False,0
CONCH,PCam,0.5,456,131072,2,0.9656282228074332,0.8987270612703668,0.8939088083565638,0.0732532014305724,0.0342480372875864,0.0353355248482843,1.9665985740525895,0.0346226020316326,0.0351482906765808,0.54736328125,False,0
CONCH,PCam,1.0,42,262144,2,0.965720330626876,0.8983981716002114,0.8933286223621237,0.0735313189255878,0.0381210417352446,0.0383886756702097,2.0890805392965466,0.0371321575934106,0.0372814757295132,0.5496826171875,False,0
CONCH,PCam,1.0,123,262144,2,0.965720330626876,0.8983981716002114,0.8933286223621237,0.0735313189255878,0.0381210417352446,0.0383886756702097,2.0890805392965466,0.0371321575934106,0.0372814757295132,0.5496826171875,False,0
CONCH,PCam,1.0,456,262144,2,0.965720330626876,0.8983981716002114,0.8933286223621237,0.0735313189255878,0.0381210417352446,0.0383886756702097,2.0890805392965466,0.0371321575934106,0.0372814757295132,0.5496826171875,False,0
CONCH,SPIDER-Breast,0.01,42,682,18,0.9656901899412544,0.621272121106781,,,0.3090066218492288,0.3090066218492288,0.3885756889980656,0.0413085591942723,0.0422226305077793,0.1139272062489612,False,0
CONCH,SPIDER-Breast,0.01,123,682,18,0.9649463453577088,0.6139111542634711,,,0.3218814386720248,0.3218814386720249,0.3674810108563393,0.0399152980609262,0.0404337097636514,0.1179159049360146,False,0
CONCH,SPIDER-Breast,0.01,456,682,18,0.9666395197700688,0.5965692532423219,,,0.3168674751323208,0.3168674751323208,0.3825810632127445,0.0420711067295258,0.0419181645023547,0.105201927871032,False,0
CONCH,SPIDER-Breast,0.05,42,3431,18,0.9778410017038968,0.7099180140457322,,,0.1823410303402123,0.1823200081165367,0.5201814489104938,0.0249327548155535,0.0246073113429816,0.1202426458367957,False,0
CONCH,SPIDER-Breast,0.05,123,3431,18,0.9776986130858452,0.7037628984587321,,,0.1797276041065574,0.1797276041065573,0.5218737487180785,0.0241903514166103,0.024477983917302,0.1205750373940501,False,0
CONCH,SPIDER-Breast,0.05,456,3431,18,0.9785545756003776,0.7199187747430404,,,0.196462725086201,0.1964410184916203,0.5075350815957641,0.0193887973876078,0.0199921357342887,0.1192454711650324,False,0
CONCH,SPIDER-Breast,0.1,42,6868,18,0.9820708352997626,0.7402339978619005,,,0.1424538410738866,0.1424538410738866,0.5701459935479032,0.0204364354770815,0.0195792288055158,0.1210736247299318,False,0
CONCH,SPIDER-Breast,0.1,123,6868,18,0.981357490089557,0.7274738777508203,,,0.131971956035559,0.131971956035559,0.577270731424286,0.0254127882675562,0.0260835673617849,0.1195778627222868,False,0
CONCH,SPIDER-Breast,0.1,456,6868,18,0.9817687678774794,0.7375900533426654,,,0.140252331412691,0.1402309853677225,0.5701879853129439,0.0210875059025589,0.02104329562115,0.1201595479474821,False,0
CONCH,SPIDER-Breast,0.25,42,17176,18,0.9850186821521414,0.7596975156975494,,,0.0918369963989048,0.0918369963989048,0.6378381263538803,0.0209767709501623,0.0206606782009245,0.1211567226192454,False,0
CONCH,SPIDER-Breast,0.25,123,17176,18,0.9849036526970696,0.7551757434290806,,,0.0909197351245523,0.0906561573557394,0.6360706417991389,0.0246020732640844,0.024094164998115,0.1199102542795413,False,0
CONCH,SPIDER-Breast,0.25,456,17176,18,0.985037795819693,0.7594278489784566,,,0.0929103633933474,0.0929103633933474,0.636514574843128,0.0207955585377013,0.0211554889851961,0.1214891141764999,False,0
CONCH,SPIDER-Breast,0.5,42,34361,18,0.986789791241404,0.7726650175694321,,,0.0661024692266404,0.0658463670174246,0.6781075797908223,0.0222576475497984,0.0224826105684404,0.120824331061991,False,0
CONCH,SPIDER-Breast,0.5,123,34361,18,0.9869111482347068,0.7758267874707161,,,0.068221969159547,0.0681260715151445,0.6757743958784793,0.0230453013507069,0.0224960885928216,0.1215722120658135,False,0
CONCH,SPIDER-Breast,0.5,456,34361,18,0.9870581855959808,0.7752582751489518,,,0.068094692438463,0.068094692438463,0.6747884354764315,0.0212882531118772,0.0209757044030979,0.1220707994016952,False,0
CONCH,SPIDER-Breast,1.0,42,68730,18,0.9883801724238772,0.7828783075707056,,,0.0458057197914103,0.0457748895698497,0.7085802315771206,0.0252617854003053,0.0255746184981318,0.1224031909589496,False,0
CONCH,SPIDER-Breast,1.0,123,68730,18,0.9883801724238772,0.7828783075707056,,,0.0458057197914103,0.0457748895698497,0.7085802315771206,0.0252617854003053,0.0255746184981318,0.1224031909589496,False,0
CONCH,SPIDER-Breast,1.0,456,68730,18,0.9883801724238772,0.7828783075707056,,,0.0458057197914103,0.0457748895698497,0.7085802315771206,0.0252617854003053,0.0255746184981318,0.1224031909589496,False,0
GigaPath,BRACS,0.01,42,33,7,0.7262489825257087,0.2536490250295848,,,0.1005897288020346,0.1357168314005638,1.0006263349108089,0.0994791937321588,0.1357337113034045,0.4929824561403508,False,0
GigaPath,BRACS,0.01,123,33,7,0.7449791680156584,0.1945372144094559,,,0.0221002683069252,0.0659346364663505,1.0808227146489164,0.0346561267027536,0.0662348071808785,0.4684210526315789,False,0
GigaPath,BRACS,0.01,456,33,7,0.7741843547332466,0.3078244342789486,,,0.1278630144327419,0.1444910791281855,0.8458958243763202,0.1139220496602904,0.1246162719435729,0.4385964912280701,False,0
GigaPath,BRACS,0.05,42,180,7,0.8329418827057491,0.419773332482219,,,0.1143231614157516,0.1143231614157516,0.5921255329462491,0.0567102211487702,0.0604188773713884,0.312280701754386,False,0
GigaPath,BRACS,0.05,123,180,7,0.8286769244165944,0.4331965718387081,,,0.1105543148813182,0.1086140089493642,0.6419303030041322,0.0321081575361078,0.0469704385273645,0.2894736842105263,False,0
GigaPath,BRACS,0.05,456,180,7,0.8493548626424013,0.4478425498390013,,,0.1413839517725005,0.1413839517725005,0.6053943245198675,0.055424584655127,0.0569507415069596,0.2754385964912281,False,0
GigaPath,BRACS,0.1,42,362,7,0.8509058233103592,0.518263585270626,,,0.1372424634034519,0.1397983417702834,0.623859858059267,0.0598142955804297,0.0484979754478623,0.231578947368421,False,0
GigaPath,BRACS,0.1,123,362,7,0.8565256348189635,0.5364992881578551,,,0.147931179116007,0.1543466327613816,0.6217487055686836,0.051298946198642,0.0725699221267268,0.2105263157894736,False,0
GigaPath,BRACS,0.1,456,362,7,0.8672838044262859,0.5058149447570142,,,0.1534421917395605,0.1406089956642239,0.6058943162901314,0.0683389897030391,0.0727709015505238,0.2543859649122807,False,0
GigaPath,BRACS,0.25,42,912,7,0.8786627877404892,0.5577836145808737,,,0.1310846044487228,0.1334789558743332,0.6906161456445188,0.0731031934944279,0.0832222247817809,0.1947368421052631,False,0
GigaPath,BRACS,0.25,123,912,7,0.8855491173145628,0.585294677677579,,,0.1242962790154633,0.1268397782389947,0.6574528850675174,0.0494452177539878,0.056555477489639,0.2017543859649122,False,0
GigaPath,BRACS,0.25,456,912,7,0.8770174469284674,0.571993172467781,,,0.1205300415610203,0.1164907260554363,0.6653102583978213,0.0466054706211597,0.0595953519720921,0.2122807017543859,False,0
GigaPath,BRACS,0.5,42,1826,7,0.8922633515724773,0.5926769952202261,,,0.0720440916460373,0.0891822282259639,0.7298434162323925,0.0441752069114941,0.0884807317697637,0.1894736842105263,False,0
GigaPath,BRACS,0.5,123,1826,7,0.8925221662508608,0.5904579574691613,,,0.099125246596571,0.0978869587825123,0.7161683404951348,0.0528147126994081,0.0641108563721546,0.1947368421052631,False,0
GigaPath,BRACS,0.5,456,1826,7,0.8885304463535636,0.5798192978183286,,,0.0836530878139017,0.0864485479344259,0.7267890194776673,0.0485961592944693,0.0586843630733992,0.2,False,0
GigaPath,BRACS,1.0,42,3657,7,0.8982040556571903,0.6049751109795717,,,0.0660298730265227,0.0693042142903233,0.7751704736543098,0.0617059220331952,0.0563657110712193,0.1912280701754386,False,0
GigaPath,BRACS,1.0,123,3657,7,0.8982040556571903,0.6049751109795717,,,0.0660298730265227,0.0693042142903233,0.7751704736543098,0.0617059220331952,0.0563657110712193,0.1912280701754386,False,0
GigaPath,BRACS,1.0,456,3657,7,0.8982040556571903,0.6049751109795717,,,0.0660298730265227,0.0693042142903233,0.7751704736543098,0.0617059220331952,0.0563657110712193,0.1912280701754386,False,0
GigaPath,CRC,0.01,42,696,9,0.9992411237469958,0.9801410552659244,,,0.23818790093276,0.23818790093276,0.3329309440165454,0.0033603693358082,0.0040698015794691,0.1462666666666666,False,0
GigaPath,CRC,0.01,123,696,9,0.999368912244798,0.9817946043692294,,,0.2440093797409862,0.2440093797409862,0.3226537414522378,0.002423164608184,0.0024419432784052,0.1424,False,0
GigaPath,CRC,0.01,456,696,9,0.9992427376794027,0.978232143467364,,,0.2398568905120992,0.2398568905120992,0.3285732678369625,0.0026767658879165,0.0019864609906878,0.1408666666666666,False,0
GigaPath,CRC,0.05,42,3495,9,0.9994859650517636,0.9870497796318132,,,0.0833681391901931,0.0833681391901931,0.4842458587371897,0.0025780864970922,0.0019876746645017,0.1423333333333333,False,0
GigaPath,CRC,0.05,123,3495,9,0.9995505438942218,0.9870644722319544,,,0.0835524868586469,0.0835524868586469,0.4933220815886908,0.0015229379517177,0.001989875905178,0.1413333333333333,False,0
GigaPath,CRC,0.05,456,3495,9,0.9995436594000632,0.9868170755558768,,,0.0862669496248635,0.0862669496248635,0.4719522981607436,0.0021374337709599,0.0028949955530323,0.1414,False,0
GigaPath,CRC,0.1,42,6996,9,0.9995958209136035,0.9892657466803684,,,0.0528494489177816,0.0528494489177816,0.5427367881666573,0.0014965958842455,0.002393549465724,0.1416666666666666,False,0
GigaPath,CRC,0.1,123,6996,9,0.999658955419979,0.9888302292897426,,,0.0526180201494802,0.0525840374362295,0.5412278159411181,0.0014583264903748,0.0010955914160931,0.1413333333333333,False,0
GigaPath,CRC,0.1,456,6996,9,0.9996049425503506,0.9885940927336302,,,0.0530661503180924,0.0530661503180923,0.5337787874361382,0.0022546907436647,0.0010832930591524,0.1414,False,0
GigaPath,CRC,0.25,42,17496,9,0.999757675183198,0.9902934355836944,,,0.0273529084241089,0.0272023007420025,0.6104651428183904,0.0015202121175552,0.00067285697228,0.1418,False,0
GigaPath,CRC,0.25,123,17496,9,0.9997901938574408,0.9913305585317906,,,0.0283774469807024,0.0281526018985305,0.5915908118668042,0.0015725813589623,0.0005681185620011,0.1412666666666666,False,0
GigaPath,CRC,0.25,456,17496,9,0.99979866677874,0.9906995970593888,,,0.0273727317657357,0.0273727317657356,0.6027225431351361,0.0015138884996015,0.0009519458677888,0.1418666666666666,False,0
GigaPath,CRC,0.5,42,34998,9,0.9998659909874936,0.9920690846396004,,,0.0180697462113287,0.0178060916924724,0.6230998945588291,0.0012904045114824,0.0008963478979737,0.1414,False,0
GigaPath,CRC,0.5,123,34998,9,0.9998453027909564,0.9921496088396182,,,0.0176092953300211,0.0174167280180293,0.6280597613691932,0.0020066152049032,0.0013171114042807,0.1414,False,0
GigaPath,CRC,0.5,456,34998,9,0.9998563597786004,0.9919928360718456,,,0.01776827924555,0.0172678202034844,0.6371801261450717,0.0014580993143002,0.001122457299926,0.1415333333333333,False,0
GigaPath,CRC,1.0,42,70000,9,0.9999000489102976,0.9938646935718864,,,0.0111792491175771,0.0111061298267115,0.6547001447651097,0.0019687082643124,0.000833527562525,0.1416,False,0
GigaPath,CRC,1.0,123,70000,9,0.9999000489102976,0.9938646935718864,,,0.0111792491175771,0.0111061298267115,0.6547001447651097,0.0019687082643124,0.000833527562525,0.1416,False,0
GigaPath,CRC,1.0,456,70000,9,0.9999000489102976,0.9938646935718864,,,0.0111792491175771,0.0111061298267115,0.6547001447651097,0.0019687082643124,0.000833527562525,0.1416,False,0
GigaPath,LungHist700,0.01,42,7,7,0.6600650738628632,0.3290599122376321,,,0.2065705699153837,0.2162565047568526,0.3285787926449062,0.130629412627094,0.1646949845744566,0.3619047619047619,False,6
GigaPath,LungHist700,0.01,123,7,7,0.6161440051977788,0.2445003200642298,,,0.1314391325066481,0.1771016904295728,0.1957783821021869,0.0563132068340049,0.1271041645504302,0.2761904761904762,False,6
GigaPath,LungHist700,0.01,456,7,7,0.6894466644292099,0.3682392957182873,,,0.2208098520055324,0.2335824072120505,0.2193364857823843,0.1565828975189586,0.1712531657883151,0.2857142857142857,False,6
GigaPath,LungHist700,0.05,42,22,7,0.7344938715773056,0.1587301587301587,,,0.0843887642178709,0.1930218896728762,0.4993749956462556,0.1990287916585384,0.2139606616236662,0.923809523809524,False,0
GigaPath,LungHist700,0.05,123,22,7,0.7491953633600653,0.1402930402930403,,,0.1833278205536251,0.20238790533896,0.5096837716999193,0.2237330780296321,0.2204741173230666,0.8,False,0
GigaPath,LungHist700,0.05,456,22,7,0.8302389886004171,0.1854874058036916,,,0.0923717971769785,0.2097040794692624,0.3522930753532126,0.1485076277229878,0.1949853150556434,0.7333333333333333,False,0
GigaPath,LungHist700,0.1,42,45,7,0.8264188718394152,0.2816392832792941,,,0.1026367433972973,0.1632215947056673,0.413730201459484,0.1725172056378716,0.1745871917128627,0.6952380952380952,False,0
GigaPath,LungHist700,0.1,123,45,7,0.8382516586033455,0.2476451497407112,,,0.1544916238556542,0.2140075272388104,0.4053363745171692,0.1575877499403069,0.1709084032596519,0.6952380952380952,False,0
GigaPath,LungHist700,0.1,456,45,7,0.8470522161209454,0.2932178668635422,,,0.1993120126538012,0.2478492368042549,0.3493619270595086,0.1660529115627857,0.1739696296998198,0.5047619047619047,False,0
GigaPath,LungHist700,0.25,42,118,7,0.8860477271913609,0.4454512612407349,,,0.2219900863452319,0.2561278306293398,0.3542406214190216,0.096114698787437,0.1152706952879582,0.3809523809523809,False,0
GigaPath,LungHist700,0.25,123,118,7,0.9143863455628468,0.5229568062080377,,,0.3132322981037109,0.3291588542598027,0.3193798369278836,0.1496074094961922,0.1559952562609001,0.3619047619047619,False,0
GigaPath,LungHist700,0.25,456,118,7,0.9329590056103744,0.5237962054895693,,,0.2898256248068862,0.3237297865683436,0.28715067828371,0.1409620669794211,0.1638441304123817,0.3238095238095238,False,0
GigaPath,LungHist700,0.5,42,240,7,0.925391472949805,0.6112662314342987,,,0.3037633176921508,0.3010840587576934,0.3787738210691302,0.0948973866627816,0.1000648232529941,0.2952380952380952,False,0
GigaPath,LungHist700,0.5,123,240,7,0.9382178154297544,0.632906495931706,,,0.3220810542891182,0.3173972810714318,0.3386136571395855,0.1457926119127707,0.1727110973875481,0.2952380952380952,False,0
GigaPath,LungHist700,0.5,456,240,7,0.9488037225594074,0.6537399515790873,,,0.3300570185125437,0.3349261441053169,0.3553026065596994,0.0993196151297527,0.09406757632194,0.2761904761904762,False,0
GigaPath,LungHist700,1.0,42,483,7,0.96452289514029,0.7248092894377723,,,0.3120928906883917,0.3083313098293321,0.3939907466194267,0.0783625733071142,0.1060164086955327,0.2476190476190476,False,0
GigaPath,LungHist700,1.0,123,483,7,0.96452289514029,0.7248092894377723,,,0.3120928906883917,0.3083313098293321,0.3939907466194267,0.0783625733071142,0.1060164086955327,0.2476190476190476,False,0
GigaPath,LungHist700,1.0,456,483,7,0.96452289514029,0.7248092894377723,,,0.3120928906883917,0.3083313098293321,0.3939907466194267,0.0783625733071142,0.1060164086955327,0.2476190476190476,False,0
GigaPath,MHIST,0.01,42,18,2,0.6828741220961643,0.3870765370138017,0.0,0.23269777870682,0.141608881987619,0.1541194849288185,2.2657321378776074,0.0769554538686942,0.1481275551744333,1.0,True,0
GigaPath,MHIST,0.01,123,18,2,0.6579866738699801,0.3870765370138017,0.0,0.2383156342271091,0.1059798170623536,0.1583886454652827,2.472886554119296,0.077175349451588,0.1361752112683699,1.0,True,0
GigaPath,MHIST,0.01,456,18,2,0.6680307941653161,0.3870765370138017,0.0,0.2258671511709362,0.1131697544247407,0.1129091013357224,2.1691771812426937,0.1053968939481261,0.1079856028248772,1.0,True,0
GigaPath,MHIST,0.05,42,92,2,0.7764631730596074,0.3870765370138017,0.0,0.2088549792810844,0.1375432760432782,0.1348182146181196,1.8003083879161144,0.1220877822110997,0.1316096443029593,1.0,True,0
GigaPath,MHIST,0.05,123,92,2,0.7792499549792905,0.3870765370138017,0.0,0.2059344379864774,0.1188671592597661,0.1248428662162873,1.8057151793363777,0.1175238851602245,0.122233311234508,1.0,True,0
GigaPath,MHIST,0.05,456,92,2,0.8278948316225463,0.3870765370138017,0.0,0.2133865532966968,0.1706223303686755,0.1906206853791151,1.8666712946463808,0.166208349469094,0.1915228430745643,1.0,True,0
GigaPath,MHIST,0.1,42,184,2,0.8454979290473617,0.4156301401519786,0.053763440860215,0.1901584091527541,0.159735419198685,0.1631258117333041,1.5917477979652768,0.1405326820291822,0.1528239283310259,0.9877175025588536,False,0
GigaPath,MHIST,0.1,123,184,2,0.8240815775256618,0.4231955043404106,0.0689655172413793,0.1925088932896388,0.1410031585623644,0.1399437642442049,1.6299160528794991,0.1215697465365399,0.1286979401352338,0.9825997952917092,False,0
GigaPath,MHIST,0.1,456,184,2,0.8392535566360526,0.395663141889557,0.0164835164835164,0.1929906519752705,0.145061495401419,0.1574223883447154,1.593777389304023,0.148052704136175,0.1505011104203696,0.9959058341862844,True,0
GigaPath,MHIST,0.25,42,461,2,0.8654826220061229,0.674822400443067,0.5247148288973384,0.1666466251347549,0.1240217992748165,0.1322422077483857,1.4529383831310398,0.1078485913892754,0.1064489050266688,0.8300921187308086,False,0
GigaPath,MHIST,0.25,123,461,2,0.8461147127678732,0.6480039401688066,0.4815533980582524,0.1707603902729671,0.1096575408288132,0.1068671094892009,1.4334578476996525,0.0985923388331595,0.1018097959435551,0.8413510747185261,False,0
GigaPath,MHIST,0.25,456,461,2,0.8469340896812534,0.6193051210459627,0.4279835390946502,0.1748564938221342,0.1201554088001044,0.1201492629632995,1.3690659871012003,0.1224186861735525,0.1221476900244678,0.8710337768679631,False,0
GigaPath,MHIST,0.5,42,924,2,0.8671393841166938,0.7344347688566881,0.6308724832214765,0.1556571874874159,0.100402654416612,0.0991283275576535,1.3829631899534942,0.0702676723710875,0.078654812197677,0.7584442169907881,False,0
GigaPath,MHIST,0.5,123,924,2,0.8691202953358546,0.7479186734553461,0.6511627906976745,0.1529768969477447,0.0931125375112059,0.0938029073234959,1.4106894081242851,0.0659138088251959,0.0677823740130676,0.7523029682702149,False,0
GigaPath,MHIST,0.5,456,924,2,0.8676121015667206,0.7107946322852257,0.5909090909090909,0.1568022164046736,0.0995315890050957,0.1021439902054894,1.3567874098916402,0.0870776014083282,0.0852015107112857,0.7830092118730808,False,0
GigaPath,MHIST,1.0,42,1849,2,0.8868359445344859,0.7845976956995875,0.7111801242236024,0.1408570818401541,0.0826854753853331,0.0830591991494855,1.3553410237485164,0.0536220758280102,0.057685627998042,0.7093142272262026,False,0
GigaPath,MHIST,1.0,123,1849,2,0.8868359445344859,0.7845976956995875,0.7111801242236024,0.1408570818401541,0.0826854753853331,0.0830591991494855,1.3553410237485164,0.0536220758280102,0.057685627998042,0.7093142272262026,False,0
GigaPath,MHIST,1.0,456,1849,2,0.8868359445344859,0.7845976956995875,0.7111801242236024,0.1408570818401541,0.0826854753853331,0.0830591991494855,1.3553410237485164,0.0536220758280102,0.057685627998042,0.7093142272262026,False,0
GigaPath,PCam,0.01,42,2620,2,0.9822383602324114,0.9398914622028588,0.9373086734693876,0.0510327271164438,0.0712207531495542,0.0689087988084203,1.3679951493503582,0.0292449745624078,0.0310284127143317,0.542755126953125,False,0
GigaPath,PCam,0.01,123,2620,2,0.9816753719079988,0.9345728960887048,0.9314401102599442,0.0529760120835916,0.0715944314231363,0.070875097864225,1.4735269401287865,0.0372941174814539,0.0379689340613785,0.54766845703125,False,0
GigaPath,PCam,0.01,456,2620,2,0.9808170127124848,0.9345759467030336,0.9314752522825565,0.0530856261437577,0.0709985706731862,0.0700845162717142,1.4631533949243978,0.0359205342582215,0.0365791575314948,0.54718017578125,False,0
GigaPath,PCam,0.05,42,13106,2,0.9838811092457712,0.9411479154950668,0.9386532394276428,0.0453430749038263,0.0383800917394337,0.0380794746898284,1.9087077461040212,0.034448705980112,0.0343217973108698,0.54217529296875,False,0
GigaPath,PCam,0.05,123,13106,2,0.984242421492482,0.940002449145652,0.9372962607861935,0.0462049315003591,0.0410318985896999,0.0417995037834299,1.9730779636908455,0.0403664450490148,0.0406982251595956,0.544891357421875,False,0
GigaPath,PCam,0.05,456,13106,2,0.9844820508346726,0.9411506432445896,0.938688409720674,0.0446519946052866,0.0362558795914065,0.035814251024114,1.9712333285545276,0.0350868309617865,0.0346064292128193,0.5416259765625,False,0
GigaPath,PCam,0.1,42,26214,2,0.9839607634174729,0.9401965730603408,0.9376195943360124,0.0453729131637104,0.0309946406842521,0.0319933858295293,2.174124200296857,0.0362748298376987,0.036610580079477,0.542877197265625,False,0
GigaPath,PCam,0.1,123,26214,2,0.9832995428952488,0.936227975370156,0.9332094691994748,0.0475991928037002,0.0332324193952613,0.0335877474047993,2.202107109101408,0.0372600993891088,0.0374181164352496,0.547119140625,False,0
GigaPath,PCam,0.1,456,26214,2,0.9841046192538976,0.9385315483638488,0.9357252494244052,0.046402364618489,0.0327732097980727,0.0338081752770014,2.1399008317872297,0.035798566235316,0.036941489156394,0.545440673828125,False,0
GigaPath,PCam,0.25,42,65536,2,0.9827831505103944,0.9368140080305892,0.9338753040583792,0.0483943867937106,0.0357211147870909,0.0360683401353954,2.423494815387598,0.0362248384760942,0.0370847684691088,0.546295166015625,False,0
GigaPath,PCam,0.25,123,65536,2,0.9825680373081334,0.9358320233366798,0.932812399923141,0.0489389543257485,0.035137617308051,0.0355458742930632,2.4473574060286656,0.0362296740463514,0.036794084271224,0.546844482421875,False,0
GigaPath,PCam,0.25,456,65536,2,0.9832506037476644,0.9377353887893728,0.9348813407535342,0.0480909135944149,0.0343959131724721,0.0347284358245919,2.432401839617558,0.0362151123099132,0.037240748057143,0.545623779296875,False,0
GigaPath,PCam,0.5,42,131072,2,0.982780479476763,0.9365729232668843,0.9336617195496416,0.0492923735729418,0.0370408755735903,0.0374305793948985,2.632870485223898,0.0370486421468519,0.037494124763046,0.545684814453125,False,0
GigaPath,PCam,0.5,123,131072,2,0.980036616406568,0.9332183091593936,0.9299309902102392,0.0526741776460621,0.040181018537024,0.0406677213584957,2.633345465539522,0.0368983380301968,0.0377312167800613,0.54901123046875,False,0
GigaPath,PCam,0.5,456,131072,2,0.98100347470183,0.931826783880618,0.9283232531205764,0.0522784277301103,0.0399335339623793,0.0404289488370444,2.6492321418759053,0.0384709943031622,0.0384888726377921,0.551177978515625,False,0
GigaPath,PCam,1.0,42,262144,2,0.9799245745550996,0.934263533141838,0.9310798242519484,0.0529309781827692,0.0417297225036032,0.0421543449135346,2.802328694211797,0.0387921949586577,0.0393980535794571,0.5482177734375,False,0
GigaPath,PCam,1.0,123,262144,2,0.9799245745550996,0.934263533141838,0.9310798242519484,0.0529309781827692,0.0417297225036032,0.0421543449135346,2.802328694211797,0.0387921949586577,0.0393980535794571,0.5482177734375,False,0
GigaPath,PCam,1.0,456,262144,2,0.9799245745550996,0.934263533141838,0.9310798242519484,0.0529309781827692,0.0417297225036032,0.0421543449135346,2.802328694211797,0.0387921949586577,0.0393980535794571,0.5482177734375,False,0
GigaPath,SPIDER-Breast,0.01,42,682,18,0.9862849232312868,0.7572550015207562,,,0.4208695601824455,0.4208695601824455,0.2980122314649213,0.0250563212559554,0.0253543420228675,0.1233172677413993,False,0
GigaPath,SPIDER-Breast,0.01,123,682,18,0.9867825817293218,0.7502931036648324,,,0.4180401392855821,0.4180401392855822,0.2823107464532639,0.0327416605377286,0.0322511081379557,0.1243144424131627,False,0
GigaPath,SPIDER-Breast,0.01,456,682,18,0.9868283456987847,0.7465956637114284,,,0.4270355554182179,0.4270355554182179,0.2949599531961092,0.0220315504660183,0.022702253606941,0.1238989529665946,False,0
GigaPath,SPIDER-Breast,0.05,42,3431,18,0.9925971318684972,0.8328767925852046,,,0.2192774300619939,0.2192774300619938,0.4205036487972647,0.0197078561823711,0.0189143169138914,0.1250623234169852,False,0
GigaPath,SPIDER-Breast,0.05,123,3431,18,0.9926819236921208,0.8253486788602191,,,0.2101189324100178,0.2100757552597005,0.4127495179041229,0.0289606094252008,0.0280025219661562,0.1256440086421804,False,0
GigaPath,SPIDER-Breast,0.05,456,3431,18,0.9926631046520804,0.8263680940129886,,,0.2114083527631934,0.2113873978103118,0.4065591655374402,0.0292724216923409,0.0282870314056016,0.1254778128635532,False,0
GigaPath,SPIDER-Breast,0.1,42,6868,18,0.9937847418686788,0.8495312542615842,,,0.1508061250502081,0.150806125050208,0.4717948336031997,0.0216336208837385,0.0216061582768808,0.1254778128635532,False,0
GigaPath,SPIDER-Breast,0.1,123,6868,18,0.9935342605932694,0.8378798114665564,,,0.1421540104746102,0.1421540104746102,0.4650715758568886,0.0326003711061009,0.0317252504081512,0.125311617084926,False,0
GigaPath,SPIDER-Breast,0.1,456,6868,18,0.9935796906164616,0.8379561217290484,,,0.1409748739029494,0.1408512146729376,0.4651110533690493,0.0308261619648123,0.0309940832859932,0.1252285191956124,False,0
GigaPath,SPIDER-Breast,0.25,42,17176,18,0.994487968943115,0.8571437324538439,,,0.0829760271307883,0.0829760271307883,0.5342586436687546,0.0294377774136329,0.0291469999382551,0.1254778128635532,False,0
GigaPath,SPIDER-Breast,0.25,123,17176,18,0.994401650595688,0.8511855267164217,,,0.0789884949649939,0.0788617658469957,0.5313916035118694,0.0340730457466913,0.0341476979597073,0.1253947149742396,False,0
GigaPath,SPIDER-Breast,0.25,456,17176,18,0.9944586134187278,0.8531105264666066,,,0.0820285970450085,0.0820285970450085,0.531944077835472,0.0311830321961921,0.0310937794679246,0.1253947149742396,False,0
GigaPath,SPIDER-Breast,0.5,42,34361,18,0.9946312653209256,0.8604795670684457,,,0.0476846619183713,0.0476846619183713,0.5831217331735357,0.0340166258179595,0.0340741931515468,0.1254778128635532,False,0
GigaPath,SPIDER-Breast,0.5,123,34361,18,0.9946414822033088,0.8596434501576192,,,0.0485131784499196,0.0483841834820605,0.5799597777525745,0.0341232172904053,0.0341764411478904,0.1253947149742396,False,0
GigaPath,SPIDER-Breast,0.5,456,34361,18,0.9946163098544374,0.8599662492866864,,,0.0476989770060515,0.0476989770060515,0.5874298644368516,0.0336179940707867,0.0334417613376017,0.1254778128635532,False,0
GigaPath,SPIDER-Breast,1.0,42,68730,18,0.9948218618972472,0.8662743237362703,,,0.0254336506982645,0.02501352485448,0.6248607327306797,0.0357710563789618,0.035753445958256,0.1253947149742396,False,0
GigaPath,SPIDER-Breast,1.0,123,68730,18,0.9948218618972472,0.8662743237362703,,,0.0254336506982645,0.02501352485448,0.6248607327306797,0.0357710563789618,0.035753445958256,0.1253947149742396,False,0
GigaPath,SPIDER-Breast,1.0,456,68730,18,0.9948218618972472,0.8662743237362703,,,0.0254336506982645,0.02501352485448,0.6248607327306797,0.0357710563789618,0.035753445958256,0.1253947149742396,False,0
H-Optimus-0,BRACS,0.01,42,33,7,0.7298470295482282,0.2481798488793485,,,0.102057095700452,0.1046014155154709,1.105744102429318,0.1047085154307437,0.1122036040288731,0.4964912280701754,False,0
H-Optimus-0,BRACS,0.01,123,33,7,0.7465440692876585,0.2018373941808974,,,0.0504554242779768,0.075968270101733,1.061308948538337,0.0622408560809713,0.0778565382830372,0.4982456140350877,False,0
H-Optimus-0,BRACS,0.01,456,33,7,0.7619167193316423,0.2511407253856844,,,0.0686374894925898,0.0960548821584949,0.9029190113174612,0.0535823608676533,0.0946563856249994,0.4456140350877193,False,0
H-Optimus-0,BRACS,0.05,42,180,7,0.8201759132898064,0.3884179487203416,,,0.0745259107283193,0.0851083724209579,0.6708636400069907,0.0721733248697054,0.0958860959134286,0.3105263157894737,False,0
H-Optimus-0,BRACS,0.05,123,180,7,0.8243759309554066,0.4216010863072261,,,0.0897167303207901,0.1054727921474746,0.7048052396596528,0.0508934932089761,0.0762909822151524,0.2736842105263158,False,0
H-Optimus-0,BRACS,0.05,456,180,7,0.8406759117352985,0.3989799688389524,,,0.1058249387651696,0.1057124187319111,0.67220665143279,0.0526094901223617,0.0670117848189768,0.3052631578947368,False,0
H-Optimus-0,BRACS,0.1,42,362,7,0.8428320151236592,0.4860060365272734,,,0.0949281237125538,0.0949281237125538,0.7072299920930066,0.0385965529060783,0.0399648449917121,0.2508771929824561,False,0
H-Optimus-0,BRACS,0.1,123,362,7,0.8519852017118703,0.4940211672798488,,,0.1168863672681093,0.1100989982937765,0.6951945525748049,0.0692558232107723,0.0685859473105827,0.2526315789473684,False,0
H-Optimus-0,BRACS,0.1,456,362,7,0.8613919522288604,0.458921596556668,,,0.0949193758347854,0.0971107927971006,0.6675694390005243,0.0536740392549658,0.0722001377554682,0.2807017543859649,False,0
H-Optimus-0,BRACS,0.25,42,912,7,0.871520489768511,0.53561355765596,,,0.068496178462505,0.074486447344482,0.772399430085494,0.0498567304286864,0.0554655064765082,0.2122807017543859,False,0
H-Optimus-0,BRACS,0.25,123,912,7,0.8788920498170071,0.5754816429837186,,,0.1165327719045323,0.1137988394797921,0.7410204555567615,0.0506147709543424,0.0526982832175449,0.2035087719298245,False,0
H-Optimus-0,BRACS,0.25,456,912,7,0.874387328442478,0.5252528784241246,,,0.0799295799373369,0.0839487366504908,0.7440704108612058,0.041317886256796,0.0495460190060209,0.2333333333333333,False,0
H-Optimus-0,BRACS,0.5,42,1826,7,0.8860595859815604,0.5575926229135845,,,0.078554251290282,0.0716887524503608,0.8163702188276585,0.0653091420119482,0.067933163903572,0.2035087719298245,False,0
H-Optimus-0,BRACS,0.5,123,1826,7,0.8917596361648698,0.5636589250452321,,,0.0710288056815836,0.0853688884911243,0.8116111113984699,0.0448880033517457,0.059624425193598,0.2,False,0
H-Optimus-0,BRACS,0.5,456,1826,7,0.8886794832012687,0.5667538937910005,,,0.0659298228571632,0.0679728914520766,0.7986171905708035,0.0353468892255386,0.0487381886756752,0.2105263157894736,False,0
H-Optimus-0,BRACS,1.0,42,3657,7,0.8956033932491521,0.5853666534551226,,,0.0569633778570384,0.0682520918734329,0.8796049389647232,0.049741229161371,0.0644671116478106,0.1842105263157894,False,0
H-Optimus-0,BRACS,1.0,123,3657,7,0.8956033932491521,0.5853666534551226,,,0.0569633778570384,0.0682520918734329,0.8796049389647232,0.049741229161371,0.0644671116478106,0.1842105263157894,False,0
H-Optimus-0,BRACS,1.0,456,3657,7,0.8956033932491521,0.5853666534551226,,,0.0569633778570384,0.0682520918734329,0.8796049389647232,0.049741229161371,0.0644671116478106,0.1842105263157894,False,0
H-Optimus-0,CRC,0.01,42,696,9,0.9993712825469304,0.983212783368994,,,0.2270245374052063,0.2270245374052063,0.3254868875679483,0.0031273350355618,0.0048511962646426,0.148,False,0
H-Optimus-0,CRC,0.01,123,696,9,0.9995614548412058,0.9867743915069194,,,0.2324341192095622,0.2324341192095621,0.306011401245656,0.0046972115260027,0.0053084086158684,0.1434,False,0
H-Optimus-0,CRC,0.01,456,696,9,0.9993634051776276,0.9828343715875476,,,0.2287158545551652,0.2285715375469053,0.3104481452655634,0.0044711385262896,0.0037471531482367,0.1422,False,0
H-Optimus-0,CRC,0.05,42,3495,9,0.9996307327097134,0.99043127326195,,,0.079427901069265,0.079427901069265,0.4735403168654735,0.0029995027874425,0.0034896719912428,0.1427333333333333,False,0
H-Optimus-0,CRC,0.05,123,3495,9,0.9996833994652716,0.9905837065825354,,,0.0797930136441814,0.0797930136441814,0.4708358698424662,0.0026980997963102,0.0028454719536264,0.1418666666666666,False,0
H-Optimus-0,CRC,0.05,456,3495,9,0.9996523132371816,0.990216198016288,,,0.0814098703666763,0.081386775105843,0.4491125687300931,0.0025371458355256,0.0026956800045576,0.1423333333333333,False,0
H-Optimus-0,CRC,0.1,42,6996,9,0.9997172363944014,0.9919784829753416,,,0.0496921234160091,0.0496921234160091,0.5245214903860212,0.0013908927635634,0.0022678187884229,0.1420666666666666,False,0
H-Optimus-0,CRC,0.1,123,6996,9,0.9997440445335628,0.9919454487564489,,,0.0493555977333011,0.0493555977333011,0.5260609258461829,0.0022953976050338,0.0026612827746942,0.1418666666666666,False,0
H-Optimus-0,CRC,0.1,456,6996,9,0.9997138946408664,0.9920433244883504,,,0.0495076955437551,0.0494814414601754,0.5153121765993913,0.0022706310534575,0.002431149831438,0.1418666666666666,False,0
H-Optimus-0,CRC,0.25,42,17496,9,0.9998266718487392,0.9935249046972182,,,0.0261721104845629,0.0261721104845629,0.5967113579651394,0.0018807551955112,0.001329714744804,0.1424,False,0
H-Optimus-0,CRC,0.25,123,17496,9,0.999848398340718,0.994044924404896,,,0.0263687600425681,0.0263687600425681,0.5774845095052623,0.0022063023540081,0.0015047225616789,0.1421333333333333,False,0
H-Optimus-0,CRC,0.25,456,17496,9,0.9998997411518508,0.993629938487917,,,0.0262597770853463,0.0262597770853464,0.5781901989490627,0.0016423314079413,0.0007314594078157,0.1423333333333333,False,0
H-Optimus-0,CRC,0.5,42,34998,9,0.9999292503239352,0.9947124310807812,,,0.0171264014544297,0.0171264014544295,0.6028090981213188,0.0011917071093093,0.0005119210214818,0.1423333333333333,False,0
H-Optimus-0,CRC,0.5,123,34998,9,0.9999097409576716,0.9952753036234098,,,0.0164660124050044,0.0164660124050045,0.6057192545102897,0.0008061253234528,0.0006646050666035,0.1422,False,0
H-Optimus-0,CRC,0.5,456,34998,9,0.9999372951135964,0.9947674987368376,,,0.0161079768485711,0.0160964706963182,0.6159691636064323,0.0010633320584987,0.0005468451253801,0.1423333333333333,False,0
H-Optimus-0,CRC,1.0,42,70000,9,0.999951537035037,0.996061531911532,,,0.011140957989439,0.0111409579894389,0.6212414221724254,0.001219963353073,0.000566787338581,0.1421333333333333,False,0
H-Optimus-0,CRC,1.0,123,70000,9,0.999951537035037,0.996061531911532,,,0.011140957989439,0.0111409579894389,0.6212414221724254,0.001219963353073,0.000566787338581,0.1421333333333333,False,0
H-Optimus-0,CRC,1.0,456,70000,9,0.999951537035037,0.996061531911532,,,0.011140957989439,0.0111409579894389,0.6212414221724254,0.001219963353073,0.000566787338581,0.1421333333333333,False,0
H-Optimus-0,LungHist700,0.01,42,7,7,0.6467112790994168,0.2773874246728245,,,0.1658640851986705,0.2159563143936217,0.3189277100900481,0.1300491005065197,0.1602990141081808,0.3428571428571428,False,6
H-Optimus-0,LungHist700,0.01,123,7,7,0.6093547785904437,0.242345870828843,,,0.0893999097000567,0.1494934730979608,0.2133523781626934,0.0628859042897247,0.0978997484660615,0.3809523809523809,False,6
H-Optimus-0,LungHist700,0.01,456,7,7,0.6660736161492894,0.3876750427273075,,,0.2268244160259396,0.2361924754915756,0.2531277224949722,0.1171510532194391,0.1479828602847762,0.3047619047619048,False,6
H-Optimus-0,LungHist700,0.05,42,22,7,0.7020699743604201,0.1165649165649165,,,0.0879698381815002,0.1451785123262076,0.5037391785436416,0.1522690282313213,0.2083465422012516,0.923809523809524,False,0
H-Optimus-0,LungHist700,0.05,123,22,7,0.7304540590363752,0.2269769446240034,,,0.0907696567932318,0.1795200690478726,0.5732779791358052,0.1351444455021314,0.2050757247758554,0.8,False,0
H-Optimus-0,LungHist700,0.05,456,22,7,0.8294191592548901,0.1960952012078001,,,0.0899634052607335,0.1632948653794693,0.3819732364233297,0.147516133655478,0.1759613710171869,0.819047619047619,False,0
H-Optimus-0,LungHist700,0.1,42,45,7,0.8139044664007928,0.3432481862872312,,,0.1588212436925865,0.1680725156639112,0.3615966095532535,0.1388164685180771,0.1556639932124698,0.5904761904761905,False,0
H-Optimus-0,LungHist700,0.1,123,45,7,0.8192100027507571,0.267552599970953,,,0.1104088310103704,0.1769040947966337,0.4725988407971369,0.1129350872999406,0.1630087017847815,0.6095238095238096,False,0
H-Optimus-0,LungHist700,0.1,456,45,7,0.8410790747666239,0.3449598021026592,,,0.1887938943548299,0.2450399420837742,0.3500364239741476,0.1238767957395784,0.1511343364623497,0.4380952380952381,False,0
H-Optimus-0,LungHist700,0.25,42,118,7,0.904350437417877,0.461225629439267,,,0.2379924468300099,0.2574463061738518,0.3039271916327439,0.1415547962013269,0.1430034190056315,0.3619047619047619,False,0
H-Optimus-0,LungHist700,0.25,123,118,7,0.928533695479354,0.4856742409942483,,,0.2645364230813861,0.267793170349504,0.3033972795466447,0.1695252712378191,0.1722204121966416,0.4095238095238095,False,0
H-Optimus-0,LungHist700,0.25,456,118,7,0.9291266794040922,0.5448237714971623,,,0.2974462541931463,0.3347448752531385,0.281322248445176,0.1369908340969798,0.1598309764418127,0.3333333333333333,False,0
H-Optimus-0,LungHist700,0.5,42,240,7,0.93475423073371,0.5998708010335917,,,0.3055823774542637,0.3017833707584614,0.3239161632454667,0.1371876708827843,0.1542101006693824,0.2857142857142857,False,0
H-Optimus-0,LungHist700,0.5,123,240,7,0.9460640089722686,0.6673525826763196,,,0.3443177856456296,0.3443177856456295,0.3010557557463558,0.1748352758890214,0.1705273074872821,0.3142857142857143,False,0
H-Optimus-0,LungHist700,0.5,456,240,7,0.9420099965546116,0.628426182346698,,,0.3171598287611623,0.3134292206612142,0.3339106643303062,0.1159544251801266,0.1460284688785478,0.2761904761904762,False,0
H-Optimus-0,LungHist700,1.0,42,483,7,0.9637720379268856,0.7366257873884082,,,0.3144088020647313,0.3144088020647312,0.3724476592753282,0.0877905262151153,0.1211419085485127,0.2666666666666666,False,0
H-Optimus-0,LungHist700,1.0,123,483,7,0.9637720379268856,0.7366257873884082,,,0.3144088020647313,0.3144088020647312,0.3724476592753282,0.0877905262151153,0.1211419085485127,0.2666666666666666,False,0
H-Optimus-0,LungHist700,1.0,456,483,7,0.9637720379268856,0.7366257873884082,,,0.3144088020647313,0.3144088020647312,0.3724476592753282,0.0877905262151153,0.1211419085485127,0.2666666666666666,False,0
H-Optimus-0,MHIST,0.01,42,18,2,0.7473842967765171,0.3870765370138017,0.0,0.2309137137891219,0.1508161805430574,0.1837042707728721,2.200182693901568,0.10424731107082,0.1789980913485446,1.0,True,0
H-Optimus-0,MHIST,0.01,123,18,2,0.64039258058707,0.3870765370138017,0.0,0.2339039117042348,0.1021182319210263,0.1181160317390251,2.241294102567968,0.0993389957336024,0.1069354019621918,1.0,True,0
H-Optimus-0,MHIST,0.01,456,18,2,0.7159013146047181,0.3870765370138017,0.0,0.2282745947956782,0.1430113597560148,0.1496243880686311,2.1705576093746823,0.1342378656091374,0.145848111908509,1.0,True,0
H-Optimus-0,MHIST,0.05,42,92,2,0.8292499549792905,0.3870765370138017,0.0,0.2029452197637372,0.1833946857069833,0.1910905898493313,1.6742921035999483,0.1510278429318257,0.1870782552822374,1.0,True,0
H-Optimus-0,MHIST,0.05,123,92,2,0.7338825859895554,0.4180193596425912,0.0588235294117647,0.2079765429536157,0.1117539448346853,0.1180615927785877,1.7242053591066755,0.1225082559814015,0.1242122288037518,0.985670419651996,False,0
H-Optimus-0,MHIST,0.05,456,92,2,0.7407482441923284,0.3870765370138017,0.0,0.2157746478645792,0.1220748963647786,0.1381491236179102,1.8327710160762007,0.1222054303638701,0.1439550620900424,1.0,True,0
H-Optimus-0,MHIST,0.1,42,184,2,0.8293309922564379,0.4757713190673906,0.1683168316831683,0.1864726395368776,0.1304333786633388,0.1370380408346249,1.535390888285214,0.1207150178424146,0.1319806445431788,0.95496417604913,False,0
H-Optimus-0,MHIST,0.1,123,184,2,0.7861201152530164,0.436046974522293,0.09375,0.1955871389846857,0.1191756612230556,0.1197725884947257,1.5743045823873296,0.1233307234502878,0.1243798828507903,0.9754350051177072,False,0
H-Optimus-0,MHIST,0.1,456,184,2,0.8202818296416353,0.4307536415452818,0.08,0.1925070641363439,0.1290520657199918,0.1329615980173094,1.5295856919261974,0.1367589586269519,0.1345387409426517,0.984646878198567,False,0
H-Optimus-0,MHIST,0.25,42,461,2,0.8588870880605078,0.6815681059657905,0.5404411764705882,0.1668074830909294,0.1219278045136538,0.1240959204157347,1.3700973199055992,0.1018814035203777,0.1017115136635254,0.8116683725690891,False,0
H-Optimus-0,MHIST,0.25,123,461,2,0.8376283090221501,0.6471220846471951,0.47953216374269,0.1736801682407153,0.0978740727108217,0.0996334919143334,1.380245888323986,0.0931114999051475,0.0924884699901845,0.8433981576253838,False,0
H-Optimus-0,MHIST,0.25,456,461,2,0.8381730596074195,0.6497637282059638,0.4823529411764706,0.1741980826486633,0.1024121612649633,0.1109040231360401,1.337016950007934,0.0979725951473272,0.0974983289201196,0.8464687819856704,False,0
H-Optimus-0,MHIST,0.5,42,924,2,0.8658652980370971,0.7397148289667204,0.6427406199021207,0.1567193571555638,0.101847687258982,0.0998049591573411,1.3747853903402638,0.0724533309602367,0.073009637333205,0.7410440122824974,False,0
H-Optimus-0,MHIST,0.5,123,924,2,0.8663830361966504,0.7401737736570794,0.6439024390243903,0.1561992337549099,0.08930859239786,0.0924135371595885,1.3459561686619637,0.0649219144240529,0.0669415339059122,0.7389969293756398,False,0
H-Optimus-0,MHIST,0.5,456,924,2,0.8695344858634971,0.736351257674787,0.632996632996633,0.1570641008565454,0.1006824860694697,0.1006838037399682,1.320619757994506,0.0794077820396495,0.0841553692727394,0.7604912998976459,False,0
H-Optimus-0,MHIST,1.0,42,1849,2,0.8848370250315145,0.7730169266511782,0.6956521739130435,0.1425767656509991,0.0842599051562464,0.0951786275939704,1.3543623242927207,0.0571224700794059,0.0598829834500333,0.7093142272262026,False,0
H-Optimus-0,MHIST,1.0,123,1849,2,0.8848370250315145,0.7730169266511782,0.6956521739130435,0.1425767656509991,0.0842599051562464,0.0951786275939704,1.3543623242927207,0.0571224700794059,0.0598829834500333,0.7093142272262026,False,0
H-Optimus-0,MHIST,1.0,456,1849,2,0.8848370250315145,0.7730169266511782,0.6956521739130435,0.1425767656509991,0.0842599051562464,0.0951786275939704,1.3543623242927207,0.0571224700794059,0.0598829834500333,0.7093142272262026,False,0
H-Optimus-0,PCam,0.01,42,2620,2,0.9828983961121046,0.9337992784015414,0.9308638032891584,0.0532319663563729,0.067315711453038,0.0665974893825795,1.322209629484738,0.0332266358064498,0.033121191307359,0.54412841796875,False,0
H-Optimus-0,PCam,0.01,123,2620,2,0.981848370695748,0.9291319994880822,0.9257776211679534,0.0563124368132027,0.0676004225735798,0.0674354328026332,1.4150629560882058,0.0422581128703701,0.0418627382953884,0.547119140625,False,0
H-Optimus-0,PCam,0.01,456,2620,2,0.981886268080872,0.9304737358629078,0.9271404301695676,0.0559064366767887,0.0669256039084803,0.0661823051362336,1.4190627516287044,0.0403378118508759,0.0409517348742524,0.5477294921875,False,0
H-Optimus-0,PCam,0.05,42,13106,2,0.9847741658014586,0.937246079467482,0.9343696027633852,0.0473447021601134,0.0403503655073359,0.0396463118382664,1.8331680558070689,0.0357422013709192,0.0372748960805313,0.545623779296875,False,0
H-Optimus-0,PCam,0.05,123,13106,2,0.9842505500773971,0.9380348780883148,0.9351264809478066,0.0479361822053272,0.03912691342798,0.0394975652569732,1.834068701061151,0.0342255132759524,0.0372401618876568,0.546722412109375,False,0
H-Optimus-0,PCam,0.05,456,13106,2,0.9855656709250727,0.938998477965734,0.9363047156859616,0.0459483251746543,0.0379536616138581,0.0389897433700098,1.8188766017433424,0.0354814011951619,0.034617467845507,0.5439453125,False,0
H-Optimus-0,PCam,0.1,42,26214,2,0.9856256294833714,0.9407450297786896,0.9381699846860644,0.0452430715160259,0.0344945236315658,0.0349610629603774,2.038877887495884,0.035365269529099,0.0353851820268798,0.543243408203125,False,0
H-Optimus-0,PCam,0.1,123,26214,2,0.9852195913931726,0.9387108959761106,0.9358678955453148,0.0461933257231545,0.0347538447563071,0.0351375012103981,2.044967694701036,0.0358111676693679,0.035600611709887,0.546173095703125,False,0
H-Optimus-0,PCam,0.1,456,26214,2,0.98494020574566,0.9400986093582973,0.9374461155283071,0.0454458203325498,0.0320045111047685,0.0327143093359145,2.0242656863609976,0.032464512633022,0.0329676296864859,0.5440673828125,False,0
H-Optimus-0,PCam,0.25,42,65536,2,0.9837981544662624,0.9386507715507836,0.9358162155244129,0.0466660657792482,0.0348529875892593,0.0349582648680657,2.316435373639876,0.0336331343110716,0.0335408259627691,0.545989990234375,False,0
H-Optimus-0,PCam,0.25,123,65536,2,0.98357896207038,0.9401839397518366,0.9374640322271244,0.0461561523210831,0.0336765473353674,0.0337450132169736,2.306965235177408,0.030372532567764,0.0318269326071933,0.545257568359375,False,0
H-Optimus-0,PCam,0.25,456,65536,2,0.9846341358388688,0.9399462090584614,0.9372924648786718,0.0454621095000369,0.0329946042461334,0.0331053878985908,2.3931951824805533,0.0322674141753301,0.0323698779900234,0.543975830078125,False,0
H-Optimus-0,PCam,0.5,42,131072,2,0.985064317539899,0.9432019344769272,0.9408619262842955,0.0442329399547208,0.0326060677177093,0.0331101785158764,2.5375491479741794,0.0307051095338476,0.0308595165742226,0.540985107421875,False,0
H-Optimus-0,PCam,0.5,123,131072,2,0.984570776089907,0.9414563541887736,0.9390069114883588,0.0454939020241065,0.0334039761012558,0.0339917264787876,2.5845093299513167,0.0311492677300652,0.0312062702514996,0.5416259765625,False,0
H-Optimus-0,PCam,0.5,456,131072,2,0.983388234622864,0.9401565009571496,0.9374700450522414,0.0461147219503497,0.0352550908058341,0.0357157734655464,2.527606259694944,0.0305409182989552,0.0316162301403141,0.544677734375,False,0
H-Optimus-0,PCam,1.0,42,262144,2,0.9821887579830332,0.9389289349257284,0.9361389146493556,0.0475515246628609,0.0365875818552595,0.0373909563778415,2.7490706558992173,0.0302015041437399,0.0313162433247481,0.54547119140625,False,0
H-Optimus-0,PCam,1.0,123,262144,2,0.9821887579830332,0.9389289349257284,0.9361389146493556,0.0475515246628609,0.0365875818552595,0.0373909563778415,2.7490706558992173,0.0302015041437399,0.0313162433247481,0.54547119140625,False,0
H-Optimus-0,PCam,1.0,456,262144,2,0.9821887579830332,0.9389289349257284,0.9361389146493556,0.0475515246628609,0.0365875818552595,0.0373909563778415,2.7490706558992173,0.0302015041437399,0.0313162433247481,0.54547119140625,False,0
H-Optimus-0,SPIDER-Breast,0.01,42,682,18,0.9911786466220468,0.8300723401577292,,,0.4722478628280469,0.4722478628280468,0.3061569639790678,0.0167647011435663,0.0174366898875544,0.1204088416154229,False,0
H-Optimus-0,SPIDER-Breast,0.01,123,682,18,0.9911490344593124,0.8313845699485712,,,0.475249860939535,0.4752498609395351,0.294006519101576,0.0210442213224849,0.0199929180181959,0.1217384078444407,False,0
H-Optimus-0,SPIDER-Breast,0.01,456,682,18,0.9906732680507514,0.7918393977336333,,,0.4487582340184367,0.4487582340184367,0.3115334362071212,0.023247423300105,0.023726459042148,0.1205750373940501,False,0
H-Optimus-0,SPIDER-Breast,0.05,42,3431,18,0.9943156095686764,0.8681508975889007,,,0.2252806544807734,0.2252806544807733,0.460168552918875,0.0116501118801622,0.012349335414965,0.1237327571879674,False,0
H-Optimus-0,SPIDER-Breast,0.05,123,3431,18,0.9943780371562578,0.8587334435614985,,,0.221943342176986,0.221943342176986,0.4502346878310246,0.0154154275120905,0.0133201718666294,0.1236496592986538,False,0
H-Optimus-0,SPIDER-Breast,0.05,456,3431,18,0.9943951455536052,0.8633826553258377,,,0.2188446927031777,0.2188446927031777,0.4468632072628862,0.0162293354325506,0.0164125792169922,0.1243144424131627,False,0
H-Optimus-0,SPIDER-Breast,0.1,42,6868,18,0.99509957304094,0.8780083807863529,,,0.1495601856773403,0.1495601856773403,0.5192175034144726,0.0130540231518085,0.0138685896344944,0.1241482466345354,False,0
H-Optimus-0,SPIDER-Breast,0.1,123,6868,18,0.9947595390640892,0.8658923455530204,,,0.1452152178659093,0.1452152178659093,0.508992234515154,0.0197847735519082,0.018704819894007,0.1238989529665946,False,0
H-Optimus-0,SPIDER-Breast,0.1,456,6868,18,0.9950572437773196,0.8726677779248424,,,0.1452689737475604,0.1452689737475604,0.5073957488387931,0.0175993010914787,0.0164511378551666,0.1243144424131627,False,0
H-Optimus-0,SPIDER-Breast,0.25,42,17176,18,0.9954863999239156,0.8814814669670055,,,0.0804010121004048,0.0804010121004048,0.5805113839819623,0.0198311128717889,0.019826051742358,0.1246468339704171,False,0
H-Optimus-0,SPIDER-Breast,0.25,123,17176,18,0.9954603206956868,0.8811157795716418,,,0.0818177066246286,0.0817866122179752,0.5782393261558517,0.0208198853656172,0.0200010900219027,0.1243975403024763,False,0
H-Optimus-0,SPIDER-Breast,0.25,456,17176,18,0.9954291927869642,0.8782814701337197,,,0.0765833173181315,0.0765833173181315,0.5826841058848277,0.0238286301367213,0.0223105705099599,0.1245637360811035,False,0
H-Optimus-0,SPIDER-Breast,0.5,42,34361,18,0.99555794890987,0.8861714693963827,,,0.0495885932527547,0.0495885932527546,0.6216589913924219,0.025299674979781,0.0228719573745143,0.1247299318597307,False,0
H-Optimus-0,SPIDER-Breast,0.5,123,34361,18,0.9955903336764684,0.884705509027432,,,0.0501716165088732,0.0501413027962743,0.6211174224174749,0.0239770813994665,0.0228128950792508,0.1244806381917899,False,0
H-Optimus-0,SPIDER-Breast,0.5,456,34361,18,0.9956070477412532,0.8842074747740574,,,0.0462148089714017,0.0462148089714017,0.6258382025512707,0.0245578522076728,0.0246811518077245,0.1245637360811035,False,0
H-Optimus-0,SPIDER-Breast,1.0,42,68730,18,0.9956255660731292,0.8881088143746657,,,0.0254039659321875,0.0254039659321874,0.6624121011266294,0.0281758305569292,0.0266556858798032,0.1246468339704171,False,0
H-Optimus-0,SPIDER-Breast,1.0,123,68730,18,0.9956255660731292,0.8881088143746657,,,0.0254039659321875,0.0254039659321874,0.6624121011266294,0.0281758305569292,0.0266556858798032,0.1246468339704171,False,0
H-Optimus-0,SPIDER-Breast,1.0,456,68730,18,0.9956255660731292,0.8881088143746657,,,0.0254039659321875,0.0254039659321874,0.6624121011266294,0.0281758305569292,0.0266556858798032,0.1246468339704171,False,0
MIDNIGHT,BRACS,0.01,42,33,7,0.7388334637026913,0.3047441111064216,,,0.1145887436348332,0.1173656761160274,1.03590646613086,0.1201446824305593,0.1218769477674947,0.3456140350877193,False,0
MIDNIGHT,BRACS,0.01,123,33,7,0.7336728752972264,0.293356936634352,,,0.0971530164932117,0.1093086499390027,0.932714882782098,0.0820092662794536,0.0998040791561186,0.4403508771929824,False,0
MIDNIGHT,BRACS,0.01,456,33,7,0.7741463274799771,0.3189748698177452,,,0.1048907222922416,0.1068295893285033,0.9352643948548164,0.095748557686152,0.0940195226966454,0.4175438596491228,False,0
MIDNIGHT,BRACS,0.05,42,180,7,0.81794127514768,0.3811903275343544,,,0.0823493751875724,0.1035537053930937,0.8817177564005495,0.0635880030496991,0.0873752944439329,0.3350877192982456,False,0
MIDNIGHT,BRACS,0.05,123,180,7,0.8120740422690625,0.3950893603964278,,,0.0762176257725979,0.0826698527259468,0.9736554885709144,0.073269477701866,0.0832361846314746,0.312280701754386,False,0
MIDNIGHT,BRACS,0.05,456,180,7,0.8429389239984649,0.4093801931362598,,,0.1213451683452571,0.1278476171093998,0.7901947301477756,0.0777754267040944,0.0962971179100727,0.2982456140350877,False,0
MIDNIGHT,BRACS,0.1,42,362,7,0.8518986386405982,0.4563544227203984,,,0.1065257156260184,0.1115774594634868,0.8900091265619203,0.0827796653505177,0.0920260337736884,0.2929824561403509,False,0
MIDNIGHT,BRACS,0.1,123,362,7,0.8396924357613174,0.4509843308577959,,,0.0765982150567559,0.0900108911541788,0.888574322419863,0.069674250719523,0.0916700350985628,0.2649122807017544,False,0
MIDNIGHT,BRACS,0.1,456,362,7,0.8608782172931061,0.4363082592721925,,,0.1054679246078071,0.1143642677427369,0.814505730405568,0.0837442739168268,0.0938684599950562,0.3017543859649123,False,0
MIDNIGHT,BRACS,0.25,42,912,7,0.8715667867273049,0.5076017398549751,,,0.0683068868769326,0.0862148313635635,0.958958436536042,0.0632295748530763,0.0766879764693464,0.2596491228070175,False,0
MIDNIGHT,BRACS,0.25,123,912,7,0.8700082527612567,0.5232335136380736,,,0.0724001141892389,0.0790835270314543,0.8861931841667083,0.0481612797542639,0.0590012827185373,0.2456140350877192,False,0
MIDNIGHT,BRACS,0.25,456,912,7,0.8677328265483715,0.4993353136396641,,,0.0602256794609518,0.0967268691617248,0.9558636964207792,0.0540018899076301,0.0967760619445744,0.2666666666666666,False,0
MIDNIGHT,BRACS,0.5,42,1826,7,0.8827345588845198,0.5436015227392259,,,0.0757048697558418,0.0786760694152459,0.9422816460761956,0.0629778207879371,0.0761106269931217,0.2263157894736842,False,0
MIDNIGHT,BRACS,0.5,123,1826,7,0.8803964321087692,0.5397900998712186,,,0.0690988315134845,0.0821835420672661,0.9631212208598124,0.0488453620370434,0.0825968269087017,0.2333333333333333,False,0
MIDNIGHT,BRACS,0.5,456,1826,7,0.881413166138927,0.540751444446687,,,0.0639811581808322,0.0645044539617508,0.9983225096111806,0.063633079926605,0.0642233349044442,0.2543859649122807,False,0
MIDNIGHT,BRACS,1.0,42,3657,7,0.8920914360615793,0.5613119866447086,,,0.0719654947204255,0.0821926373843238,0.9838519600471528,0.0726329772634694,0.0834390922067126,0.219298245614035,False,0
MIDNIGHT,BRACS,1.0,123,3657,7,0.8920914360615793,0.5613119866447086,,,0.0719654947204255,0.0821926373843238,0.9838519600471528,0.0726329772634694,0.0834390922067126,0.219298245614035,False,0
MIDNIGHT,BRACS,1.0,456,3657,7,0.8920914360615793,0.5613119866447086,,,0.0719654947204255,0.0821926373843238,0.9838519600471528,0.0726329772634694,0.0834390922067126,0.219298245614035,False,0
MIDNIGHT,CRC,0.01,42,696,9,0.9981725152097494,0.967002277553136,,,0.1810510925306014,0.1810510925306014,0.4118093465471951,0.0060703974829252,0.0068850030980912,0.1472,False,0
MIDNIGHT,CRC,0.01,123,696,9,0.9984992477139188,0.964427184543982,,,0.1826532121522694,0.1826532121522693,0.4154865165980519,0.0046073263794204,0.0034494394827823,0.1461333333333333,False,0
MIDNIGHT,CRC,0.01,456,696,9,0.9981569795150176,0.964384202876834,,,0.1816189623243202,0.1816189623243202,0.4157990060438577,0.005177038520037,0.0039865310929841,0.1443333333333333,False,0
MIDNIGHT,CRC,0.05,42,3495,9,0.9988291703807318,0.975257714504338,,,0.0656569514301646,0.0656569514301646,0.5689685064550578,0.0038865252134946,0.0034928451460381,0.1446,False,0
MIDNIGHT,CRC,0.05,123,3495,9,0.9988978566201124,0.9741283273427876,,,0.0658681195854655,0.0658681195854655,0.569644400374059,0.0031053813515717,0.0029616641246811,0.1446,False,0
MIDNIGHT,CRC,0.05,456,3495,9,0.9988052940738212,0.9738475875641464,,,0.0682546994527089,0.0682546994527089,0.5613361883798222,0.0036708352881839,0.0032311505485152,0.1434666666666666,False,0
MIDNIGHT,CRC,0.1,42,6996,9,0.999092345946007,0.9781650753009216,,,0.0424514911736703,0.0424514911736703,0.6252274089549249,0.0039377318324544,0.0031514659757084,0.1438,False,0
MIDNIGHT,CRC,0.1,123,6996,9,0.9991647112743468,0.9783434310602674,,,0.0441076571906897,0.0441076571906896,0.6157955493222173,0.0029485762718274,0.0026627381693068,0.1430666666666666,False,0
MIDNIGHT,CRC,0.1,456,6996,9,0.999066777958556,0.9778992493816668,,,0.0442479016420373,0.0442479016420372,0.6140423909529937,0.0031049022300424,0.0022838002585539,0.1426,False,0
MIDNIGHT,CRC,0.25,42,17496,9,0.9993576644658276,0.982111592245876,,,0.0247668728590796,0.0247668728590796,0.6873722407679749,0.0035003283518727,0.0033438017969714,0.1432,False,0
MIDNIGHT,CRC,0.25,123,17496,9,0.9994208211670504,0.982476900244736,,,0.0253488417166912,0.0253488417166912,0.6716980943388309,0.0034287419474362,0.0024969967691791,0.1426666666666666,False,0
MIDNIGHT,CRC,0.25,456,17496,9,0.9994690284850553,0.9822866920469308,,,0.0257628843810678,0.0256595215946633,0.6687257899846747,0.0025454666636829,0.0023367896763813,0.1422,False,0
MIDNIGHT,CRC,0.5,42,34998,9,0.9995981924165824,0.984615510485672,,,0.0174763095978379,0.017339718485936,0.702537268905826,0.0026905135489796,0.0017077274953382,0.1422,False,0
MIDNIGHT,CRC,0.5,123,34998,9,0.999582771523787,0.9857581239593672,,,0.0186750761926262,0.0185556175075373,0.6905568375689435,0.0025153681031693,0.0012212487440513,0.1427333333333333,False,0
MIDNIGHT,CRC,0.5,456,34998,9,0.9995876626697096,0.9850239788463776,,,0.0171603802298598,0.0170504231309885,0.7061624320258595,0.0029271930069238,0.0012999259290399,0.1420666666666666,False,0
MIDNIGHT,CRC,1.0,42,70000,9,0.9996967099917168,0.9875221124604632,,,0.0127321236652125,0.0127321236652125,0.7184427398182787,0.0033519757714169,0.0010283142446499,0.1424,False,0
MIDNIGHT,CRC,1.0,123,70000,9,0.9996967099917168,0.9875221124604632,,,0.0127321236652125,0.0127321236652125,0.7184427398182787,0.0033519757714169,0.0010283142446499,0.1424,False,0
MIDNIGHT,CRC,1.0,456,70000,9,0.9996967099917168,0.9875221124604632,,,0.0127321236652125,0.0127321236652125,0.7184427398182787,0.0033519757714169,0.0010283142446499,0.1424,False,0
MIDNIGHT,LungHist700,0.01,42,7,7,0.7198688021526322,0.4482466850887903,,,0.2887048558242743,0.3334882259486418,0.2295810469524425,0.1715085466998523,0.1927279687753157,0.1904761904761904,False,6
MIDNIGHT,LungHist700,0.01,123,7,7,0.6034945360102209,0.2061118953075735,,,0.0637962064684131,0.1442004435445671,0.3050778428430265,0.1312327041329353,0.1672775118795355,0.2857142857142857,False,6
MIDNIGHT,LungHist700,0.01,456,7,7,0.767714392384122,0.3097961353600451,,,0.1655594703506501,0.222281503060368,0.2163631237865448,0.1164158252669348,0.1715146542111816,0.2571428571428571,False,6
MIDNIGHT,LungHist700,0.05,42,22,7,0.7676284211360932,0.1831417624521072,,,0.1272212330133689,0.1865382571289024,0.3879954791268747,0.2098739612431699,0.2093943552234105,0.638095238095238,False,0
MIDNIGHT,LungHist700,0.05,123,22,7,0.8203044132146067,0.3519811132656806,,,0.2152521146263706,0.2329580178173431,0.3938003645644257,0.1063109453114763,0.1408925221246404,0.3714285714285714,False,0
MIDNIGHT,LungHist700,0.05,456,22,7,0.87703907409882,0.3356832612166531,,,0.2139346296192393,0.255948256458373,0.3228821698943519,0.0896173873516965,0.1305395146536637,0.4380952380952381,False,0
MIDNIGHT,LungHist700,0.1,42,45,7,0.8511523793537783,0.3985015705549955,,,0.2157810543474597,0.2434766990254198,0.4042953612223535,0.165743526827294,0.2106364211623828,0.3714285714285714,False,0
MIDNIGHT,LungHist700,0.1,123,45,7,0.8481491447575262,0.4133919769593394,,,0.2250889190032312,0.2557473770768074,0.3557344245132424,0.121838471677994,0.1307696809876741,0.2857142857142857,False,0
MIDNIGHT,LungHist700,0.1,456,45,7,0.8876986154168259,0.4080727943351254,,,0.2417875407811217,0.2380037795243538,0.4483590423479029,0.1037021958533645,0.1715280144125777,0.2857142857142857,False,0
MIDNIGHT,LungHist700,0.25,42,118,7,0.8998358441208723,0.4196608946608947,,,0.1441614270755857,0.1836683723451485,0.4341610700811337,0.1557476564984969,0.1856452274549538,0.2857142857142857,False,0
MIDNIGHT,LungHist700,0.25,123,118,7,0.8808984152363798,0.4746089861853408,,,0.1830749274732337,0.1889151496951282,0.4005740782095547,0.1574566289135579,0.2050298224968657,0.2095238095238095,False,0
MIDNIGHT,LungHist700,0.25,456,118,7,0.9143074206323404,0.524984814802444,,,0.1931994369772252,0.2551092849845277,0.4332492303981122,0.1704377709587091,0.1895377745080419,0.2571428571428571,False,0
MIDNIGHT,LungHist700,0.5,42,240,7,0.921954324871214,0.54177293875302,,,0.1902685003767914,0.1955503783615766,0.4830247520437173,0.1479653469312369,0.1513727209081677,0.2476190476190476,False,0
MIDNIGHT,LungHist700,0.5,123,240,7,0.9012887487774366,0.541169916585199,,,0.1515951778587883,0.1683870644662634,0.495434562084452,0.1524210295506896,0.1941720751056493,0.219047619047619,False,0
MIDNIGHT,LungHist700,0.5,456,240,7,0.9222703557959492,0.5368703573893969,,,0.1651569563523305,0.1815061958693455,0.530092126765997,0.1501784198940913,0.166764380981178,0.238095238095238,False,0
MIDNIGHT,LungHist700,1.0,42,483,7,0.9460658957717402,0.68089805558137,,,0.1946074086746045,0.2107724362373422,0.5051352683428814,0.1046212052383304,0.0738649256598876,0.2,False,0
MIDNIGHT,LungHist700,1.0,123,483,7,0.9460658957717402,0.68089805558137,,,0.1946074086746045,0.2107724362373422,0.5051352683428814,0.1046212052383304,0.0738649256598876,0.2,False,0
MIDNIGHT,LungHist700,1.0,456,483,7,0.9460658957717402,0.68089805558137,,,0.1946074086746045,0.2107724362373422,0.5051352683428814,0.1046212052383304,0.0738649256598876,0.2,False,0
MIDNIGHT,MHIST,0.01,42,18,2,0.5655141365027913,0.3870765370138017,0.0,0.2386971070985855,0.0895947940735582,0.1025051543452882,2.473192027452588,0.0520952057944782,0.0796018118861264,1.0,True,0
MIDNIGHT,MHIST,0.01,123,18,2,0.4122051143526022,0.3870765370138017,0.0,0.2452755620870261,0.0947196747625885,0.1056183598697714,2.6349046325530097,0.0763432895378293,0.0941917856656073,1.0,True,0
MIDNIGHT,MHIST,0.01,456,18,2,0.5198631370430398,0.3870765370138017,0.0,0.2385557837968358,0.0874421502655394,0.0985531136901235,2.3704146570546354,0.055283757406031,0.0806720082986489,1.0,True,0
MIDNIGHT,MHIST,0.05,42,92,2,0.6809247253736719,0.3870765370138017,0.0,0.2280438271458725,0.1290789943882425,0.1278720586179485,2.05289231821932,0.1249588007461244,0.1259933863557223,1.0,True,0
MIDNIGHT,MHIST,0.05,123,92,2,0.6143841166936791,0.3870765370138017,0.0,0.2348147453592028,0.0885413561603101,0.0986138371843413,2.140131137728421,0.0852454946241991,0.0911385858548472,1.0,True,0
MIDNIGHT,MHIST,0.05,456,92,2,0.5567981271384836,0.3870765370138017,0.0,0.2370218319583216,0.0977809975296123,0.1043804709815449,2.29986398342527,0.0627513943268737,0.0946714809361067,1.0,True,0
MIDNIGHT,MHIST,0.1,42,184,2,0.6882901134521879,0.3889107747598314,0.0054945054945054,0.2210368834695176,0.1007090323888895,0.1091165202187023,1.9029575052797327,0.1064626953492555,0.1118582239105587,0.9959058341862844,True,0
MIDNIGHT,MHIST,0.1,123,184,2,0.6469611021069692,0.3870765370138017,0.0,0.2298304308759687,0.106974376026468,0.1101677663515443,2.064199610166394,0.1000806443479351,0.1067950543687301,1.0,True,0
MIDNIGHT,MHIST,0.1,456,184,2,0.6704619124797407,0.3870765370138017,0.0,0.2239524183549604,0.0980521287182033,0.106567635326526,1.9831540407393904,0.1025058076017566,0.1072917185802423,1.0,True,0
MIDNIGHT,MHIST,0.25,42,461,2,0.6964838825859895,0.4570488661769403,0.1386138613861386,0.2152873937526521,0.0895141113214277,0.089224878370397,1.8659725733359869,0.0924139932804108,0.0941502371456934,0.95496417604913,False,0
MIDNIGHT,MHIST,0.25,123,461,2,0.7095759049162615,0.419908869037507,0.0636604774535809,0.2151805805886199,0.1070486807064435,0.1197323351631816,1.7376935664214015,0.1264364043752045,0.1312309272924607,0.9825997952917092,False,0
MIDNIGHT,MHIST,0.25,456,461,2,0.6657932649018549,0.4658266185272856,0.1530864197530864,0.218400541451406,0.0722987219471681,0.0834238986821001,1.9354413203095528,0.0750121849757132,0.0858573122434352,0.9539406345957012,False,0
MIDNIGHT,MHIST,0.5,42,924,2,0.6985233207275346,0.4941792956498839,0.2171945701357466,0.2140002959260095,0.0873993322133156,0.0947752722685512,1.860743921658008,0.0896077883353487,0.1003687598328239,0.9160696008188332,False,0
MIDNIGHT,MHIST,0.5,123,924,2,0.7200612281649559,0.4884096226160875,0.2009345794392523,0.2075318202797421,0.0909907796451533,0.0923871503196454,1.704886081876461,0.0979122795686467,0.1013081290254799,0.9303991811668372,False,0
MIDNIGHT,MHIST,0.5,456,924,2,0.7172609400324149,0.499414867814698,0.2211981566820276,0.2085478223704249,0.089327237769706,0.0944873877752629,1.7907021204613032,0.0948449400798096,0.0988764313540329,0.924257932446264,False,0
MIDNIGHT,MHIST,1.0,42,1849,2,0.7383261300198092,0.5404122476907287,0.3037974683544304,0.2010804927859966,0.0825294760265743,0.0957124665251062,1.712834489428288,0.0926212452249318,0.0976031933432822,0.8833162743091095,False,0
MIDNIGHT,MHIST,1.0,123,1849,2,0.7383261300198092,0.5404122476907287,0.3037974683544304,0.2010804927859966,0.0825294760265743,0.0957124665251062,1.712834489428288,0.0926212452249318,0.0976031933432822,0.8833162743091095,False,0
MIDNIGHT,MHIST,1.0,456,1849,2,0.7383261300198092,0.5404122476907287,0.3037974683544304,0.2010804927859966,0.0825294760265743,0.0957124665251062,1.712834489428288,0.0926212452249318,0.0976031933432822,0.8833162743091095,False,0
MIDNIGHT,PCam,0.01,42,2620,2,0.9495605622547402,0.8810779500480093,0.8721754906811809,0.0884922136161615,0.0530836198872111,0.0538300614798857,1.482960968906187,0.0543600197144219,0.054360019714422,0.57464599609375,False,0
MIDNIGHT,PCam,0.01,123,2620,2,0.9392316193221112,0.8709558814950027,0.8598149570793948,0.0975629774922308,0.0600801882985695,0.0621526446076222,1.5938000996288662,0.0668530611706662,0.0668530611706662,0.58612060546875,False,0
MIDNIGHT,PCam,0.01,456,2620,2,0.9497133438883492,0.8806757903819112,0.8711314558662554,0.0896708013706932,0.0583240887844914,0.0625342049071802,1.5836732294301192,0.0572044274433636,0.0572044274433636,0.57977294921875,False,0
MIDNIGHT,PCam,0.05,42,13106,2,0.9556278319126508,0.8987061574915483,0.8916303028314577,0.0774307890989945,0.0476634976577221,0.0476634976577221,1.8051986688572663,0.0511521756561838,0.051189554180929,0.56964111328125,False,0
MIDNIGHT,PCam,0.05,123,13106,2,0.955957658000012,0.8956041426927503,0.8878560126582279,0.0790106024504533,0.0517865467188697,0.0517865467188697,1.9145588866366348,0.0533726855671702,0.0533935148459115,0.574005126953125,False,0
MIDNIGHT,PCam,0.05,456,13106,2,0.9586923233267808,0.8987811018518158,0.8915900131406045,0.0761667208561919,0.0461082150095853,0.0481773138052473,1.858432207810743,0.0488753298047325,0.0492871246113064,0.570831298828125,False,0
MIDNIGHT,PCam,0.1,42,26214,2,0.9544545552442714,0.9000780146320677,0.8930400525279054,0.0760686086634502,0.0484477380935673,0.0485232923566084,1.9592128123472272,0.049179042121947,0.0492973310285418,0.570220947265625,False,0
MIDNIGHT,PCam,0.1,123,26214,2,0.9568165536374268,0.9007717756503216,0.8937009167679821,0.0762050415766257,0.0514359184427033,0.0515031808204731,2.0248106556494347,0.0510041705587432,0.0510661254310149,0.571044921875,False,0
MIDNIGHT,PCam,0.1,456,26214,2,0.9586404374740326,0.9017904146835138,0.8948370993168681,0.0748099777349855,0.0493183285048439,0.0494318253653928,1.976723291506593,0.0497441466213434,0.0498874826718318,0.570587158203125,False,0
MIDNIGHT,PCam,0.25,42,65536,2,0.9556589902463948,0.9053726282305554,0.8988462042742887,0.0739574116548283,0.0526961512786694,0.0528969262728449,2.13960337574007,0.0505425882886714,0.0506204294105825,0.568756103515625,False,0
MIDNIGHT,PCam,0.25,123,65536,2,0.9573864151236948,0.906673035062179,0.9003274394237066,0.0731805045367085,0.0519323777486994,0.052132466936728,2.11984228053256,0.0500648671245501,0.0501613840748367,0.567779541015625,False,0
MIDNIGHT,PCam,0.25,456,65536,2,0.9571553949289558,0.9060668695696305,0.8997316578310098,0.0737674668909057,0.0505130351688057,0.0507701091006117,2.200791053169566,0.0473207131836962,0.0474286598438549,0.567230224609375,False,0
MIDNIGHT,PCam,0.5,42,131072,2,0.9534617875502542,0.9066830916343714,0.9004122227311392,0.0738135075928469,0.0524985821041658,0.0527953355172002,2.2892937050617674,0.0482734098290533,0.0483788631151439,0.566986083984375,False,0
MIDNIGHT,PCam,0.5,123,131072,2,0.9548790856788874,0.9062600645417148,0.9000065397946504,0.0744495211784539,0.0524010227081062,0.0529511620598711,2.369102353156357,0.047061535091974,0.0473084445622401,0.566497802734375,False,0
MIDNIGHT,PCam,0.5,456,131072,2,0.9565945337456918,0.9083725631619,0.9022403924775144,0.072817979831424,0.0525893831152711,0.0528588856073211,2.2586623893002544,0.0488729055002207,0.048949459900253,0.56671142578125,False,0
MIDNIGHT,PCam,1.0,42,262144,2,0.9534379270615372,0.9061140930655364,0.8996789201231898,0.0740490950636321,0.0558004007295935,0.0563320528116343,2.379907452568899,0.0508878762673128,0.0510326205661998,0.568328857421875,False,0
MIDNIGHT,PCam,1.0,123,262144,2,0.9534379270615372,0.9061140930655364,0.8996789201231898,0.0740490950636321,0.0558004007295935,0.0563320528116343,2.379907452568899,0.0508878762673128,0.0510326205661998,0.568328857421875,False,0
MIDNIGHT,PCam,1.0,456,262144,2,0.9534379270615372,0.9061140930655364,0.8996789201231898,0.0740490950636321,0.0558004007295935,0.0563320528116343,2.379907452568899,0.0508878762673128,0.0510326205661998,0.568328857421875,False,0
MIDNIGHT,SPIDER-Breast,0.01,42,682,18,0.9476432881293396,0.5747792068223535,,,0.2982542642610991,0.2982542642610991,0.4179652864830324,0.0393507563673893,0.039567888468985,0.0980555093900615,False,0
MIDNIGHT,SPIDER-Breast,0.01,123,682,18,0.951591520806058,0.5926778547029717,,,0.3164648299656529,0.3164648299656529,0.3945388502195766,0.0352065527423097,0.0340728325120995,0.1026258933023101,False,0
MIDNIGHT,SPIDER-Breast,0.01,456,682,18,0.9510832456936053,0.5865672168984726,,,0.3142375872414777,0.3142375872414777,0.399764141365931,0.0410908739350963,0.0404382006081978,0.0952301811533987,False,0
MIDNIGHT,SPIDER-Breast,0.05,42,3431,18,0.9745729561145524,0.6951342089124959,,,0.1918495734334762,0.1918495734334763,0.4848066962160755,0.0358536019957594,0.0365584322454039,0.1078610603290676,False,0
MIDNIGHT,SPIDER-Breast,0.05,123,3431,18,0.9737033873530349,0.6955090172874319,,,0.1970106704912606,0.1970106704912606,0.4757528055275226,0.0342697313964165,0.0351277902208228,0.1100216054512215,False,0
MIDNIGHT,SPIDER-Breast,0.05,456,3431,18,0.9731568877282162,0.6913873592146798,,,0.1914549968771071,0.1913341865645778,0.4792857032714946,0.039827628792244,0.0403334172406479,0.1112680737909257,False,0
MIDNIGHT,SPIDER-Breast,0.1,42,6868,18,0.980016708382074,0.73010634073827,,,0.1502438776097516,0.1502438776097515,0.5135564771616103,0.035374143074974,0.035574311475823,0.1161708492604287,False,0
MIDNIGHT,SPIDER-Breast,0.1,123,6868,18,0.9790856550362208,0.7274355058818052,,,0.149762101178509,0.1497429091462398,0.5100377739419336,0.0397013502715579,0.040281478258085,0.1157553598138607,False,0
MIDNIGHT,SPIDER-Breast,0.1,456,6868,18,0.9794520983326788,0.7321151533680035,,,0.1503984425360439,0.150398442536044,0.5124079012112924,0.0384968355374114,0.0387098890291569,0.1158384577031743,False,0
MIDNIGHT,SPIDER-Breast,0.25,42,17176,18,0.984621852935473,0.7682115467249037,,,0.106111433343117,0.1060698021473883,0.5474919101980683,0.0372960301943548,0.0374384341195985,0.119744058500914,False,0
MIDNIGHT,SPIDER-Breast,0.25,123,17176,18,0.98453650193429,0.768433449026285,,,0.105189776441666,0.1050184304320201,0.5428999735692582,0.0410069612622549,0.0411696344204554,0.1204919395047365,False,0
MIDNIGHT,SPIDER-Breast,0.25,456,17176,18,0.9842713457812776,0.7683337771742129,,,0.1051222582144534,0.1051222582144534,0.5462473622036045,0.03928181077816,0.0395678240140626,0.1198271563902276,False,0
MIDNIGHT,SPIDER-Breast,0.5,42,34361,18,0.9872668417460412,0.7899382126086395,,,0.0793208623373522,0.0793208623373522,0.570793812456368,0.0386251090556984,0.0388117187057996,0.1213229183978727,False,0
MIDNIGHT,SPIDER-Breast,0.5,123,34361,18,0.9870820579052898,0.7900938264526741,,,0.0735072613974357,0.0734874343704107,0.5805817159781622,0.0406911485747841,0.0408836892814511,0.122320093069636,False,0
MIDNIGHT,SPIDER-Breast,0.5,456,34361,18,0.9872657936769692,0.7917671032488554,,,0.076330770021088,0.0763090240089072,0.5742774587505449,0.0404736067407304,0.0398577578712326,0.1228186804055177,False,0
MIDNIGHT,SPIDER-Breast,1.0,42,68730,18,0.9890044041628118,0.8134626320897372,,,0.0568351196433577,0.0568351196433577,0.6037832952518413,0.0375122409451373,0.0373276900269226,0.1234834635200265,False,0
MIDNIGHT,SPIDER-Breast,1.0,123,68730,18,0.9890044041628118,0.8134626320897372,,,0.0568351196433577,0.0568351196433577,0.6037832952518413,0.0375122409451373,0.0373276900269226,0.1234834635200265,False,0
MIDNIGHT,SPIDER-Breast,1.0,456,68730,18,0.9890044041628118,0.8134626320897372,,,0.0568351196433577,0.0568351196433577,0.6037832952518413,0.0375122409451373,0.0373276900269226,0.1234834635200265,False,0
PLIP,BRACS,0.01,42,33,7,0.6782269658704332,0.1931426407041312,,,0.0379062928140203,0.0640910631227619,1.7266656828710698,0.0673287367676936,0.0685059894767177,0.743859649122807,False,0
PLIP,BRACS,0.01,123,33,7,0.740245436657333,0.2212882213735092,,,0.0529550743822738,0.0850212046621148,1.2674184730746751,0.0892481842475765,0.0933730957408218,0.6508771929824562,False,0
PLIP,BRACS,0.01,456,33,7,0.7669590224196211,0.2699972235330034,,,0.1171863558209127,0.1384197384551854,1.08128984554852,0.118900760791839,0.1411474614356314,0.6105263157894737,False,0
PLIP,BRACS,0.05,42,180,7,0.7978892808120891,0.3114714478420103,,,0.1559684312570715,0.1871885414331286,0.4919201730536068,0.1010878079819103,0.1123712423990242,0.3245614035087719,False,0
PLIP,BRACS,0.05,123,180,7,0.7911151407653491,0.2859126389049953,,,0.1102069813786907,0.1321471037550989,0.5563458970435528,0.0654303173056857,0.0667582747875783,0.3298245614035088,False,0
PLIP,BRACS,0.05,456,180,7,0.8224502656461267,0.3135540725768316,,,0.1569479520843601,0.173003562893445,0.5212458807830739,0.0768116627496507,0.1023976370156768,0.3070175438596491,False,0
PLIP,BRACS,0.1,42,362,7,0.8279253532298672,0.3663077660167316,,,0.1603025105522538,0.1562217982880003,0.5268888514091282,0.0618429575929515,0.0800835038977623,0.2912280701754386,False,0
PLIP,BRACS,0.1,123,362,7,0.8163022216422565,0.3636837581222032,,,0.1330660928145211,0.1457452317078248,0.5555759680845251,0.0711300042323663,0.0653949505450894,0.2789473684210526,False,0
PLIP,BRACS,0.1,456,362,7,0.8275506197567146,0.3666381718470688,,,0.1323597761218597,0.1497692196632493,0.5592234916059664,0.0539557878647146,0.0592705057614572,0.3280701754385965,False,0
PLIP,BRACS,0.25,42,912,7,0.842678174733009,0.4538376534232143,,,0.1283394939599142,0.1388346326017911,0.6121194614402341,0.0387280194363738,0.0318673093692731,0.2631578947368421,False,0
PLIP,BRACS,0.25,123,912,7,0.8334906525443971,0.4579599364025292,,,0.1338887019536243,0.1339296417444284,0.5910847715142653,0.0263925924289371,0.0360671034038265,0.256140350877193,False,0
PLIP,BRACS,0.25,456,912,7,0.8322360784889582,0.4474514831606828,,,0.1127513909474801,0.1156743491119373,0.6464680906164245,0.0417020975054747,0.0499109498298008,0.2859649122807017,False,0
PLIP,BRACS,0.5,42,1826,7,0.8480830225376655,0.47857154926627,,,0.0762162047212328,0.0839846214728802,0.7194178330134665,0.0440665857212424,0.0550072085705651,0.243859649122807,False,0
PLIP,BRACS,0.5,123,1826,7,0.8468326302800956,0.4683696626772486,,,0.0861223037654917,0.0916540692572121,0.699343287203855,0.0466857663377477,0.0542007053364704,0.2421052631578947,False,0
PLIP,BRACS,0.5,456,1826,7,0.8416856339680444,0.4773077717162203,,,0.0729814206754934,0.1014852896952557,0.7160374614739475,0.0526554607885656,0.0678984790956252,0.2385964912280701,False,0
PLIP,BRACS,1.0,42,3657,7,0.856587673169057,0.4978774599268564,,,0.0587771940646065,0.0825212113638671,0.7837318247188375,0.0567169418367987,0.0640721139606005,0.2105263157894736,False,0
PLIP,BRACS,1.0,123,3657,7,0.856587673169057,0.4978774599268564,,,0.0587771940646065,0.0825212113638671,0.7837318247188375,0.0567169418367987,0.0640721139606005,0.2105263157894736,False,0
PLIP,BRACS,1.0,456,3657,7,0.856587673169057,0.4978774599268564,,,0.0587771940646065,0.0825212113638671,0.7837318247188375,0.0567169418367987,0.0640721139606005,0.2105263157894736,False,0
PLIP,CRC,0.01,42,696,9,0.9958767148604402,0.9297055483081108,,,0.2774555871577799,0.2774555871577799,0.3327123564213877,0.0060966900094342,0.0055017626414857,0.1534666666666666,False,0
PLIP,CRC,0.01,123,696,9,0.9962292129495344,0.9361482342820832,,,0.2948973571722986,0.2948798268184787,0.3037767286062504,0.0038357922213239,0.0046374851222109,0.1472,False,0
PLIP,CRC,0.01,456,696,9,0.9958965746187528,0.9322170597103836,,,0.2890399769173858,0.2890399769173859,0.3123050888884096,0.0034864123770971,0.003665910250261,0.1491333333333333,False,0
PLIP,CRC,0.05,42,3495,9,0.9976864251575664,0.9550909230125948,,,0.1269976724667658,0.1269976724667658,0.4551929210800514,0.0041889756756879,0.0047587327230302,0.1432666666666666,False,0
PLIP,CRC,0.05,123,3495,9,0.9976470370665363,0.955113939137176,,,0.1281322854086189,0.1281322854086189,0.4572554655887636,0.0037981345810217,0.0039324519218846,0.1428,False,0
PLIP,CRC,0.05,456,3495,9,0.9976819556717338,0.951975626329677,,,0.1282034006478992,0.1282034006478991,0.4527652652424319,0.0025461843405222,0.0018540683559357,0.1431333333333333,False,0
PLIP,CRC,0.1,42,6996,9,0.9981609921950316,0.9598401136183308,,,0.087599890581861,0.0875931846607108,0.5102643130278375,0.0038030664191882,0.0018704950911723,0.1430666666666666,False,0
PLIP,CRC,0.1,123,6996,9,0.9981363802532476,0.9595504759361846,,,0.0873803786446889,0.0873133684360353,0.5108498913123681,0.003979334607181,0.0019358341588345,0.1416,False,0
PLIP,CRC,0.1,456,6996,9,0.9981678842476658,0.9593428070206994,,,0.0890560724497873,0.0889270584894454,0.5061781749860794,0.0027292467277009,0.0022424092654249,0.1422,False,0
PLIP,CRC,0.25,42,17496,9,0.99865728412423,0.9676876113666923,,,0.0546776261887448,0.0541455201523246,0.5763466962616182,0.0017149952235809,0.0020464673393583,0.1431333333333333,False,0
PLIP,CRC,0.25,123,17496,9,0.9986271586273304,0.9673629485608916,,,0.0553207183508059,0.0549648365602008,0.5733714648237928,0.002524057138759,0.0024156195569667,0.1424,False,0
PLIP,CRC,0.25,456,17496,9,0.998674720883781,0.968199976987051,,,0.0562872091307812,0.0562533618574372,0.5697265094070485,0.0025705930774037,0.0024795739657241,0.1427333333333333,False,0
PLIP,CRC,0.5,42,34998,9,0.998954690011678,0.9721060814193724,,,0.038636503780083,0.0385482528984933,0.6146192631536616,0.0024166938952278,0.0018774157563698,0.1426666666666666,False,0
PLIP,CRC,0.5,123,34998,9,0.9989208030693614,0.9720568041818548,,,0.0384034784541395,0.0380319668914172,0.6182938648776924,0.0035616508617363,0.0016222364130878,0.1427333333333333,False,0
PLIP,CRC,0.5,456,34998,9,0.9989481387368218,0.9722987948833866,,,0.0396971439876025,0.0394764559632276,0.6133916553561258,0.0023144482381381,0.0015919782810974,0.1426666666666666,False,0
PLIP,CRC,1.0,42,70000,9,0.9991666117025452,0.976428964917576,,,0.0281272113232024,0.0280067957423816,0.6482916748504577,0.0019242254268136,0.0014373214025949,0.1429333333333333,False,0
PLIP,CRC,1.0,123,70000,9,0.9991666117025452,0.976428964917576,,,0.0281272113232024,0.0280067957423816,0.6482916748504577,0.0019242254268136,0.0014373214025949,0.1429333333333333,False,0
PLIP,CRC,1.0,456,70000,9,0.9991666117025452,0.976428964917576,,,0.0281272113232024,0.0280067957423816,0.6482916748504577,0.0019242254268136,0.0014373214025949,0.1429333333333333,False,0
PLIP,LungHist700,0.01,42,7,7,0.7244925228350151,0.4252244987279519,,,0.3659636050957247,0.3898087301249651,0.1000052749944835,0.2048329700858782,0.2375048697420834,0.3238095238095238,False,6
PLIP,LungHist700,0.01,123,7,7,0.7848062155443036,0.406537277910183,,,0.2844281476187944,0.2875383037358083,0.1000052749944835,0.1666968657005733,0.1713853565830979,0.2666666666666666,False,6
PLIP,LungHist700,0.01,456,7,7,0.7780854276626792,0.3917540929415244,,,0.2719776962610156,0.2725983371217848,0.1000052749944835,0.1489177065027813,0.1658151151321726,0.3714285714285714,False,6
PLIP,LungHist700,0.05,42,22,7,0.8267458914434879,0.0574466184222281,,,0.2186625384468333,0.2407484315141975,0.3713645353990369,0.2737960545147901,0.2846682080034092,0.9809523809523808,False,0
PLIP,LungHist700,0.05,123,22,7,0.8489692456316312,0.0457142857142857,,,0.2098602954564341,0.2464001526596014,0.3823230940029851,0.2748685465194734,0.271732740225838,1.0,True,0
PLIP,LungHist700,0.05,456,22,7,0.8666975887097168,0.0778377466689155,,,0.2118711715683237,0.2118711715683237,0.3969944937566198,0.258981213455609,0.2488321477556697,0.961904761904762,False,0
PLIP,LungHist700,0.1,42,45,7,0.8659669212375893,0.261595547309833,,,0.1349196246800622,0.1756634377342572,0.295908358631144,0.1527336474677798,0.1843339577968906,0.6095238095238096,False,0
PLIP,LungHist700,0.1,123,45,7,0.8722063586226279,0.1912359495769633,,,0.1147234165762856,0.1986153628287621,0.327757389082159,0.2062209054494462,0.2357528429715502,0.6952380952380952,False,0
PLIP,LungHist700,0.1,456,45,7,0.8901052021821966,0.3226000889866435,,,0.1946112014374533,0.2320594476216982,0.2729273651640178,0.1405667906752268,0.1160023774826629,0.5428571428571428,False,0
PLIP,LungHist700,0.25,42,118,7,0.8863909635831752,0.4036626305533869,,,0.2002655768947462,0.22688720123486,0.2872021855821866,0.1426985863992182,0.1422403640312971,0.4285714285714285,False,0
PLIP,LungHist700,0.25,123,118,7,0.8822323143551426,0.4555689398789919,,,0.2312586720085378,0.2656863867583904,0.2950290853428721,0.1825490638495925,0.1507104452480808,0.4,False,0
PLIP,LungHist700,0.25,456,118,7,0.9196441897329148,0.4574770258980785,,,0.2591030308041132,0.2633162457725215,0.2465054623297296,0.1320357206243137,0.1278964518617815,0.4095238095238095,False,0
PLIP,LungHist700,0.5,42,240,7,0.8951784996420306,0.48698593189398,,,0.216468094984506,0.2170395536792979,0.3393864361775874,0.1318308450740964,0.143020433634875,0.2952380952380952,False,0
PLIP,LungHist700,0.5,123,240,7,0.8987428679890697,0.5346429148322216,,,0.2407515160889793,0.2433062616893125,0.3369512707854078,0.1326144458265171,0.1495434682065445,0.2952380952380952,False,0
PLIP,LungHist700,0.5,456,240,7,0.9171729584072926,0.5106730730569738,,,0.2408360219455102,0.2526188411471686,0.3234553409945278,0.1168556401323363,0.1195992354830484,0.2952380952380952,False,0
PLIP,LungHist700,1.0,42,483,7,0.9220359017533604,0.5968399763005977,,,0.2244485961840369,0.2337670767481394,0.4108644184983619,0.1066343523619929,0.1435001190901575,0.238095238095238,False,0
PLIP,LungHist700,1.0,123,483,7,0.9220359017533604,0.5968399763005977,,,0.2244485961840369,0.2337670767481394,0.4108644184983619,0.1066343523619929,0.1435001190901575,0.238095238095238,False,0
PLIP,LungHist700,1.0,456,483,7,0.9220359017533604,0.5968399763005977,,,0.2244485961840369,0.2337670767481394,0.4108644184983619,0.1066343523619929,0.1435001190901575,0.238095238095238,False,0
PLIP,MHIST,0.01,42,18,2,0.7423329731676571,0.3870765370138017,0.0,0.2304073513664588,0.1271330369089613,0.1727264905114952,2.098808954572708,0.1192581419105478,0.1714786078170316,1.0,True,0
PLIP,MHIST,0.01,123,18,2,0.6336214658743021,0.3870765370138017,0.0,0.2365206934716227,0.1365908156473551,0.1510967775411354,2.320374165616052,0.0841701858913269,0.1358615519442681,1.0,True,0
PLIP,MHIST,0.01,456,18,2,0.7348865478119936,0.3870765370138017,0.0,0.2331970324967769,0.1746898997008341,0.1864069489264871,2.2694703670677883,0.0885191469980175,0.1798522480254681,1.0,True,0
PLIP,MHIST,0.05,42,92,2,0.7786376733297318,0.3870765370138017,0.0,0.2177090996175687,0.1490272027155929,0.1706957184447001,1.8844893883851437,0.176375286521724,0.1744691242812987,1.0,True,0
PLIP,MHIST,0.05,123,92,2,0.7451692778678193,0.3870765370138017,0.0,0.2158978594153803,0.1436650997921061,0.1793561444006296,1.811560030966412,0.1573962259794037,0.1828420663826909,1.0,True,0
PLIP,MHIST,0.05,456,92,2,0.7459031154330994,0.3870765370138017,0.0,0.220258526040276,0.141888632362242,0.1652638338437412,1.8880457977006249,0.163889542354907,0.1678004342960771,1.0,True,0
PLIP,MHIST,0.1,42,184,2,0.7839726274086081,0.3870765370138017,0.0,0.204854433025275,0.1457203915187255,0.1475714050898842,1.716049110269757,0.1516371484507965,0.1532560262894802,1.0,True,0
PLIP,MHIST,0.1,123,184,2,0.7720691518098325,0.3870765370138017,0.0,0.2073565082543658,0.1316032676799323,0.1564775885793768,1.6722500603251946,0.156708080974517,0.1600830551184216,1.0,True,0
PLIP,MHIST,0.1,456,184,2,0.7820547451827841,0.3900896060152363,0.0055401662049861,0.2065451163912339,0.1383069514620865,0.1372884439198456,1.767518020688878,0.1258719630043471,0.1345634048372747,0.9989764585465712,True,0
PLIP,MHIST,0.25,42,461,2,0.7998964523680893,0.4826655759328311,0.1813725490196078,0.1891564737773346,0.1229930635086263,0.1260656876043314,1.5730755162526435,0.1239898663843938,0.1248956011771316,0.9508700102354144,False,0
PLIP,MHIST,0.25,123,461,2,0.7929362506753107,0.514375408763898,0.24,0.1897245967314628,0.1270371453391817,0.1279715901876442,1.505155549506465,0.1218250536691573,0.1231400692937696,0.933469805527124,False,0
PLIP,MHIST,0.25,456,461,2,0.7890149468755627,0.4775761818891277,0.169576059850374,0.1932742453453703,0.1123159735409016,0.1227712639471215,1.5879392917167294,0.1197554209801965,0.1231608583612618,0.9580348004094166,False,0
PLIP,MHIST,0.5,42,924,2,0.7989150009004142,0.5711483063825222,0.3534303534303534,0.1834807046214176,0.1033194507343392,0.1016925300121112,1.5872297914294449,0.1009910358557499,0.101758108390371,0.8761514841351075,False,0
PLIP,MHIST,0.5,123,924,2,0.8067531064289574,0.5968363136176067,0.4,0.1802634686322063,0.1005675266134538,0.1009814162183684,1.5091218621438456,0.1023807800469228,0.0999810122829147,0.8567041965199591,False,0
PLIP,MHIST,0.5,456,924,2,0.8132721051683774,0.5797728967138843,0.3617021276595745,0.1811943066152148,0.1120278897396917,0.1135744880365267,1.495047817480584,0.1105981580245916,0.1084388147209726,0.887410440122825,False,0
PLIP,MHIST,1.0,42,1849,2,0.8291644156311905,0.6424857241455648,0.4844036697247706,0.17074570556405,0.0910379819949248,0.0940659911951158,1.4400670641601865,0.0852055428518377,0.0848050460379886,0.8106448311156602,False,0
PLIP,MHIST,1.0,123,1849,2,0.8291644156311905,0.6424857241455648,0.4844036697247706,0.17074570556405,0.0910379819949248,0.0940659911951158,1.4400670641601865,0.0852055428518377,0.0848050460379886,0.8106448311156602,False,0
PLIP,MHIST,1.0,456,1849,2,0.8291644156311905,0.6424857241455648,0.4844036697247706,0.17074570556405,0.0910379819949248,0.0940659911951158,1.4400670641601865,0.0852055428518377,0.0848050460379886,0.8106448311156602,False,0
PLIP,PCam,0.01,42,2620,2,0.9414989319944668,0.864672990668552,0.8599525691699604,0.1020501940959697,0.0691260684819988,0.0693427452402508,1.2673911073247646,0.0309402052703069,0.0309402052703069,0.53466796875,False,0
PLIP,PCam,0.01,123,2620,2,0.9417690006892422,0.8617470191296394,0.856207280241615,0.1022184288530566,0.0716153225945834,0.0709690970387827,1.2850451698902154,0.0346842895991293,0.0346842895991293,0.53985595703125,False,0
PLIP,PCam,0.01,456,2620,2,0.9435367406655112,0.8682076486140926,0.8634737741761894,0.1013453782947535,0.0762543227803673,0.076507400844144,1.2581344360841555,0.03171729471057,0.0317172947105701,0.53570556640625,False,0
PLIP,PCam,0.05,42,13106,2,0.950933276100943,0.8750109977882965,0.8692703835204555,0.0910255341600807,0.0504363169665499,0.050120241801602,1.6350012974429775,0.0380846546147057,0.0386883989012072,0.54571533203125,False,0
PLIP,PCam,0.05,123,13106,2,0.9498641697441949,0.8726748674524607,0.8660809114608478,0.0922461508775217,0.0493789914988887,0.0497395374477134,1.6893939823349156,0.0426320315547609,0.0428893336578419,0.55157470703125,False,0
PLIP,PCam,0.05,456,13106,2,0.950658629023555,0.8757814487816125,0.8701406649616368,0.0909892532877043,0.0482904287664544,0.0475643428523759,1.634306646020026,0.0374199989544289,0.0375171460208376,0.545196533203125,False,0
PLIP,PCam,0.1,42,26214,2,0.9514249772571916,0.8759573254126898,0.869919481602669,0.0901036103230988,0.0443881824885227,0.0450792991594046,1.7575115671274433,0.0418276065780501,0.04182760657805,0.5484619140625,False,0
PLIP,PCam,0.1,123,26214,2,0.951547494626892,0.8743599984844289,0.867584916615593,0.0907940115052929,0.0481152278662714,0.0484238122267461,1.7925181294985597,0.0453421138864762,0.0460098947850785,0.5537109375,False,0
PLIP,PCam,0.1,456,26214,2,0.9515455090468002,0.8763833732705101,0.8703436326884204,0.0897577619499873,0.0435474514467875,0.0437774513744577,1.7701768169712582,0.0407817175684551,0.0407817175684551,0.54864501953125,False,0
PLIP,PCam,0.25,42,65536,2,0.9533684392089156,0.8777202346763919,0.8710666451508795,0.0889021135612561,0.0454298243522476,0.0465124035913563,1.9372281830966167,0.0459836999637741,0.0464555157613101,0.55419921875,False,0
PLIP,PCam,0.25,123,65536,2,0.952146968451148,0.875147907156274,0.8680685862180524,0.0899508803419507,0.0464363840062458,0.0468374503011686,1.977919027440018,0.0466343905351443,0.0468276140461349,0.556488037109375,False,0
PLIP,PCam,0.25,456,65536,2,0.953367019873053,0.8779634724707532,0.8713082211678125,0.0887044354682978,0.0447335650453426,0.0456663216821694,1.9377591828661287,0.0452741957572479,0.0455428863025886,0.5543212890625,False,0
PLIP,PCam,0.5,42,131072,2,0.9524826171683084,0.8743261303985292,0.8667208055871366,0.0903682390169982,0.0502873916009395,0.0502873916009395,2.125181832834346,0.0491881387775197,0.0491881387775197,0.560302734375,False,0
PLIP,PCam,0.5,123,131072,2,0.9537678276547178,0.8771319200718868,0.8698501265165769,0.0891899323931749,0.0499589143574265,0.0499589143574265,2.0756232763157807,0.0493013235623766,0.0494482708134433,0.559051513671875,False,0
PLIP,PCam,0.5,456,131072,2,0.953065140918612,0.8770038700440314,0.869928439594599,0.0893233706677449,0.0485258533192932,0.0485258533192931,2.075868838998928,0.0478832831192864,0.0478832831192864,0.55731201171875,False,0
PLIP,PCam,1.0,42,262144,2,0.9523657175374036,0.8718892364510866,0.8630612913798754,0.0918246914258517,0.057402093811539,0.0574020938115391,2.141662968994923,0.0560417420567183,0.0560417420567182,0.568695068359375,False,0
PLIP,PCam,1.0,123,262144,2,0.9523657175374036,0.8718892364510866,0.8630612913798754,0.0918246914258517,0.057402093811539,0.0574020938115391,2.141662968994923,0.0560417420567183,0.0560417420567182,0.568695068359375,False,0
PLIP,PCam,1.0,456,262144,2,0.9523657175374036,0.8718892364510866,0.8630612913798754,0.0918246914258517,0.057402093811539,0.0574020938115391,2.141662968994923,0.0560417420567183,0.0560417420567182,0.568695068359375,False,0
PLIP,SPIDER-Breast,0.01,42,682,18,0.9444725003384706,0.5113091620096362,,,0.3551089242305186,0.3551089242305186,0.2987829760738295,0.0335775182846392,0.0345382575912537,0.1013794249626059,False,0
PLIP,SPIDER-Breast,0.01,123,682,18,0.94152439243216,0.5235964661605851,,,0.3690194723402281,0.3690194723402281,0.2994308299480518,0.0188305452316084,0.0245114649053154,0.1025427954129965,False,0
PLIP,SPIDER-Breast,0.01,456,682,18,0.9481486472947168,0.5297010297071829,,,0.368396762612378,0.3683967626123781,0.2953306782360256,0.0253890476063749,0.0280109587438189,0.1120159547947482,False,0
PLIP,SPIDER-Breast,0.05,42,3431,18,0.9654840754146926,0.6484932898542506,,,0.2589505730179797,0.2589505730179796,0.4271232391857092,0.0304768634137164,0.0306207745721474,0.1115173674588665,False,0
PLIP,SPIDER-Breast,0.05,123,3431,18,0.9651691748601612,0.6332290205160638,,,0.2486214058017318,0.2486214058017317,0.428015270807613,0.0423699237114788,0.0420532891421061,0.1165032408176832,False,0
PLIP,SPIDER-Breast,0.05,456,3431,18,0.9645398234798476,0.639654042816518,,,0.2482701452606041,0.2482701452606041,0.4303577377646105,0.0376773632025576,0.0369565331672129,0.1132624231344523,False,0
PLIP,SPIDER-Breast,0.1,42,6868,18,0.9716638474061032,0.6850198471631965,,,0.2098151681151873,0.2098151681151873,0.482890489545639,0.0252292428811933,0.0246970261638382,0.1153398703672926,False,0
PLIP,SPIDER-Breast,0.1,123,6868,18,0.9710484831231394,0.6739049574844885,,,0.1976725546938763,0.1976725546938763,0.4819366866270256,0.0344473171171026,0.0344369336629604,0.1201595479474821,False,0
PLIP,SPIDER-Breast,0.1,456,6868,18,0.9708947911649416,0.681141293404269,,,0.2026844798010968,0.2026414155328015,0.4862808736137535,0.028055098240938,0.0278786498297934,0.1170018281535649,False,0
PLIP,SPIDER-Breast,0.25,42,17176,18,0.9761467009531016,0.7108789281182681,,,0.1436017465221682,0.1436017465221682,0.5533371194448754,0.0281958236110402,0.0283090363833991,0.1196609606116004,False,0
PLIP,SPIDER-Breast,0.25,123,17176,18,0.976441458055917,0.7094160886402314,,,0.1418734349165373,0.1418734349165373,0.5509611398950044,0.0312707051694412,0.0312203209396187,0.1198271563902276,False,0
PLIP,SPIDER-Breast,0.25,456,17176,18,0.9761934849950452,0.7081394720905779,,,0.1411643581433135,0.1411432809423518,0.5545084939296852,0.0300937994368746,0.0302580394698431,0.1194116669436596,False,0
PLIP,SPIDER-Breast,0.5,42,34361,18,0.9788493387561964,0.720052506569983,,,0.0999931891572858,0.0999931891572859,0.5997573961572473,0.0369754666186442,0.0366810883310043,0.119744058500914,False,0
PLIP,SPIDER-Breast,0.5,123,34361,18,0.97928881854313,0.7264514045326969,,,0.1069577220385217,0.1068693774529424,0.5961871811471022,0.031709327176421,0.0318994297050323,0.1201595479474821,False,0
PLIP,SPIDER-Breast,0.5,456,34361,18,0.9790528564286308,0.7235333595075821,,,0.1033356431273481,0.1033356431273481,0.5998365581145343,0.0333619782324908,0.0332149173831941,0.120824331061991,False,0
PLIP,SPIDER-Breast,1.0,42,68730,18,0.9816586026879696,0.7375199746291697,,,0.0750833869300872,0.0749550263634348,0.6365042660944493,0.0360233040937739,0.0360321255351467,0.1216553099551271,False,0
PLIP,SPIDER-Breast,1.0,123,68730,18,0.9816586026879696,0.7375199746291697,,,0.0750833869300872,0.0749550263634348,0.6365042660944493,0.0360233040937739,0.0360321255351467,0.1216553099551271,False,0
PLIP,SPIDER-Breast,1.0,456,68730,18,0.9816586026879696,0.7375199746291697,,,0.0750833869300872,0.0749550263634348,0.6365042660944493,0.0360233040937739,0.0360321255351467,0.1216553099551271,False,0
UNI,BRACS,0.01,42,33,7,0.7616340370155833,0.2908235608064862,,,0.1367336341061829,0.1448363095680483,0.8197836378232992,0.1128992299269917,0.1243269477133683,0.475438596491228,False,0
UNI,BRACS,0.01,123,33,7,0.798193718721001,0.2311481232335179,,,0.073104100837319,0.0774445333366052,0.8573732269672636,0.0506150499190198,0.0622497310174719,0.4333333333333333,False,0
UNI,BRACS,0.01,456,33,7,0.7973917342099677,0.298250655957761,,,0.119007219489133,0.1277815458632016,0.7950330601108234,0.0823570772118225,0.0969206506076138,0.4701754385964912,False,0
UNI,BRACS,0.05,42,180,7,0.8467684605019842,0.3981764809602642,,,0.106960886749448,0.1279649674451996,0.5656810287925809,0.0652080314093615,0.0782365278272544,0.2807017543859649,False,0
UNI,BRACS,0.05,123,180,7,0.8509568894097098,0.4647841142259024,,,0.1446087057359192,0.1446087057359192,0.6005636723810589,0.0407269492714073,0.0371077648936549,0.2473684210526315,False,0
UNI,BRACS,0.05,456,180,7,0.8644363842745137,0.4499010428518847,,,0.148640092437787,0.148640092437787,0.5760600944584221,0.0502135324517837,0.077450030955943,0.2736842105263158,False,0
UNI,BRACS,0.1,42,362,7,0.8621632858019276,0.5304707690464352,,,0.1499082805496201,0.1524937636879622,0.6179757623877635,0.0551698033493846,0.0631609342375779,0.2245614035087719,False,0
UNI,BRACS,0.1,123,362,7,0.867760997100987,0.5434990633163738,,,0.1488194938314956,0.1488194938314956,0.6321775593837243,0.0400423947801014,0.0596914629922417,0.2508771929824561,False,0
UNI,BRACS,0.1,456,362,7,0.8741864281316155,0.4972872253009215,,,0.1260717065794288,0.1376001939491246,0.6070721386299659,0.0504938200131415,0.0697963918205555,0.2596491228070175,False,0
UNI,BRACS,0.25,42,912,7,0.8805822739197661,0.5652032194600501,,,0.0887320120028881,0.0995295154343443,0.7203011227856183,0.0478989514594947,0.0573862752545722,0.2052631578947368,False,0
UNI,BRACS,0.25,123,912,7,0.8891427801854588,0.554643198458187,,,0.0981619036487651,0.1006899286020785,0.6835194133509435,0.065109392835704,0.0910813827623429,0.2245614035087719,False,0
UNI,BRACS,0.25,456,912,7,0.8848335943313625,0.5703106644277653,,,0.1042692867882899,0.1037488974260885,0.687512331113393,0.0586972486750187,0.0578935689698571,0.219298245614035,False,0
UNI,BRACS,0.5,42,1826,7,0.8918930092799499,0.5879238525540881,,,0.0578767816383572,0.0625697522786344,0.7604045646608687,0.0591326168852393,0.0644270212608155,0.1842105263157894,False,0
UNI,BRACS,0.5,123,1826,7,0.8980345873560882,0.5850277987410403,,,0.0641218765025448,0.0708448363538918,0.7542077869800631,0.0435095187849693,0.0501947385571208,0.2,False,0
UNI,BRACS,0.5,456,1826,7,0.8955591372312872,0.5800883550111766,,,0.0544676937278731,0.0686166736557274,0.7451731845378594,0.0548715633562759,0.062717105589947,0.2070175438596491,False,0
UNI,BRACS,1.0,42,3657,7,0.9012589709524764,0.5961587890370639,,,0.0488810091179866,0.09741732804525,0.8120119086392641,0.0811772922856012,0.0856516940516439,0.1859649122807017,False,0
UNI,BRACS,1.0,123,3657,7,0.9012589709524764,0.5961587890370639,,,0.0488810091179866,0.09741732804525,0.8120119086392641,0.0811772922856012,0.0856516940516439,0.1859649122807017,False,0
UNI,BRACS,1.0,456,3657,7,0.9012589709524764,0.5961587890370639,,,0.0488810091179866,0.09741732804525,0.8120119086392641,0.0811772922856012,0.0856516940516439,0.1859649122807017,False,0
UNI,CRC,0.01,42,696,9,0.9993864513833208,0.9844282982254644,,,0.2161282951803061,0.2161282951803061,0.3411379999907233,0.0022012801035689,0.002664778326685,0.1447333333333333,False,0
UNI,CRC,0.01,123,696,9,0.9995794231152996,0.9879094219544255,,,0.2254445121704304,0.2254445121704304,0.3175450662719438,0.0047063867338507,0.0048022736294736,0.1426,False,0
UNI,CRC,0.01,456,696,9,0.9993768779504184,0.9844389217013192,,,0.2208923105354971,0.220892310535497,0.3362058481281839,0.0032836000213338,0.003174612500565,0.1429333333333333,False,0
UNI,CRC,0.05,42,3495,9,0.9995425683483928,0.9906217483339248,,,0.0747227124096088,0.0747227124096089,0.4869464029013599,0.0022814537985067,0.0024559983233509,0.1423333333333333,False,0
UNI,CRC,0.05,123,3495,9,0.9996379053640874,0.990502479791878,,,0.0758379357215968,0.0758379357215967,0.4810034550371515,0.0025116026188704,0.0027439495889229,0.1418,False,0
UNI,CRC,0.05,456,3495,9,0.9996474310471702,0.9909971758621172,,,0.0774978645239602,0.0774978645239602,0.4668475573880666,0.0027227983120271,0.0032492683690679,0.1422666666666666,False,0
UNI,CRC,0.1,42,6996,9,0.9996325775034144,0.9913321797288146,,,0.0461828370531202,0.0461828370531202,0.5386091519763001,0.002063050762628,0.0011601186965277,0.1416,False,0
UNI,CRC,0.1,123,6996,9,0.999699408290196,0.99199503335952,,,0.0472103874813738,0.0472103874813739,0.5373406924924745,0.0023762582540864,0.0021895462184174,0.1418666666666666,False,0
UNI,CRC,0.1,456,6996,9,0.999677035271239,0.9914709994921728,,,0.0470816547520245,0.0468866513222687,0.5333150409066956,0.0017634799044585,0.0018027922470779,0.1421333333333333,False,0
UNI,CRC,0.25,42,17496,9,0.9997786037222698,0.9924152214339376,,,0.0246053161622286,0.0246053161622286,0.6063097125395827,0.0015278394497323,0.0008303907728525,0.1416666666666666,False,0
UNI,CRC,0.25,123,17496,9,0.9997931940737164,0.9933299853787976,,,0.0246531718214047,0.0245675459357787,0.6002459509208028,0.001950673786648,0.0011221750209463,0.1418,False,0
UNI,CRC,0.25,456,17496,9,0.9998607542551794,0.9932292492090824,,,0.0257121667752499,0.0256772937445253,0.5941126884919996,0.0014989447498068,0.0007074138104636,0.142,False,0
UNI,CRC,0.5,42,34998,9,0.9999200303704976,0.9939811659858564,,,0.0160796694374216,0.0156243097865069,0.6271922626973402,0.0008393392724999,0.0007737930312174,0.1418666666666666,False,0
UNI,CRC,0.5,123,34998,9,0.9998543881739848,0.994216687980774,,,0.0154576370373812,0.0154576370373812,0.6319158903545993,0.0013224854831064,0.0006228429244841,0.1420666666666666,False,0
UNI,CRC,0.5,456,34998,9,0.9999019626084542,0.994220343524888,,,0.0158522315690216,0.0158512505639238,0.6339256370208878,0.0010470071424073,0.0007701622571094,0.1420666666666666,False,0
UNI,CRC,1.0,42,70000,9,0.9999219330690908,0.9948402491051612,,,0.010392303586176,0.0099608754824488,0.6578746139383109,0.0008462966558535,0.000626201012274,0.142,False,0
UNI,CRC,1.0,123,70000,9,0.9999219330690908,0.9948402491051612,,,0.010392303586176,0.0099608754824488,0.6578746139383109,0.0008462966558535,0.000626201012274,0.142,False,0
UNI,CRC,1.0,456,70000,9,0.9999219330690908,0.9948402491051612,,,0.010392303586176,0.0099608754824488,0.6578746139383109,0.0008462966558535,0.000626201012274,0.142,False,0
UNI,LungHist700,0.01,42,7,7,0.6680259617412434,0.3199271627843056,,,0.2129036097808011,0.2424786478348934,0.1454175282268426,0.1068054490487016,0.1703167915145401,0.2761904761904762,False,6
UNI,LungHist700,0.01,123,7,7,0.7002336335149476,0.3106250558134538,,,0.181161012771721,0.2113343709963591,0.1000052749944835,0.0727815191932618,0.162637053288369,0.219047619047619,False,6
UNI,LungHist700,0.01,456,7,7,0.6688052536677555,0.3915721025228665,,,0.2441709110956362,0.2530752157294466,0.1220117609023115,0.06943052126486,0.1300071821610358,0.2666666666666666,False,6
UNI,LungHist700,0.05,42,22,7,0.7631658263843945,0.1631551405987496,,,0.0779557425065535,0.1551866234736709,0.4456613252726919,0.1896875637927834,0.2031448953076586,0.8952380952380953,False,0
UNI,LungHist700,0.05,123,22,7,0.8101947013240147,0.204836022866536,,,0.1638484801367132,0.1873411920094655,0.4106827764872916,0.2020385336991557,0.1966799365107872,0.7904761904761904,False,0
UNI,LungHist700,0.05,456,22,7,0.8599099310484446,0.1275856054181177,,,0.1659399666380599,0.1780829147296442,0.2983754784131722,0.2471593223706933,0.2411639833526147,0.923809523809524,False,0
UNI,LungHist700,0.1,42,45,7,0.8497558516949673,0.3221169634962738,,,0.1431486705630349,0.1833062261446197,0.3517825032826697,0.1839991069989001,0.1793071938794077,0.638095238095238,False,0
UNI,LungHist700,0.1,123,45,7,0.8670866520038755,0.3502531024710983,,,0.1727495855297332,0.2168924389371947,0.3467389390596626,0.1157233565673707,0.1457762574045457,0.5619047619047619,False,0
UNI,LungHist700,0.1,456,45,7,0.8880506457967015,0.3713026923783974,,,0.202680700265715,0.2246126376248881,0.2541364437269534,0.1676617564950899,0.1879701206938945,0.4761904761904761,False,0
UNI,LungHist700,0.25,42,118,7,0.9100480885634414,0.5286520403774869,,,0.2778714368224667,0.3071596409244024,0.3287310510767761,0.1304597740993271,0.1487723808006222,0.4,False,0
UNI,LungHist700,0.25,123,118,7,0.9288750309438883,0.5458589969563142,,,0.2855380797193932,0.3115209700319434,0.3082720791988156,0.1524476676531338,0.1451581420986946,0.3619047619047619,False,0
UNI,LungHist700,0.25,456,118,7,0.9412733275504128,0.534679398946845,,,0.2889488420030299,0.2994121682404881,0.2599644346045033,0.1448729312336332,0.1159186084409588,0.2952380952380952,False,0
UNI,LungHist700,0.5,42,240,7,0.9381056738060222,0.5760470118750823,,,0.2532683633332348,0.2532683633332349,0.3778239451951858,0.0938194529722564,0.1109820218296307,0.2952380952380952,False,0
UNI,LungHist700,0.5,123,240,7,0.943984578124112,0.6851102033830445,,,0.3460075374219498,0.3425234745788243,0.3375840742242803,0.1374576030904606,0.1569530541338789,0.2952380952380952,False,0
UNI,LungHist700,0.5,456,240,7,0.9521234381850098,0.6704481733604261,,,0.3331324056603683,0.3275414998158281,0.3528713674649517,0.0797394599933612,0.117725266486201,0.2666666666666666,False,0
UNI,LungHist700,1.0,42,483,7,0.9634073153799294,0.7534841628959276,,,0.3125866344121607,0.3125866344121607,0.422474222773102,0.1217773263766061,0.0992538897317972,0.238095238095238,False,0
UNI,LungHist700,1.0,123,483,7,0.9634073153799294,0.7534841628959276,,,0.3125866344121607,0.3125866344121607,0.422474222773102,0.1217773263766061,0.0992538897317972,0.238095238095238,False,0
UNI,LungHist700,1.0,456,483,7,0.9634073153799294,0.7534841628959276,,,0.3125866344121607,0.3125866344121607,0.422474222773102,0.1217773263766061,0.0992538897317972,0.238095238095238,False,0
UNI,MHIST,0.01,42,18,2,0.7426706284891049,0.3870765370138017,0.0,0.228135342657691,0.1336142312789968,0.1857785882962342,2.0864933110037587,0.1081071894164105,0.1838329640753322,1.0,True,0
UNI,MHIST,0.01,123,18,2,0.6134206735098146,0.3870765370138017,0.0,0.2366940116913881,0.0897128999181361,0.1092221520170906,2.34346070691579,0.0743304076741247,0.0927408514721098,1.0,True,0
UNI,MHIST,0.01,456,18,2,0.722262740860796,0.3870765370138017,0.0,0.2303714586002772,0.138656602507147,0.1464033632575563,2.262456740401722,0.1075857261231694,0.1386815441622709,1.0,True,0
UNI,MHIST,0.05,42,92,2,0.8069286871961102,0.3870765370138017,0.0,0.2046521748829338,0.1655875441092864,0.1686829636590671,1.7338365923282095,0.1737803579994385,0.1694936717229077,1.0,True,0
UNI,MHIST,0.05,123,92,2,0.7631010264721771,0.3870765370138017,0.0,0.2079350681495047,0.1350698346757744,0.1416635255331678,1.737931678180565,0.1339284610005451,0.1454597247036803,1.0,True,0
UNI,MHIST,0.05,456,92,2,0.7436115613182064,0.3870765370138017,0.0,0.2173600974236094,0.114372215272157,0.1201711418470604,1.9110545463198851,0.1087234853991429,0.1209872386204764,1.0,True,0
UNI,MHIST,0.1,42,184,2,0.8117639113992436,0.5224156848501358,0.2574712643678161,0.1893167777830227,0.1462236425002273,0.1442343160173651,1.5907360609625212,0.1409546398981298,0.1448819682323384,0.9232343909928352,False,0
UNI,MHIST,0.1,123,184,2,0.8194084278768233,0.395663141889557,0.0164835164835164,0.194982431673288,0.143925050317492,0.1574439288720427,1.5309006558119838,0.147455692277557,0.1595247792112436,0.9959058341862844,True,0
UNI,MHIST,0.1,456,184,2,0.8279128399063569,0.4136646918519658,0.048780487804878,0.194110745041135,0.1370367938983849,0.1488679683253769,1.5614999793253683,0.1404070904067469,0.1434142035555672,0.9907881269191402,True,0
UNI,MHIST,0.25,42,461,2,0.8464208535926527,0.6487686134049679,0.4877126654064272,0.1699883951945291,0.108525330153234,0.1172778551444953,1.461196553241426,0.0994403933433831,0.1051542095388117,0.827021494370522,False,0
UNI,MHIST,0.25,123,461,2,0.8456915180983253,0.6660138859444562,0.5132075471698113,0.1707110240714112,0.1121703814218891,0.1158676374807882,1.449681989451734,0.103618624622735,0.1016784433200041,0.8259979529170931,False,0
UNI,MHIST,0.25,456,461,2,0.8228435080136863,0.6620282691885766,0.5029013539651838,0.1770210136416576,0.0890232580744712,0.0932392727654214,1.4118546241935122,0.0983687580633727,0.1073487632740151,0.8393039918116684,False,0
UNI,MHIST,0.5,42,924,2,0.8728209976589231,0.7227846799484061,0.6138279932546374,0.1562439555200781,0.1129548178192133,0.1106010264476046,1.409568330990958,0.0854914239392212,0.0876083595384478,0.7615148413510747,False,0
UNI,MHIST,0.5,123,924,2,0.8695930127858814,0.7378370265087699,0.6380165289256199,0.1547711077322122,0.096197017738281,0.1004158320184549,1.388340838737629,0.0787934395918786,0.0823880413747614,0.7492323439099283,False,0
UNI,MHIST,0.5,456,924,2,0.8660813974428239,0.716454007596664,0.5971731448763251,0.1588820493512477,0.0984129367936595,0.1007291856603903,1.39266008547626,0.097022236207362,0.094636937477389,0.789150460593654,False,0
UNI,MHIST,1.0,42,1849,2,0.8856428957320367,0.7731453110936632,0.6930379746835443,0.1421376406020449,0.0802746194612482,0.0825707230517799,1.3695925677556275,0.0613432249894991,0.0624570101712885,0.721596724667349,False,0
UNI,MHIST,1.0,123,1849,2,0.8856428957320367,0.7731453110936632,0.6930379746835443,0.1421376406020449,0.0802746194612482,0.0825707230517799,1.3695925677556275,0.0613432249894991,0.0624570101712885,0.721596724667349,False,0
UNI,MHIST,1.0,456,1849,2,0.8856428957320367,0.7731453110936632,0.6930379746835443,0.1421376406020449,0.0802746194612482,0.0825707230517799,1.3695925677556275,0.0613432249894991,0.0624570101712885,0.721596724667349,False,0
UNI,PCam,0.01,42,2620,2,0.9832883185935304,0.9370870886044133,0.9344836368266904,0.0527664728260832,0.0726837788007711,0.0717348990413186,1.3077635578699638,0.0346498679468054,0.036715392164657,0.541168212890625,False,0
UNI,PCam,0.01,123,2620,2,0.9817349504866176,0.934461104116635,0.9314349704047352,0.0557091662517423,0.0741467605663685,0.0729427382782723,1.39795016820424,0.0406284950875768,0.0441264615281492,0.54595947265625,False,0
UNI,PCam,0.01,456,2620,2,0.9816070314449988,0.935084244996196,0.9322136722117564,0.0553733316823857,0.0709839889693083,0.0704949369075556,1.3976759153121383,0.0380653754026757,0.0413249095902538,0.54400634765625,False,0
UNI,PCam,0.05,42,13106,2,0.9826982995577778,0.9371777768987324,0.9342214820982516,0.0492307243945009,0.0402764722740464,0.0420912999596184,1.8731826097794648,0.0412990906473979,0.0421330800617029,0.546844482421875,False,0
UNI,PCam,0.05,123,13106,2,0.984546196620031,0.9403752558431504,0.9377513886228692,0.0472030179334289,0.0417123862841958,0.0427739074705729,1.920001525908655,0.0398106159155897,0.041556968144671,0.543792724609375,False,0
UNI,PCam,0.05,456,13106,2,0.9835091240404064,0.9389657484268272,0.9362463268174268,0.0477395028315008,0.0385562894276187,0.0393749926208811,1.8958365069180116,0.0364679412565397,0.0383818053150736,0.544342041015625,False,0
UNI,PCam,0.1,42,26214,2,0.9820703645104464,0.937511867035449,0.9345465030596226,0.0494062443013271,0.0420339406267457,0.0420528304264367,2.1175555035946503,0.0410906834887982,0.0416669396355119,0.5472412109375,False,0
UNI,PCam,0.1,123,26214,2,0.9832012287410355,0.9399161183769572,0.9372665453500624,0.0470097062287039,0.0359969842008028,0.0361213606038817,2.1527812349541318,0.0354729649018945,0.0362446298345215,0.54388427734375,False,0
UNI,PCam,0.1,456,26214,2,0.9839599811063672,0.94019211677214,0.9375638406537284,0.0469762867551021,0.0377184438535404,0.0386987005951756,2.030144250509559,0.0374650601452625,0.0388173068594348,0.543731689453125,False,0
UNI,PCam,0.25,42,65536,2,0.9816193137293548,0.938471756511227,0.9356777493606138,0.049095015755449,0.0413700765462341,0.0414829214003624,2.3443895910257604,0.0388368639871789,0.0389982136294029,0.545196533203125,False,0
UNI,PCam,0.25,123,65536,2,0.9820080366670856,0.9392123541793388,0.9365261813537676,0.0482538248330446,0.038645757944313,0.0388069249294869,2.318907770985557,0.0360535967829433,0.0365827297963721,0.543975830078125,False,0
UNI,PCam,0.25,456,65536,2,0.9826448379069458,0.9400387497120996,0.9373982442138866,0.0476073947559646,0.0389085696544759,0.0390019543597745,2.3298539303648345,0.0363552049067006,0.0368296934489334,0.5438232421875,False,0
UNI,PCam,0.5,42,131072,2,0.9820470106613022,0.9400112220979304,0.9374042879019908,0.0484645411706923,0.0393942780512247,0.0399692877501544,2.569028991619506,0.0353237854531695,0.0358939203502369,0.543243408203125,False,0
UNI,PCam,0.5,123,131072,2,0.9829678243600704,0.9400745912407018,0.9374960137763888,0.0477405715412744,0.0386491814771486,0.0391579826005866,2.529175101873435,0.0345869562451556,0.0362623584674177,0.542816162109375,False,0
UNI,PCam,0.5,456,131072,2,0.9824461904908096,0.9399177330488688,0.9372865668783712,0.0482618160062135,0.039574484326416,0.0398348886425581,2.424941031885518,0.0363057920220069,0.0379853241154926,0.5435791015625,False,0
UNI,PCam,1.0,42,262144,2,0.9786119794547076,0.935063438483746,0.931966031084762,0.0525141973929129,0.0450672648394791,0.0456205056222167,2.663506799211665,0.0409745063302993,0.0409851478344324,0.5474853515625,False,0
UNI,PCam,1.0,123,262144,2,0.9786119794547076,0.935063438483746,0.931966031084762,0.0525141973929129,0.0450672648394791,0.0456205056222167,2.663506799211665,0.0409745063302993,0.0409851478344324,0.5474853515625,False,0
UNI,PCam,1.0,456,262144,2,0.9786119794547076,0.935063438483746,0.931966031084762,0.0525141973929129,0.0450672648394791,0.0456205056222167,2.663506799211665,0.0409745063302993,0.0409851478344324,0.5474853515625,False,0
UNI,SPIDER-Breast,0.01,42,682,18,0.9863779811841494,0.7785978745686875,,,0.4351736726523617,0.4351736726523617,0.2982185191266352,0.0242226290891595,0.022663306681688,0.1238989529665946,False,0
UNI,SPIDER-Breast,0.01,123,682,18,0.9872867313666982,0.7696463753849089,,,0.427671333479756,0.427671333479756,0.2852733924186185,0.0340013473476695,0.0342192440466577,0.1242313445238491,False,0
UNI,SPIDER-Breast,0.01,456,682,18,0.9866706720329428,0.7516829073307179,,,0.4240469548485066,0.4240469548485064,0.2969355488901536,0.0360617574841984,0.0359574965424501,0.1235665614093402,False,0
UNI,SPIDER-Breast,0.05,42,3431,18,0.9924714532055128,0.8410251060578495,,,0.2224933078314982,0.2224933078314982,0.4316416699164118,0.0165760738845591,0.0156505160779261,0.1248961276383579,False,0
UNI,SPIDER-Breast,0.05,123,3431,18,0.9928574278406934,0.835293287715039,,,0.2230271642324503,0.2230271642324503,0.4177401119043381,0.0251734265240243,0.0223904763702535,0.1249792255276716,False,0
UNI,SPIDER-Breast,0.05,456,3431,18,0.9925231688015658,0.829971511007282,,,0.2120127396648103,0.2120127396648102,0.4185995313292141,0.0280800074596959,0.02781653276626,0.1249792255276716,False,0
UNI,SPIDER-Breast,0.1,42,6868,18,0.9935527857901628,0.8550553684631796,,,0.1530366302948354,0.1530366302948354,0.4859407900006227,0.0212701319551349,0.0194874480245143,0.1248130297490443,False,0
UNI,SPIDER-Breast,0.1,123,6868,18,0.9936435797871848,0.848562001415925,,,0.1489598360281818,0.1489598360281818,0.4775467625865602,0.0245027923048385,0.0238722819353153,0.1247299318597307,False,0
UNI,SPIDER-Breast,0.1,456,6868,18,0.9936729241595847,0.8464210689617351,,,0.1435274369378011,0.143527436937801,0.4824976791927224,0.0268555990840363,0.0259506729836403,0.1249792255276716,False,0
UNI,SPIDER-Breast,0.25,42,17176,18,0.9944466486532388,0.865566701268135,,,0.0863955845057024,0.0863955845057024,0.5479176655960385,0.0256420693555058,0.0250267269681607,0.1248130297490443,False,0
UNI,SPIDER-Breast,0.25,123,17176,18,0.9947120062782708,0.8652376220719085,,,0.087412041101645,0.0873791955271451,0.5378748763275428,0.026319013147889,0.0264431478162513,0.1248130297490443,False,0
UNI,SPIDER-Breast,0.25,456,17176,18,0.9944523341925808,0.8615877655417391,,,0.0847390214551162,0.0847390214551162,0.5513022678011967,0.0273083628141758,0.0263642986784253,0.1248130297490443,False,0
UNI,SPIDER-Breast,0.5,42,34361,18,0.9946661574920618,0.8695604830117639,,,0.0544281855431944,0.0544281855431944,0.5854812812631813,0.0299105538759962,0.0291502168976187,0.1248961276383579,False,0
UNI,SPIDER-Breast,0.5,123,34361,18,0.994885700395456,0.8704909235897833,,,0.0548258334730947,0.0548258334730948,0.5817719459340763,0.0287583999577882,0.0288026664230966,0.1248961276383579,False,0
UNI,SPIDER-Breast,0.5,456,34361,18,0.9948580581475,0.8692439644988519,,,0.0527359208631566,0.052360091376887,0.5920601828005378,0.0292163373928695,0.0292694960122163,0.1248130297490443,False,0
UNI,SPIDER-Breast,1.0,42,68730,18,0.9951334781789676,0.87549908067133,,,0.031406871739885,0.030044485651486,0.6252383301354084,0.0315934998632882,0.0313114312486467,0.1248130297490443,False,0
UNI,SPIDER-Breast,1.0,123,68730,18,0.9951334781789676,0.87549908067133,,,0.031406871739885,0.030044485651486,0.6252383301354084,0.0315934998632882,0.0313114312486467,0.1248130297490443,False,0
UNI,SPIDER-Breast,1.0,456,68730,18,0.9951334781789676,0.87549908067133,,,0.031406871739885,0.030044485651486,0.6252383301354084,0.0315934998632882,0.0313114312486467,0.1248130297490443,False,0
VIRCHOW2,BRACS,0.01,42,33,7,0.7918627116482531,0.3514129811807696,,,0.1790252507041868,0.1790252507041868,0.8561172542599602,0.1549174167957256,0.1549174167957256,0.4578947368421052,False,0
VIRCHOW2,BRACS,0.01,123,33,7,0.7712968455807996,0.2856446556808475,,,0.1344582390800457,0.1559478585565656,0.829492268070919,0.1071050133970363,0.1450022610622913,0.4052631578947368,False,0
VIRCHOW2,BRACS,0.01,456,33,7,0.812323907253837,0.3374414219358125,,,0.1614975759921395,0.1683424431415156,0.6983336112938172,0.0992562968947114,0.1283506641278885,0.4631578947368421,False,0
VIRCHOW2,BRACS,0.05,42,180,7,0.8712140708285891,0.4873996797221067,,,0.1734788875148,0.1753428854956343,0.607440332437385,0.0487162768301818,0.0607630944147504,0.2719298245614035,False,0
VIRCHOW2,BRACS,0.05,123,180,7,0.8670848429546263,0.4706204316483336,,,0.1537546190014082,0.1537546190014083,0.6388747183480924,0.0368655144930954,0.0438238231125188,0.2526315789473684,False,0
VIRCHOW2,BRACS,0.05,456,180,7,0.8804267556741826,0.4615367598690945,,,0.1476673730885026,0.1511908424611138,0.6169951374485617,0.0548816015070753,0.0759238261416113,0.2789473684210526,False,0
VIRCHOW2,BRACS,0.1,42,362,7,0.8858834754026549,0.543496603419034,,,0.133837809616748,0.1369894364006171,0.6885646532527202,0.0423440573896377,0.0643027774484488,0.2350877192982456,False,0
VIRCHOW2,BRACS,0.1,123,362,7,0.8778273847755302,0.5248997556383631,,,0.1223540954712556,0.1203140143573658,0.6344500543880794,0.0578099316529306,0.0848946495478297,0.2298245614035087,False,0
VIRCHOW2,BRACS,0.1,456,362,7,0.8841247771127237,0.5136621789666609,,,0.124516174056071,0.1308864896807756,0.674507122342503,0.0502663919396725,0.077776961455908,0.2385964912280701,False,0
VIRCHOW2,BRACS,0.25,42,912,7,0.8937825582091475,0.5596515768866543,,,0.0669743279524167,0.0815953829616189,0.7545515081349308,0.0706026712538348,0.0670925474435097,0.2035087719298245,False,0
VIRCHOW2,BRACS,0.25,123,912,7,0.8954894742051821,0.5754166876818997,,,0.0856560143026115,0.0955433313481398,0.7266298264981594,0.0575962638673325,0.0562677770009062,0.2,False,0
VIRCHOW2,BRACS,0.25,456,912,7,0.89052684083616,0.5614647109981512,,,0.0755166012081702,0.0817669728953323,0.7655852428521478,0.0440107204663946,0.0534375087410303,0.2140350877192982,False,0
VIRCHOW2,BRACS,0.5,42,1826,7,0.8995474587872349,0.5798356102293268,,,0.0476881899293411,0.0548689742194835,0.8222432612532103,0.0623329756604962,0.0530083744125285,0.1982456140350877,False,0
VIRCHOW2,BRACS,0.5,123,1826,7,0.9014768158069936,0.5890621665812397,,,0.0413626815003706,0.0530875816699847,0.8339557996966839,0.0444302927496928,0.0548347225426453,0.2,False,0
VIRCHOW2,BRACS,0.5,456,1826,7,0.8992838573251581,0.5768891018323804,,,0.046910521576469,0.0428296236176364,0.8197286983884957,0.0668366071848526,0.0660681263355985,0.2070175438596491,False,0
VIRCHOW2,BRACS,1.0,42,3657,7,0.9038447387617934,0.5959433733841857,,,0.0448590319687917,0.0527054560323588,0.8839693996946665,0.0496265600559441,0.055344295470518,0.1929824561403508,False,0
VIRCHOW2,BRACS,1.0,123,3657,7,0.9038447387617934,0.5959433733841857,,,0.0448590319687917,0.0527054560323588,0.8839693996946665,0.0496265600559441,0.055344295470518,0.1929824561403508,False,0
VIRCHOW2,BRACS,1.0,456,3657,7,0.9038447387617934,0.5959433733841857,,,0.0448590319687917,0.0527054560323588,0.8839693996946665,0.0496265600559441,0.055344295470518,0.1929824561403508,False,0
VIRCHOW2,CRC,0.01,42,696,9,0.9990734796722108,0.9811206877131492,,,0.1813119884327418,0.1813119884327419,0.4046270535441346,0.0036110126022311,0.0038852899084849,0.1439333333333333,False,0
VIRCHOW2,CRC,0.01,123,696,9,0.9992015195114,0.9815927744288624,,,0.1853612344065478,0.1853612344065477,0.3984715909681415,0.0036263733208199,0.0035160874948112,0.1419333333333333,False,0
VIRCHOW2,CRC,0.01,456,696,9,0.9988772861931398,0.9779977651820384,,,0.1807470453496123,0.1807470453496122,0.4151580267012631,0.0026172552684779,0.0027689145334763,0.1422666666666666,False,0
VIRCHOW2,CRC,0.05,42,3495,9,0.9994384327936552,0.9881141863004402,,,0.061662925680452,0.061662925680452,0.5593710144168348,0.0023988179867803,0.0025718056023419,0.1422666666666666,False,0
VIRCHOW2,CRC,0.05,123,3495,9,0.9995215952049552,0.9889384432541932,,,0.0637881057150225,0.0637881057150226,0.5533478633009288,0.0029392105982345,0.0038604757235033,0.1420666666666666,False,0
VIRCHOW2,CRC,0.05,456,3495,9,0.9995472062258194,0.9883721195921072,,,0.0648738452946341,0.0647720567829887,0.537801877461784,0.0033542634928167,0.0032697618956442,0.1412666666666666,False,0
VIRCHOW2,CRC,0.1,42,6996,9,0.9996174549263108,0.990227942392404,,,0.0396192692695607,0.0396192692695607,0.6043365447142615,0.0023578987958794,0.0018737277405776,0.1418,False,0
VIRCHOW2,CRC,0.1,123,6996,9,0.9996259059010916,0.9904070410070022,,,0.0402178845704912,0.0401172364460887,0.6051206152916611,0.0018698682457854,0.0026964910171883,0.1419333333333333,False,0
VIRCHOW2,CRC,0.1,456,6996,9,0.9996122215649896,0.9899591027137838,,,0.0401388893502515,0.0401388893502516,0.5983697855375277,0.0027341333412376,0.0032817011643504,0.1411333333333333,False,0
VIRCHOW2,CRC,0.25,42,17496,9,0.9997553436350182,0.9915175974877966,,,0.0200449446681115,0.0200139693255031,0.6788117491763029,0.000983587035003,0.0012010126741618,0.142,False,0
VIRCHOW2,CRC,0.25,123,17496,9,0.9997675537060662,0.9921260622567976,,,0.0217201547014459,0.0216028666822964,0.6513702921532438,0.0018443492171995,0.0014349264114925,0.1419333333333333,False,0
VIRCHOW2,CRC,0.25,456,17496,9,0.9998025898965944,0.99184284280951,,,0.021380234079424,0.0213230697857381,0.6554529246169568,0.0015996449498208,0.0012048817816148,0.1418,False,0
VIRCHOW2,CRC,0.5,42,34998,9,0.9998676506057094,0.9932502704569688,,,0.014151017001795,0.0138858196101167,0.687029134398147,0.0013417248311133,0.0010688081669688,0.1416,False,0
VIRCHOW2,CRC,0.5,123,34998,9,0.9998420299875485,0.9934490658172868,,,0.0142089079530374,0.0139666667230714,0.6875241322070268,0.0017595755510045,0.0010538709065199,0.1418,False,0
VIRCHOW2,CRC,0.5,456,34998,9,0.9998673029522716,0.9931848371475084,,,0.014028331047319,0.0138532520449826,0.68651064225803,0.0011655564637361,0.0010966235181125,0.1418,False,0
VIRCHOW2,CRC,1.0,42,70000,9,0.9999149146886968,0.9946173774385828,,,0.0093129870864725,0.009139775279877,0.7015331050941912,0.0016625312269614,0.0003716577666481,0.1420666666666666,False,0
VIRCHOW2,CRC,1.0,123,70000,9,0.9999149146886968,0.9946173774385828,,,0.0093129870864725,0.009139775279877,0.7015331050941912,0.0016625312269614,0.0003716577666481,0.1420666666666666,False,0
VIRCHOW2,CRC,1.0,456,70000,9,0.9999149146886968,0.9946173774385828,,,0.0093129870864725,0.009139775279877,0.7015331050941912,0.0016625312269614,0.0003716577666481,0.1420666666666666,False,0
VIRCHOW2,LungHist700,0.01,42,7,7,0.7908149641055713,0.3580368401038087,,,0.3137160875846399,0.3220930709161414,0.1043985536744635,0.1519051350341825,0.1342726409702618,0.4285714285714285,False,6
VIRCHOW2,LungHist700,0.01,123,7,7,0.8367585838962095,0.4246662950894643,,,0.3107900022027023,0.3107900022027025,0.1000052749944835,0.0935614220203075,0.1494355638382996,0.2857142857142857,False,6
VIRCHOW2,LungHist700,0.01,456,7,7,0.8036368718342134,0.3986497987523418,,,0.257873227723736,0.2787808536952606,0.1008971901289825,0.1379515904267311,0.1883948460513737,0.419047619047619,False,6
VIRCHOW2,LungHist700,0.05,42,22,7,0.8542094236094785,0.2696779411065125,,,0.128770239508691,0.1728121301942054,0.3125296036921779,0.1173552846103809,0.1698240392779423,0.5428571428571428,False,0
VIRCHOW2,LungHist700,0.05,123,22,7,0.8599190593880967,0.3870427005700878,,,0.2082370692134189,0.2256387813428042,0.352556090245264,0.1865181976733669,0.1590683626386047,0.5619047619047619,False,0
VIRCHOW2,LungHist700,0.05,456,22,7,0.9022966701076428,0.3075868322012349,,,0.1774173958322826,0.2303564748398796,0.2955239824114812,0.1036147217189947,0.1947663649212236,0.5619047619047619,False,0
VIRCHOW2,LungHist700,0.1,42,45,7,0.9064599974917747,0.4233715698912667,,,0.2335912377026302,0.2590218735288084,0.2676330892524318,0.1498814012815213,0.1305983702498814,0.3619047619047619,False,0
VIRCHOW2,LungHist700,0.1,123,45,7,0.9044301830749376,0.4209458422573177,,,0.2479742992338717,0.2594468202105857,0.2956969300240816,0.105525675908886,0.1626950992661673,0.3904761904761905,False,0
VIRCHOW2,LungHist700,0.1,456,45,7,0.9290894687952416,0.4757301752551841,,,0.2822272134417449,0.3071973977167467,0.255624288501957,0.1511612642866795,0.1436089125848012,0.2952380952380952,False,0
VIRCHOW2,LungHist700,0.25,42,118,7,0.943515617311685,0.5812584555595576,,,0.3077491554386395,0.2995175479453265,0.2869906154204212,0.1573465442104828,0.1594048524199219,0.2476190476190476,False,0
VIRCHOW2,LungHist700,0.25,123,118,7,0.9444724875657275,0.6215367965367965,,,0.3160698277917244,0.3257730971842336,0.2867831646644261,0.0922776383866295,0.1029833376241384,0.2285714285714285,False,0
VIRCHOW2,LungHist700,0.25,456,118,7,0.9590077885477276,0.72421828380475,,,0.3934038621957798,0.3934038621957798,0.3158710517344671,0.1126957658347126,0.127863095360184,0.2095238095238095,False,0
VIRCHOW2,LungHist700,0.5,42,240,7,0.9584494955138356,0.6612044309427362,,,0.2902819499238988,0.2902819499238989,0.3837127954640879,0.0864812198856138,0.1385720310729892,0.2095238095238095,False,0
VIRCHOW2,LungHist700,0.5,123,240,7,0.959727271126166,0.7189806815174583,,,0.312906329052018,0.3129063290520179,0.3669529380871401,0.0909546458391434,0.1256843832215593,0.2095238095238095,False,0
VIRCHOW2,LungHist700,0.5,456,240,7,0.9639420022598502,0.7281530682227546,,,0.3262344572906425,0.3262344572906425,0.3945603044292732,0.0969785395580809,0.0905710647897623,0.2,False,0
VIRCHOW2,LungHist700,1.0,42,483,7,0.9724456901692358,0.7597851791665485,,,0.2636798581562782,0.2608620048195073,0.457877167647527,0.1018564570548913,0.1013931591495624,0.2095238095238095,False,0
VIRCHOW2,LungHist700,1.0,123,483,7,0.9724456901692358,0.7597851791665485,,,0.2636798581562782,0.2608620048195073,0.457877167647527,0.1018564570548913,0.1013931591495624,0.2095238095238095,False,0
VIRCHOW2,LungHist700,1.0,456,483,7,0.9724456901692358,0.7597851791665485,,,0.2636798581562782,0.2608620048195073,0.457877167647527,0.1018564570548913,0.1013931591495624,0.2095238095238095,False,0
VIRCHOW2,MHIST,0.01,42,18,2,0.6177831802629209,0.3870765370138017,0.0,0.2348589342012337,0.1516629101739958,0.1500513803362928,2.310133527486641,0.0903064092315563,0.137568565375396,1.0,True,0
VIRCHOW2,MHIST,0.01,123,18,2,0.7003961822438322,0.3870765370138017,0.0,0.2353187992527051,0.1760146560984963,0.1776879991130852,2.3142148654723003,0.0919850736333025,0.1662539976769577,1.0,True,0
VIRCHOW2,MHIST,0.01,456,18,2,0.569201332613002,0.3870765370138017,0.0,0.2352461523696577,0.0885767071507093,0.1154788681576635,2.361291674185423,0.1022902994738799,0.1023004083795563,1.0,True,0
VIRCHOW2,MHIST,0.05,42,92,2,0.840941833243292,0.3870765370138017,0.0,0.2057058583265851,0.1727590217781283,0.203059242635568,1.5788891486990322,0.1970452121659134,0.2046150621546719,1.0,True,0
VIRCHOW2,MHIST,0.05,123,92,2,0.7838330632090761,0.3870765370138017,0.0,0.2085144190935459,0.1587345127198383,0.1672063154500779,1.6984066906463888,0.1610634129106829,0.1717625676579126,1.0,True,0
VIRCHOW2,MHIST,0.05,456,92,2,0.8388663785341257,0.3870765370138017,0.0,0.2083569420041298,0.1689133266799103,0.1944763510132975,1.7160269143013402,0.1849148880479792,0.1921203031958563,1.0,True,0
VIRCHOW2,MHIST,0.1,42,184,2,0.837358184764992,0.4473622297530673,0.1102362204724409,0.188178041715624,0.1516078347297282,0.1612851233224284,1.407369544518935,0.1485170803839804,0.1569706539585709,0.978505629477994,False,0
VIRCHOW2,MHIST,0.1,123,184,2,0.874302179002341,0.3900896060152363,0.0055401662049861,0.1893181458103645,0.2025531989819303,0.2022126861909407,1.4124254876455842,0.1911161597450577,0.1923361727149647,0.9989764585465712,True,0
VIRCHOW2,MHIST,0.1,456,184,2,0.8769719070772556,0.4136646918519658,0.048780487804878,0.1872222134467152,0.18648855102566,0.1939350952495868,1.484262418962803,0.176470473891648,0.1832357958137607,0.9907881269191402,True,0
VIRCHOW2,MHIST,0.25,42,461,2,0.8947010624887448,0.6911710017425305,0.5492424242424242,0.1593742850253295,0.1555189272455768,0.1664617522590092,1.179308258964842,0.1344913089434678,0.12798366426006,0.8280450358239508,False,0
VIRCHOW2,MHIST,0.25,123,461,2,0.8885692418512516,0.6541688187371306,0.4849699398797595,0.1631616619066772,0.1541012403928438,0.1677535755557755,1.2000989993806943,0.1289653026309604,0.1325682250046013,0.857727737973388,False,0
VIRCHOW2,MHIST,0.25,456,461,2,0.8905726634251756,0.6395752387820133,0.460285132382892,0.1640523295192891,0.1616387918432364,0.1599584740603344,1.1954999038605227,0.1272231529030079,0.1320960978041936,0.8659160696008188,False,0
VIRCHOW2,MHIST,0.5,42,924,2,0.9067125877903836,0.7716022325472662,0.6862745098039216,0.1455362531210706,0.1437185491511162,0.1470226260182605,1.2007264233220225,0.0970155432582713,0.1007793676425532,0.7420675537359263,False,0
VIRCHOW2,MHIST,0.5,123,924,2,0.9066225463713308,0.7799037846636824,0.6990291262135923,0.1438424611617785,0.1355056086714919,0.131320233301181,1.1068581691581771,0.0878897296975534,0.0903359837228684,0.7359263050153532,False,0
VIRCHOW2,MHIST,0.5,456,924,2,0.9046011165135962,0.764881617968788,0.6775244299674267,0.1455367181019972,0.1313743701052833,0.1387077204730686,1.2356042813040515,0.0932652066055541,0.0941977866273372,0.7400204708290685,False,0
VIRCHOW2,MHIST,1.0,42,1849,2,0.9157977669728076,0.8145354705484716,0.757396449704142,0.1301075659396243,0.1131381783010071,0.1172585550187921,1.2128027347839017,0.0624324619832697,0.0620643970364008,0.676560900716479,False,0
VIRCHOW2,MHIST,1.0,123,1849,2,0.9157977669728076,0.8145354705484716,0.757396449704142,0.1301075659396243,0.1131381783010071,0.1172585550187921,1.2128027347839017,0.0624324619832697,0.0620643970364008,0.676560900716479,False,0
VIRCHOW2,MHIST,1.0,456,1849,2,0.9157977669728076,0.8145354705484716,0.757396449704142,0.1301075659396243,0.1131381783010071,0.1172585550187921,1.2128027347839017,0.0624324619832697,0.0620643970364008,0.676560900716479,False,0
VIRCHOW2,PCam,0.01,42,2620,2,0.9787459446435844,0.931076058492347,0.9276748740008346,0.0562184279159017,0.0566776744095422,0.0564518325777222,1.3201162697105742,0.0327665907695094,0.0340130425538959,0.54913330078125,False,0
VIRCHOW2,PCam,0.01,123,2620,2,0.9792965612766574,0.9267232325489556,0.9227293267058292,0.0575792576531807,0.0615214367901838,0.0627135572454175,1.3538951547080766,0.0393786419686761,0.0407564571640673,0.554290771484375,False,0
VIRCHOW2,PCam,0.01,456,2620,2,0.9795456342314782,0.9294573889029204,0.9257050765511684,0.057362326414336,0.0672411388458907,0.0668429940658238,1.3410243621246298,0.03876515598401,0.0411759323784101,0.552978515625,False,0
VIRCHOW2,PCam,0.05,42,13106,2,0.9822220620843808,0.9352169408903932,0.932132786465009,0.0498632305712406,0.0382898229495719,0.0376108527421424,1.7857797846719357,0.032955217996956,0.0354533846564418,0.547393798828125,False,0
VIRCHOW2,PCam,0.05,123,13106,2,0.9831619828005772,0.9345359138281945,0.9313354296348584,0.0493616544300975,0.0389000629467567,0.0383602302423038,1.7969599308341613,0.0344365663806018,0.035896265294334,0.548675537109375,False,0
VIRCHOW2,PCam,0.05,456,13106,2,0.9833954058079976,0.9354987239650648,0.9324968793009634,0.0485252219051318,0.0382894110098205,0.0393520827292814,1.7668612177731773,0.0336994290578955,0.0355273254617143,0.54632568359375,False,0
VIRCHOW2,PCam,0.1,42,26214,2,0.982572623141328,0.9361375085148018,0.9331283627978478,0.0488223394896441,0.0325903095393281,0.0339366014725015,1.9622727067335348,0.0308711213311582,0.0336536586365921,0.546905517578125,False,0
VIRCHOW2,PCam,0.1,123,26214,2,0.9841203846853184,0.9353989533299878,0.9323076923076924,0.0478152813651385,0.0350854885063872,0.0357204664881421,1.9668216824946736,0.0343199067983909,0.03547351416058,0.547637939453125,False,0
VIRCHOW2,PCam,0.1,456,26214,2,0.9852412539602124,0.9377360861079492,0.9348896706108092,0.0461943127868655,0.0359368179052153,0.0355427012550671,1.9207388100722376,0.0347159530390561,0.034441885520993,0.545501708984375,False,0
VIRCHOW2,PCam,0.25,42,65536,2,0.9854854579597244,0.9372421802898204,0.9343233900908976,0.0465154877904543,0.0317104719731438,0.0335027121501914,2.153360717816035,0.0344582558140166,0.0343388344469147,0.546295166015625,False,0
VIRCHOW2,PCam,0.25,123,65536,2,0.985437446409594,0.938168343010189,0.9353869751390044,0.0458658276662979,0.0295758015752087,0.0311357067938178,2.2026068622898607,0.0322754421181268,0.0333238910299477,0.544769287109375,False,0
VIRCHOW2,PCam,0.25,456,65536,2,0.9861862708744678,0.9385346191553314,0.9357622243528284,0.0450064736033017,0.0317249804016576,0.0325688583941691,2.1599738517140947,0.033403255367068,0.034723119809745,0.544891357421875,False,0
VIRCHOW2,PCam,0.5,42,131072,2,0.9859024223283628,0.938230519450221,0.9354632587859424,0.0455693489299885,0.0302279227614172,0.0314358171124605,2.3288042140241987,0.0321935922433043,0.032261490793732,0.544586181640625,False,0
VIRCHOW2,PCam,0.5,123,131072,2,0.9863749531372364,0.9389697068152436,0.936295161496234,0.0452292003265393,0.0305071352302731,0.0316306129985657,2.3527341691512764,0.0332014796515921,0.0343795231053327,0.543609619140625,False,0
VIRCHOW2,PCam,0.5,456,131072,2,0.9862769556327567,0.939399393387948,0.9367621721651458,0.0450141532261078,0.0300459478030788,0.0312994794943948,2.317560944745573,0.0329617315804155,0.0330518322681404,0.543304443359375,False,0
VIRCHOW2,PCam,1.0,42,262144,2,0.9857326123896912,0.937491084393006,0.9346296533196878,0.0466627797440767,0.0339637875563802,0.0349016831247208,2.480989861595308,0.0351021057739754,0.0341019458770292,0.545562744140625,False,0
VIRCHOW2,PCam,1.0,123,262144,2,0.9857326123896912,0.937491084393006,0.9346296533196878,0.0466627797440767,0.0339637875563802,0.0349016831247208,2.480989861595308,0.0351021057739754,0.0341019458770292,0.545562744140625,False,0
VIRCHOW2,PCam,1.0,456,262144,2,0.9857326123896912,0.937491084393006,0.9346296533196878,0.0466627797440767,0.0339637875563802,0.0349016831247208,2.480989861595308,0.0351021057739754,0.0341019458770292,0.545562744140625,False,0
VIRCHOW2,SPIDER-Breast,0.01,42,682,18,0.9888736883184984,0.7762560701960324,,,0.3852036882068059,0.385203688206806,0.3404325652606857,0.0315810629271827,0.0325069569964587,0.1221538972910088,False,0
VIRCHOW2,SPIDER-Breast,0.01,123,682,18,0.987278541385879,0.7684309825075196,,,0.3843626389188861,0.3843626389188862,0.3514049668305237,0.0242747347369964,0.0244383851794717,0.1247299318597307,False,0
VIRCHOW2,SPIDER-Breast,0.01,456,682,18,0.9867472059301376,0.7438740625273383,,,0.3650586889807804,0.3650586889807804,0.3550871382767694,0.0444575863955613,0.0411851110024768,0.120824331061991,False,0
VIRCHOW2,SPIDER-Breast,0.05,42,3431,18,0.992998624516116,0.827890320724368,,,0.1822107649645671,0.1822107649645671,0.4702366011833026,0.0253019268824599,0.0239020706167009,0.1242313445238491,False,0
VIRCHOW2,SPIDER-Breast,0.05,123,3431,18,0.9933342516605498,0.8258794510390784,,,0.1804048507452336,0.1803654304823321,0.4618318155100478,0.0282249768757211,0.0278076324900145,0.1248961276383579,False,0
VIRCHOW2,SPIDER-Breast,0.05,456,3431,18,0.9928956998173276,0.8179148415103354,,,0.1716471778930743,0.1716471778930744,0.4627564770808972,0.0321950580256368,0.0314100256269416,0.1246468339704171,False,0
VIRCHOW2,SPIDER-Breast,0.1,42,6868,18,0.9940721456229402,0.8468163582867706,,,0.1285584959626208,0.1285364650979445,0.5198061564868923,0.0196049790745345,0.0188369490527183,0.1245637360811035,False,0
VIRCHOW2,SPIDER-Breast,0.1,123,6868,18,0.9940601646696549,0.8362912248654382,,,0.1188204714067585,0.1188014843630957,0.5190366412983272,0.0296874083325322,0.0290188786383712,0.1243975403024763,False,0
VIRCHOW2,SPIDER-Breast,0.1,456,6868,18,0.9939708537163656,0.8386874960989542,,,0.1192280145298795,0.1192059499657435,0.5236369615931414,0.0258996511087609,0.0257846238766668,0.1243975403024763,False,0
VIRCHOW2,SPIDER-Breast,0.25,42,17176,18,0.9947559118632932,0.85999062381828,,,0.0741491827803519,0.0741294245726029,0.5804558608984359,0.0225592603156727,0.0218166901979824,0.1241482466345354,False,0
VIRCHOW2,SPIDER-Breast,0.25,123,17176,18,0.9948772709998936,0.8549134724946208,,,0.0701598639038258,0.0700191335057772,0.5769300494695573,0.0267636922182287,0.0267935985761588,0.1242313445238491,False,0
VIRCHOW2,SPIDER-Breast,0.25,456,17176,18,0.9948002494381152,0.8526523298293348,,,0.0690520567696802,0.0690110582400413,0.5880816070052621,0.0254640183769234,0.0250400724220397,0.1242313445238491,False,0
VIRCHOW2,SPIDER-Breast,0.5,42,34361,18,0.9951953725314362,0.8644127141973295,,,0.0447182154605602,0.0446593618899144,0.617621449912758,0.0272651698844167,0.0274074080205715,0.1244806381917899,False,0
VIRCHOW2,SPIDER-Breast,0.5,123,34361,18,0.9951944752647364,0.865107147766653,,,0.0455837878653938,0.0455837878653939,0.6209820386152256,0.0263908314846016,0.0253340480084047,0.1243975403024763,False,0
VIRCHOW2,SPIDER-Breast,0.5,456,34361,18,0.9951932804605896,0.8673906949849649,,,0.0467817088299195,0.0467817088299195,0.6255675346350208,0.0241592499471316,0.0234210267010418,0.1243144424131627,False,0
VIRCHOW2,SPIDER-Breast,1.0,42,68730,18,0.995429404069162,0.8730482560692433,,,0.0266800947398941,0.0266800947398941,0.6563066432043437,0.0270635341045121,0.0266204705201272,0.1243975403024763,False,0
VIRCHOW2,SPIDER-Breast,1.0,123,68730,18,0.995429404069162,0.8730482560692433,,,0.0266800947398941,0.0266800947398941,0.6563066432043437,0.0270635341045121,0.0266204705201272,0.1243975403024763,False,0
VIRCHOW2,SPIDER-Breast,1.0,456,68730,18,0.995429404069162,0.8730482560692433,,,0.0266800947398941,0.0266800947398941,0.6563066432043437,0.0270635341045121,0.0266204705201272,0.1243975403024763,False,0
