probe,model,dataset,fraction,seed,n_train,n_classes,hidden,auroc,f1_macro,brier,ece_fixed,ece_adaptive,temperature,ece_scaled_fixed,ece_scaled_adaptive,degeneracy_share,forced_classes,degenerate
mlp,CLIP,BRACS,0.01,42,33,7,256,0.5584542666011106,0.0363159046160577,,0.0063454884708973,0.0634626587231954,0.6777159550356208,0.0108087587774845,0.0642213950554529,1.0,0,True
mlp,CLIP,BRACS,0.01,123,33,7,256,0.6519285285658671,0.0347787805414924,,0.026905580152545,0.0691012744840822,0.8576850649087436,0.0308910447254515,0.0714221005377016,1.0,0,True
mlp,CLIP,BRACS,0.01,456,33,7,256,0.669867177446796,0.0981154016999316,,0.0585670410541065,0.1057636115111802,0.963282144704562,0.0580802797225483,0.1055887861210003,0.6403508771929824,0,False
mlp,CLIP,BRACS,0.05,42,180,7,256,0.6558847410717029,0.0363716038562664,,0.008969672364101,0.1331922994371046,0.9035854395891404,0.0102460760296436,0.1335265394365578,0.9982456140350876,0,True
mlp,CLIP,BRACS,0.05,123,180,7,256,0.7655913087665456,0.4038325311755915,,0.0407778323742381,0.0485477863173735,1.169048189235166,0.0428105638215416,0.0490519451467614,0.231578947368421,0,False
mlp,CLIP,BRACS,0.05,456,180,7,256,0.6919802472683209,0.1438858672489252,,0.0986641216696354,0.1320652705535554,0.9474458742856868,0.0979429501713368,0.1314447933121731,0.5175438596491229,0,False
mlp,CLIP,BRACS,0.1,42,362,7,256,0.6642810482513448,0.0363159046160577,,0.0089899379433247,0.1266781692964989,0.8246316458633964,0.0115421194256397,0.1270190184576469,1.0,0,True
mlp,CLIP,BRACS,0.1,123,362,7,256,0.7980686611965587,0.4620943815302474,,0.0460721476036205,0.0613417083234117,1.1728393096747345,0.0323689783351463,0.0525800888475618,0.2105263157894736,0,False
mlp,CLIP,BRACS,0.1,456,362,7,256,0.6923782621175253,0.154315523910566,,0.1001352216590915,0.1367912071315865,0.996332883026694,0.1000862862457309,0.1367797491320392,0.5403508771929825,0,False
mlp,CLIP,BRACS,0.25,42,912,7,256,0.8352918417412705,0.4942545009602314,,0.053305986575913,0.0635101624748163,1.1559110709039184,0.0348312414267606,0.0400085979386379,0.2157894736842105,0,False
mlp,CLIP,BRACS,0.25,123,912,7,256,0.8250347836093191,0.4862063336685213,,0.0760491977919612,0.0808866279167041,1.1229462744617256,0.0653496827995568,0.0585842130476968,0.2052631578947368,0,False
mlp,CLIP,BRACS,0.25,456,912,7,256,0.8303928236352961,0.4901651446639828,,0.0504830517789773,0.0534607803612424,1.1350420266526764,0.0464555719965382,0.0484705166335691,0.2157894736842105,0,False
mlp,CLIP,BRACS,0.5,42,1826,7,256,0.8433984153054777,0.4968101387524662,,0.0699912396962182,0.0689250550772014,1.14213474852666,0.0407169920310639,0.0619264900684356,0.1947368421052631,0,False
mlp,CLIP,BRACS,0.5,123,1826,7,256,0.8446046563104257,0.4967505552282553,,0.0641396555199957,0.0592836917492381,1.105864281758482,0.0555295443848559,0.0491598312269177,0.2140350877192982,0,False
mlp,CLIP,BRACS,0.5,456,1826,7,256,0.8333712766238529,0.4988858413623383,,0.0417607561015246,0.0629632760558212,1.0965491301665495,0.0552327711331217,0.0547501924790834,0.2017543859649122,0,False
mlp,CLIP,BRACS,1.0,42,3657,7,256,0.8538362608482869,0.5237857368105016,,0.0573500159016826,0.0591091021111137,1.079988381265849,0.0420463975322873,0.0616049219641769,0.1912280701754386,0,False
mlp,CLIP,BRACS,1.0,123,3657,7,256,0.848897551391899,0.5341708617183316,,0.035432304520356,0.0558181834848303,1.0403480137919363,0.0503498126801691,0.0508019762081012,0.1964912280701754,0,False
mlp,CLIP,BRACS,1.0,456,3657,7,256,0.8500682873174871,0.515951556101932,,0.0436633166775368,0.052872835230409,1.0489227336913067,0.0283678451389597,0.0580321491810313,0.2017543859649122,0,False
mlp,CLIP,CRC,0.01,42,696,9,256,0.992555080205529,0.8972595985838482,,0.0392677951246499,0.0391040539820988,0.7546381138350424,0.0065217605074246,0.0047234311421712,0.1568,0,False
mlp,CLIP,CRC,0.01,123,696,9,256,0.99305225791274,0.9062850138974592,,0.0479742200881242,0.0472627972443898,0.7456681971793259,0.0053404213587443,0.0066371609648068,0.1443333333333333,0,False
mlp,CLIP,CRC,0.01,456,696,9,256,0.9913876667694044,0.8924085476358334,,0.0337727757672468,0.0319772831916809,0.8237224312485664,0.0068738768617312,0.0052114066600799,0.1486,0,False
mlp,CLIP,CRC,0.05,42,3495,9,256,0.9976668724262072,0.9485583784720526,,0.0292028323888778,0.0289710773150126,0.7337020996675526,0.0033724400311708,0.0016740774154663,0.1478666666666666,0,False
mlp,CLIP,CRC,0.05,123,3495,9,256,0.9976813309832162,0.948620609212961,,0.0316468861599763,0.031600363600254,0.7247739718796464,0.0038873770753542,0.001620950225989,0.1436666666666666,0,False
mlp,CLIP,CRC,0.05,456,3495,9,256,0.9974076361040608,0.9440115881241746,,0.0290593592385451,0.0289905666987101,0.724171946283762,0.0051431951105594,0.0036925566951433,0.1419333333333333,0,False
mlp,CLIP,CRC,0.1,42,6996,9,256,0.9984033696312808,0.9588498197037778,,0.0227744685610135,0.0227524002393086,0.7421509793519678,0.0038712482313314,0.001806084938844,0.1472666666666666,0,False
mlp,CLIP,CRC,0.1,123,6996,9,256,0.9985024210021956,0.9604428099047272,,0.0260590875883897,0.0260591059446334,0.716685813539508,0.0023993007322152,0.002568314619859,0.1422666666666666,0,False
mlp,CLIP,CRC,0.1,456,6996,9,256,0.9983305150906128,0.9589115243761116,,0.0275897878597179,0.0270866003036499,0.717443838826113,0.0025635604898134,0.0024450642824173,0.1448666666666666,0,False
mlp,CLIP,CRC,0.25,42,17496,9,256,0.9988939299109372,0.9680111821889884,,0.0222597464889288,0.0222085792541503,0.7250618992834459,0.0023252624531586,0.001751981985569,0.1428666666666666,0,False
mlp,CLIP,CRC,0.25,123,17496,9,256,0.9989256141433562,0.9674700714835258,,0.0210619166592757,0.0210574265082677,0.7292705809265598,0.0023710243145624,0.0013571966091791,0.1424,0,False
mlp,CLIP,CRC,0.25,456,17496,9,256,0.998913569760586,0.9666655678788184,,0.0224254452168941,0.0217239388465881,0.7099966673720212,0.0022649901290734,0.0020618424177169,0.1433333333333333,0,False
mlp,CLIP,CRC,0.5,42,34998,9,256,0.9991651877947292,0.9715746213556824,,0.022290486695369,0.0221079865455627,0.6972660587171108,0.003197016998132,0.0020100908080736,0.1400666666666666,0,False
mlp,CLIP,CRC,0.5,123,34998,9,256,0.9990525459381476,0.9695290522769252,,0.0242536529034376,0.0242216669400533,0.6904811862076792,0.0022376259545485,0.0016029542803764,0.1424,0,False
mlp,CLIP,CRC,0.5,456,34998,9,256,0.9991674782143852,0.9715197487744154,,0.0208834989746411,0.0209815183639526,0.6990311545800654,0.0030183123797177,0.0016390868385632,0.1414666666666666,0,False
mlp,CLIP,CRC,1.0,42,70000,9,256,0.9992327782732764,0.9728874794178588,,0.0224407837410768,0.0220514746665954,0.6892554421312054,0.0027048213581243,0.0009541923761367,0.1455333333333333,0,False
mlp,CLIP,CRC,1.0,123,70000,9,256,0.999257358027036,0.9729616523137246,,0.0223817496279875,0.0223253693898518,0.6801319887638549,0.0024734042545159,0.0011726009170214,0.1447333333333333,0,False
mlp,CLIP,CRC,1.0,456,70000,9,256,0.9992231439136324,0.972756878552484,,0.023026772793134,0.0228223116596539,0.6872649569809369,0.0023975157399972,0.0018387755552927,0.1426666666666666,0,False
mlp,CLIP,LungHist700,0.01,42,7,7,256,0.5946391083223068,0.211705407078569,,0.0635028094053268,0.1301209891126269,0.99516314144276,0.0634862881331216,0.1302590682393028,0.3142857142857143,6,False
mlp,CLIP,LungHist700,0.01,123,7,7,256,0.637370855108627,0.2431746031746031,,0.106919336886633,0.176195590978577,1.0150505074644107,0.1202604424385797,0.1755171570039931,0.238095238095238,6,False
mlp,CLIP,LungHist700,0.01,456,7,7,256,0.5625666961770409,0.1873710580607132,,0.0266179367190315,0.1015271578516279,0.821346598423684,0.0488064264967328,0.1057315333968117,0.2666666666666666,6,False
mlp,CLIP,LungHist700,0.05,42,22,7,256,0.6985627718529581,0.2776942355889724,,0.0903794876166752,0.0995856116215388,1.090813125165581,0.0985921011084602,0.0955474058787027,0.4761904761904761,0,False
mlp,CLIP,LungHist700,0.05,123,22,7,256,0.7195256496570412,0.235581188997338,,0.0853824872346151,0.0926613687049774,1.1984662681800609,0.079090060648464,0.1141285168273108,0.4666666666666667,0,False
mlp,CLIP,LungHist700,0.05,456,22,7,256,0.8091104417750629,0.3335246937593723,,0.1104084585394178,0.1946968468881788,1.0322665138561098,0.123891385822069,0.1958760929959161,0.2761904761904762,0,False
mlp,CLIP,LungHist700,0.1,42,45,7,256,0.7938963439624016,0.322938659780765,,0.0984996963114965,0.1445629688955488,1.0217366669812944,0.1245725241445359,0.1430085383710407,0.3333333333333333,0,False
mlp,CLIP,LungHist700,0.1,123,45,7,256,0.7963915378413636,0.446019818690626,,0.1213902623880477,0.1865871103036971,1.1422571541939712,0.1273102561632792,0.1380149062190737,0.3428571428571428,0,False
mlp,CLIP,LungHist700,0.1,456,45,7,256,0.8189625957931355,0.416960336960337,,0.0813051181180136,0.0696763292664573,1.2416279749549086,0.1070977809883299,0.1469363477968034,0.2,0,False
mlp,CLIP,LungHist700,0.25,42,118,7,256,0.8301764156535683,0.3883794366552987,,0.1626678801718212,0.1730842942283267,1.315208136744769,0.1149180971440814,0.1589430357728685,0.3047619047619048,0,False
mlp,CLIP,LungHist700,0.25,123,118,7,256,0.8439594812122945,0.4716115542387513,,0.1053558108352479,0.1224734550430661,1.1416810529014787,0.1449114881810687,0.1164962317262377,0.2571428571428571,0,False
mlp,CLIP,LungHist700,0.25,456,118,7,256,0.8825345478695551,0.4675623993848066,,0.1243530758789607,0.1320631810597011,1.0475053397496064,0.1179932784466516,0.1325593691496622,0.219047619047619,0,False
mlp,CLIP,LungHist700,0.5,42,240,7,256,0.8909213039420383,0.5185130899905182,,0.0319568940571376,0.1042314432916187,1.0538795013995672,0.0681373367706934,0.1080033191612788,0.219047619047619,0,False
mlp,CLIP,LungHist700,0.5,123,240,7,256,0.8820858186859913,0.5284556602605025,,0.1095887294837406,0.1482028883127939,0.9649487662389096,0.1094503425416492,0.1296932504290626,0.2571428571428571,0,False
mlp,CLIP,LungHist700,0.5,456,240,7,256,0.9137347866796816,0.5468411475022831,,0.0742509108214151,0.1081462317988986,1.059010088993818,0.0873167103245144,0.1126379454419726,0.219047619047619,0,False
mlp,CLIP,LungHist700,1.0,42,483,7,256,0.9307939002087758,0.6010358688930116,,0.1049812255870728,0.1350710076945168,0.8634385786556203,0.1020360039813177,0.1168129688217526,0.219047619047619,0,False
mlp,CLIP,LungHist700,1.0,123,483,7,256,0.9287695321619854,0.5909424114473375,,0.1445423133316494,0.1421377996603648,0.8490317723530497,0.1162637324560256,0.1065973943188076,0.219047619047619,0,False
mlp,CLIP,LungHist700,1.0,456,483,7,256,0.9336144595313314,0.6093981070689144,,0.0860041033653985,0.1210534677619025,0.8743874799239733,0.0741618130888257,0.1036829551060994,0.219047619047619,0,False
mlp,CLIP,MHIST,0.01,42,18,2,256,0.6142040338555735,0.396543134043134,0.2314049070796481,0.0946973598997815,0.0850543948071518,1.2085218866556464,0.0711744795100593,0.0649283030504092,0.9897645854657112,0,False
mlp,CLIP,MHIST,0.01,123,18,2,256,0.6076940392580586,0.3870765370138017,0.234003000938315,0.0921429641537192,0.0988462431892035,1.1644525602797149,0.0780590279228001,0.0884763504184988,1.0,0,True
mlp,CLIP,MHIST,0.01,456,18,2,256,0.6946065189987394,0.4495167869085386,0.2279586909358306,0.1364246388418769,0.1389472975777872,1.3894800291382094,0.1065114622319854,0.1064844129792011,0.9303991811668372,0,False
mlp,CLIP,MHIST,0.05,42,92,2,256,0.818553034395822,0.6888269519451846,0.1701035943845227,0.0643677244548177,0.0647032256452643,1.0722432116946528,0.0659248255719426,0.0652999308650422,0.7267144319344934,0,False
mlp,CLIP,MHIST,0.05,123,92,2,256,0.7762920943634072,0.6498753312996317,0.1857024363447521,0.0518060582656577,0.0593672400586375,1.1935765556213154,0.0594567932539305,0.0588339475138892,0.7840327533265097,0,False
mlp,CLIP,MHIST,0.05,456,92,2,256,0.7893030794165316,0.6428217163660163,0.1852233246246991,0.0741599498005887,0.0787622075081786,1.185013113701601,0.0715021042795727,0.0729111778638502,0.7932446264073695,0,False
mlp,CLIP,MHIST,0.1,42,184,2,256,0.8359535386277687,0.716883809347181,0.1619796987047659,0.051705349850618,0.052239993821635,1.297674526610196,0.0552325341793324,0.0550064866353844,0.6786079836233367,0,False
mlp,CLIP,MHIST,0.1,123,184,2,256,0.8255897712947957,0.7072143654522336,0.1673718888839638,0.0596360045093413,0.06124296377555,1.2125969643752512,0.0595017050525427,0.0616653256552978,0.7185261003070624,0,False
mlp,CLIP,MHIST,0.1,456,184,2,256,0.8167792184404827,0.6832255596641104,0.1706038282068963,0.0565977263680927,0.0541999439347607,1.0790496335676245,0.0601484965353807,0.0568432080175273,0.7389969293756398,0,False
mlp,CLIP,MHIST,0.25,42,461,2,256,0.8528453088420673,0.7455451849217231,0.1552004082431494,0.0697391737584203,0.0629242044237719,1.2381607601412583,0.0416792342544151,0.0472854520942531,0.6632548618219037,0,False
mlp,CLIP,MHIST,0.25,123,461,2,256,0.8605033315325049,0.7611000439694546,0.1477340999046405,0.0450630345693508,0.0405791361590784,1.168427393018693,0.0286828159004785,0.034126706501448,0.6253838280450358,0,False
mlp,CLIP,MHIST,0.25,456,461,2,256,0.8338780839186026,0.7452752763645927,0.1641641095091391,0.0585887161909984,0.0604944580633521,1.2262287995063723,0.035062218731233,0.0443811414023611,0.6438075742067554,0,False
mlp,CLIP,MHIST,0.5,42,924,2,256,0.8631640554655141,0.7667882381023754,0.1489010470725875,0.0575805229335992,0.0539213360812488,1.1323929155344064,0.0456519211178212,0.0366613455574307,0.6059365404298874,0,False
mlp,CLIP,MHIST,0.5,123,924,2,256,0.8645912119575005,0.7706267995570322,0.1476244816266607,0.0505894692643272,0.0523127229300879,1.1000330839725645,0.0406931337014893,0.0438280778559555,0.6008188331627431,0,False
mlp,CLIP,MHIST,0.5,456,924,2,256,0.858400864397623,0.7543835538378512,0.1502843009439753,0.0585759152623013,0.0529945630257512,1.1221616427833156,0.0483873523676438,0.0448919846547601,0.6182190378710338,0,False
mlp,CLIP,MHIST,1.0,42,1849,2,256,0.8726094003241491,0.7698149518222974,0.1430552984734573,0.0529636736413961,0.0492915446779947,1.0180159770075454,0.0495428379354359,0.0479548380003828,0.5885363357215967,0,False
mlp,CLIP,MHIST,1.0,123,1849,2,256,0.8711867459031154,0.7664772495712506,0.1447768889736276,0.0567253507681366,0.0525277157275038,1.0711646732404445,0.0558164764878205,0.0453889743811493,0.5895598771750256,0,False
mlp,CLIP,MHIST,1.0,456,1849,2,256,0.8734422834503872,0.7690650131653447,0.143067213286068,0.0514551758834808,0.0484027014072973,1.0474637366931927,0.051187138607918,0.0439929867138516,0.5854657113613101,0,False
mlp,CLIP,PCam,0.01,42,2620,2,256,0.9085201919730358,0.8293491320774884,0.1220076673969796,0.0200298344652196,0.0217805957808678,1.0394494315591838,0.0197776155123961,0.0215347621716404,0.526580810546875,0,False
mlp,CLIP,PCam,0.01,123,2620,2,256,0.9038392446492725,0.8226239328544243,0.1251535924445702,0.0207533208777022,0.020074310515497,1.1047013193976545,0.0192076254705284,0.0183703295359407,0.519927978515625,0,False
mlp,CLIP,PCam,0.01,456,2620,2,256,0.9040859464563854,0.82177427367956,0.1248655743505943,0.0142121514006135,0.014498376901642,1.1367088361335722,0.020924262409494,0.0218070297498513,0.503936767578125,0,False
mlp,CLIP,PCam,0.05,42,13106,2,256,0.9184633922007168,0.8392026758459055,0.1140483658370189,0.0117865265872296,0.0098027352438023,1.0982267407155146,0.0178034485540479,0.0152488333617526,0.5013427734375,0,False
mlp,CLIP,PCam,0.05,123,13106,2,256,0.9221334371139795,0.8435955521386166,0.1118627427552116,0.013507701537037,0.0113064648784551,1.1229363216769002,0.0130078439576664,0.0112888464793314,0.503662109375,0,False
mlp,CLIP,PCam,0.05,456,13106,2,256,0.922013678322249,0.8417447374144444,0.1119760603397374,0.0150711771709666,0.0147563858190551,1.091519712185023,0.0141506135854001,0.0133121073791357,0.511474609375,0,False
mlp,CLIP,PCam,0.1,42,26214,2,256,0.9187052362283936,0.8385250145289809,0.1144176349045731,0.014054767343623,0.0136437432184735,1.071583867785778,0.0141481368229392,0.0127521356399995,0.514923095703125,0,False
mlp,CLIP,PCam,0.1,123,26214,2,256,0.917491189975546,0.8353591879142876,0.1157384971541385,0.0173113095399344,0.0171152677694763,1.0720356399028017,0.0179193781556819,0.0173993772454252,0.518798828125,0,False
mlp,CLIP,PCam,0.1,456,26214,2,256,0.9205937110226295,0.8420070535904891,0.1131588368909862,0.0155586691976168,0.0160101111221777,1.0877814538616553,0.0130576987921813,0.0123543597122903,0.5048828125,0,False
mlp,CLIP,PCam,0.25,42,65536,2,256,0.9258509310584352,0.8427507032157522,0.1098827831048872,0.0191508887018016,0.0192541065435278,1.0915665605575702,0.012724054705302,0.0124710533063989,0.511810302734375,0,False
mlp,CLIP,PCam,0.25,123,65536,2,256,0.9289178830272564,0.8479482327707679,0.1076727744157039,0.0185287492247425,0.0194578539189862,1.111257445245609,0.0171033092505581,0.0171033153012274,0.521881103515625,0,False
mlp,CLIP,PCam,0.25,456,65536,2,256,0.9241866312367653,0.8437586511619559,0.1113329629922408,0.0233416009601228,0.0226505979919622,1.1037060987280434,0.0171475490834609,0.0149506546927469,0.518096923828125,0,False
mlp,CLIP,PCam,0.5,42,131072,2,256,0.9243442892762652,0.8425831772924913,0.1112685800020036,0.0238352769493417,0.0216499749057099,1.08466944802784,0.018507641952965,0.0176493977999001,0.520599365234375,0,False
mlp,CLIP,PCam,0.5,123,131072,2,256,0.9263435169712914,0.8452355681018912,0.1097721643753924,0.021951411129919,0.0209687415849017,1.1055626844837971,0.0157438859630474,0.0155992620126568,0.52117919921875,0,False
mlp,CLIP,PCam,0.5,456,131072,2,256,0.9212255073340604,0.8372598734512124,0.1166193165786809,0.0509350355585525,0.0509350380813842,1.0836725942958136,0.0502065187152993,0.0502065067848604,0.555694580078125,0,False
mlp,CLIP,PCam,1.0,42,262144,2,256,0.9255045628164842,0.8432900532120116,0.1117816859789576,0.0335566248801342,0.0335336236414782,1.103942847050391,0.0321601356095015,0.0321600995243045,0.536895751953125,0,False
mlp,CLIP,PCam,1.0,123,262144,2,256,0.919667031853216,0.8375454419387933,0.1171481384920611,0.0429052996457244,0.042905306989585,1.0658571496972182,0.0422029508386003,0.0422029620505561,0.5516357421875,0,False
mlp,CLIP,PCam,1.0,456,262144,2,256,0.9224775999836712,0.8402018151038991,0.1144233357274811,0.0347960959320516,0.0337798012684125,1.0970960806861108,0.0323571123867623,0.0323571152449346,0.539520263671875,0,False
mlp,CLIP,SPIDER-Breast,0.01,42,682,18,256,0.929135693201487,0.4962944123286933,,0.0215621013476025,0.0233303058408949,0.866241948985061,0.0319181202273293,0.0323380572414584,0.1145088914741565,0,False
mlp,CLIP,SPIDER-Breast,0.01,123,682,18,256,0.9244281213511302,0.4947547138969851,,0.0319048790838486,0.0324415462938221,0.823278242620106,0.0317870303158825,0.0320308460190443,0.1044540468672095,0,False
mlp,CLIP,SPIDER-Breast,0.01,456,682,18,256,0.9304178192705298,0.4981303620107812,,0.0242870106416444,0.0241622519325691,0.8603112199424238,0.023267079298879,0.0235435747852134,0.094731593817517,0,False
mlp,CLIP,SPIDER-Breast,0.05,42,3431,18,256,0.9596102413373314,0.6182796263729691,,0.0295909536646136,0.0285908598177294,0.8159341553452976,0.0300332537375654,0.0299048740116488,0.1235665614093402,0,False
mlp,CLIP,SPIDER-Breast,0.05,123,3431,18,256,0.960741089261572,0.6129506018139413,,0.0222668127853776,0.0210525499381594,0.807585555358634,0.0399716359207018,0.0399716330318528,0.1218215057337543,0,False
mlp,CLIP,SPIDER-Breast,0.05,456,3431,18,256,0.9601601550201342,0.6171447741200563,,0.0250772985299897,0.02594008148509,0.8068473229306391,0.0361393611975359,0.0361393755712005,0.1221538972910088,0,False
mlp,CLIP,SPIDER-Breast,0.1,42,6868,18,256,0.9677120989490058,0.6589023543733693,,0.0295093860975606,0.0291373830078764,0.8123942392097874,0.028006186668255,0.0270833525919965,0.1235665614093402,0,False
mlp,CLIP,SPIDER-Breast,0.1,123,6868,18,256,0.9694115355297448,0.6616426248041578,,0.0319047028801558,0.030931182526385,0.7985349771313195,0.0291112601417767,0.0301059231555836,0.1246468339704171,0,False
mlp,CLIP,SPIDER-Breast,0.1,456,6868,18,256,0.968547283150733,0.657283942766232,,0.0268554283605969,0.0267416224792508,0.8025349882788276,0.032250411440729,0.0322749752706718,0.1242313445238491,0,False
mlp,CLIP,SPIDER-Breast,0.25,42,17176,18,256,0.974497748590346,0.692397480850608,,0.0204130539641797,0.0213236683044438,0.8094165726848458,0.0317432798082416,0.031616894469143,0.1248130297490443,0,False
mlp,CLIP,SPIDER-Breast,0.25,123,17176,18,256,0.975669482063622,0.6971061095344301,,0.0191086856569387,0.0191086659414419,0.8103506460489216,0.034524964424677,0.0334774701524379,0.1274721622070799,0,False
mlp,CLIP,SPIDER-Breast,0.25,456,17176,18,256,0.9751078958790144,0.6979726127817203,,0.020174487994342,0.0201744781254493,0.8054533428880402,0.0324305123480051,0.0324420838958701,0.1271397706498254,0,False
mlp,CLIP,SPIDER-Breast,0.5,42,34361,18,256,0.9775515634711396,0.7106196301528848,,0.0243838539705217,0.0231352260397264,0.793917677569141,0.0315861745056607,0.0312585596460152,0.1263087917566893,0,False
mlp,CLIP,SPIDER-Breast,0.5,123,34361,18,256,0.9780147012359658,0.7065711994180223,,0.0202829591373936,0.019908492980119,0.7945299022288106,0.034606666133137,0.0345868342056887,0.1241482466345354,0,False
mlp,CLIP,SPIDER-Breast,0.5,456,34361,18,256,0.9773653012203832,0.7133550416607093,,0.0259058281868443,0.0258811514020382,0.7891348599955437,0.0313551388228971,0.0306794099139477,0.1248961276383579,0,False
mlp,CLIP,SPIDER-Breast,1.0,42,68730,18,256,0.98005423217884,0.7299572346397947,,0.0306895610743114,0.0306895440483045,0.7699107997164248,0.0309176067141415,0.0295339136131978,0.1263918896460029,0,False
mlp,CLIP,SPIDER-Breast,1.0,123,68730,18,256,0.9800457905110468,0.7247268439076575,,0.0292460836404499,0.0292368542396172,0.7608051338235802,0.0340489070365372,0.0342030155662684,0.1238989529665946,0,False
mlp,CLIP,SPIDER-Breast,1.0,456,68730,18,256,0.9802520720019654,0.7143148976451071,,0.0196207887596004,0.0196207742398217,0.7651298455040689,0.0428188307694032,0.0416093580777688,0.1288017284360977,0,False
mlp,CONCH,BRACS,0.01,42,33,7,256,0.823065015225041,0.3923280976106123,,0.0903797805832143,0.1202685130269903,1.234920977590748,0.0630378587465537,0.1057811940971173,0.3385964912280702,0,False
mlp,CONCH,BRACS,0.01,123,33,7,256,0.8515254963634099,0.4085744971699719,,0.0564132238950645,0.0680784418917538,1.023429406587148,0.0467481370296394,0.0731556037538929,0.3298245614035088,0,False
mlp,CONCH,BRACS,0.01,456,33,7,256,0.8321107883482173,0.4134631390857137,,0.1249704363053305,0.127938221212019,1.1433132713666705,0.0945293513829248,0.0990011795570975,0.2719298245614035,0,False
mlp,CONCH,BRACS,0.05,42,180,7,256,0.8753359282205997,0.5106215841874884,,0.0688424089498687,0.0739759819549426,0.9494636647575304,0.060592414203443,0.0771427052062854,0.2578947368421053,0,False
mlp,CONCH,BRACS,0.05,123,180,7,256,0.8884473337232136,0.5551867803223912,,0.0774453626912936,0.0635132331597177,0.9433879454666292,0.0625103571435861,0.0612537066141764,0.2105263157894736,0,False
mlp,CONCH,BRACS,0.05,456,180,7,256,0.8854915709356099,0.5564174559642675,,0.0545843596521176,0.0671428326974835,1.066996585934099,0.0606926041736937,0.0647523660408823,0.2263157894736842,0,False
mlp,CONCH,BRACS,0.1,42,362,7,256,0.8974461610330537,0.5681736912573976,,0.0552179279818869,0.0574738637397163,0.9590457066817494,0.0637537902907321,0.0642318702580636,0.2105263157894736,0,False
mlp,CONCH,BRACS,0.1,123,362,7,256,0.8917561873235595,0.570419633075973,,0.0526084974669573,0.0511647228609051,0.9543977748089524,0.0561328632789745,0.0511458838195131,0.2087719298245614,0,False
mlp,CONCH,BRACS,0.1,456,362,7,256,0.8967596673893475,0.5768267877082212,,0.0451538866287783,0.0530176673019141,1.03247970287304,0.0546974991235816,0.0545761437792527,0.2122807017543859,0,False
mlp,CONCH,BRACS,0.25,42,912,7,256,0.9063167117869578,0.5958944782927934,,0.056216620405515,0.0657857950319323,1.0963541780108077,0.0365816901127497,0.0469992880235638,0.2,0,False
mlp,CONCH,BRACS,0.25,123,912,7,256,0.9044108662096838,0.5940628277138135,,0.0492948441651829,0.0782506843407948,1.004788042757559,0.0537016253983765,0.0711807559456741,0.2052631578947368,0,False
mlp,CONCH,BRACS,0.25,456,912,7,256,0.9017262954668848,0.5899403246394483,,0.0635889998130631,0.0627101778984069,1.1130334340321757,0.0426464889656033,0.0466961959997812,0.1912280701754386,0,False
mlp,CONCH,BRACS,0.5,42,1826,7,256,0.9063894531718172,0.6025144359051905,,0.0762353851084123,0.0769669854850099,1.1327171750468694,0.0571867945947145,0.0873006803947582,0.1929824561403508,0,False
mlp,CONCH,BRACS,0.5,123,1826,7,256,0.908458436367437,0.6080962333579335,,0.0856465225156984,0.0864211216307523,1.1211124531086862,0.0720149554704365,0.0901996111660673,0.1912280701754386,0,False
mlp,CONCH,BRACS,0.5,456,1826,7,256,0.907314976280484,0.5993851120443746,,0.0556574423585021,0.0692518049164822,1.1676648842960686,0.0466764529023254,0.0470646377195391,0.1894736842105263,0,False
mlp,CONCH,BRACS,1.0,42,3657,7,256,0.9114943111322698,0.6021400908113391,,0.097547713444944,0.0964342065024794,1.2844446620919026,0.0593585809594706,0.0494785061008051,0.1859649122807017,0,False
mlp,CONCH,BRACS,1.0,123,3657,7,256,0.9088989392602462,0.6127118188968467,,0.0449909592668215,0.055640696538122,1.099445674412853,0.0413402175171333,0.059845164052227,0.1789473684210526,0,False
mlp,CONCH,BRACS,1.0,456,3657,7,256,0.9084904911656874,0.6096783792869706,,0.0654132965363954,0.0697033978345101,1.1807572298185345,0.0592333213801969,0.0634362679824494,0.187719298245614,0,False
mlp,CONCH,CRC,0.01,42,696,9,256,0.9983375451014268,0.9702560385169624,,0.0144670573572317,0.0144455527941385,0.8698876440921753,0.004671244752407,0.0056251926223436,0.1440666666666666,0,False
mlp,CONCH,CRC,0.01,123,696,9,256,0.9985523400140176,0.9692198050917584,,0.0144844179451465,0.0139493774414062,0.8581214970756992,0.0031735373874505,0.004023497223854,0.1408,0,False
mlp,CONCH,CRC,0.01,456,696,9,256,0.998583484506674,0.9708903432028329,,0.0143645264367262,0.0146888454119364,0.8716911813910215,0.0042172868569692,0.0049147220730781,0.1429333333333333,0,False
mlp,CONCH,CRC,0.05,42,3495,9,256,0.9991638074948906,0.9812831818810792,,0.0060456170757611,0.0063124715447425,0.9081501898592804,0.0022630062917868,0.0024226664940516,0.1414666666666666,0,False
mlp,CONCH,CRC,0.05,123,3495,9,256,0.9991967072788768,0.9804157201510856,,0.0060726395805677,0.0062289940436681,0.9363862548241344,0.0030550153811772,0.0036283739288647,0.1409333333333333,0,False
mlp,CONCH,CRC,0.05,456,3495,9,256,0.9990993608219974,0.9784016460491218,,0.0040763712684313,0.0038683490832646,0.9463930100020178,0.0020991523365179,0.0018388069868087,0.1403333333333333,0,False
mlp,CONCH,CRC,0.1,42,6996,9,256,0.999428221238018,0.9846450412119808,,0.0058913272639115,0.0053823156436284,0.908555739524144,0.0025454707324505,0.0021778117140134,0.1413333333333333,0,False
mlp,CONCH,CRC,0.1,123,6996,9,256,0.9993952219671004,0.983773537618312,,0.0049878014703591,0.0053028126041094,0.925901723567098,0.0029465734521548,0.0027837462902069,0.1412666666666666,0,False
mlp,CONCH,CRC,0.1,456,6996,9,256,0.9993900737924316,0.98227686309342,,0.006057630898555,0.0050991027792294,0.8758226750245087,0.0021044070978959,0.0015253494183222,0.1410666666666666,0,False
mlp,CONCH,CRC,0.25,42,17496,9,256,0.9996377823880782,0.9871810972386768,,0.0052966720541318,0.0050818445444106,0.8616192662660376,0.0020964717010657,0.0014400592923164,0.1427333333333333,0,False
mlp,CONCH,CRC,0.25,123,17496,9,256,0.9996685306549232,0.9872927768836748,,0.00659415238897,0.005888548529148,0.8262726648517491,0.0016197756926218,0.0013227876543998,0.1412666666666666,0,False
mlp,CONCH,CRC,0.25,456,17496,9,256,0.9997238067392984,0.9865915074223583,,0.0053301168481509,0.0048500904719034,0.8393166715429594,0.0013821103016535,0.0008359397490819,0.1424,0,False
mlp,CONCH,CRC,0.5,42,34998,9,256,0.9997971620695476,0.9881280129677704,,0.0060922966937223,0.0054527286330858,0.7957226423609138,0.0012198698341846,0.0012160475174585,0.1415333333333333,0,False
mlp,CONCH,CRC,0.5,123,34998,9,256,0.9997517955274527,0.9886926419267242,,0.0073537498037019,0.0069943996667861,0.7703938874244863,0.001227155393362,0.0005781130989392,0.1421333333333333,0,False
mlp,CONCH,CRC,0.5,456,34998,9,256,0.9997727123460768,0.9873219511317822,,0.0059537428259849,0.0047601458112398,0.8252386497141391,0.0015175775925318,0.0011580605228741,0.1414666666666666,0,False
mlp,CONCH,CRC,1.0,42,70000,9,256,0.9997849539043407,0.9885722739006214,,0.0073622505486011,0.0070181797385215,0.7504062486576836,0.0011816220362981,0.0010220823248227,0.1424666666666666,0,False
mlp,CONCH,CRC,1.0,123,70000,9,256,0.9997817350576272,0.9890269996946048,,0.0064888520022232,0.0059536951184272,0.7831045563051099,0.0010315347830454,0.0007120546738306,0.1416666666666666,0,False
mlp,CONCH,CRC,1.0,456,70000,9,256,0.9997872950137082,0.98914971292159,,0.0071311299840609,0.0065979922175407,0.7659713310329193,0.0019107490241527,0.0009966655770937,0.1415333333333333,0,False
mlp,CONCH,LungHist700,0.01,42,7,7,256,0.8447582266369354,0.3950468664754379,,0.0594470537844158,0.139836532445181,0.8773433364128002,0.0945106706448963,0.1179310443855467,0.3142857142857143,6,False
mlp,CONCH,LungHist700,0.01,123,7,7,256,0.8901503711822614,0.455574497767687,,0.1510298623925163,0.1816593028250194,0.8616463743494953,0.2012069736208234,0.2040797926130749,0.3142857142857143,6,False
mlp,CONCH,LungHist700,0.01,456,7,7,256,0.9000254552032699,0.4647837241265203,,0.1355388891129266,0.1760667993908836,0.929148797567844,0.145477359067826,0.1624850273132324,0.219047619047619,6,False
mlp,CONCH,LungHist700,0.05,42,22,7,256,0.9054092063883894,0.5119612790949462,,0.1075700044631958,0.1608026830922989,0.918972470573282,0.1475045039540245,0.1389165392943791,0.238095238095238,0,False
mlp,CONCH,LungHist700,0.05,123,22,7,256,0.9472248576135532,0.6816879506849112,,0.095477553208669,0.1009322717076256,0.8510034499476185,0.1140708310263497,0.1152666687965393,0.2666666666666666,0,False
mlp,CONCH,LungHist700,0.05,456,22,7,256,0.9348286983431704,0.5667601181886897,,0.092615406853812,0.1648976345856984,0.8412197415456412,0.0839650244939894,0.1413173008532751,0.1904761904761904,0,False
mlp,CONCH,LungHist700,0.1,42,45,7,256,0.9354605593551398,0.5984818451693573,,0.0630616721652802,0.1128088127999078,0.9058812697921446,0.105260240747815,0.1136472264925638,0.2,0,False
mlp,CONCH,LungHist700,0.1,123,45,7,256,0.9437969590644568,0.6558003480028105,,0.1083505948384602,0.1191205265976133,0.82644014189802,0.1046930199577694,0.0958806699230557,0.2571428571428571,0,False
mlp,CONCH,LungHist700,0.1,456,45,7,256,0.9451877549196954,0.6163391432647523,,0.0862385468823569,0.081752145858038,0.8868497842482381,0.0819706272511255,0.0928785094193049,0.2285714285714285,0,False
mlp,CONCH,LungHist700,0.25,42,118,7,256,0.9538919756657112,0.6545377815639897,,0.0977705007507687,0.0994797539143335,1.0102629411374673,0.0919981411525181,0.0990912667342594,0.219047619047619,0,False
mlp,CONCH,LungHist700,0.25,123,118,7,256,0.951404961950552,0.6669133240340671,,0.1095244285606202,0.1124478592759087,0.8370918507546112,0.1092513302961985,0.1210466081187838,0.2571428571428571,0,False
mlp,CONCH,LungHist700,0.25,456,118,7,256,0.9751183506509388,0.751797725369154,,0.082609816959926,0.1159485916296641,0.9395808443055806,0.0949307484286172,0.1106459691410973,0.1904761904761904,0,False
mlp,CONCH,LungHist700,0.5,42,240,7,256,0.9700700639184542,0.7272451471431064,,0.0738695953573499,0.0908406393868582,1.099193357877843,0.0550943417208535,0.1013856981481824,0.2285714285714285,0,False
mlp,CONCH,LungHist700,0.5,123,240,7,256,0.9604562295347658,0.7290346448241186,,0.1079599897066752,0.1161078291279929,0.9539588373660046,0.1311139035792577,0.0994138186886197,0.2476190476190476,0,False
mlp,CONCH,LungHist700,0.5,456,240,7,256,0.9797165157238636,0.7446323010809676,,0.0679136185418991,0.0934616843859354,0.9882419188820388,0.0667098899682362,0.092849200112479,0.2,0,False
mlp,CONCH,LungHist700,1.0,42,483,7,256,0.9848982674908128,0.8107528436475805,,0.0780325395720345,0.0585059515067509,0.9207289886785246,0.0607372073900131,0.056925903899329,0.219047619047619,0,False
mlp,CONCH,LungHist700,1.0,123,483,7,256,0.9854433580039952,0.8333355105911497,,0.0684235078947884,0.0604115049044291,0.913261138697486,0.0451863853704361,0.0676457859220958,0.219047619047619,0,False
mlp,CONCH,LungHist700,1.0,456,483,7,256,0.9860880946733576,0.7995517640254484,,0.0629035410426911,0.0854594687620798,0.9057163307380184,0.0694680020922706,0.0855475147565205,0.219047619047619,0,False
mlp,CONCH,MHIST,0.01,42,18,2,256,0.650670808571943,0.4076537893181338,0.2260313790090374,0.1109244577289237,0.1084701593816585,1.1147933490975237,0.0889595323142156,0.096717076709717,0.984646878198567,0,False
mlp,CONCH,MHIST,0.01,123,18,2,256,0.4888798847469836,0.3870765370138017,0.234898452342678,0.0434994358367295,0.0941769304392647,0.9921442149403888,0.0447640110916832,0.0942927988183169,1.0,0,True
mlp,CONCH,MHIST,0.01,456,18,2,256,0.5991130920223303,0.4765213266811889,0.2273665944527768,0.0712725464159293,0.0823782375091906,1.0651249487884475,0.0786257108240679,0.0793765729012972,0.901740020470829,0,False
mlp,CONCH,MHIST,0.05,42,92,2,256,0.8208265802269044,0.6834211926294917,0.1693833545989709,0.0634023490664048,0.0634807696853866,1.3970680822501809,0.0613335998406673,0.0636452068874999,0.7338792221084954,0,False
mlp,CONCH,MHIST,0.05,123,92,2,256,0.8132450927426617,0.6767976014354002,0.1742737107476692,0.0661257329561815,0.0619862557020888,1.559526412300393,0.063951319398143,0.067671016621248,0.7533265097236438,0,False
mlp,CONCH,MHIST,0.05,456,92,2,256,0.737767873221682,0.610285262754007,0.2018957043292919,0.0884300080588432,0.0874909685720654,1.434995749450236,0.0592587324833552,0.0609559623129902,0.7840327533265097,0,False
mlp,CONCH,MHIST,0.1,42,184,2,256,0.8244687556275886,0.7029178069514403,0.1676583573316316,0.0696327174110995,0.0726531043156844,1.2728764286316991,0.0702609565783913,0.0724884894702244,0.7267144319344934,0,False
mlp,CONCH,MHIST,0.1,123,184,2,256,0.8208535926526201,0.7016252946622001,0.1710694074680113,0.0649945209910492,0.0705224883970456,1.4070778044853207,0.067535180007484,0.0666954966687131,0.7175025588536336,0,False
mlp,CONCH,MHIST,0.1,456,184,2,256,0.8107284350801369,0.6975172122117035,0.169863071051336,0.0472934006149961,0.0414718744652908,1.4486872741562398,0.0581746091465622,0.0512543367631847,0.6898669396110543,0,False
mlp,CONCH,MHIST,0.25,42,461,2,256,0.8527237529263461,0.7632829129115529,0.1537911252103735,0.0610511120763381,0.0547765887742995,1.6787805344377236,0.0474822475606367,0.0486252879554228,0.6417604912998977,0,False
mlp,CONCH,MHIST,0.25,123,461,2,256,0.8604312983972628,0.7893552774908708,0.1458819309317989,0.0533028002046696,0.0568422788166428,1.3823992410011905,0.0554545325290949,0.0524382811886169,0.6366427840327533,0,False
mlp,CONCH,MHIST,0.25,456,461,2,256,0.8361921483882586,0.747744182454289,0.1666105873223823,0.0809316069246131,0.0817833908059288,1.5588425231655954,0.0381068849408028,0.0364343700234605,0.6345957011258956,0,False
mlp,CONCH,MHIST,0.5,42,924,2,256,0.8535521339816315,0.784461838494189,0.1499281516963132,0.0493066178800627,0.0446163917831626,1.259226738366786,0.0451924655826699,0.047589018788406,0.5926305015353122,0,False
mlp,CONCH,MHIST,0.5,123,924,2,256,0.8651359625427696,0.7921704895393062,0.1446027304259352,0.0549474344984413,0.0538254388233412,1.330805208477179,0.0452796365444223,0.0522846042425462,0.6120777891504606,0,False
mlp,CONCH,MHIST,0.5,456,924,2,256,0.8577030433999641,0.7792823920265781,0.1516409679694342,0.0632159150031108,0.0574386766607689,1.4734374859158288,0.0326039715076176,0.02940816213944,0.6008188331627431,0,False
mlp,CONCH,MHIST,1.0,42,1849,2,256,0.8767693138843868,0.8005166628198072,0.1368540317482916,0.0442791496753357,0.0389863199260306,1.0911146136943357,0.0405326258227183,0.0390918227608488,0.6049129989764586,0,False
mlp,CONCH,MHIST,1.0,123,1849,2,256,0.8738519719070772,0.7897704277596108,0.1382586670903391,0.0476012878890169,0.0469266510877887,1.1297069958594774,0.0408819189014918,0.0403411999643192,0.6141248720573184,0,False
mlp,CONCH,MHIST,1.0,456,1849,2,256,0.8744552494147307,0.7901018826135104,0.1387074814424612,0.0520757850213786,0.0437027701506049,1.09603141944596,0.0467568371280982,0.0378195607335046,0.6008188331627431,0,False
mlp,CONCH,PCam,0.01,42,2620,2,256,0.9586139562431122,0.8963071589667494,0.0772766957343279,0.0095700457078464,0.0090154927692225,0.9764863541466065,0.0082868125930986,0.0073717144384772,0.51519775390625,0,False
mlp,CONCH,PCam,0.01,123,2620,2,256,0.9563198903935948,0.8908452508590992,0.0802566820175695,0.0182965691337813,0.0180357054419175,1.0043752126994785,0.0181691021092546,0.0179619621766988,0.527679443359375,0,False
mlp,CONCH,PCam,0.01,456,2620,2,256,0.9619310875781748,0.9000869315454634,0.0741581705105603,0.0107138217299507,0.0131216618347167,1.0577426423600689,0.015663670643903,0.0163314155716989,0.524200439453125,0,False
mlp,CONCH,PCam,0.05,42,13106,2,256,0.9645651383835516,0.898328002908668,0.0731618564425556,0.0291781708256166,0.0292270764447763,1.0072020432537137,0.0290359070128261,0.0290781653821952,0.540740966796875,0,False
mlp,CONCH,PCam,0.05,123,13106,2,256,0.965427923224748,0.9004103196875576,0.0722870134282765,0.0267475049007543,0.026853090530345,1.032533327260091,0.0262286820616281,0.0262636991169458,0.53631591796875,0,False
mlp,CONCH,PCam,0.05,456,13106,2,256,0.9655611526686568,0.900935888345965,0.0716979302143514,0.0245042612019687,0.0251701401050397,1.0378153278419016,0.0236017973265347,0.0241411524422048,0.53955078125,0,False
mlp,CONCH,PCam,0.1,42,26214,2,256,0.9649166233126616,0.8945124346760764,0.0758064219014977,0.0446417178388856,0.0447861196774539,1.0536876143141984,0.0435967574986193,0.0436653596308715,0.555206298828125,0,False
mlp,CONCH,PCam,0.1,123,26214,2,256,0.9644327787950864,0.8970336449213725,0.0738151995501733,0.0303881663150491,0.0308204671475493,1.071523543087506,0.0289922894992287,0.0291168880159062,0.541961669921875,0,False
mlp,CONCH,PCam,0.1,456,26214,2,256,0.9653887443395274,0.898293293580261,0.0733876085130537,0.0313932945779242,0.0320088285070951,1.0271532271892887,0.0307863603128453,0.0312868018619454,0.544708251953125,0,False
mlp,CONCH,PCam,0.25,42,65536,2,256,0.9643012071056634,0.893536575442571,0.0766933399141856,0.0439669960384207,0.0440030216297913,1.0425206726083804,0.0431012994596926,0.0431012667330819,0.55743408203125,0,False
mlp,CONCH,PCam,0.25,123,65536,2,256,0.962939048871448,0.8990892359823301,0.0740158243071462,0.0235697372992262,0.0240009628298523,1.0524598422225822,0.0224204970613186,0.0226396978552188,0.537261962890625,0,False
mlp,CONCH,PCam,0.25,456,65536,2,256,0.9654284652545856,0.900096702723219,0.0711433698675672,0.0137018916319107,0.0135697894836894,1.034302694074591,0.0127241565144231,0.0128601486658794,0.52813720703125,0,False
mlp,CONCH,PCam,0.5,42,131072,2,256,0.962968517785733,0.8950541878817888,0.0769089988480328,0.0406301836375178,0.0409147042314046,1.0714592271255712,0.0391452610766691,0.0392694312296413,0.5533447265625,0,False
mlp,CONCH,PCam,0.5,123,131072,2,256,0.9631002161350496,0.899176476005744,0.0746500180148441,0.0324797627391717,0.0328245343198538,1.0731915676079753,0.0309804842765402,0.0311763913919307,0.54510498046875,0,False
mlp,CONCH,PCam,0.5,456,131072,2,256,0.9624843789701708,0.8927278214000166,0.0791010784725766,0.0494191852990297,0.0496627795468676,1.0951187671948608,0.0475875760346298,0.0476288834382359,0.560821533203125,0,False
mlp,CONCH,PCam,1.0,42,262144,2,256,0.9633650060925084,0.890094431593059,0.0789543814281354,0.0507356565140071,0.0507795964802042,1.074278053197001,0.0492989070762632,0.0492989253504063,0.56298828125,0,False
mlp,CONCH,PCam,1.0,123,262144,2,256,0.9675092730967492,0.9018938264672413,0.0707258933147925,0.0295020334284004,0.029502050283682,1.0232590865009306,0.0290100455099491,0.0291776002882357,0.54205322265625,0,False
mlp,CONCH,PCam,1.0,456,262144,2,256,0.9594651014126464,0.8914272827918637,0.0801955048556899,0.0429631033160831,0.0432157673414685,1.111381751619025,0.040481843380121,0.0405026138538673,0.557159423828125,0,False
mlp,CONCH,SPIDER-Breast,0.01,42,682,18,256,0.975141492443145,0.6807221688120867,,0.0469505461519474,0.0467795055654925,1.050206994809234,0.0352038005105339,0.0362284960631062,0.1192454711650324,0,False
mlp,CONCH,SPIDER-Breast,0.01,123,682,18,256,0.9738504601051085,0.68598633130167,,0.0314738972984577,0.0313720699509295,1.003234056741049,0.0307118130461785,0.0306283631172413,0.1248130297490443,0,False
mlp,CONCH,SPIDER-Breast,0.01,456,682,18,256,0.9697209795498156,0.6661539277462318,,0.0286210023717407,0.0292968006972678,0.9911516858974267,0.0309394611429886,0.0314788083207355,0.107777962439754,0,False
mlp,CONCH,SPIDER-Breast,0.05,42,3431,18,256,0.9860422846132106,0.7663957233362019,,0.0153398056134881,0.0185506871387731,0.9541527405109586,0.022022013309015,0.0222672384002586,0.1194947648329732,0,False
mlp,CONCH,SPIDER-Breast,0.05,123,3431,18,256,0.9848104105657326,0.7495687725675084,,0.0211810310288721,0.0199631090420354,0.9563809162715052,0.0286184188318406,0.0284759810602068,0.116752534485624,0,False
mlp,CONCH,SPIDER-Breast,0.05,456,3431,18,256,0.985512275500836,0.765775624493342,,0.0132459668086299,0.0129494680773088,0.9268942138586548,0.0206361115672213,0.0204806566035329,0.1222369951803224,0,False
mlp,CONCH,SPIDER-Breast,0.1,42,6868,18,256,0.9888466792724416,0.7898005420519197,,0.0090222904699792,0.0079555042646484,0.9064001722705728,0.0211214110891704,0.0220231688337625,0.1220707994016952,0,False
mlp,CONCH,SPIDER-Breast,0.1,123,6868,18,256,0.9884870961546098,0.775555057256829,,0.0131653018700674,0.0137577756746516,0.8966423821033981,0.0313672541888504,0.0308931672644412,0.1189961774970915,0,False
mlp,CONCH,SPIDER-Breast,0.1,456,6868,18,256,0.9883054339736614,0.7893754540461607,,0.0111220039616733,0.0102419951998436,0.88945382012862,0.0240776630355924,0.0244939476350662,0.1242313445238491,0,False
mlp,CONCH,SPIDER-Breast,0.25,42,17176,18,256,0.9906539663174924,0.8080443553975102,,0.0096037087372931,0.0097658222416458,0.8540837128268177,0.0284024157584733,0.0285393520013347,0.1226524846268904,0,False
mlp,CONCH,SPIDER-Breast,0.25,123,17176,18,256,0.990670655232398,0.8080167037645718,,0.0098168736198959,0.0094083650416861,0.8463231238157057,0.0314813892355348,0.0304837258294588,0.1240651487452218,0,False
mlp,CONCH,SPIDER-Breast,0.25,456,17176,18,256,0.9909806832253536,0.819457216739497,,0.0077522889804915,0.00727380476601,0.8321853338864081,0.030118626199857,0.0273145201774021,0.1246468339704171,0,False
mlp,CONCH,SPIDER-Breast,0.5,42,34361,18,256,0.990853645895591,0.8196467769850461,,0.0071813806641313,0.0083425563297458,0.8095342137217229,0.0306453116514248,0.030658924811917,0.1229017782948313,0,False
mlp,CONCH,SPIDER-Breast,0.5,123,34361,18,256,0.991490112124985,0.8212457162042173,,0.0041419853943416,0.0064842899648656,0.7955100298360023,0.0323414277258715,0.0317200799211822,0.1238989529665946,0,False
mlp,CONCH,SPIDER-Breast,0.5,456,34361,18,256,0.9915661633456404,0.8266861575644964,,0.0056213115908308,0.0083249153559125,0.8028206675503796,0.0275285187387398,0.0275635257851191,0.1237327571879674,0,False
mlp,CONCH,SPIDER-Breast,1.0,42,68730,18,256,0.9917699536717096,0.8298831896939074,,0.0090953081509432,0.0086714753394153,0.7672027976578146,0.0313391351132213,0.0313455004648094,0.123815855077281,0,False
mlp,CONCH,SPIDER-Breast,1.0,123,68730,18,256,0.991824655557444,0.8196075854092106,,0.0070247057146144,0.0081343062448604,0.7689171876094998,0.0366563322720623,0.0364787050194571,0.1238989529665946,0,False
mlp,CONCH,SPIDER-Breast,1.0,456,68730,18,256,0.991799077459424,0.8280383195934924,,0.0093131792694899,0.0106803165736023,0.7716402830067471,0.0301355757370271,0.0293968826066779,0.1229848761841449,0,False
mlp,GigaPath,BRACS,0.01,42,33,7,256,0.7495458152526345,0.3396983817379574,,0.1068250091975195,0.11570983267667,1.333878216810125,0.0818274866854935,0.0881191788535369,0.2894736842105263,0,False
mlp,GigaPath,BRACS,0.01,123,33,7,256,0.7562696761414932,0.3478433041718904,,0.114988087797374,0.1242573857307434,1.5379504357570604,0.0686786499724053,0.0830426738450401,0.4035087719298245,0,False
mlp,GigaPath,BRACS,0.01,456,33,7,256,0.7968842238747403,0.3869158700819323,,0.1133268771987212,0.1112872856750823,1.229873558355021,0.0761231519412576,0.0891923863113972,0.3210526315789473,0,False
mlp,GigaPath,BRACS,0.05,42,180,7,256,0.8608191866196809,0.4975863753504742,,0.0828512079360192,0.083609191994918,1.0085508719191478,0.0838063368933242,0.0807672830004441,0.2298245614035087,0,False
mlp,GigaPath,BRACS,0.05,123,180,7,256,0.860183138472044,0.5384933788963963,,0.0675089349349339,0.0798431124603539,1.005169967642046,0.0691021048708965,0.0791406896030693,0.1964912280701754,0,False
mlp,GigaPath,BRACS,0.05,456,180,7,256,0.8802022988746817,0.551280309329551,,0.057235264229147,0.067213365487885,1.051054064813053,0.0546604105777907,0.0598377367906403,0.2263157894736842,0,False
mlp,GigaPath,BRACS,0.1,42,362,7,256,0.8751962140369604,0.542172057392895,,0.094133045746569,0.0918448721107683,1.0673813939501122,0.0783601971049057,0.0791670873499753,0.1912280701754386,0,False
mlp,GigaPath,BRACS,0.1,123,362,7,256,0.8828523783233988,0.5647087868618358,,0.045555545311225,0.0558659962394781,0.9681016603710404,0.0498029022363194,0.0547523785055729,0.1929824561403508,0,False
mlp,GigaPath,BRACS,0.1,456,362,7,256,0.8873951315409322,0.5854332795388716,,0.0811264758047304,0.0821560899416605,1.0653770681918666,0.0709392972944075,0.069206436475118,0.2,0,False
mlp,GigaPath,BRACS,0.25,42,912,7,256,0.8978861206247081,0.5950425807264246,,0.0949038686982372,0.0773318807284037,1.06902633502403,0.0681666026512781,0.0611336412137014,0.1736842105263158,0,False
mlp,GigaPath,BRACS,0.25,123,912,7,256,0.8986371352449289,0.5985553905186954,,0.0889849750096337,0.0870483758156759,1.0421675466151812,0.0786406357037393,0.0735423437336035,0.1929824561403508,0,False
mlp,GigaPath,BRACS,0.25,456,912,7,256,0.892461878306384,0.5833099214307336,,0.0798847342530886,0.0836029961443784,1.0274911457863436,0.0727700338290448,0.080932942503377,0.1807017543859649,0,False
mlp,GigaPath,BRACS,0.5,42,1826,7,256,0.9044072781857144,0.6075116150041444,,0.0892345415395603,0.0891348167469626,1.106419206584942,0.0736159461109261,0.0665104126721097,0.1666666666666666,0,False
mlp,GigaPath,BRACS,0.5,123,1826,7,256,0.904419165461654,0.6151240671814409,,0.0640349671506044,0.0677590374361004,1.0309690167252166,0.0559366477686062,0.0610558414668367,0.1807017543859649,0,False
mlp,GigaPath,BRACS,0.5,456,1826,7,256,0.8977634625355864,0.5931633024063553,,0.0700403776085167,0.0719238033420161,0.9930273968172072,0.0711743917381554,0.0729704464736737,0.175438596491228,0,False
mlp,GigaPath,BRACS,1.0,42,3657,7,256,0.9062863360829236,0.6306727308367536,,0.0985004399429287,0.0913088848716334,1.093892970168555,0.0682420511779032,0.0704283323204308,0.175438596491228,0,False
mlp,GigaPath,BRACS,1.0,123,3657,7,256,0.9042752621460308,0.6128539645353994,,0.0999955376512126,0.0975001050714861,1.088183808850293,0.083373602597337,0.0770500982016847,0.1771929824561403,0,False
mlp,GigaPath,BRACS,1.0,456,3657,7,256,0.9054133165564816,0.6101814155662991,,0.1000502111618979,0.104354968510176,1.08899788247189,0.0840801098890471,0.0834901382002914,0.1789473684210526,0,False
mlp,GigaPath,CRC,0.01,42,696,9,256,0.9993535453062532,0.984669137937577,,0.0147483994712431,0.0145894040743509,0.7786976708572106,0.0019961186289787,0.002322325750192,0.1445333333333333,0,False
mlp,GigaPath,CRC,0.01,123,696,9,256,0.9996087063884374,0.9860056921158404,,0.0166076343417167,0.0166076265652974,0.7475499846176477,0.0016893542806307,0.0013793639143307,0.141,0,False
mlp,GigaPath,CRC,0.01,456,696,9,256,0.999441950707588,0.9824506482980974,,0.0171905593176683,0.0170888511021931,0.7387807280139504,0.0024249407986799,0.0018171734611193,0.1413333333333333,0,False
mlp,GigaPath,CRC,0.05,42,3495,9,256,0.9996013101926216,0.991002399279692,,0.0050692515154679,0.0049941989064216,0.8393340978567476,0.0021066877245902,0.0007424623727798,0.1419333333333333,0,False
mlp,GigaPath,CRC,0.05,123,3495,9,256,0.9997230456707368,0.9896466867034096,,0.0058192441900571,0.0042442080418268,0.8552888291135722,0.0019753088355063,0.0018673687934875,0.1406,0,False
mlp,GigaPath,CRC,0.05,456,3495,9,256,0.999613964617018,0.9906940386337196,,0.0062162209610144,0.0065177930275599,0.8105612858892652,0.001826901413997,0.001364427725474,0.1419333333333333,0,False
mlp,GigaPath,CRC,0.1,42,6996,9,256,0.9997127569337876,0.9927777322838822,,0.0046088624556859,0.0041898103634516,0.824346441875214,0.001375652060906,0.0007589486161867,0.1412,0,False
mlp,GigaPath,CRC,0.1,123,6996,9,256,0.9998412751247536,0.9939986574397638,,0.0056011690517266,0.0055567153612772,0.8141602525647358,0.0011331355253855,0.0010795846700668,0.1412,0,False
mlp,GigaPath,CRC,0.1,456,6996,9,256,0.9996702959689314,0.9932623312241664,,0.0047243508736292,0.0048712881485621,0.816590440666474,0.0007025637666384,0.0007482441981633,0.1411333333333333,0,False
mlp,GigaPath,CRC,0.25,42,17496,9,256,0.9999022366532818,0.9942140446739178,,0.0035576917390028,0.0028496533195177,0.8064908849278615,0.0021049952805042,0.0009384092966715,0.1412666666666666,0,False
mlp,GigaPath,CRC,0.25,123,17496,9,256,0.9999444627743738,0.995215017875003,,0.0050067133307456,0.0046997890750567,0.7228012395208018,0.0012446184198061,0.0003864605665206,0.1415333333333333,0,False
mlp,GigaPath,CRC,0.25,456,17496,9,256,0.9999396794740868,0.995149586250238,,0.0047342992842197,0.0040467821478843,0.7819868872462833,0.0011137075086434,0.0003149816910425,0.1416666666666666,0,False
mlp,GigaPath,CRC,0.5,42,34998,9,256,0.9999465282110204,0.9953362260691404,,0.0047128366728623,0.0043321278452873,0.6941170674020188,0.0011938688258329,0.0007380347172419,0.1416666666666666,0,False
mlp,GigaPath,CRC,0.5,123,34998,9,256,0.9999609596905684,0.9957586834540358,,0.0047091028670469,0.0042976837436358,0.6958219577607072,0.0009431790928045,0.0005903751889864,0.1422,0,False
mlp,GigaPath,CRC,0.5,456,34998,9,256,0.9999678841595296,0.9957227358351136,,0.0043066002845764,0.0041110775073369,0.7618345972112183,0.0011685960054397,0.0002643385966618,0.1412,0,False
mlp,GigaPath,CRC,1.0,42,70000,9,256,0.9999778923325312,0.9965226775372996,,0.0051249467293421,0.0050053519527117,0.6823051197074738,0.0009228848695755,0.0001772318283716,0.1418,0,False
mlp,GigaPath,CRC,1.0,123,70000,9,256,0.9999765469601528,0.9963202691930118,,0.0043816135644912,0.0042971806446711,0.7138784233687429,0.0006582047224044,0.0001483894546826,0.1419333333333333,0,False
mlp,GigaPath,CRC,1.0,456,70000,9,256,0.9999680070564262,0.9959294259455423,,0.0042255877216656,0.0038139359394709,0.7027799927602157,0.0008407783826192,0.0007802782694498,0.1417333333333333,0,False
mlp,GigaPath,LungHist700,0.01,42,7,7,256,0.6474957602836986,0.306477808142187,,0.1311690587373007,0.168952866821062,0.9916424414123516,0.1303506645418349,0.1683039381390526,0.3333333333333333,6,False
mlp,GigaPath,LungHist700,0.01,123,7,7,256,0.6944652242312795,0.2378077685107814,,0.2055968063218253,0.1839079695088522,1.515591189018518,0.1249943510407493,0.1272452851136525,0.3047619047619048,6,False
mlp,GigaPath,LungHist700,0.01,456,7,7,256,0.6971014198379979,0.3132446269427378,,0.2350690716788882,0.2440964620737802,1.0635089662564283,0.2204156943729945,0.2477275233893167,0.3523809523809524,6,False
mlp,GigaPath,LungHist700,0.05,42,22,7,256,0.8031001178130214,0.4172459389049251,,0.1905039792969113,0.1889738236154828,1.5342097268905774,0.1119035939375559,0.1531301631813957,0.3047619047619048,0,False
mlp,GigaPath,LungHist700,0.05,123,22,7,256,0.8327064116002321,0.4224809911416976,,0.145493298059418,0.1694682714484987,1.2281591852393878,0.1051203993104753,0.1250171337808881,0.2761904761904762,0,False
mlp,GigaPath,LungHist700,0.05,456,22,7,256,0.913347595469855,0.5731179008055276,,0.0832408323174431,0.0881669123967488,0.9551332323400252,0.0909106274445851,0.0871919790903727,0.2285714285714285,0,False
mlp,GigaPath,LungHist700,0.1,42,45,7,256,0.8940044489982467,0.4897405252396029,,0.1102208551906404,0.1533342066265287,0.9706711390854272,0.1050709644953409,0.1530155443009876,0.2952380952380952,0,False
mlp,GigaPath,LungHist700,0.1,123,45,7,256,0.8911000603602429,0.5981344607741163,,0.1366727806272961,0.1245659297420865,0.9942705055016722,0.1365255026590256,0.1243181234314328,0.2285714285714285,0,False
mlp,GigaPath,LungHist700,0.1,456,45,7,256,0.9378304125716552,0.5909866951375813,,0.1130373487869898,0.1125963639645349,0.8623136158951763,0.1157807436727342,0.1323634658540998,0.2476190476190476,0,False
mlp,GigaPath,LungHist700,0.25,42,118,7,256,0.9456100925815296,0.6909435149716704,,0.0806843343235197,0.1325497908251626,0.9354097830738882,0.0847875901630946,0.1305167076133546,0.2571428571428571,0,False
mlp,GigaPath,LungHist700,0.25,123,118,7,256,0.9446667513026712,0.7301296571655879,,0.0801545330456325,0.1115851623671395,1.0155236554157627,0.0913702615669795,0.1260134963762192,0.2285714285714285,0,False
mlp,GigaPath,LungHist700,0.25,456,118,7,256,0.9711490938333986,0.7221996266782144,,0.1042030828339712,0.1111679369495028,0.8701991337559366,0.0782735705375671,0.1201008101304372,0.2095238095238095,0,False
mlp,GigaPath,LungHist700,0.5,42,240,7,256,0.9660219790908154,0.8106250501134051,,0.0684944269203004,0.0774201134840647,1.0464486507572417,0.0610282954715547,0.0802097031048366,0.238095238095238,0,False
mlp,GigaPath,LungHist700,0.5,123,240,7,256,0.9680259631372158,0.8101444355644766,,0.0749276859419686,0.0918824093682425,1.0163238259096663,0.0871299386024475,0.0928472283340635,0.2666666666666666,0,False
mlp,GigaPath,LungHist700,0.5,456,240,7,256,0.979120371405526,0.8352964699208459,,0.120927966208685,0.1046286744730813,0.9694289278846472,0.1388990535622551,0.0996256314572833,0.2285714285714285,0,False
mlp,GigaPath,LungHist700,1.0,42,483,7,256,0.9840153832237925,0.8795711960673599,,0.0780857063475109,0.0592513268902188,0.9162065581128684,0.0783168366977147,0.0556011336190359,0.2476190476190476,0,False
mlp,GigaPath,LungHist700,1.0,123,483,7,256,0.9844420806458504,0.8689202953908837,,0.0576031412397112,0.0489222586154937,0.9218520558346304,0.052892978418441,0.0523899140812101,0.2476190476190476,0,False
mlp,GigaPath,LungHist700,1.0,456,483,7,256,0.9847982796057826,0.8689202953908837,,0.0653753939129057,0.0600112526189713,0.9059077947246288,0.0522769090675172,0.0549154057389213,0.2476190476190476,0,False
mlp,GigaPath,MHIST,0.01,42,18,2,256,0.6686295696020169,0.4566240763115307,0.2168237281345343,0.0737704885713641,0.0854270259030887,1.0793714441486395,0.0744915318464671,0.0810581752258289,0.9068577277379734,0,False
mlp,GigaPath,MHIST,0.01,123,18,2,256,0.629344498469296,0.3936157866142779,0.2408911238963299,0.1449705506603451,0.1521998443616937,1.3829486861230504,0.0920362291951018,0.1193111877175412,0.9825997952917092,0,False
mlp,GigaPath,MHIST,0.01,456,18,2,256,0.7093057806591032,0.594261444077395,0.2113251997149156,0.1017947348679283,0.1073526141015448,1.762450103452548,0.074337701954733,0.0711419379210887,0.7031729785056294,0,False
mlp,GigaPath,MHIST,0.05,42,92,2,256,0.8339861336214659,0.7048814121889048,0.1643269472548513,0.0710013453012662,0.0739746929290289,0.9397134754817514,0.0639806494627723,0.0670911851953886,0.7185261003070624,0,False
mlp,GigaPath,MHIST,0.05,123,92,2,256,0.8050648298217179,0.7072143654522336,0.1736862296186425,0.0458349090607163,0.0497711522270188,1.3827534128351406,0.0513284967844293,0.053273269054437,0.7185261003070624,0,False
mlp,GigaPath,MHIST,0.05,456,92,2,256,0.7874167116873763,0.6609220409220409,0.1854870890613134,0.0823995098319122,0.0811782864054918,1.0956768247476996,0.07288757341789,0.0783542647477365,0.8055271238485159,0,False
mlp,GigaPath,MHIST,0.1,42,184,2,256,0.8543490005402485,0.7537336231099567,0.15112399914319,0.0328202664169617,0.0338894301127478,1.1763382006170504,0.0551053540840241,0.0493604824187171,0.6816786079836233,0,False
mlp,GigaPath,MHIST,0.1,123,184,2,256,0.8415586169638032,0.7512095747389864,0.156267126161857,0.0540697114654609,0.0507288955746861,1.1386202822849103,0.0437324257222449,0.0488611855939747,0.7082906857727738,0,False
mlp,GigaPath,MHIST,0.1,456,184,2,256,0.8559292274446245,0.757697715918437,0.1483025254796631,0.033147276980667,0.0334044755622363,1.0271550430363852,0.0292045575630457,0.0326310441454638,0.6714431934493347,0,False
mlp,GigaPath,MHIST,0.25,42,461,2,256,0.8841887268143347,0.797108715730537,0.132833646317173,0.0312342632565735,0.0239446770648606,1.214388400246511,0.0236909670131843,0.0239065593583251,0.6632548618219037,0,False
mlp,GigaPath,MHIST,0.25,123,461,2,256,0.8653160453808751,0.7646318181818181,0.1448669370207786,0.0465461464261325,0.0364225916740815,1.1598237262876467,0.040975995338927,0.0283392013490062,0.6479017400204709,0,False
mlp,GigaPath,MHIST,0.25,456,461,2,256,0.8548802449126598,0.7651029674221619,0.1516614939554121,0.050547947538988,0.0455484884879728,1.0204473010551864,0.0461719878010276,0.0439894511612244,0.6745138178096213,0,False
mlp,GigaPath,MHIST,0.5,42,924,2,256,0.8902710246713488,0.794987460711932,0.1292484456642395,0.034026947471112,0.0287553994118511,0.950505729044458,0.0399096424985932,0.0294695451070183,0.6448311156601843,0,False
mlp,GigaPath,MHIST,0.5,123,924,2,256,0.8931748604358005,0.8069083232268787,0.1276424803201571,0.0430172611191914,0.0323514832598857,1.0338052172986592,0.0433761493770926,0.0305508759824564,0.6274309109518935,0,False
mlp,GigaPath,MHIST,0.5,456,924,2,256,0.8819151809832523,0.8011230044371255,0.1349594512291041,0.0361285656995636,0.0383671944970007,1.0622810298357503,0.0313112316510145,0.035411540576149,0.6581371545547595,0,False
mlp,GigaPath,MHIST,1.0,42,1849,2,256,0.9033225283630468,0.8127182749206299,0.12068083843339,0.0252175300230511,0.0256579804606926,0.9075666277331598,0.0367233933024909,0.0305750231778567,0.6448311156601843,0,False
mlp,GigaPath,MHIST,1.0,123,1849,2,256,0.9061003061408248,0.8081142504419068,0.1197533254538734,0.0372322851195245,0.0265636078471426,0.9279237175299284,0.029913638332361,0.0262979462517839,0.6264073694984647,0,False
mlp,GigaPath,MHIST,1.0,456,1849,2,256,0.9053484602917342,0.810091537988771,0.1195973851488669,0.0354470666974569,0.0351089314684393,0.9381474624807516,0.03094589986296,0.0375858330119691,0.6284544524053224,0,False
mlp,GigaPath,PCam,0.01,42,2620,2,256,0.9801970721395932,0.9394552651729332,0.0464338024585696,0.0202855042954297,0.0195470884863482,0.9100329473382592,0.0128958861148476,0.0143118176036125,0.530975341796875,0,False
mlp,GigaPath,PCam,0.01,123,2620,2,256,0.9786741806381748,0.9353038700017346,0.0495138369658886,0.0230318685833026,0.0234277886165159,0.9548982100034838,0.0195210957426752,0.020597557753291,0.53717041015625,0,False
mlp,GigaPath,PCam,0.01,456,2620,2,256,0.980363661564214,0.9404532802587746,0.0457413293284288,0.0152057817173272,0.0154614505635208,1.099869537546591,0.0205465044103903,0.0199693035956727,0.5335693359375,0,False
mlp,GigaPath,PCam,0.05,42,13106,2,256,0.982946003468164,0.9452038431889328,0.0424498924377688,0.0136342747437083,0.0138055751238681,1.0802165442037186,0.0178896990195198,0.0174198298240497,0.529266357421875,0,False
mlp,GigaPath,PCam,0.05,123,13106,2,256,0.9825943639394784,0.9432810098089238,0.0434373924325329,0.017923310637343,0.018653930619763,1.070502444031029,0.0227205947480797,0.0229461195452813,0.536956787109375,0,False
mlp,GigaPath,PCam,0.05,456,13106,2,256,0.9808581809030876,0.940036974584506,0.0460863501786394,0.0232407223900849,0.0230770477864439,0.98134248936174,0.0214804739882765,0.0216996275640468,0.537994384765625,0,False
mlp,GigaPath,PCam,0.1,42,26214,2,256,0.980046872132632,0.9381283363201798,0.0474148987725153,0.0218462621595563,0.0226028224309118,1.0075412860924575,0.0221289364708354,0.0227544775763988,0.540802001953125,0,False
mlp,GigaPath,PCam,0.1,123,26214,2,256,0.978878065813427,0.9370816083396534,0.0489373032354211,0.0233514385151352,0.0240311833831867,0.977905127405948,0.0210713033436604,0.0232160603829925,0.542205810546875,0,False
mlp,GigaPath,PCam,0.1,456,26214,2,256,0.9804070761052772,0.9394848654092698,0.046757934049366,0.0243330247796506,0.024683817590045,0.9693382671339552,0.021495080745808,0.0225212863807655,0.538421630859375,0,False
mlp,GigaPath,PCam,0.25,42,65536,2,256,0.983182045355142,0.936213982335389,0.047796774042687,0.0386603339667317,0.0388601545082991,1.2725247786306093,0.0396394736156367,0.0396636550619859,0.54937744140625,0,False
mlp,GigaPath,PCam,0.25,123,65536,2,256,0.9826609516530732,0.939225130202308,0.0481991656950374,0.0327525704306026,0.0329369895361608,1.3024837012580592,0.0316700420933102,0.0314044033770528,0.541534423828125,0,False
mlp,GigaPath,PCam,0.25,456,65536,2,256,0.9834550886947636,0.9397944587632334,0.0454049593415641,0.0292060015334527,0.0294183693508216,1.207853941940899,0.0329616178004244,0.0335029500197094,0.54376220703125,0,False
mlp,GigaPath,PCam,0.5,42,131072,2,256,0.9836210522705005,0.9413038145472788,0.0458976268136147,0.0255774744863117,0.0256875388248474,1.3626503145463529,0.0233474022400059,0.0253167276455883,0.5347900390625,0,False
mlp,GigaPath,PCam,0.5,123,131072,2,256,0.979039840299458,0.9348885265013798,0.0523444068592381,0.0386928606624224,0.0387157052167843,1.3379058356222278,0.0341404717735826,0.0366754906713992,0.54608154296875,0,False
mlp,GigaPath,PCam,0.5,456,131072,2,256,0.98368312865672,0.940206427929006,0.0455991898466967,0.0298706129916013,0.0299213724126445,1.2642230113676174,0.0321982065767656,0.032435046480856,0.540924072265625,0,False
mlp,GigaPath,PCam,1.0,42,262144,2,256,0.9802154545879264,0.9381359485957984,0.0496108936943189,0.0270350246057091,0.0272603301134175,1.2676345257202235,0.0234422419564453,0.0233458173588871,0.539276123046875,0,False
mlp,GigaPath,PCam,1.0,123,262144,2,256,0.982244335599141,0.938407585616007,0.0483771087448123,0.030147961785758,0.0303124832640655,1.280639193028028,0.0284594150966768,0.0281673593325138,0.53997802734375,0,False
mlp,GigaPath,PCam,1.0,456,262144,2,256,0.9824312408981132,0.9395372213305648,0.0481029982611194,0.0324973212139241,0.032497308519904,1.3604264600192664,0.0319855811403044,0.0319350710529278,0.540252685546875,0,False
mlp,GigaPath,SPIDER-Breast,0.01,42,682,18,256,0.9905272189715872,0.7996577056622293,,0.0267121520389329,0.0249105997412074,0.7790883748332236,0.0272663973800581,0.0272558342757683,0.1260594980887485,0,False
mlp,GigaPath,SPIDER-Breast,0.01,123,682,18,256,0.990941909306073,0.811483735047416,,0.0237801702851292,0.0235749193505431,0.7458219399913462,0.0339051842843058,0.0319986813326343,0.1252285191956124,0,False
mlp,GigaPath,SPIDER-Breast,0.01,456,682,18,256,0.9901942596964676,0.7957546343102263,,0.0337162418769248,0.0337162415772671,0.7793720899102282,0.0218531120533223,0.021124882552044,0.1245637360811035,0,False
mlp,GigaPath,SPIDER-Breast,0.05,42,3431,18,256,0.9931601255383516,0.8530019146828887,,0.011825693385217,0.0115200125841241,0.8475868545711005,0.0290157275504401,0.0286342751247771,0.1255609107528668,0,False
mlp,GigaPath,SPIDER-Breast,0.05,123,3431,18,256,0.9931303779664532,0.8485501016216419,,0.0137066222530416,0.0138323931737022,0.8650913312360055,0.0325147375793815,0.0325294679703458,0.1254778128635532,0,False
mlp,GigaPath,SPIDER-Breast,0.05,456,3431,18,256,0.9928156306552692,0.845851990245162,,0.0189904150377679,0.0193085006543602,0.8479529224278005,0.0364860575203486,0.0353801058379641,0.1253947149742396,0,False
mlp,GigaPath,SPIDER-Breast,0.1,42,6868,18,256,0.9940846761729568,0.8607463810498369,,0.0120142704863097,0.0098328262849842,0.8511794915796284,0.029751706751395,0.0292172633583252,0.1259764001994349,0,False
mlp,GigaPath,SPIDER-Breast,0.1,123,6868,18,256,0.9933259212578806,0.8512508220818441,,0.0208283279927561,0.0204576425438844,0.8589060034022646,0.0388558496192818,0.0378948237306754,0.1253947149742396,0,False
mlp,GigaPath,SPIDER-Breast,0.1,456,6868,18,256,0.9933768906484196,0.8562432139534091,,0.0218654012356126,0.0202395040761677,0.8639369905286873,0.0373849624058069,0.0369377969823764,0.1250623234169852,0,False
mlp,GigaPath,SPIDER-Breast,0.25,42,17176,18,256,0.9942807926721622,0.86822639170188,,0.0227526448727723,0.0210078050126581,0.8633650294178885,0.035907109768729,0.0355201698338171,0.1254778128635532,0,False
mlp,GigaPath,SPIDER-Breast,0.25,123,17176,18,256,0.994035777852478,0.8620174779762915,,0.0266219386235015,0.025551949488239,0.8578012253581655,0.0410298879397793,0.0407525835559081,0.125311617084926,0,False
mlp,GigaPath,SPIDER-Breast,0.25,456,17176,18,256,0.9942805331961324,0.8644761183881307,,0.0231208773656444,0.0232319461981363,0.8518931255617975,0.0375120427774614,0.0366803576864236,0.1254778128635532,0,False
mlp,GigaPath,SPIDER-Breast,0.5,42,34361,18,256,0.9943058054599994,0.864147709729411,,0.022947417183019,0.0223707250008774,0.8016324306164452,0.0433909724484611,0.0433117948300382,0.1253947149742396,0,False
mlp,GigaPath,SPIDER-Breast,0.5,123,34361,18,256,0.9942147110730556,0.8649436503408965,,0.0254178443966622,0.0253723295439868,0.8221963994555135,0.0436790912788691,0.043697102255692,0.1253947149742396,0,False
mlp,GigaPath,SPIDER-Breast,0.5,456,34361,18,256,0.9942319473844338,0.867285894739239,,0.0241232145728116,0.0223653234723439,0.8271397155018433,0.0415847593389398,0.0404634730342775,0.1255609107528668,0,False
mlp,GigaPath,SPIDER-Breast,1.0,42,68730,18,256,0.9948770753033706,0.8736071336420399,,0.018602901840301,0.017174401455332,0.7810190702937444,0.0386896811144602,0.0386894403233844,0.125311617084926,0,False
mlp,GigaPath,SPIDER-Breast,1.0,123,68730,18,256,0.9945359615909456,0.8705359979574435,,0.0193317402373997,0.0181390365849742,0.771617201810201,0.0408409910617981,0.0408454349325486,0.1255609107528668,0,False
mlp,GigaPath,SPIDER-Breast,1.0,456,68730,18,256,0.9945376357003002,0.8686294242172259,,0.0211590238538358,0.0180606875523432,0.7732240404967826,0.0434346864758704,0.0419963794341411,0.125311617084926,0,False
mlp,H-Optimus-0,BRACS,0.01,42,33,7,256,0.7553228942477548,0.3376995510765879,,0.0837495167004434,0.1247962865913123,1.4176611110056083,0.091681774274299,0.1090960779210977,0.3035087719298245,0,False
mlp,H-Optimus-0,BRACS,0.01,123,33,7,256,0.7560701772411608,0.3573648631590168,,0.1156220703271397,0.1182225658182512,1.4925370585788589,0.0672169424985584,0.0753816917277219,0.387719298245614,0,False
mlp,H-Optimus-0,BRACS,0.01,456,33,7,256,0.7884034412993035,0.366672425280985,,0.0756568731707439,0.0780269331053683,1.2533189911315403,0.0457986270649391,0.0566745984449721,0.3070175438596491,0,False
mlp,H-Optimus-0,BRACS,0.05,42,180,7,256,0.8505545806127588,0.4842292253429137,,0.0853806775390056,0.0945141841445052,1.0693144112211597,0.0649459305562471,0.0697395477378577,0.2578947368421053,0,False
mlp,H-Optimus-0,BRACS,0.05,123,180,7,256,0.8504337911596785,0.5208076212378361,,0.0631118342541811,0.0788176033580512,1.1468009559637582,0.0327906315263948,0.0607805844984556,0.2263157894736842,0,False
mlp,H-Optimus-0,BRACS,0.05,456,180,7,256,0.8638458817297946,0.4876697729216731,,0.0890110393888071,0.1039426880970335,1.0995535460196868,0.0678599890909696,0.0763483289041017,0.2245614035087719,0,False
mlp,H-Optimus-0,BRACS,0.1,42,362,7,256,0.8643643569274891,0.5329043617570381,,0.0704722989546625,0.0758843223253886,1.1302342700871912,0.0574880209931156,0.0827590164385343,0.2,0,False
mlp,H-Optimus-0,BRACS,0.1,123,362,7,256,0.875902230886571,0.5537037155766684,,0.0513355698501854,0.0593149314846908,1.0869035551799662,0.0544419557379003,0.0510183885432126,0.219298245614035,0,False
mlp,H-Optimus-0,BRACS,0.1,456,362,7,256,0.8779969430578017,0.5336685197599944,,0.1038036390354758,0.1049831206338447,1.126289256383688,0.0659031236380861,0.0669424488879086,0.2070175438596491,0,False
mlp,H-Optimus-0,BRACS,0.25,42,912,7,256,0.8911652453167168,0.5738260878805566,,0.0840214192605855,0.0932103014828866,1.1681496405492098,0.0590689370506688,0.0608986756257843,0.1736842105263158,0,False
mlp,H-Optimus-0,BRACS,0.25,123,912,7,256,0.8934598277615999,0.5978082189030255,,0.063385688422019,0.0719683821786913,1.1369380020076083,0.0372145460624444,0.0515122293380268,0.1771929824561403,0,False
mlp,H-Optimus-0,BRACS,0.25,456,912,7,256,0.8878984652581694,0.5805262485024069,,0.0768320840701722,0.0773692898582993,1.105098460018771,0.0545656420159758,0.0674434781074524,0.1859649122807017,0,False
mlp,H-Optimus-0,BRACS,0.5,42,1826,7,256,0.8988867195837792,0.6047524747193733,,0.0676992152866564,0.0679684208150495,1.109754469216854,0.0471240896404835,0.0604079180642178,0.1842105263157894,0,False
mlp,H-Optimus-0,BRACS,0.5,123,1826,7,256,0.9016022998524424,0.6085695584685065,,0.0880080187529848,0.0869327407134206,1.1873024716492178,0.0547288206062819,0.0531737784544626,0.1666666666666666,0,False
mlp,H-Optimus-0,BRACS,0.5,456,1826,7,256,0.8980617132376795,0.6213071187883621,,0.072485030429405,0.0656924198594009,1.1129526345887768,0.0592544603243208,0.0516106806303325,0.1771929824561403,0,False
mlp,H-Optimus-0,BRACS,1.0,42,3657,7,256,0.9036102297653232,0.6315513474255717,,0.0912519000339926,0.0900078846697221,1.173248930729105,0.0562938309029529,0.068066474429348,0.1807017543859649,0,False
mlp,H-Optimus-0,BRACS,1.0,123,3657,7,256,0.9029649138479132,0.6269573140010382,,0.0941928427731781,0.1021021819951241,1.177380558740872,0.0584509065276698,0.0743238065326423,0.1824561403508772,0,False
mlp,H-Optimus-0,BRACS,1.0,456,3657,7,256,0.9024998644822873,0.6174571353450667,,0.1147612311338123,0.1193513314974935,1.2429685738976106,0.0724791148775502,0.0652750814170168,0.1719298245614035,0,False
mlp,H-Optimus-0,CRC,0.01,42,696,9,256,0.9993950527064652,0.9863960021093798,,0.0155075613498687,0.0154583558519681,0.7601083829042177,0.0025985446363688,0.0034303519805272,0.1446,0,False
mlp,H-Optimus-0,CRC,0.01,123,696,9,256,0.9997004843935876,0.9893539445363702,,0.0176566972672938,0.0176567818959554,0.7229817861101125,0.0041071962773799,0.0043795688470204,0.1420666666666666,0,False
mlp,H-Optimus-0,CRC,0.01,456,696,9,256,0.9994733387498512,0.9858198872024656,,0.0171474075357118,0.0170677303949991,0.7214193663088418,0.0037101250727971,0.0028420199275016,0.1429333333333333,0,False
mlp,H-Optimus-0,CRC,0.05,42,3495,9,256,0.9996947537911692,0.9936138823281868,,0.005895003225406,0.0059614795764287,0.8363156146452577,0.0020904372056325,0.0026686687548955,0.1426666666666666,0,False
mlp,H-Optimus-0,CRC,0.05,123,3495,9,256,0.999860110192081,0.9932346419982296,,0.0060795557459195,0.0060318717241287,0.8247563801232464,0.001945820035537,0.0013445766647656,0.1420666666666666,0,False
mlp,H-Optimus-0,CRC,0.05,456,3495,9,256,0.9997328042824511,0.9936113614407536,,0.0063212823589642,0.006441762137413,0.7761788687832539,0.0013658099750677,0.0010599803964296,0.1424666666666666,0,False
mlp,H-Optimus-0,CRC,0.1,42,6996,9,256,0.9997610408222388,0.9951941423177412,,0.0042891785919666,0.0042630966544151,0.8201374054932512,0.0011343536456425,0.0011638758182525,0.1422666666666666,0,False
mlp,H-Optimus-0,CRC,0.1,123,6996,9,256,0.9999280076905374,0.9951745948430742,,0.0037420732875665,0.0036637698888778,0.8169744950453657,0.0008073517163595,0.0005773883104324,0.1422,0,False
mlp,H-Optimus-0,CRC,0.1,456,6996,9,256,0.9997712306350124,0.994861678421044,,0.0040174101889133,0.0040917447368304,0.7918601271128889,0.0009001333256562,0.0006068999727566,0.1418666666666666,0,False
mlp,H-Optimus-0,CRC,0.25,42,17496,9,256,0.999960057214118,0.9963011794560496,,0.0039925101796785,0.0032661377469698,0.7840052423655997,0.0013221190571785,0.0008240891138712,0.1422666666666666,0,False
mlp,H-Optimus-0,CRC,0.25,123,17496,9,256,0.999976894182174,0.9963994894868118,,0.0040528326372305,0.003916854528586,0.7370588837298788,0.000809969997406,0.0004656549294789,0.1422,0,False
mlp,H-Optimus-0,CRC,0.25,456,17496,9,256,0.9999723970278144,0.99651175762487,,0.0047409282366435,0.0043589435736338,0.7354724870972237,0.0008616471469402,0.0002373115340868,0.1418,0,False
mlp,H-Optimus-0,CRC,0.5,42,34998,9,256,0.9999889762662644,0.9968732894592268,,0.0042251673996448,0.0038799150864283,0.6801314181334571,0.0008033922692139,0.000709133931001,0.1422,0,False
mlp,H-Optimus-0,CRC,0.5,123,34998,9,256,0.999984735478693,0.997439492569534,,0.0042656477928161,0.0042252869764963,0.6602070829871843,0.0009321472128232,0.0003440920710563,0.1418666666666666,0,False
mlp,H-Optimus-0,CRC,0.5,456,34998,9,256,0.9999876316118984,0.9972970909321588,,0.0042337996562322,0.0041050236662228,0.7262244557479406,0.0008230201025804,0.0001304121851921,0.1423333333333333,0,False
mlp,H-Optimus-0,CRC,1.0,42,70000,9,256,0.9999913725883476,0.9974900464615056,,0.0043695746262868,0.0040749169150988,0.6487480201738555,0.0010490718722343,0.0004217171708742,0.1424,0,False
mlp,H-Optimus-0,CRC,1.0,123,70000,9,256,0.999989018044022,0.9974232913791165,,0.0039878860433896,0.0039482045412063,0.6706934461989206,0.0011695320924123,0.000365960741043,0.1425333333333333,0,False
mlp,H-Optimus-0,CRC,1.0,456,70000,9,256,0.9999937955690394,0.9978927097690948,,0.0050704925457636,0.00492580909729,0.6428881581461058,0.0009596641381582,0.0001492205818494,0.1422,0,False
mlp,H-Optimus-0,LungHist700,0.01,42,7,7,256,0.647187323414485,0.3141737961573239,,0.1275752655097416,0.16919674433413,1.0865361721292908,0.1366071933791751,0.1924468288818995,0.3333333333333333,6,False
mlp,H-Optimus-0,LungHist700,0.01,123,7,7,256,0.6106888564074354,0.2570711278917966,,0.0640301816520236,0.1396281460920969,1.0737011944544324,0.0412474192324139,0.1210026034287043,0.3333333333333333,6,False
mlp,H-Optimus-0,LungHist700,0.01,456,7,7,256,0.6727573928265412,0.3267704722701823,,0.1503140939133508,0.2237497727076212,1.0177371977622918,0.1767506275858198,0.236033943153563,0.3333333333333333,6,False
mlp,H-Optimus-0,LungHist700,0.05,42,22,7,256,0.7603906175150038,0.3946771890707818,,0.2091212451457977,0.221683589049748,1.5902083233550228,0.1588696107977912,0.1422969889073145,0.3047619047619048,0,False
mlp,H-Optimus-0,LungHist700,0.05,123,22,7,256,0.7676150392731808,0.3708696816011146,,0.1554151963619958,0.1487878660360972,1.349282870838826,0.1227268729891095,0.1666787070887429,0.2571428571428571,0,False
mlp,H-Optimus-0,LungHist700,0.05,456,22,7,256,0.909609754937498,0.5290332027002865,,0.1002733466171083,0.137222861675989,0.9978597317054207,0.1146258930365244,0.137435831058593,0.2571428571428571,0,False
mlp,H-Optimus-0,LungHist700,0.1,42,45,7,256,0.8761919332142275,0.4959230651363873,,0.1588701856987817,0.1419854535942986,0.927252545207948,0.1822467153980618,0.1562482376893361,0.2666666666666666,0,False
mlp,H-Optimus-0,LungHist700,0.1,123,45,7,256,0.888113266327894,0.5636542709407595,,0.1792369381302879,0.1773439177445002,1.0714626243972103,0.1557019310338156,0.182291350194386,0.2761904761904762,0,False
mlp,H-Optimus-0,LungHist700,0.1,456,45,7,256,0.9259034808931748,0.5967304141022408,,0.0789865743546258,0.1013298250380016,0.8554804261911582,0.0985894782202584,0.086957783074606,0.2761904761904762,0,False
mlp,H-Optimus-0,LungHist700,0.25,42,118,7,256,0.9468116062367048,0.6550373296171615,,0.0861712160564604,0.1087108742623102,0.913791902334261,0.1131021159035818,0.1410641034444173,0.2666666666666666,0,False
mlp,H-Optimus-0,LungHist700,0.25,123,118,7,256,0.9450590751187672,0.7146380404687596,,0.1046057420117514,0.1077831316561926,0.9651336788446296,0.1002624704724266,0.105674523966653,0.238095238095238,0,False
mlp,H-Optimus-0,LungHist700,0.25,456,118,7,256,0.9668038060339584,0.7172692580358085,,0.0919529403959001,0.1333706549235752,0.8364139203075004,0.0763179106371743,0.0918785149142855,0.238095238095238,0,False
mlp,H-Optimus-0,LungHist700,0.5,42,240,7,256,0.9650256183399372,0.74143495949429,,0.0469701846440633,0.0630801657835642,0.8808980164502149,0.0883824703239259,0.107135671377182,0.2476190476190476,0,False
mlp,H-Optimus-0,LungHist700,0.5,123,240,7,256,0.964275562295402,0.8377233793890368,,0.1222484083402724,0.1277072426818666,0.9475846378735036,0.1369912181581769,0.1203830358527955,0.2666666666666666,0,False
mlp,H-Optimus-0,LungHist700,0.5,456,240,7,256,0.975432584760924,0.8104258071175364,,0.1013688115846543,0.0912759269986833,0.9207722542445422,0.108848435254324,0.0796664484909602,0.238095238095238,0,False
mlp,H-Optimus-0,LungHist700,1.0,42,483,7,256,0.9893626770672614,0.8924940707990512,,0.1070268304575057,0.0890141140846979,0.9129891415064612,0.061638001033238,0.0818128279277256,0.2476190476190476,0,False
mlp,H-Optimus-0,LungHist700,1.0,123,483,7,256,0.9893466777666844,0.8912104912470274,,0.0957163728418804,0.0746776274272373,0.9390208350074092,0.0798335467066083,0.0720206252166203,0.2476190476190476,0,False
mlp,H-Optimus-0,LungHist700,1.0,456,483,7,256,0.9900965421654848,0.8924940707990512,,0.0845151918275015,0.0554755270481109,0.9368167087905004,0.0746482358092353,0.0622423271338144,0.2476190476190476,0,False
mlp,H-Optimus-0,MHIST,0.01,42,18,2,256,0.7259319286871961,0.458406486589985,0.2061482684264899,0.0889924590150799,0.0851887105949825,0.9715990458502384,0.0875452239687879,0.08603720087844,0.9355168884339816,0,False
mlp,H-Optimus-0,MHIST,0.01,123,18,2,256,0.6187871420853592,0.4845214199690313,0.2284570060215838,0.0852874556333284,0.0873100309496404,1.1240525103752552,0.0682691468217599,0.0750651006627839,0.887410440122825,0,False
mlp,H-Optimus-0,MHIST,0.01,456,18,2,256,0.7000630289933369,0.5512051448335495,0.2109314569999268,0.0815139709263582,0.0812614059100497,1.121511856266549,0.0685575648059376,0.0740923474456051,0.842374616171955,0,False
mlp,H-Optimus-0,MHIST,0.05,42,92,2,256,0.8723572843508014,0.7706075911749727,0.1399774683978295,0.0395516691235644,0.043795548517642,1.2234011337749726,0.0538553277082062,0.0583036811345522,0.6448311156601843,0,False
mlp,H-Optimus-0,MHIST,0.05,123,92,2,256,0.7265577165496128,0.6121777406140779,0.2029007312293509,0.0794451459784712,0.0807927055408303,1.219445859655515,0.0556494634991231,0.0643133087161863,0.6970317297850563,0,False
mlp,H-Optimus-0,MHIST,0.05,456,92,2,256,0.7569737079056366,0.69060650747736,0.1958598982820648,0.0916738013070583,0.0891408067741865,1.4257016753953866,0.0544254561407661,0.050669558849586,0.7052200614124872,0,False
mlp,H-Optimus-0,MHIST,0.1,42,184,2,256,0.8801593733117234,0.7820949377710646,0.1371277839320318,0.0357390081542358,0.0374317360472814,1.330781477807727,0.0468065273493314,0.0475079090598524,0.5946775844421699,0,False
mlp,H-Optimus-0,MHIST,0.1,123,184,2,256,0.8340446605438501,0.7331120185941421,0.160592663049531,0.0467852158290824,0.040946558644059,1.1571531407771052,0.0356634211656899,0.0318651220712623,0.676560900716479,0,False
mlp,H-Optimus-0,MHIST,0.1,456,184,2,256,0.8591121916081399,0.7653764012459665,0.148735505806803,0.0530999456222494,0.0498518670867163,1.0947972043679373,0.0516999473179497,0.0418381706202362,0.6867963152507677,0,False
mlp,H-Optimus-0,MHIST,0.25,42,461,2,256,0.9007248334233746,0.805227840981863,0.1237146500231511,0.039563207655474,0.0349273792245904,1.202176842945287,0.0327448252447429,0.0323895862008594,0.6120777891504606,0,False
mlp,H-Optimus-0,MHIST,0.25,123,461,2,256,0.893354943273906,0.799664667131148,0.1272443198104119,0.0411448459405005,0.0310039986515972,1.1157251146861815,0.0349498864438693,0.0309254224121402,0.6427840327533265,0,False
mlp,H-Optimus-0,MHIST,0.25,456,461,2,256,0.8666306500990455,0.766377574012931,0.1455331074432714,0.0457114448910054,0.0459123760492311,1.0031447784031984,0.0453241894797573,0.0456037763875557,0.6663254861821903,0,False
mlp,H-Optimus-0,MHIST,0.5,42,924,2,256,0.9028948316225464,0.8001388838208089,0.1238717021062941,0.0545007506253897,0.047494664494646,1.116972194719139,0.0452044550234122,0.0489264847012475,0.5977482088024565,0,False
mlp,H-Optimus-0,MHIST,0.5,123,924,2,256,0.9105078336034576,0.8149225324490087,0.1171280382141013,0.0344139392256065,0.0342930247034866,1.0593914065470351,0.0363841103113417,0.0331796232807309,0.6131013306038895,0,False
mlp,H-Optimus-0,MHIST,0.5,456,924,2,256,0.9026066990815776,0.8117823413071605,0.1216050879295934,0.0267602402427087,0.0235580720554106,1.0378205321183185,0.022942323066073,0.0210144884585037,0.6530194472876152,0,False
mlp,H-Optimus-0,MHIST,1.0,42,1849,2,256,0.9201782820097244,0.8376984131408395,0.1091716494432764,0.0342975110501935,0.0353838592741977,1.0741126904718128,0.0336490981852752,0.0338413739035253,0.6141248720573184,0,False
mlp,H-Optimus-0,MHIST,1.0,123,1849,2,256,0.9199441743201872,0.8393546849989877,0.1089450868005312,0.0339350264630029,0.0342180381622928,1.0976242451501064,0.0273576124953515,0.0329976143375489,0.6202661207778914,0,False
mlp,H-Optimus-0,MHIST,1.0,456,1849,2,256,0.919638033495408,0.8371690344547562,0.109354263615882,0.0385516352547349,0.0324378905082316,1.122237874171907,0.0286681590565578,0.0305959964976545,0.6202661207778914,0,False
mlp,H-Optimus-0,PCam,0.01,42,2620,2,256,0.9829234673203896,0.9424693812077034,0.043877845177033,0.0100355302095067,0.0081885801380678,0.9612546439978964,0.007820250741247,0.007663831771282,0.524627685546875,0,False
mlp,H-Optimus-0,PCam,0.01,123,2620,2,256,0.9829240093502272,0.940119288607309,0.0457622108108759,0.0162710148106271,0.0169378721376602,1.0695314973541832,0.0184841099903678,0.0184400776729489,0.533050537109375,0,False
mlp,H-Optimus-0,PCam,0.01,456,2620,2,256,0.980976563199802,0.9362911480568844,0.0482362498852982,0.0199710848393692,0.0200935108417006,1.1610635704568666,0.0161303153083736,0.016318094655837,0.53515625,0,False
mlp,H-Optimus-0,PCam,0.05,42,13106,2,256,0.9846350932386504,0.9429221272317844,0.0431808277228429,0.0203599633005637,0.0210870998350429,1.0611042995481872,0.0208159378264553,0.0213759908774448,0.535064697265625,0,False
mlp,H-Optimus-0,PCam,0.05,123,13106,2,256,0.984665314661713,0.941402859035356,0.0442792222522886,0.0246746381246225,0.0254745181390489,1.0961828350423113,0.0254034188823766,0.0257363976641329,0.5400390625,0,False
mlp,H-Optimus-0,PCam,0.05,456,13106,2,256,0.9851571219887548,0.9410780049467586,0.0437438561811844,0.0232089765333967,0.0234466515098006,1.0095415661468097,0.0236546327130326,0.0235743755655448,0.537567138671875,0,False
mlp,H-Optimus-0,PCam,0.1,42,26214,2,256,0.9846579683879036,0.9412220421897548,0.0444966212376782,0.0270970621851915,0.0274953233534063,1.1437724394546749,0.0273676304429955,0.0275249423553418,0.53948974609375,0,False
mlp,H-Optimus-0,PCam,0.1,123,26214,2,256,0.9820743785114756,0.9421900336129444,0.0446271329783484,0.019856067972455,0.0200406711464182,1.1563579483982334,0.0179667807979058,0.0180371155810803,0.534759521484375,0,False
mlp,H-Optimus-0,PCam,0.1,456,26214,2,256,0.985170901840084,0.9442122635261678,0.0422927982251797,0.017644156322035,0.0183481180235034,1.0667080232870465,0.0202275309090964,0.0190302517284379,0.533294677734375,0,False
mlp,H-Optimus-0,PCam,0.25,42,65536,2,256,0.9852614133723426,0.9434271168292354,0.0429117465090755,0.0259394824297487,0.0260418768935366,1.1780196826815414,0.0262383960343868,0.026606379262887,0.53851318359375,0,False
mlp,H-Optimus-0,PCam,0.25,123,65536,2,256,0.984179056155584,0.9413599379915334,0.0446160264202386,0.02901925645466,0.029325062944558,1.1552938885165365,0.0255788119022781,0.0280764574537215,0.542572021484375,0,False
mlp,H-Optimus-0,PCam,0.25,456,65536,2,256,0.9854196804969176,0.9428018641683024,0.0426952029747621,0.0202528870370315,0.0200687236832877,1.056305490176168,0.0220201716762176,0.0219611894987537,0.534576416015625,0,False
mlp,H-Optimus-0,PCam,0.5,42,131072,2,256,0.9848612947695088,0.9445680070247012,0.0426147506800211,0.0220223598552706,0.0223331593567621,1.1281637495808807,0.0211368522794259,0.0219533295163074,0.536102294921875,0,False
mlp,H-Optimus-0,PCam,0.5,123,131072,2,256,0.9853820885856538,0.945000618060478,0.0420439048833079,0.0214252793566629,0.0218643406718257,1.1544376918658352,0.0236398129233066,0.022428057755917,0.534881591796875,0,False
mlp,H-Optimus-0,PCam,0.5,456,131072,2,256,0.9852967403066916,0.9434152067685568,0.0439140808653295,0.031813908462368,0.0318139242807262,1.2020162943671628,0.0318399809667653,0.0318100842357864,0.5411376953125,0,False
mlp,H-Optimus-0,PCam,1.0,42,262144,2,256,0.9843168025148038,0.9428058236831977,0.0447608133274485,0.0331159136037797,0.0331196177102342,1.34199822067179,0.0301950612163181,0.0309235602456965,0.54071044921875,0,False
mlp,H-Optimus-0,PCam,1.0,123,262144,2,256,0.9842961606774924,0.94183532319259,0.0447655382441406,0.0294625994839066,0.0297768760360632,1.2746028060776842,0.0256585666742239,0.0276949258750249,0.5390625,0,False
mlp,H-Optimus-0,PCam,1.0,456,262144,2,256,0.9856027859990916,0.9456112549062248,0.0416593981441942,0.0248196810024126,0.0248980255268627,1.3028867303853686,0.0255343341704019,0.0253007449360893,0.535003662109375,0,False
mlp,H-Optimus-0,SPIDER-Breast,0.01,42,682,18,256,0.9927659812683808,0.8457290708369776,,0.0378311155792663,0.0378311203378804,0.8097904662825018,0.0167086121312145,0.0131233698687364,0.1231510719627721,0,False
mlp,H-Optimus-0,SPIDER-Breast,0.01,123,682,18,256,0.9919253306075674,0.846873016545912,,0.0383802711275183,0.03898676717739,0.7762341998561628,0.023523118189052,0.0214053234854706,0.1238989529665946,0,False
mlp,H-Optimus-0,SPIDER-Breast,0.01,456,682,18,256,0.9923286765979032,0.8255164326269812,,0.0342683041905057,0.0340661509094076,0.7898069465127986,0.0201739297022906,0.0192784850697829,0.1235665614093402,0,False
mlp,H-Optimus-0,SPIDER-Breast,0.05,42,3431,18,256,0.9936991996919524,0.867216693447323,,0.0125007235802783,0.0119473049019348,0.8835568207655632,0.026025996066584,0.0252336319922925,0.1240651487452218,0,False
mlp,H-Optimus-0,SPIDER-Breast,0.05,123,3431,18,256,0.9937957421571652,0.8651603764553625,,0.0132552335007515,0.0128015411049697,0.8731460799574964,0.0272481010783168,0.0256938149520125,0.1246468339704171,0,False
mlp,H-Optimus-0,SPIDER-Breast,0.05,456,3431,18,256,0.993802912797396,0.8640094204018399,,0.0160336124975261,0.0151999577897241,0.8751996083746111,0.0306948116199308,0.030331813508497,0.1249792255276716,0,False
mlp,H-Optimus-0,SPIDER-Breast,0.1,42,6868,18,256,0.9945821494105452,0.8762893337613202,,0.0072999625694757,0.0058626106644421,0.831587893635783,0.0258868499557619,0.0254038258933814,0.1245637360811035,0,False
mlp,H-Optimus-0,SPIDER-Breast,0.1,123,6868,18,256,0.9937528849888396,0.8626157504772907,,0.0214156527217685,0.0195179415765505,0.85691481194355,0.037941063660927,0.0373199566844612,0.1243975403024763,0,False
mlp,H-Optimus-0,SPIDER-Breast,0.1,456,6868,18,256,0.9939599425743944,0.8648825925209425,,0.0264453430503275,0.0265725018456268,0.9014241522591392,0.0378975429016034,0.0378734572287986,0.1245637360811035,0,False
mlp,H-Optimus-0,SPIDER-Breast,0.25,42,17176,18,256,0.9944855349634568,0.8742641326488737,,0.0243702948276675,0.0235216689105839,0.873369585706061,0.0362050784338505,0.0361660868697176,0.1247299318597307,0,False
mlp,H-Optimus-0,SPIDER-Breast,0.25,123,17176,18,256,0.9946984731997016,0.8818341802769812,,0.0181932094023535,0.0176544346860106,0.8522544447795825,0.0336710873960913,0.0314032022781064,0.1245637360811035,0,False
mlp,H-Optimus-0,SPIDER-Breast,0.25,456,17176,18,256,0.9948353244937792,0.8774371436772535,,0.0252424824152631,0.0242611892262585,0.8891050330446413,0.0357069290489657,0.0353907624688955,0.1248130297490443,0,False
mlp,H-Optimus-0,SPIDER-Breast,0.5,42,34361,18,256,0.9948606782551956,0.8808680916193035,,0.0207170087776648,0.0202155343089881,0.8246172960776281,0.0365892357806024,0.0359521082801955,0.1248961276383579,0,False
mlp,H-Optimus-0,SPIDER-Breast,0.5,123,34361,18,256,0.9949309081032562,0.8817875062117966,,0.0208015094613522,0.0203835470485829,0.8384115238487287,0.036051243330645,0.0359055574191494,0.1246468339704171,0,False
mlp,H-Optimus-0,SPIDER-Breast,0.5,456,34361,18,256,0.9951758033696588,0.881810505265078,,0.0187195539350661,0.0176933636811161,0.8133439956497057,0.0362937189260947,0.0360585546125025,0.1248961276383579,0,False
mlp,H-Optimus-0,SPIDER-Breast,1.0,42,68730,18,256,0.9950929429030624,0.8810118373054461,,0.0212851439141267,0.0195127261750856,0.7726095009224354,0.0430074387166673,0.0415028454963404,0.1248961276383579,0,False
mlp,H-Optimus-0,SPIDER-Breast,1.0,123,68730,18,256,0.9952965836715848,0.887322453234279,,0.014038750689767,0.0126496789531492,0.7648541034439812,0.0352743402289377,0.0341333557407543,0.1248130297490443,0,False
mlp,H-Optimus-0,SPIDER-Breast,1.0,456,68730,18,256,0.9949054247350504,0.8708943424417697,,0.0229584802265913,0.0227366846047982,0.7765947544440034,0.0446380642371972,0.0445665149657417,0.1248130297490443,0,False
mlp,MIDNIGHT,BRACS,0.01,42,33,7,256,0.7539899672412903,0.3141679931165431,,0.0415437573142218,0.0770482474251797,1.7071354307337432,0.0999479242061313,0.0999479162065606,0.3350877192982456,0,False
mlp,MIDNIGHT,BRACS,0.01,123,33,7,256,0.7477522524319353,0.3449683041754295,,0.0916277319977158,0.0931227186269927,1.4632284510134574,0.0741400040293994,0.0833143704815914,0.3842105263157894,0,False
mlp,MIDNIGHT,BRACS,0.01,456,33,7,256,0.7841306047550786,0.3697611022992929,,0.090646328790146,0.0928394388734248,1.473574193077178,0.0816240675093835,0.0890587260325749,0.3456140350877193,0,False
mlp,MIDNIGHT,BRACS,0.05,42,180,7,256,0.8513536542155863,0.4824960990695053,,0.0845376266983517,0.0844117187617117,1.6067447812660822,0.055007558564345,0.0761793819958703,0.243859649122807,0,False
mlp,MIDNIGHT,BRACS,0.05,123,180,7,256,0.8404782928026264,0.5126526914422499,,0.0772659924992343,0.0791314189894157,1.5397260551097245,0.0700622212729955,0.0731201520614456,0.2280701754385964,0,False
mlp,MIDNIGHT,BRACS,0.05,456,180,7,256,0.8684384854473338,0.5379709718240011,,0.0660078419927965,0.072133496665118,1.3913301967144522,0.0623169345813885,0.0812976756639647,0.2105263157894736,0,False
mlp,MIDNIGHT,BRACS,0.1,42,362,7,256,0.8782470785972789,0.5255067181838567,,0.0795909136010889,0.0782488871039005,1.4324127839794107,0.0719546692413196,0.0650236678750891,0.2140350877192982,0,False
mlp,MIDNIGHT,BRACS,0.1,123,362,7,256,0.8629007265144113,0.5471459115498878,,0.0705774873495102,0.0860467750775186,1.4126873271509202,0.0430148857988809,0.0696826041790477,0.2105263157894736,0,False
mlp,MIDNIGHT,BRACS,0.1,456,362,7,256,0.8788818556305512,0.5638513897971095,,0.0806823457542218,0.0799316100906907,1.2978101655005518,0.0264154503481429,0.0378092729208762,0.1964912280701754,0,False
mlp,MIDNIGHT,BRACS,0.25,42,912,7,256,0.8925759657631877,0.5638213377937866,,0.0751036050549724,0.0669076156197932,1.391553140817023,0.0514330214575717,0.0784713849686739,0.187719298245614,0,False
mlp,MIDNIGHT,BRACS,0.25,123,912,7,256,0.8836719483003476,0.5558111963294788,,0.0753181697506653,0.0828287726954409,1.1865291636396211,0.0531238510943295,0.0695184314460085,0.2157894736842105,0,False
mlp,MIDNIGHT,BRACS,0.25,456,912,7,256,0.8830391733695867,0.5399107802700591,,0.088727868753567,0.096571513853575,1.295081720557824,0.0593820989654775,0.0792172676638553,0.1859649122807017,0,False
mlp,MIDNIGHT,BRACS,0.5,42,1826,7,256,0.9020273134713236,0.5960377745216064,,0.0819610149191137,0.0771245578924814,1.2761895078073109,0.053838167587916,0.0504124564036988,0.1719298245614035,0,False
mlp,MIDNIGHT,BRACS,0.5,123,1826,7,256,0.9003860839644251,0.5895369746869353,,0.0815444036272534,0.0843391742622643,1.2142648860845686,0.0537015324621869,0.0637689449285206,0.1771929824561403,0,False
mlp,MIDNIGHT,BRACS,0.5,456,1826,7,256,0.8953848566645777,0.5857864862795815,,0.0833191199260845,0.0862531525001191,1.3459003504824898,0.0521787359003435,0.0705978353818257,0.1912280701754386,0,False
mlp,MIDNIGHT,BRACS,1.0,42,3657,7,256,0.9068706107225122,0.6062192038668471,,0.0645173163790451,0.0705560068289438,1.1927173854912478,0.0364639847686416,0.0341800935435713,0.1807017543859649,0,False
mlp,MIDNIGHT,BRACS,1.0,123,3657,7,256,0.906430266651344,0.6038024109688324,,0.0751534612032405,0.0857964384974094,1.1869439155316317,0.0487075299547429,0.0612567663192749,0.175438596491228,0,False
mlp,MIDNIGHT,BRACS,1.0,456,3657,7,256,0.9066373943340044,0.5907110979571305,,0.0958741836903388,0.0938959044322633,1.2080043294500806,0.0615470711076468,0.0597047112490001,0.1684210526315789,0,False
mlp,MIDNIGHT,CRC,0.01,42,696,9,256,0.9983749834515316,0.9713016908370604,,0.0057418727437655,0.00654037955602,0.9123414674912872,0.0036192266086737,0.0029090462962786,0.1463333333333333,0,False
mlp,MIDNIGHT,CRC,0.01,123,696,9,256,0.9988217502687606,0.9705714176842593,,0.0051145546237627,0.0048753860354423,0.8970227470688088,0.0045484760443369,0.0025661356647809,0.1456,0,False
mlp,MIDNIGHT,CRC,0.01,456,696,9,256,0.998388870970122,0.9711036811188584,,0.0072170564303795,0.0071575188636779,0.9007372586358768,0.0043173130273818,0.0023511699199676,0.1426666666666666,0,False
mlp,MIDNIGHT,CRC,0.05,42,3495,9,256,0.9992541148569984,0.9829894364499184,,0.0037184142092864,0.003894906715552,0.922000755266468,0.0025325355609258,0.0017526705463727,0.1436,0,False
mlp,MIDNIGHT,CRC,0.05,123,3495,9,256,0.999395328107279,0.9818019310579644,,0.0037305091838042,0.0028945762634277,0.9443271635307158,0.0016710572838783,0.0010754239400227,0.1428666666666666,0,False
mlp,MIDNIGHT,CRC,0.05,456,3495,9,256,0.9992935985533172,0.9820038981902652,,0.0035111457546551,0.0034770020882288,0.9049123125273308,0.0016231105923652,0.0016051024715105,0.1420666666666666,0,False
mlp,MIDNIGHT,CRC,0.1,42,6996,9,256,0.9995172830944272,0.9865137753213132,,0.0036816854139168,0.0036022329211235,0.8989991907014968,0.0018521192053954,0.0013280177911122,0.1429333333333333,0,False
mlp,MIDNIGHT,CRC,0.1,123,6996,9,256,0.9996423454883536,0.9861315049219204,,0.0031211353917916,0.0028094694892565,0.8966137805892669,0.001801810268561,0.0011272504965464,0.1418,0,False
mlp,MIDNIGHT,CRC,0.1,456,6996,9,256,0.9995341256103494,0.9853134987047244,,0.0045981951991716,0.0042123679121335,0.8431115325138581,0.0024451421260834,0.0016791192889213,0.1418,0,False
mlp,MIDNIGHT,CRC,0.25,42,17496,9,256,0.9998107873127076,0.9891030759034471,,0.004377647024393,0.0026095040798187,0.8838820771718626,0.0017112961888313,0.0006673685193061,0.1426,0,False
mlp,MIDNIGHT,CRC,0.25,123,17496,9,256,0.9998031397019131,0.9889929828060586,,0.0049979392111301,0.0044385512312253,0.8005711121662196,0.0017210734506447,0.0016025119900703,0.1418,0,False
mlp,MIDNIGHT,CRC,0.25,456,17496,9,256,0.99984382560051,0.9904375655356435,,0.0052419666945934,0.005114830716451,0.8044536646236193,0.0016124797483285,0.000479388709863,0.1418,0,False
mlp,MIDNIGHT,CRC,0.5,42,34998,9,256,0.9998778422800982,0.9912300585603714,,0.0051677798887093,0.0047140111287434,0.7814859459532119,0.0016653295119603,0.0008482037782669,0.1422666666666666,0,False
mlp,MIDNIGHT,CRC,0.5,123,34998,9,256,0.999884169731006,0.9910388283295182,,0.0064689637998739,0.0057022601008415,0.7631428475667877,0.0009159793376923,0.000778496714433,0.1410666666666666,0,False
mlp,MIDNIGHT,CRC,0.5,456,34998,9,256,0.9998768325444584,0.991157857680163,,0.0059924425125122,0.0056057787378629,0.763125206786508,0.0014866318523883,0.000998330771923,0.1418,0,False
mlp,MIDNIGHT,CRC,1.0,42,70000,9,256,0.9999043590969308,0.9924728382175236,,0.0057777409891287,0.0056053161183993,0.7718166611950824,0.0018858010133107,0.0005647737224896,0.142,0,False
mlp,MIDNIGHT,CRC,1.0,123,70000,9,256,0.9999111251152956,0.991617094401231,,0.0053935614496469,0.0049252857168515,0.7548289179482047,0.0019003712912401,0.0012350587526957,0.1420666666666666,0,False
mlp,MIDNIGHT,CRC,1.0,456,70000,9,256,0.9999086162741274,0.9925249116670412,,0.0063264944801728,0.0059672328193982,0.7441513083579311,0.0010408101459344,0.0005234666546185,0.1424,0,False
mlp,MIDNIGHT,LungHist700,0.01,42,7,7,256,0.7307378921298548,0.4340817028565812,,0.1277830531199773,0.2025759201674234,1.0538424998074236,0.1313061068455378,0.208267565710204,0.2,6,False
mlp,MIDNIGHT,LungHist700,0.01,123,7,7,256,0.6193664610098094,0.1980265578061938,,0.1468018205392928,0.1298482534431276,1.036494240054904,0.1418227740696498,0.1265739686432339,0.2666666666666666,6,False
mlp,MIDNIGHT,LungHist700,0.01,456,7,7,256,0.764898488672689,0.3400721733038807,,0.0941388513360704,0.1325605964376812,0.9778964807777872,0.0930109378837403,0.1324115113133475,0.2666666666666666,6,False
mlp,MIDNIGHT,LungHist700,0.05,42,22,7,256,0.7822205443892903,0.3690062073093202,,0.1636430019424075,0.1744635085264841,0.983470808987031,0.1799599464450563,0.1776994228363037,0.2571428571428571,0,False
mlp,MIDNIGHT,LungHist700,0.05,123,22,7,256,0.838244014718465,0.4124668055132146,,0.1478598804700942,0.1487319135949725,1.0437943624270347,0.1257734755674998,0.1481764936730975,0.2,0,False
mlp,MIDNIGHT,LungHist700,0.05,456,22,7,256,0.8854431964145615,0.5144684944684944,,0.1167398370447612,0.1365676474003564,0.8599935598336718,0.084829081523986,0.1477728835174015,0.238095238095238,0,False
mlp,MIDNIGHT,LungHist700,0.1,42,45,7,256,0.8811128373523708,0.4474893636384319,,0.1836307668969744,0.1879625411260695,1.0545559432039042,0.1588733568077995,0.1823018738201686,0.2476190476190476,0,False
mlp,MIDNIGHT,LungHist700,0.1,123,45,7,256,0.8712474799107025,0.5430788952217523,,0.1153861528351193,0.093817347855795,0.9346400299627576,0.1042853914556049,0.1502359634354001,0.2095238095238095,0,False
mlp,MIDNIGHT,LungHist700,0.1,456,45,7,256,0.8983292480557623,0.5228573465996523,,0.1097053698131016,0.1385600081511906,0.9745656783225602,0.1029634907132103,0.1389170359997522,0.2095238095238095,0,False
mlp,MIDNIGHT,LungHist700,0.25,42,118,7,256,0.9348276260251276,0.5823963599938062,,0.1441999639783587,0.1541306302660987,1.0853521038549918,0.1085306772163936,0.1098071717080615,0.2476190476190476,0,False
mlp,MIDNIGHT,LungHist700,0.25,123,118,7,256,0.9098518618017852,0.5958038334703836,,0.1871180173896608,0.1641371244475954,0.9845338952641078,0.1745902674538748,0.1645491117522829,0.2095238095238095,0,False
mlp,MIDNIGHT,LungHist700,0.25,456,118,7,256,0.9378527003972624,0.5996987104541193,,0.1136236801033928,0.1045652758507501,1.0932947637763983,0.1121860841910044,0.1240805146240052,0.2,0,False
mlp,MIDNIGHT,LungHist700,0.5,42,240,7,256,0.9542905884488204,0.7106001338667947,,0.1215094645818074,0.1046380883171444,0.9185091468790152,0.0683317053885687,0.1488216300805409,0.2285714285714285,0,False
mlp,MIDNIGHT,LungHist700,0.5,123,240,7,256,0.936729106193065,0.7030204991695675,,0.0832199215888977,0.11664386789004,1.0417914768628578,0.123052529210136,0.1191959636551993,0.2095238095238095,0,False
mlp,MIDNIGHT,LungHist700,0.5,456,240,7,256,0.9545123818468164,0.6824023830762791,,0.0824415925003233,0.1100170314311981,1.0970288004607611,0.0835445013784226,0.0879389552843003,0.2,0,False
mlp,MIDNIGHT,LungHist700,1.0,42,483,7,256,0.9838969651159714,0.8533799533799534,,0.0888752636455354,0.1055922073977334,1.0585391542492628,0.1143453751291547,0.1097425364312671,0.2571428571428571,0,False
mlp,MIDNIGHT,LungHist700,1.0,123,483,7,256,0.9847267090494484,0.8469867769724299,,0.0852178729715801,0.0946312663101014,1.056337283335074,0.0996358320826575,0.0985720333598909,0.2476190476190476,0,False
mlp,MIDNIGHT,LungHist700,1.0,456,483,7,256,0.9833563985833608,0.8533799533799534,,0.0928261558214823,0.0911717928591228,1.0507700945700875,0.0708543036665235,0.0960203048728761,0.2571428571428571,0,False
mlp,MIDNIGHT,MHIST,0.01,42,18,2,256,0.5072145687016026,0.3870765370138017,0.2348012197530224,0.0477622232210184,0.0663174228512033,0.9618712707814951,0.0526511757315242,0.0676172142019047,1.0,0,True
mlp,MIDNIGHT,MHIST,0.01,123,18,2,256,0.4066450567260939,0.3870765370138017,0.2392467171489271,0.0820587008672946,0.1119076400049633,1.0602008088897537,0.0828819981983032,0.1104835260853918,1.0,0,True
mlp,MIDNIGHT,MHIST,0.01,456,18,2,256,0.480276427156492,0.3870765370138017,0.2383796495620836,0.0872714146132845,0.0889532156403013,1.0371813176914224,0.0827072976555526,0.0865155148225528,1.0,0,True
mlp,MIDNIGHT,MHIST,0.05,42,92,2,256,0.7158562938951918,0.5415939547594745,0.2086329794769985,0.0870860907665721,0.0856514528027698,1.1573972325507211,0.0783160814182297,0.0703551597672084,0.8546571136131014,0,False
mlp,MIDNIGHT,MHIST,0.05,123,92,2,256,0.6245542949756887,0.4812419484001253,0.2401637797300905,0.1388426791941375,0.1392333279749876,1.276625294572768,0.0968218732705318,0.0994725848720652,0.8955987717502559,0,False
mlp,MIDNIGHT,MHIST,0.05,456,92,2,256,0.6118719611021071,0.5759043735365321,0.239500466211893,0.1217629548120279,0.1201217919511829,1.4883085385926142,0.0824681149229422,0.0823319099973143,0.7625383828045036,0,False
mlp,MIDNIGHT,MHIST,0.1,42,184,2,256,0.7342427516657662,0.5987365302983775,0.2001373199514401,0.0543317680028834,0.0585170378155449,1.1979376171470786,0.0510907335285032,0.0507977594494697,0.781985670419652,0,False
mlp,MIDNIGHT,MHIST,0.1,123,184,2,256,0.7107104267963262,0.6094491615475697,0.2107068187955158,0.0842342024369731,0.0884375497698783,1.1478197206404783,0.0644740078220774,0.0770611969226001,0.7830092118730808,0,False
mlp,MIDNIGHT,MHIST,0.1,456,184,2,256,0.7085809472357285,0.5954420795213264,0.2058893835310361,0.0633422996745871,0.0640260632718963,1.1828846043305214,0.0457351693126659,0.049448412228204,0.7778915046059366,0,False
mlp,MIDNIGHT,MHIST,0.25,42,461,2,256,0.7878309022150188,0.6841694195375176,0.1826025717973013,0.0531527116673568,0.0559773533933909,1.1211342362658314,0.0558181127615295,0.0547860475407652,0.7031729785056294,0,False
mlp,MIDNIGHT,MHIST,0.25,123,461,2,256,0.7658517918242391,0.6736315036064316,0.1882449365907405,0.051719885237492,0.052522550442827,1.0179224744538098,0.0502795417475663,0.0521943368925165,0.7308085977482088,0,False
mlp,MIDNIGHT,MHIST,0.25,456,461,2,256,0.73363497208716,0.6480110897968143,0.2029032833706103,0.0901515422562402,0.087324171575852,1.354332998171346,0.0570188770594958,0.0539466256243362,0.7175025588536336,0,False
mlp,MIDNIGHT,MHIST,0.5,42,924,2,256,0.781856654060868,0.6831856354323478,0.1840982500064225,0.0447909099868705,0.0516266616741948,1.137726710886282,0.0394702431657175,0.0449307746727671,0.7072671443193449,0,False
mlp,MIDNIGHT,MHIST,0.5,123,924,2,256,0.7787502251035476,0.6810941376158768,0.1830878987998529,0.0481808971396305,0.0547216274692632,0.9762921357010635,0.0532255348584547,0.0562496245633753,0.6867963152507677,0,False
mlp,MIDNIGHT,MHIST,0.5,456,924,2,256,0.7879344498469295,0.6869109537247091,0.181927147466744,0.0498898859148198,0.0541650988619122,1.1298652839705778,0.036517073159147,0.0452699035753094,0.6704196519959058,0,False
mlp,MIDNIGHT,MHIST,1.0,42,1849,2,256,0.8036466774716369,0.7052254758401685,0.1751788395036119,0.0542442323172897,0.0463408217336429,1.0218863606207726,0.0500234707068945,0.0445963686905008,0.6857727737973388,0,False
mlp,MIDNIGHT,MHIST,1.0,123,1849,2,256,0.8030884206735098,0.7016307542525442,0.1740316138263783,0.0431836817104716,0.0460020315517864,0.9355597756987608,0.0411293653651172,0.0500398187234639,0.6642784032753326,0,False
mlp,MIDNIGHT,MHIST,1.0,456,1849,2,256,0.8048757428417072,0.7062561269357085,0.1740335251540443,0.0455841488007574,0.0460373902356894,0.9987003802138426,0.0450122335481485,0.046159124233023,0.6693961105424769,0,False
mlp,MIDNIGHT,PCam,0.01,42,2620,2,256,0.9553973313960032,0.902308985797016,0.0750147699488018,0.0259356688984553,0.0256866467530052,1.1290830415783115,0.0211008898775162,0.0216286706839028,0.5435791015625,0,False
mlp,MIDNIGHT,PCam,0.01,123,2620,2,256,0.946965252612894,0.8902378913619693,0.0834555971634801,0.0329307969224146,0.0332604330100565,1.149192320451072,0.0279553319452929,0.0280106993904922,0.554290771484375,0,False
mlp,MIDNIGHT,PCam,0.01,456,2620,2,256,0.9609212394250212,0.9060337056834964,0.0715589493904115,0.0225520580656848,0.0228990053750664,1.0985866741561705,0.0192475636738436,0.0194383714447354,0.54425048828125,0,False
mlp,MIDNIGHT,PCam,0.05,42,13106,2,256,0.9565379577516016,0.9126488622666816,0.0702203111630812,0.0327906702813152,0.0331811379282527,1.109249696512415,0.0311160025493109,0.0302468690848272,0.546783447265625,0,False
mlp,MIDNIGHT,PCam,0.05,123,13106,2,256,0.9594637398187938,0.9095537388584252,0.071233290362804,0.0341064412712626,0.0346137303479494,1.2201651826741318,0.0291681221704038,0.0293154186138053,0.5474853515625,0,False
mlp,MIDNIGHT,PCam,0.05,456,13106,2,256,0.952435494100076,0.9086768602793166,0.0725711037334224,0.0363802101466603,0.0367933639340556,1.1242072795859437,0.0331639735159115,0.0331101401147364,0.553009033203125,0,False
mlp,MIDNIGHT,PCam,0.1,42,26214,2,256,0.9525808530914106,0.9104203185694142,0.0719306667556008,0.0302902093869761,0.0290944891307915,1.197895739763971,0.0265862180953604,0.0254317690771728,0.53826904296875,0,False
mlp,MIDNIGHT,PCam,0.1,123,26214,2,256,0.9623293938269476,0.9148947930615668,0.0659089998453894,0.0283059410612622,0.0288452812036439,1.1208973067311017,0.0249997828441337,0.025168474663161,0.54510498046875,0,False
mlp,MIDNIGHT,PCam,0.1,456,26214,2,256,0.956031184068054,0.9118165322316132,0.0683894359387759,0.0241221858907465,0.0236488938997894,1.0880962576393007,0.0225131550604373,0.0214225298286976,0.543792724609375,0,False
mlp,MIDNIGHT,PCam,0.25,42,65536,2,256,0.9473946538654644,0.9046842075404444,0.0771850051853411,0.0520557601528821,0.0522200183395336,1.2828611600157338,0.0472019262300591,0.0472019166511756,0.56256103515625,0,False
mlp,MIDNIGHT,PCam,0.25,123,65536,2,256,0.957101583100772,0.9133463033225832,0.068740780230171,0.0232802067114903,0.0224600617032209,1.0825393186863388,0.0222951607870527,0.0213346840773454,0.543670654296875,0,False
mlp,MIDNIGHT,PCam,0.25,456,65536,2,256,0.9526404894120396,0.9092277371274976,0.0726554316559522,0.0395033066092764,0.0395320256601472,1.1753426164861225,0.0360710981078682,0.0357290976785336,0.553009033203125,0,False
mlp,MIDNIGHT,PCam,0.5,42,131072,2,256,0.9518351764974136,0.909728117717746,0.0723551671912892,0.0428590195942888,0.0431710961235793,1.1546509214192509,0.0391855873322129,0.0391855852691733,0.558013916015625,0,False
mlp,MIDNIGHT,PCam,0.5,123,131072,2,256,0.9562653130181148,0.9096301000843908,0.0715125971612303,0.0403993968466806,0.0408069094718115,1.0895377609152088,0.0377470694766088,0.0378418986825863,0.55859375,0,False
mlp,MIDNIGHT,PCam,0.5,456,131072,2,256,0.95367101851806,0.909597924927588,0.0716158958738895,0.0376776596970671,0.0379539453830517,1.1432391425065964,0.033802990483366,0.0338030029747358,0.552703857421875,0,False
mlp,MIDNIGHT,PCam,1.0,42,262144,2,256,0.9508235290287173,0.9113043783099406,0.0719368241976549,0.0382067276741508,0.038319933660464,1.329776187567981,0.0328698012110635,0.0309712319014821,0.5501708984375,0,False
mlp,MIDNIGHT,PCam,1.0,123,262144,2,256,0.9563179178520216,0.9097091591121604,0.0718682868048699,0.047457736948786,0.0479144246675105,1.2483328510098246,0.0409486457897401,0.0409494579677129,0.559783935546875,0,False
mlp,MIDNIGHT,PCam,1.0,456,262144,2,256,0.9498614577323624,0.907213746961367,0.0745973329442222,0.0530521119270588,0.0531220815960082,1.2177134127718403,0.0485957264036187,0.0485957349952457,0.56622314453125,0,False
mlp,MIDNIGHT,SPIDER-Breast,0.01,42,682,18,256,0.9722550580255408,0.6806601810665909,,0.0378782079651523,0.0395164635067705,0.981016177030932,0.0425631088799508,0.043828738645618,0.116752534485624,0,False
mlp,MIDNIGHT,SPIDER-Breast,0.01,123,682,18,256,0.9727019941774502,0.6942937937248508,,0.0199611745322782,0.0204324863500644,0.929485779312848,0.0351988029045105,0.0359960639245965,0.1158384577031743,0,False
mlp,MIDNIGHT,SPIDER-Breast,0.01,456,682,18,256,0.9732551172098196,0.6845538102176092,,0.0233601320021688,0.0227042893738728,0.9337593229921808,0.036010051626283,0.037263824884452,0.1093568223367126,0,False
mlp,MIDNIGHT,SPIDER-Breast,0.05,42,3431,18,256,0.9859829143360602,0.7764692659085073,,0.0121995986699166,0.0142542156905495,0.8997280440816992,0.0308296466356142,0.0315721648360915,0.1203257437261093,0,False
mlp,MIDNIGHT,SPIDER-Breast,0.05,123,3431,18,256,0.9854144312034891,0.7775968061527821,,0.019901234004631,0.0199325332139167,0.8896567015459489,0.0403214856407681,0.0403485712922647,0.1189130796077779,0,False
mlp,MIDNIGHT,SPIDER-Breast,0.05,456,3431,18,256,0.9855360327002752,0.7778479572458407,,0.0213986930210011,0.0217406107219564,0.878401462493445,0.0428206746822301,0.043150653940351,0.1196609606116004,0,False
mlp,MIDNIGHT,SPIDER-Breast,0.1,42,6868,18,256,0.9889166313094014,0.8026224218252023,,0.0177944830006017,0.0175704765239585,0.8914736504348096,0.0362262783148903,0.034640118558977,0.1240651487452218,0,False
mlp,MIDNIGHT,SPIDER-Breast,0.1,123,6868,18,256,0.9879103140626284,0.7914828761128337,,0.0178624659687533,0.017780372425629,0.8246632529839197,0.0481239970149996,0.0476594215857342,0.1226524846268904,0,False
mlp,MIDNIGHT,SPIDER-Breast,0.1,456,6868,18,256,0.988891843133142,0.8100204231984083,,0.0209342217066962,0.019680077111937,0.8795071328363777,0.0387058673676945,0.038818419417987,0.1238989529665946,0,False
mlp,MIDNIGHT,SPIDER-Breast,0.25,42,17176,18,256,0.9904456813390738,0.825132000751438,,0.0156276651570046,0.0142251997443158,0.8308512332258878,0.0386934154786916,0.0384407576699183,0.1248961276383579,0,False
mlp,MIDNIGHT,SPIDER-Breast,0.25,123,17176,18,256,0.9903905118470742,0.8304480223075528,,0.0190160437286623,0.0187014726426923,0.8363902906636623,0.0423429029114087,0.0423489916566322,0.1237327571879674,0,False
mlp,MIDNIGHT,SPIDER-Breast,0.25,456,17176,18,256,0.9901543305290432,0.8317941713707735,,0.0141277337725106,0.0151757455944955,0.8387613779226778,0.0366532442076213,0.0362574215003258,0.1248130297490443,0,False
mlp,MIDNIGHT,SPIDER-Breast,0.5,42,34361,18,256,0.9911834896473698,0.8270507981009022,,0.0155027484453475,0.0154877303569681,0.77790880745491,0.0472492637669641,0.0473374729167787,0.1237327571879674,0,False
mlp,MIDNIGHT,SPIDER-Breast,0.5,123,34361,18,256,0.9915352429854498,0.8379499864989478,,0.0167701386852638,0.0135151742898251,0.7876361120185068,0.0438484505911057,0.0434962007216644,0.1243975403024763,0,False
mlp,MIDNIGHT,SPIDER-Breast,0.5,456,34361,18,256,0.9917566829306228,0.8332293052787463,,0.0138167878366772,0.0140700526034017,0.789908365678853,0.0423875873023358,0.0419585322925611,0.1238989529665946,0,False
mlp,MIDNIGHT,SPIDER-Breast,1.0,42,68730,18,256,0.9926898411635408,0.8508593732197309,,0.0095404527817668,0.0097578989150854,0.7430347716248272,0.037449172309304,0.0372297780689496,0.1243144424131627,0,False
mlp,MIDNIGHT,SPIDER-Breast,1.0,123,68730,18,256,0.9920078573470889,0.8431815164065785,,0.009232075736038,0.008186496062415,0.7492247044756382,0.0417173486552762,0.0415297780314097,0.1246468339704171,0,False
mlp,MIDNIGHT,SPIDER-Breast,1.0,456,68730,18,256,0.9925656360810132,0.8482627699469313,,0.0087571666090417,0.0075307073427907,0.7511578334746231,0.0354482912880569,0.03507746115156,0.1242313445238491,0,False
mlp,PLIP,BRACS,0.01,42,33,7,256,0.6702425523693759,0.0707825337927378,,0.0133271330804155,0.1068455426316512,1.0758246742790416,0.0148384535521791,0.1065076955577783,0.8,0,False
mlp,PLIP,BRACS,0.01,123,33,7,256,0.7420794312905469,0.3424640633065668,,0.0546188350047981,0.0628130276475036,1.094028272067337,0.0603533938265683,0.0739027937776164,0.3070175438596491,0,False
mlp,PLIP,BRACS,0.01,456,33,7,256,0.7893345204123559,0.3553026832724231,,0.0763242401051939,0.0715184697979375,1.0646250359420115,0.0674261693368878,0.0622726628654881,0.3,0,False
mlp,PLIP,BRACS,0.05,42,180,7,256,0.8204812183849007,0.4655845192671948,,0.067495913437584,0.0573298904979438,0.9883783790601832,0.0658816546724553,0.0578878754063656,0.2596491228070175,0,False
mlp,PLIP,BRACS,0.05,123,180,7,256,0.8104509962909962,0.4202801588633287,,0.0564751904784587,0.0696374340015545,1.0579603107936224,0.0689555293635318,0.0661735268538458,0.2403508771929824,0,False
mlp,PLIP,BRACS,0.05,456,180,7,256,0.8409970811706156,0.474773865485659,,0.0606038385315945,0.0714217583338419,1.1832974691291431,0.04314449900075,0.0542744512097877,0.2403508771929824,0,False
mlp,PLIP,BRACS,0.1,42,362,7,256,0.8527772831219643,0.5008863534256675,,0.0410375773906707,0.0559376632958127,1.0661922989746642,0.0498194141868959,0.0428832389806446,0.2122807017543859,0,False
mlp,PLIP,BRACS,0.1,123,362,7,256,0.845384469614597,0.4692060209744788,,0.1132276308902523,0.1179242169647886,1.1989863206687632,0.0933988932716219,0.0900149463561543,0.2228070175438596,0,False
mlp,PLIP,BRACS,0.1,456,362,7,256,0.8519686427028024,0.4811139042031777,,0.0838397951502549,0.0765318094638356,1.1481852444963714,0.0539413377904055,0.0510830230880201,0.2491228070175438,0,False
mlp,PLIP,BRACS,0.25,42,912,7,256,0.865903415641258,0.5094167123111609,,0.0945731644044842,0.1025713054757369,1.1230355849960896,0.0790565495951133,0.0767614761988322,0.2035087719298245,0,False
mlp,PLIP,BRACS,0.25,123,912,7,256,0.85854966835952,0.5131589770708068,,0.1001318974975954,0.1001319000595494,1.063589289206028,0.0832274038540689,0.0903186932990425,0.1912280701754386,0,False
mlp,PLIP,BRACS,0.25,456,912,7,256,0.8636049083269504,0.524535037624035,,0.086752406546944,0.0912934394259201,1.1925942170875357,0.0568654756796987,0.0542639659162153,0.1912280701754386,0,False
mlp,PLIP,BRACS,0.5,42,1826,7,256,0.8716260648367048,0.5371677583656455,,0.100450029812361,0.1077122128846352,1.139954273050399,0.0629632158237591,0.0691611014960105,0.1982456140350877,0,False
mlp,PLIP,BRACS,0.5,123,1826,7,256,0.8743611613484289,0.5190440661142147,,0.1000613020177473,0.1047941943009694,1.06455696885025,0.0929582715557332,0.0956926198382126,0.1982456140350877,0,False
mlp,PLIP,BRACS,0.5,456,1826,7,256,0.867469790870396,0.5314887509092007,,0.1207738143310212,0.1239594444893954,1.1332365735570604,0.1083821347930975,0.108561232633758,0.1824561403508772,0,False
mlp,PLIP,BRACS,1.0,42,3657,7,256,0.8755305151455636,0.5313376871847498,,0.0868560783695756,0.1000657988222021,1.0423589436035965,0.0756757507721583,0.0967821827060298,0.1771929824561403,0,False
mlp,PLIP,BRACS,1.0,123,3657,7,256,0.8782004732672674,0.5413765754339496,,0.0887993280302014,0.1002298140734957,1.0613529806938378,0.0726822259656169,0.0780766709854728,0.1701754385964912,0,False
mlp,PLIP,BRACS,1.0,456,3657,7,256,0.8780307952891276,0.5335672215206033,,0.0991627190196723,0.103112805098818,1.046485106962141,0.0874344775551243,0.0884014021932032,0.175438596491228,0,False
mlp,PLIP,CRC,0.01,42,696,9,256,0.9976970344522096,0.9519403077097396,,0.008614101199309,0.0083637367606162,0.8920613049321285,0.0028271825273831,0.0021583553314209,0.1487333333333333,0,False
mlp,PLIP,CRC,0.01,123,696,9,256,0.998303636126348,0.9590737045072556,,0.0218231687843799,0.021721531232198,0.7609176553091398,0.0026619689087072,0.0019733036279678,0.1444,0,False
mlp,PLIP,CRC,0.01,456,696,9,256,0.9978744744846848,0.9522129194956068,,0.0157481683373451,0.0157199289004007,0.8179390828469223,0.0043531409899393,0.0024121036251386,0.1424,0,False
mlp,PLIP,CRC,0.05,42,3495,9,256,0.9990787792772128,0.9760440271185348,,0.012398030044635,0.0123648060162862,0.8072543041040676,0.0023774257779121,0.0026100930571555,0.1439333333333333,0,False
mlp,PLIP,CRC,0.05,123,3495,9,256,0.9991760322039248,0.9767769585429674,,0.01394933223327,0.0139493172009785,0.7964463134758059,0.0038580939769744,0.003855252567927,0.1422,0,False
mlp,PLIP,CRC,0.05,456,3495,9,256,0.9990582075980892,0.9750118657070096,,0.0151691591084003,0.0148076047142346,0.75320361970752,0.0014411828160286,0.0025297246138254,0.1412666666666666,0,False
mlp,PLIP,CRC,0.1,42,6996,9,256,0.9993330137198476,0.9802244426627684,,0.0100754874249299,0.0099283349434534,0.8169772222531277,0.0021273948272069,0.0019363027532895,0.1425333333333333,0,False
mlp,PLIP,CRC,0.1,123,6996,9,256,0.9993999371790638,0.9800554415175746,,0.0108263552069663,0.0098333224693934,0.7997804806677528,0.0032929495473703,0.0021708198149998,0.1415333333333333,0,False
mlp,PLIP,CRC,0.1,456,6996,9,256,0.9993719042903924,0.980902591946228,,0.0124554467260837,0.0124176643212636,0.7558916424735731,0.0021622087677319,0.0015049448450406,0.1413333333333333,0,False
mlp,PLIP,CRC,0.25,42,17496,9,256,0.9996630548401096,0.9853491475579746,,0.0105565383116404,0.0099820976614952,0.7738382438104392,0.0017069455782572,0.0015397257129351,0.1418666666666666,0,False
mlp,PLIP,CRC,0.25,123,17496,9,256,0.9996618241687786,0.9845879602846452,,0.0106931022862593,0.0102058798710505,0.7681398613588672,0.0026030336836973,0.0009833344578743,0.1414,0,False
mlp,PLIP,CRC,0.25,456,17496,9,256,0.9996770987707548,0.9864029154207938,,0.012042829922835,0.0120428338368733,0.7521490516751567,0.0021026631434758,0.0027373877525329,0.1422,0,False
mlp,PLIP,CRC,0.5,42,34998,9,256,0.9997485542609446,0.9862603085813506,,0.0106284998496373,0.0104389515121777,0.7449449726523123,0.0015142480552196,0.000994266072909,0.1414666666666666,0,False
mlp,PLIP,CRC,0.5,123,34998,9,256,0.9996985859759132,0.9864203331011708,,0.0106462403833866,0.0101736711978912,0.7414485456607481,0.0022515122314294,0.0006005704840024,0.1429333333333333,0,False
mlp,PLIP,CRC,0.5,456,34998,9,256,0.9997121208295456,0.9866830443607782,,0.0113564589142799,0.0111309844652811,0.7382975560409726,0.0014767969290415,0.0015685391346613,0.1426666666666666,0,False
mlp,PLIP,CRC,1.0,42,70000,9,256,0.999752735683306,0.9878257204257284,,0.0118106080412864,0.0118105453530947,0.7237775389568307,0.0017656056563059,0.0016595657984415,0.1427333333333333,0,False
mlp,PLIP,CRC,1.0,123,70000,9,256,0.999728132453173,0.9877694889939206,,0.0114131952424843,0.011141171614329,0.7309567166045969,0.0010428265790144,0.001390495065848,0.1426666666666666,0,False
mlp,PLIP,CRC,1.0,456,70000,9,256,0.9997228383772554,0.9883423617022364,,0.0125547748406728,0.0123761098702748,0.7081046700490381,0.0015457683384418,0.0017578596313794,0.142,0,False
mlp,PLIP,LungHist700,0.01,42,7,7,256,0.7122129044037331,0.4012495441066869,,0.1002177110740116,0.1454557526679266,0.9678873203984664,0.1357890171664101,0.1281963538555872,0.2571428571428571,6,False
mlp,PLIP,LungHist700,0.01,123,7,7,256,0.7795580079592043,0.3918796707597353,,0.050626105921609,0.1046795295817511,0.9004584881542154,0.0964913281656447,0.1360967972448894,0.238095238095238,6,False
mlp,PLIP,LungHist700,0.01,456,7,7,256,0.8048493816902644,0.4288337416244392,,0.0842531344720295,0.1047550651289167,1.1530384846011514,0.0966775948093051,0.1314406532616842,0.2952380952380952,6,False
mlp,PLIP,LungHist700,0.05,42,22,7,256,0.8403284337107214,0.4231864637746991,,0.1671898932684035,0.1616391619046529,0.9448912841649872,0.208551914351327,0.174707144498825,0.2952380952380952,0,False
mlp,PLIP,LungHist700,0.05,123,22,7,256,0.8473061145395643,0.5057575764822531,,0.1323089454855237,0.1645075701531909,0.8985071557971052,0.111675846292859,0.1448473422300248,0.2571428571428571,0,False
mlp,PLIP,LungHist700,0.05,456,22,7,256,0.9019761955665836,0.5612052538152019,,0.1116228333541325,0.0898473204601378,0.884907565863856,0.0768701411428905,0.0726778698819024,0.219047619047619,0,False
mlp,PLIP,LungHist700,0.1,42,45,7,256,0.903753466209804,0.5427744804215393,,0.0986977534634726,0.1408517258507864,0.8938801263712752,0.1018339622588384,0.1178898672262827,0.2857142857142857,0,False
mlp,PLIP,LungHist700,0.1,123,45,7,256,0.8694349287635468,0.5329601245336876,,0.0983074613979884,0.1280395201274327,0.8675422540974419,0.1176554166135333,0.1372066032318842,0.2476190476190476,0,False
mlp,PLIP,LungHist700,0.1,456,45,7,256,0.9140967622099442,0.6190804765555596,,0.1108993491956165,0.1045767483257112,0.91045380191103,0.1414620197954632,0.1040564613682883,0.2095238095238095,0,False
mlp,PLIP,LungHist700,0.25,42,118,7,256,0.9215308497534396,0.5820074765049086,,0.1137688239415486,0.1395029036771683,1.0541833265593978,0.113007214523497,0.1269321512608301,0.2571428571428571,0,False
mlp,PLIP,LungHist700,0.25,123,118,7,256,0.9089763607771096,0.6166059407545477,,0.1339149239517393,0.1363864095438094,0.9935496864284576,0.139412294115339,0.1178126255671183,0.2285714285714285,0,False
mlp,PLIP,LungHist700,0.25,456,118,7,256,0.9481413953356804,0.6212815227100942,,0.0911442535264151,0.0783250380130041,1.031024248826751,0.0666011012735821,0.0673408505462464,0.2095238095238095,0,False
mlp,PLIP,LungHist700,0.5,42,240,7,256,0.9422737681234212,0.6667566255306745,,0.1457661725225902,0.1278298125380561,1.0501065099361775,0.108199808143434,0.1260333662941342,0.2571428571428571,0,False
mlp,PLIP,LungHist700,0.5,123,240,7,256,0.9336669626695756,0.6334690371522126,,0.1072903374830881,0.1223073570501236,0.9595009807120776,0.1048230233646574,0.1433739026387532,0.2571428571428571,0,False
mlp,PLIP,LungHist700,0.5,456,240,7,256,0.9593196661989002,0.7402494331065759,,0.0977195189112708,0.1184193131469544,1.090779082106346,0.0898119676680792,0.1067195957615262,0.1904761904761904,0,False
mlp,PLIP,LungHist700,1.0,42,483,7,256,0.9727450165416044,0.754289615899523,,0.1076815642061687,0.1112187604109446,0.8356278848690548,0.1304810637519473,0.111181951988311,0.2285714285714285,0,False
mlp,PLIP,LungHist700,1.0,123,483,7,256,0.9716005840780164,0.7345633202776061,,0.0913213409128643,0.1223559649217696,0.8279146371813654,0.1012787432897658,0.0945227395920526,0.2285714285714285,0,False
mlp,PLIP,LungHist700,1.0,456,483,7,256,0.972342271075396,0.7636289875667389,,0.1218412016119275,0.1204517946356818,0.8165272074127073,0.1162054399649302,0.1271611557120368,0.219047619047619,0,False
mlp,PLIP,MHIST,0.01,42,18,2,256,0.7321988114532685,0.5606367525619341,0.1996145545146997,0.0649290771558194,0.0729410157385477,0.92232583106484,0.0731183868759486,0.0734479034142216,0.827021494370522,0,False
mlp,PLIP,MHIST,0.01,123,18,2,256,0.6342787682333874,0.3914846320078182,0.2322367864052342,0.1165096222622245,0.1218890558733788,1.1142226316035435,0.1016748014193108,0.1107389288921073,0.9938587512794268,0,True
mlp,PLIP,MHIST,0.01,456,18,2,256,0.7311903475598776,0.5360244233378562,0.2074733798773122,0.102465592904308,0.0973093165132382,1.2572239684827995,0.0824696053746046,0.0838623795517269,0.8771750255885363,0,False
mlp,PLIP,MHIST,0.05,42,92,2,256,0.7771745002701242,0.6207032150120726,0.1838981581664518,0.0784957316096875,0.0787948015124032,1.096641526292238,0.0717478561669801,0.0766075456795209,0.7727737973387923,0,False
mlp,PLIP,MHIST,0.05,123,92,2,256,0.7657932649018548,0.6186572989851677,0.1904757319619278,0.0798194165872514,0.0814312237659002,1.2146016005025724,0.0747153946716136,0.0742923986288731,0.744114636642784,0,False
mlp,PLIP,MHIST,0.05,456,92,2,256,0.7572528363047002,0.6408956811916622,0.1956674423666192,0.0832968194918476,0.0750582139918098,1.187059135210414,0.0542974142050761,0.0617355840640979,0.7338792221084954,0,False
mlp,PLIP,MHIST,0.1,42,184,2,256,0.7922024131100306,0.6744441608530429,0.1778277655324521,0.0505715598187341,0.0583035952994026,1.1943028210494364,0.0525611928123656,0.0561777599758355,0.7052200614124872,0,False
mlp,PLIP,MHIST,0.1,123,184,2,256,0.8005177381595533,0.692885967384786,0.1738926981459222,0.0480990896350346,0.0487825651276578,1.0716306660302508,0.0499503935173443,0.048882203563636,0.6796315250767656,0,False
mlp,PLIP,MHIST,0.1,456,184,2,256,0.8055825679812714,0.703969991356308,0.1740041602224958,0.0584586381820719,0.0553831278943211,1.3322459886119902,0.0442752791006221,0.0511909074997462,0.6970317297850563,0,False
mlp,PLIP,MHIST,0.25,42,461,2,256,0.8419007743562039,0.749361817167377,0.1590099969813773,0.0513832210396304,0.0565534981142561,1.2659060076815627,0.0250708669111391,0.0343325548750961,0.6673490276356192,0,False
mlp,PLIP,MHIST,0.25,123,461,2,256,0.8396767513056006,0.7426584260696865,0.1583607129395359,0.0463255468046744,0.0371807963297079,1.2033584005577442,0.0308635580327701,0.030630648263874,0.6079836233367452,0,False
mlp,PLIP,MHIST,0.25,456,461,2,256,0.824738879884747,0.7142160686427457,0.1652961423810889,0.0676529166005559,0.0702463638946841,1.2114651782396362,0.0540622586904888,0.069412335353077,0.6806550665301945,0,False
mlp,PLIP,MHIST,0.5,42,924,2,256,0.8518143345939132,0.7514005912132262,0.1536245651131297,0.0476724256779483,0.0517696228579922,1.1439655373693742,0.0357293262753631,0.0434742240176108,0.5987717502558854,0,False
mlp,PLIP,MHIST,0.5,123,924,2,256,0.8620205294435439,0.7844391848523748,0.1460097371116382,0.0432841795265003,0.0483237820564976,1.1630634512243527,0.033208470879277,0.0418398798080666,0.6131013306038895,0,False
mlp,PLIP,MHIST,0.5,456,924,2,256,0.8589501170538447,0.7662637618166045,0.148073928593453,0.0396156931179694,0.0317800086617904,1.1724173510059726,0.0297561873250022,0.0296073888038631,0.6192425793244627,0,False
mlp,PLIP,MHIST,1.0,42,1849,2,256,0.8733612461732396,0.7786057051452946,0.1407754798194388,0.0491656474959764,0.0452729263043835,1.0967554948100702,0.0403107623040615,0.0407717678411849,0.6069600818833163,0,False
mlp,PLIP,MHIST,1.0,123,1849,2,256,0.8735638393661084,0.7769406392694065,0.1394622524870653,0.0494551689286803,0.0503027603185584,1.0269983342636697,0.0486932075091522,0.0501759875615336,0.6212896622313203,0,False
mlp,PLIP,MHIST,1.0,456,1849,2,256,0.8739915361066091,0.7788460130748397,0.1391938213263253,0.0360680731926628,0.0337021540609229,1.066264536172426,0.0343842082709348,0.032495209456306,0.6325486182190379,0,False
mlp,PLIP,PCam,0.01,42,2620,2,256,0.9472071823222634,0.8755017905329834,0.0900318209843569,0.0125853013890946,0.0120428640209979,0.9324853239924744,0.0070938198241492,0.0054686117049129,0.511474609375,0,False
mlp,PLIP,PCam,0.01,123,2620,2,256,0.9500987662182732,0.8786662650986747,0.0873305666213798,0.0076211489950423,0.0069520533994449,1.0888869120777354,0.0109220669508545,0.0117684409295151,0.5145263671875,0,False
mlp,PLIP,PCam,0.01,456,2620,2,256,0.9515369744051684,0.8817129354236422,0.0862049775012246,0.0150343705798832,0.0159224297571256,1.0295324842219762,0.015474317067742,0.0171755436830309,0.522674560546875,0,False
mlp,PLIP,PCam,0.05,42,13106,2,256,0.9539809645901144,0.8848835035446627,0.0838290681269469,0.0150524315760662,0.0162269460498905,1.0029012959365105,0.0151313547551126,0.0163922199031745,0.523590087890625,0,False
mlp,PLIP,PCam,0.05,123,13106,2,256,0.9538530194714592,0.8842439302898488,0.0841387838082176,0.0181441570035758,0.0181875118349239,1.0446459660773244,0.0183222507200753,0.0185350246254145,0.528350830078125,0,False
mlp,PLIP,PCam,0.05,456,13106,2,256,0.956368555732292,0.8844573065397703,0.082857197972356,0.0270536817565698,0.0270880461170719,1.071784321819735,0.025878298238922,0.026224223502048,0.5364990234375,0,False
mlp,PLIP,PCam,0.1,42,26214,2,256,0.9483620188002996,0.8748036145269497,0.0910806425643135,0.0329382026797588,0.0328791416344671,1.100329839685894,0.0298512331689835,0.0299062405392263,0.5423583984375,0,False
mlp,PLIP,PCam,0.1,123,26214,2,256,0.954017489205513,0.8789541743796494,0.0869196890055114,0.0430317447469405,0.0430774289046205,1.1012468345177355,0.0413847929035,0.0413848060756052,0.553466796875,0,False
mlp,PLIP,PCam,0.1,456,26214,2,256,0.954699325488012,0.8847286326027323,0.0832812908583077,0.0124464150972016,0.012546704073479,1.0346717928708995,0.0123571423816883,0.0128422938633647,0.52398681640625,0,False
mlp,PLIP,PCam,0.25,42,65536,2,256,0.949965903715526,0.8709686070222118,0.0936847956590135,0.055450119538591,0.0554501078736393,1.1052790391263645,0.0535983913076165,0.0535983946646609,0.565216064453125,0,False
mlp,PLIP,PCam,0.25,123,65536,2,256,0.9492263514998972,0.8717249762471462,0.0929970065256662,0.0484993001996372,0.0484993164509859,1.1024631581575843,0.0464420491766759,0.0464420296371344,0.560150146484375,0,False
mlp,PLIP,PCam,0.25,456,65536,2,256,0.953471773192722,0.8824196420590391,0.0854222342873911,0.0306373412363427,0.0306373445252319,1.0404980864905626,0.0299154844371969,0.0299154868143531,0.542022705078125,0,False
mlp,PLIP,PCam,0.5,42,131072,2,256,0.9527125067372356,0.880325041988826,0.0871244365724429,0.0305670596203526,0.0308031805539776,1.109694867113745,0.0280122424738919,0.0281395307368725,0.54052734375,0,False
mlp,PLIP,PCam,0.5,123,131072,2,256,0.9557845269644328,0.8853872039855513,0.0835411121923247,0.0309702975786194,0.0310933444634571,1.109385863143555,0.0290250659522825,0.029025084173277,0.54180908203125,0,False
mlp,PLIP,PCam,0.5,456,131072,2,256,0.9522749433721314,0.8756868829108422,0.0901940261024517,0.052890214023705,0.0529077925613368,1.0869781578713364,0.0514374963884165,0.0514374831501953,0.56341552734375,0,False
mlp,PLIP,PCam,1.0,42,262144,2,256,0.9525884675861706,0.8825976684223975,0.085810773646025,0.02558941154075,0.0260736227984104,1.1108400971497854,0.0234154720214974,0.0234154802901897,0.535980224609375,0,False
mlp,PLIP,PCam,1.0,123,262144,2,256,0.952959683518948,0.8789255829422197,0.0877329920219231,0.0403852811939486,0.0404060260734198,1.081432732648173,0.0390270460463852,0.0390270269366936,0.5509033203125,0,False
mlp,PLIP,PCam,1.0,456,262144,2,256,0.9536541410872824,0.885005308302263,0.0843552479912777,0.0171002777208286,0.0182646295418589,1.117564224923528,0.0132355723748105,0.0132355702858113,0.523651123046875,0,False
mlp,PLIP,SPIDER-Breast,0.01,42,682,18,256,0.962516477369192,0.612218569529587,,0.0212840199487855,0.0193727687533678,0.9154780034187812,0.0419272003945805,0.04217723621192,0.1054512215389729,0,False
mlp,PLIP,SPIDER-Breast,0.01,123,682,18,256,0.9621793245207664,0.6145008964820753,,0.0197870314148487,0.0212588320568746,0.8167272189414687,0.0455771972974293,0.0463577440723303,0.122735582516204,0,False
mlp,PLIP,SPIDER-Breast,0.01,456,682,18,256,0.9654114527504836,0.628545229550083,,0.0084379763166453,0.0091474836691285,0.8582548430781742,0.0388223331583206,0.0396235955228079,0.1070300814359315,0,False
mlp,PLIP,SPIDER-Breast,0.05,42,3431,18,256,0.9801986152858528,0.7203976193412436,,0.0122402341649721,0.0121075095791782,0.8429279637582925,0.0306178921465563,0.0312647266712461,0.1211567226192454,0,False
mlp,PLIP,SPIDER-Breast,0.05,123,3431,18,256,0.9783996799100908,0.7120872805839771,,0.0122424116302749,0.011664309708387,0.8296171540768827,0.0393896460290444,0.0398688104529307,0.1224031909589496,0,False
mlp,PLIP,SPIDER-Breast,0.05,456,3431,18,256,0.9787036144944198,0.7159091462656171,,0.012010013161158,0.0108070635128916,0.8226875133932133,0.0422634234435537,0.0425306915375051,0.1218215057337543,0,False
mlp,PLIP,SPIDER-Breast,0.1,42,6868,18,256,0.9831879535555008,0.7385756583640046,,0.012069604005581,0.0135890676350377,0.8174439167300975,0.0407381039846472,0.0410820891517568,0.1229848761841449,0,False
mlp,PLIP,SPIDER-Breast,0.1,123,6868,18,256,0.9814497027359302,0.7373009583025083,,0.0125587508986316,0.0103581641819739,0.8070430390375117,0.0432774100526337,0.0433790794074862,0.123815855077281,0,False
mlp,PLIP,SPIDER-Breast,0.1,456,6868,18,256,0.9825189236730452,0.7531748720549418,,0.0103823539400211,0.0084028955594197,0.8256355219810725,0.0329588846397475,0.0331506036000333,0.1224031909589496,0,False
mlp,PLIP,SPIDER-Breast,0.25,42,17176,18,256,0.9860950580718356,0.7719453971566841,,0.0093393143435461,0.0067977520720951,0.8065544023835897,0.0414106515563562,0.0413666777318946,0.1221538972910088,0,False
mlp,PLIP,SPIDER-Breast,0.25,123,17176,18,256,0.9861798564756424,0.7787124055351745,,0.0108128612384618,0.0076809880076521,0.8022214877915068,0.036184213214763,0.0362401537068444,0.1241482466345354,0,False
mlp,PLIP,SPIDER-Breast,0.25,456,17176,18,256,0.9854420734965992,0.7695081426176017,,0.0099884622320297,0.0073667015346039,0.7979871155630609,0.0408629503795152,0.0407453668296822,0.1236496592986538,0,False
mlp,PLIP,SPIDER-Breast,0.5,42,34361,18,256,0.9868955984310708,0.7830072922444877,,0.0051680498279585,0.004382944258618,0.7705401811786876,0.0461436726656866,0.0459964093509971,0.1228186804055177,0,False
mlp,PLIP,SPIDER-Breast,0.5,123,34361,18,256,0.987413403408304,0.7920004951525106,,0.0096215845833431,0.011528205719029,0.7744220783328648,0.0377441917542843,0.0378060644749135,0.1248961276383579,0,False
mlp,PLIP,SPIDER-Breast,0.5,456,34361,18,256,0.9872515420757308,0.7874075390562596,,0.0078672381736757,0.0075853657852242,0.7752594715114807,0.0412610378552854,0.0414165721391153,0.1220707994016952,0,False
mlp,PLIP,SPIDER-Breast,1.0,42,68730,18,256,0.9875141064728626,0.7934586421035571,,0.0100841099947061,0.0097642314900625,0.7421584174761988,0.0448228427445312,0.0446540610857019,0.122320093069636,0,False
mlp,PLIP,SPIDER-Breast,1.0,123,68730,18,256,0.9876227471790036,0.7945601790245752,,0.0107831092461886,0.0085672878468177,0.7419556682241513,0.0448907740848769,0.0446631537138355,0.1239820508559082,0,False
mlp,PLIP,SPIDER-Breast,1.0,456,68730,18,256,0.9876023541728244,0.7817258964166158,,0.0073412074160294,0.0082024866973559,0.7477341632592823,0.0521295223807959,0.0519106418429289,0.1233172677413993,0,False
mlp,UNI,BRACS,0.01,42,33,7,256,0.7730159539297612,0.3669579245486289,,0.0753315901024299,0.0672150047724707,1.119440436556216,0.0385443764036161,0.0546583157359507,0.2982456140350877,0,False
mlp,UNI,BRACS,0.01,123,33,7,256,0.7972076156795888,0.3300703924594754,,0.0832647221130237,0.0962963592065008,1.2372621935586874,0.0381979543911783,0.0663652469714482,0.3736842105263158,0,False
mlp,UNI,BRACS,0.01,456,33,7,256,0.7993873025662912,0.3735814310245326,,0.08638843151561,0.0836803962264144,1.1927238732380423,0.0357279007633527,0.0514715661082351,0.3473684210526316,0,False
mlp,UNI,BRACS,0.05,42,180,7,256,0.8503263409857087,0.4708901730355057,,0.0863740907426466,0.0991105308658198,1.0216102180438933,0.0754240708392963,0.0962079297032272,0.2298245614035087,0,False
mlp,UNI,BRACS,0.05,123,180,7,256,0.8626180723071958,0.550646584328012,,0.0716620006582193,0.0727763793970409,1.063739084826947,0.0756687653169297,0.0718412281128398,0.2157894736842105,0,False
mlp,UNI,BRACS,0.05,456,180,7,256,0.8742432063421529,0.5290216618686939,,0.0590177213675097,0.0623070127085635,1.0137250183960975,0.0507013956444305,0.0594606420450043,0.2456140350877192,0,False
mlp,UNI,BRACS,0.1,42,362,7,256,0.8666448690867413,0.5359457370332565,,0.1045745227681963,0.1071585715862742,1.1206426540881145,0.0679964994913653,0.0745048726859845,0.2035087719298245,0,False
mlp,UNI,BRACS,0.1,123,362,7,256,0.8801652057261453,0.5601313226523944,,0.0680503208124846,0.0865054538375452,1.0511008026884971,0.074979701455225,0.0782166618004179,0.2140350877192982,0,False
mlp,UNI,BRACS,0.1,456,362,7,256,0.8807081003572479,0.5506959489562335,,0.0798815163081152,0.095116728125957,1.0317114082861951,0.0747941583395004,0.0861665600224545,0.2122807017543859,0,False
mlp,UNI,BRACS,0.25,42,912,7,256,0.8894478350899861,0.5737191833402246,,0.125372067825836,0.1320805522433498,1.1775505080390931,0.0970312452629992,0.0820559078141262,0.1701754385964912,0,False
mlp,UNI,BRACS,0.25,123,912,7,256,0.8974439261509356,0.5807371615908029,,0.0851924925519709,0.0977289624381483,1.0198620296042815,0.0890360591181537,0.0899309210609971,0.187719298245614,0,False
mlp,UNI,BRACS,0.25,456,912,7,256,0.8909447259570719,0.5921828418615942,,0.1204116057931331,0.1238587910668891,1.1340568146336316,0.0962757297775201,0.102901876391026,0.1771929824561403,0,False
mlp,UNI,BRACS,0.5,42,1826,7,256,0.8972686450303479,0.6005906510180633,,0.1109419643617512,0.110941947029348,1.1127836997415523,0.0910085406742597,0.08252754859757,0.1701754385964912,0,False
mlp,UNI,BRACS,0.5,123,1826,7,256,0.9038344250515762,0.6215678228264618,,0.0773593376080195,0.0899365096761469,1.109405272824133,0.060507957977161,0.0660372495651245,0.1631578947368421,0,False
mlp,UNI,BRACS,0.5,456,1826,7,256,0.9005405534942723,0.6063338853601037,,0.0739338059697234,0.0986856645659396,1.0252865819040695,0.0683422962824503,0.093872549763897,0.1789473684210526,0,False
mlp,UNI,BRACS,1.0,42,3657,7,256,0.906221853675052,0.617750189289545,,0.1089772143384866,0.1176448749868493,1.0935657383835498,0.0945740863157991,0.0931188899174071,0.1649122807017544,0,False
mlp,UNI,BRACS,1.0,123,3657,7,256,0.9064278926778252,0.6182066424707522,,0.1200724894540351,0.127373833196205,1.144343692378592,0.0950534483842682,0.0907652182537212,0.1666666666666666,0,False
mlp,UNI,BRACS,1.0,456,3657,7,256,0.9071580545572686,0.6199837818407531,,0.1223088216886185,0.130959165305422,1.1665723870104383,0.0863220864743517,0.0937728735438564,0.1649122807017544,0,False
mlp,UNI,CRC,0.01,42,696,9,256,0.9994486091730216,0.9877882554841232,,0.0126725485006967,0.0126056252797444,0.7930743891197366,0.003099906984965,0.0027645672003428,0.1442,0,False
mlp,UNI,CRC,0.01,123,696,9,256,0.999713603068534,0.9886723077924402,,0.0152892898033062,0.0152575605034828,0.7303935001697396,0.0023492192367712,0.0019830972035725,0.1419333333333333,0,False
mlp,UNI,CRC,0.01,456,696,9,256,0.9994321891551864,0.9859719702473372,,0.013536786186695,0.0134846829811731,0.7690000342070922,0.0022541326840718,0.002193002696832,0.1430666666666666,0,False
mlp,UNI,CRC,0.05,42,3495,9,256,0.999634774469676,0.993277410234929,,0.0052428433855374,0.0052263044675191,0.8465365926740359,0.002047470096747,0.0019157308379809,0.1417333333333333,0,False
mlp,UNI,CRC,0.05,123,3495,9,256,0.9998787494622062,0.9929274134792953,,0.0054058492004871,0.00520587524573,0.827030514359548,0.001283092645804,0.0010670064330101,0.1416666666666666,0,False
mlp,UNI,CRC,0.05,456,3495,9,256,0.9997469877789515,0.9926351762510682,,0.0059459614396095,0.0055987553834915,0.7833862265856218,0.0010030238290628,0.0007332560181617,0.1423333333333333,0,False
mlp,UNI,CRC,0.1,42,6996,9,256,0.9997244939483572,0.993988075003738,,0.0038377012312411,0.0033290864427884,0.8403596273217513,0.0013367902596791,0.0007415904005368,0.1412666666666666,0,False
mlp,UNI,CRC,0.1,123,6996,9,256,0.9999131059317368,0.994823657341944,,0.0040202591180801,0.0040283522288004,0.8414930821148776,0.0012750400066375,0.0010194268067677,0.1417333333333333,0,False
mlp,UNI,CRC,0.1,456,6996,9,256,0.9997346477503188,0.9944799819056258,,0.004300282037258,0.0042582713961601,0.8025467803430442,0.0013819223562876,0.0007151903351147,0.1419333333333333,0,False
mlp,UNI,CRC,0.25,42,17496,9,256,0.9999288757578436,0.995419919350566,,0.0036122516115506,0.0033235222260157,0.7831647155694592,0.0016422437191009,0.000539499827226,0.1418666666666666,0,False
mlp,UNI,CRC,0.25,123,17496,9,256,0.9999697303781828,0.9958174649074796,,0.0039049659649531,0.0035301291545232,0.7894326689962137,0.0007405804157256,0.0003274578134218,0.1418,0,False
mlp,UNI,CRC,0.25,456,17496,9,256,0.99997841086136,0.9961580922972544,,0.0045030729969342,0.0044887750744819,0.7524621138939177,0.000525554994742,0.0002382675806681,0.1422,0,False
mlp,UNI,CRC,0.5,42,34998,9,256,0.9999894240973504,0.996590327816258,,0.0048017238318919,0.0044185244639714,0.6938237123091866,0.0014219051917393,0.0003586853941281,0.1419333333333333,0,False
mlp,UNI,CRC,0.5,123,34998,9,256,0.9999732245267696,0.9967420267048336,,0.0046804641385873,0.0046399561166763,0.7094368143755652,0.0008856810172399,0.0002486810445785,0.1419333333333333,0,False
mlp,UNI,CRC,0.5,456,34998,9,256,0.9999837683666496,0.9964920870371602,,0.0054476390679677,0.0051616926074027,0.684153044831964,0.0006112960497538,0.0003146249691645,0.1421333333333333,0,False
mlp,UNI,CRC,1.0,42,70000,9,256,0.999987609582544,0.9974490422589356,,0.0048370474199454,0.0045143205841382,0.7062316881855379,0.000753128794829,0.0003983422756195,0.1426,0,False
mlp,UNI,CRC,1.0,123,70000,9,256,0.9999895684207716,0.9973127908094122,,0.0045889161586761,0.004489991680781,0.6943351132805895,0.0004556602617104,0.0002354555726051,0.142,0,False
mlp,UNI,CRC,1.0,456,70000,9,256,0.999986608087818,0.9973870333024636,,0.0049958158532778,0.0049414236744244,0.6782150174535303,0.0008563762406508,0.0002942852338155,0.1422,0,False
mlp,UNI,LungHist700,0.01,42,7,7,256,0.6741689220106053,0.3368847703579249,,0.1140040373518353,0.1428993911970229,1.0529670847269983,0.1135466029246648,0.1455390348320915,0.3047619047619048,6,False
mlp,UNI,LungHist700,0.01,123,7,7,256,0.7282126338886805,0.3124399509844253,,0.1580605914195378,0.1395557836407706,1.215546253743739,0.0934236790452684,0.0993112793990543,0.3238095238095238,6,False
mlp,UNI,LungHist700,0.01,456,7,7,256,0.6976187324571589,0.3782680639823496,,0.1590434026150476,0.1719898507708595,1.2685873254959854,0.1453998256297338,0.1851107866991134,0.2666666666666666,6,False
mlp,UNI,LungHist700,0.05,42,22,7,256,0.7963019583949827,0.4390966927809033,,0.1576843730040959,0.1824725965658823,1.3090750225776286,0.1013871329171317,0.158456091653733,0.3523809523809524,0,False
mlp,UNI,LungHist700,0.05,123,22,7,256,0.8326579641276,0.442085692085692,,0.1216637702215285,0.1599456741696312,1.0925098152962098,0.0911492459830783,0.1404849649894805,0.2666666666666666,0,False
mlp,UNI,LungHist700,0.05,456,22,7,256,0.9076867297115327,0.5880440309632855,,0.1661267247937974,0.2004447829155695,0.8025079486251085,0.1638392332054319,0.204569433416639,0.2476190476190476,0,False
mlp,UNI,LungHist700,0.1,42,45,7,256,0.8918009467667832,0.5203209488923773,,0.1173651204222724,0.1168355552923111,0.9214758558289364,0.1419189383586248,0.1343111761978694,0.3047619047619048,0,False
mlp,UNI,LungHist700,0.1,123,45,7,256,0.8994094895144763,0.5905794135836153,,0.0811791113444737,0.1139504620007106,0.9479387471789892,0.0875099443254016,0.1062540823505038,0.2285714285714285,0,False
mlp,UNI,LungHist700,0.1,456,45,7,256,0.9373659800612107,0.6150310116602002,,0.0984690302894229,0.1261188257308233,0.8237284512376623,0.1120745965412684,0.1383245610055469,0.2,0,False
mlp,UNI,LungHist700,0.25,42,118,7,256,0.941511299731088,0.6767601726681011,,0.1069774241674514,0.131972644158772,0.9714047852899352,0.0970280738103957,0.1336151335920606,0.2476190476190476,0,False
mlp,UNI,LungHist700,0.25,123,118,7,256,0.9389928887179828,0.6648536068854307,,0.1121400645800999,0.1215021925313132,1.003928173085972,0.1122732134092421,0.1214034355822063,0.238095238095238,0,False
mlp,UNI,LungHist700,0.25,456,118,7,256,0.9705142175963736,0.7462960794245527,,0.1436339335782187,0.1569864991165342,0.9039690550647091,0.1194722482136317,0.1440610491094135,0.238095238095238,0,False
mlp,UNI,LungHist700,0.5,42,240,7,256,0.9611061043399092,0.7386136336512276,,0.0660454287415459,0.0722408464976719,0.9605952653419044,0.0404893988654726,0.0480570197105407,0.238095238095238,0,False
mlp,UNI,LungHist700,0.5,123,240,7,256,0.9628510908092872,0.82862074369043,,0.1119393811339423,0.1306273815177735,0.9820884490348012,0.1227763993399483,0.1286678581010727,0.2761904761904762,0,False
mlp,UNI,LungHist700,0.5,456,240,7,256,0.9738816081142372,0.8403259484893987,,0.13047776222229,0.1431327825500851,0.9271445487622904,0.1322474581854684,0.1303710406734829,0.2571428571428571,0,False
mlp,UNI,LungHist700,1.0,42,483,7,256,0.9834190691938992,0.8419473415164799,,0.0845985844021751,0.0774749227932521,0.9753980675789898,0.0698216835657755,0.077429297424498,0.2571428571428571,0,False
mlp,UNI,LungHist700,1.0,123,483,7,256,0.9832436907266604,0.8419473415164799,,0.087698381287711,0.0790404666037786,0.9674086054938104,0.0684653072130112,0.0788408943584987,0.2571428571428571,0,False
mlp,UNI,LungHist700,1.0,456,483,7,256,0.983430371064247,0.8419473415164799,,0.0870459145023709,0.0767861315182277,0.9613776693591,0.0870508446579887,0.0767581213088262,0.2571428571428571,0,False
mlp,UNI,MHIST,0.01,42,18,2,256,0.7245678011885467,0.6158154701961348,0.2020421341353712,0.0843706718563057,0.0844840547689518,0.9538631465616684,0.0822698124050484,0.0850061584672029,0.7236438075742068,0,False
mlp,UNI,MHIST,0.01,123,18,2,256,0.5571087700342157,0.4109537682077264,0.238260187586481,0.077517631346457,0.0883734190384709,1.2495797391931185,0.0545158871090155,0.0620571770681451,0.984646878198567,0,False
mlp,UNI,MHIST,0.01,456,18,2,256,0.7142175400684315,0.5639434393513834,0.2068547519210447,0.0775847839021878,0.0747231260445369,1.103234001828067,0.0648095230424172,0.0665181706694766,0.8812691914022518,0,False
mlp,UNI,MHIST,0.05,42,92,2,256,0.8691112911939493,0.7718915126502364,0.1428921329473083,0.0553964552533419,0.0470882147491481,1.1786739782572089,0.0629653690712661,0.0619292789736539,0.6816786079836233,0,False
mlp,UNI,MHIST,0.05,123,92,2,256,0.7635062128579145,0.6599867589245434,0.1927000511778822,0.0829519765373384,0.0747195656774536,1.2693946826258895,0.0499915238260124,0.0526464726001847,0.6939611054247697,0,False
mlp,UNI,MHIST,0.05,456,92,2,256,0.744250855393481,0.6563427509217323,0.200382699894503,0.0945882956090334,0.0916161207956935,1.3875271467968602,0.0585465591816477,0.0621400082764142,0.797338792221085,0,False
mlp,UNI,MHIST,0.1,42,184,2,256,0.8584233747523862,0.7563502643487408,0.1478949745731462,0.0298089244981566,0.0300190227726777,1.2390592207242297,0.0360848301966334,0.0362311744492428,0.6438075742067554,0,False
mlp,UNI,MHIST,0.1,123,184,2,256,0.8581577525661804,0.7558819556996218,0.148157379068286,0.0319078029243002,0.0464535524230736,1.1086395455557707,0.0311112152212351,0.042090827349417,0.631525076765609,0,False
mlp,UNI,MHIST,0.1,456,184,2,256,0.8561003061408248,0.7475392347446779,0.1510959865574396,0.0507947873141132,0.0414464745809731,1.0958745129839012,0.0459525527388711,0.0372082553613271,0.7093142272262026,0,False
mlp,UNI,MHIST,0.25,42,461,2,256,0.8837925445705024,0.7963893443749256,0.1328412229816012,0.0303260555267791,0.0375524199464784,1.1824752602431046,0.0429493484212163,0.0386747806804862,0.6601842374616171,0,False
mlp,UNI,MHIST,0.25,123,461,2,256,0.8915631190347559,0.7974326383066952,0.1285671900053764,0.0396728115642449,0.0415303089330401,1.2233040964321908,0.0421667008478663,0.0480204812863969,0.6335721596724667,0,False
mlp,UNI,MHIST,0.25,456,461,2,256,0.8450612281649559,0.751893064918275,0.1581232962599821,0.0628972726291619,0.0553406931735392,1.0676755154893454,0.0566474683601847,0.0475330097208079,0.6724667349027635,0,False
mlp,UNI,MHIST,0.5,42,924,2,256,0.9054970286331712,0.8202770972981219,0.1195530875343003,0.0174329885288295,0.0220279909349585,1.1215209901487446,0.0258868541053764,0.0249057128423007,0.6253838280450358,0,False
mlp,UNI,MHIST,0.5,123,924,2,256,0.9066765712227624,0.8184556823748683,0.1188894220887184,0.0329435814473255,0.0309308375859396,1.203473513753112,0.0317255141196377,0.0283636078562591,0.6325486182190379,0,False
mlp,UNI,MHIST,0.5,456,924,2,256,0.8944984692958762,0.8038618071651489,0.1278277164918278,0.038777029540241,0.0303610577143179,1.14206297749492,0.0256114823909566,0.0190645699530359,0.654042988741044,0,False
mlp,UNI,MHIST,1.0,42,1849,2,256,0.9125472717450028,0.8376274536226025,0.1156382307499094,0.0391753924669299,0.0510549373589189,1.088885816344823,0.0394097697733307,0.0495627737540214,0.6274309109518935,0,False
mlp,UNI,MHIST,1.0,123,1849,2,256,0.914086980010805,0.8390786184240214,0.113942258497655,0.0408091033192136,0.0421726090263741,1.0906340573991014,0.0402861032901882,0.0407247287056817,0.6356192425793245,0,False
mlp,UNI,MHIST,1.0,456,1849,2,256,0.9140959841527104,0.8407088935542949,0.1146694970993024,0.0449558366185384,0.0437716799134011,1.062722580385102,0.0465693370102616,0.0416792240074836,0.617195496417605,0,False
mlp,UNI,PCam,0.01,42,2620,2,256,0.9817431628905796,0.9415757014378934,0.0455262185277967,0.0164381400538218,0.0180496231904641,1.0198885240525817,0.0166207642525932,0.0186058979392669,0.52728271484375,0,False
mlp,UNI,PCam,0.01,123,2620,2,256,0.9783203692648488,0.9364647381041526,0.0496086790165674,0.0211999311975432,0.0219262440324996,1.0222227755901123,0.0219010205593121,0.0230043110913129,0.530181884765625,0,False
mlp,UNI,PCam,0.01,456,2620,2,256,0.9795167837154952,0.9404479677706836,0.0472576871755338,0.0137834035050445,0.0131853569641435,1.0899792778182122,0.0152589934727984,0.0146892084414531,0.526580810546875,0,False
mlp,UNI,PCam,0.05,42,13106,2,256,0.9811612165603772,0.9421299097005076,0.0453794003027232,0.0227838813652852,0.023168503068355,1.0764407955993196,0.0211767865164347,0.0222584964675576,0.534515380859375,0,False
mlp,UNI,PCam,0.05,123,13106,2,256,0.9811082317467904,0.9431326676102926,0.0463654582446092,0.0292545018364762,0.029494737187818,1.2742483901405632,0.0252429547672363,0.0253816131116195,0.535888671875,0,False
mlp,UNI,PCam,0.05,456,13106,2,256,0.9804928248530196,0.9417121551004196,0.0463906842462603,0.0228571006603033,0.0233226256620895,1.2165834053175022,0.0191645099678794,0.019328591844598,0.531951904296875,0,False
mlp,UNI,PCam,0.1,42,26214,2,256,0.9811079914655224,0.9432661963541494,0.0452415727147345,0.0219724406988461,0.0220636640193774,1.1414344236109584,0.0199667069914539,0.0189853857060029,0.53302001953125,0,False
mlp,UNI,PCam,0.1,123,26214,2,256,0.9793714694276529,0.9426163235266336,0.0465174578130635,0.0263006501459131,0.0263775381150779,1.237959201313615,0.0229906746710071,0.0228842688184727,0.535125732421875,0,False
mlp,UNI,PCam,0.1,456,26214,2,256,0.9814623094784212,0.9424324909376852,0.0461484917793027,0.0288166228986028,0.0290112382686658,1.175161742643101,0.0260688642977129,0.0263157047245243,0.535247802734375,0,False
mlp,UNI,PCam,0.25,42,65536,2,256,0.9802500793049256,0.9397241735625266,0.0481959666995602,0.0326989390775338,0.0329688613876868,1.2606199071380284,0.0291026606071227,0.029867911511161,0.539520263671875,0,False
mlp,UNI,PCam,0.25,123,65536,2,256,0.980927217995501,0.943120940339052,0.0460164080056422,0.0254848270045613,0.0254994772223575,1.2512516715748787,0.0229122610111289,0.0233285804613245,0.530975341796875,0,False
mlp,UNI,PCam,0.25,456,65536,2,256,0.9789152162777096,0.9411239677374869,0.0478634326419836,0.0282583674431862,0.0284208384175297,1.3101966370781437,0.0251044095573434,0.0253260234016465,0.533935546875,0,False
mlp,UNI,PCam,0.5,42,131072,2,256,0.9816574290440008,0.9409042524301228,0.0470798539649514,0.0364191530703124,0.0365862974151838,1.2140522085725636,0.0335292802219555,0.0342379188578974,0.5419921875,0,False
mlp,UNI,PCam,0.5,123,131072,2,256,0.9828593755517504,0.9427832413908266,0.045204363222982,0.031454203100111,0.03157369186696,1.2187411278287537,0.0280695017272591,0.0294263929041562,0.538970947265625,0,False
mlp,UNI,PCam,0.5,456,131072,2,256,0.9828544507170768,0.942322409574658,0.0460697227671934,0.0341787900151757,0.0342998453900946,1.2162441918761595,0.0309180487382718,0.0326912662487046,0.53948974609375,0,False
mlp,UNI,PCam,1.0,42,262144,2,256,0.9813542983917916,0.9447137332236282,0.0449797300062476,0.0202875991458882,0.0205096097812287,1.2096390459738122,0.0174657339284749,0.017501401721006,0.529693603515625,0,False
mlp,UNI,PCam,1.0,123,262144,2,256,0.9802016449342692,0.941943846307314,0.046434640494887,0.0280139239357595,0.028013909758588,1.2220006867904305,0.0254752350912212,0.0252661200962478,0.535186767578125,0,False
mlp,UNI,PCam,1.0,456,262144,2,256,0.979323282788846,0.939113447529125,0.0494006830520779,0.0357275501970661,0.0357402788916498,1.3124911592190314,0.0332346274086603,0.0335886351275149,0.539398193359375,0,False
mlp,UNI,SPIDER-Breast,0.01,42,682,18,256,0.9895255119092374,0.8110371998003445,,0.0168097531238782,0.0167273085230665,0.8327264237710983,0.019777538150534,0.0211934271753478,0.1248130297490443,0,False
mlp,UNI,SPIDER-Breast,0.01,123,682,18,256,0.9904577911372018,0.8044413633018157,,0.0159755832834043,0.0151112116768012,0.7969360761899316,0.0339101040796205,0.0336002293805139,0.1248130297490443,0,False
mlp,UNI,SPIDER-Breast,0.01,456,682,18,256,0.9906673560380376,0.7968599204007271,,0.017063578167577,0.0171255543741332,0.7936408552348881,0.0313462995145038,0.0309232855969456,0.1243144424131627,0,False
mlp,UNI,SPIDER-Breast,0.05,42,3431,18,256,0.9929591491303688,0.8528683602728339,,0.0138078528384106,0.0114273248280285,0.8828662682161095,0.02807581155145,0.0280565450595466,0.1246468339704171,0,False
mlp,UNI,SPIDER-Breast,0.05,123,3431,18,256,0.9934705463378136,0.8539271967023578,,0.0106559295838153,0.0098441735997199,0.8562304537355847,0.0287573360908421,0.0275963480505849,0.1245637360811035,0,False
mlp,UNI,SPIDER-Breast,0.05,456,3431,18,256,0.9936071573728188,0.8577091953984523,,0.0135437601616023,0.0138027913743363,0.856413632315016,0.0317421851932596,0.0303608595393752,0.1247299318597307,0,False
mlp,UNI,SPIDER-Breast,0.1,42,6868,18,256,0.9941206365645304,0.8669067179675793,,0.0058760463099296,0.0061261156641686,0.8085162233781525,0.029518511496114,0.0295479119874045,0.1247299318597307,0,False
mlp,UNI,SPIDER-Breast,0.1,123,6868,18,256,0.9936796040057428,0.8566455579556079,,0.0230707575737171,0.0226806756223537,0.8787402197089167,0.0375869884351489,0.0374165105625543,0.1246468339704171,0,False
mlp,UNI,SPIDER-Breast,0.1,456,6868,18,256,0.9939891290985714,0.8613465411988311,,0.0199683041410706,0.018791176466643,0.8767031825997676,0.0330458987372369,0.0329006612647584,0.1246468339704171,0,False
mlp,UNI,SPIDER-Breast,0.25,42,17176,18,256,0.9940913336226654,0.8655296563234497,,0.026682404243106,0.0262076245979631,0.8728389032343568,0.0404283221658131,0.0399093824564588,0.1248130297490443,0,False
mlp,UNI,SPIDER-Breast,0.25,123,17176,18,256,0.9943703024709188,0.8710955936548219,,0.0244050932392163,0.0229773094126289,0.865742837401535,0.0373469920888065,0.0373515359127424,0.1246468339704171,0,False
mlp,UNI,SPIDER-Breast,0.25,456,17176,18,256,0.9943938564202512,0.8671539670754815,,0.0236333047846375,0.0225203171092568,0.8683728026822226,0.0376361767546727,0.0371185235502079,0.1247299318597307,0,False
mlp,UNI,SPIDER-Breast,0.5,42,34361,18,256,0.9942801480609612,0.8582959959603572,,0.0273913701413298,0.0275567526761451,0.8096656472807031,0.0476423424156436,0.047661318005528,0.1248130297490443,0,False
mlp,UNI,SPIDER-Breast,0.5,123,34361,18,256,0.9948183065423252,0.8775405278479055,,0.0160502489580056,0.0156520131826202,0.7876594595461915,0.0367971289954313,0.0368253666339809,0.1248130297490443,0,False
mlp,UNI,SPIDER-Breast,0.5,456,34361,18,256,0.9947680030350418,0.8710187515905258,,0.0186888301032751,0.0185696101969255,0.7954536429752765,0.0403504138355816,0.0401523254758518,0.1248961276383579,0,False
mlp,UNI,SPIDER-Breast,1.0,42,68730,18,256,0.9950031635358532,0.8770726408137616,,0.0152301880233367,0.0152535094055044,0.7453931634251308,0.0406387769712331,0.0393492942764173,0.1246468339704171,0,False
mlp,UNI,SPIDER-Breast,1.0,123,68730,18,256,0.9947578974101752,0.8749383082394698,,0.0173701556894457,0.0174497821678924,0.7498543581401936,0.0422641995347614,0.0422728026806763,0.1246468339704171,0,False
mlp,UNI,SPIDER-Breast,1.0,456,68730,18,256,0.9944296568929284,0.8684271776806853,,0.0218764309379296,0.0216892944314223,0.7548455109360015,0.0470315961543955,0.0470350097288458,0.1246468339704171,0,False
mlp,VIRCHOW2,BRACS,0.01,42,33,7,256,0.8045355393355508,0.3975476790948389,,0.0587144589999265,0.0691304480820371,1.3131476049113862,0.0730703459235659,0.1129685432241674,0.3508771929824561,0,False
mlp,VIRCHOW2,BRACS,0.01,123,33,7,256,0.8259502588581263,0.4284923406915332,,0.0734450748092249,0.0777642316985548,1.0145161965311265,0.0710822289450126,0.0869080719194914,0.2947368421052631,0,False
mlp,VIRCHOW2,BRACS,0.01,456,33,7,256,0.8244543066976261,0.4468081218058988,,0.0474646142961686,0.0742978297827536,1.144649828970061,0.0366012335085032,0.0758452100711956,0.2894736842105263,0,False
mlp,VIRCHOW2,BRACS,0.05,42,180,7,256,0.8743126059965055,0.5448705954065148,,0.0625453253064239,0.0877418714657164,1.139286606407493,0.0536126950853749,0.0798279772725021,0.2333333333333333,0,False
mlp,VIRCHOW2,BRACS,0.05,123,180,7,256,0.8850347290210564,0.5550371056105321,,0.0707730409346128,0.0773671468098958,1.022480707351377,0.0634225955657791,0.0743889132089782,0.2105263157894736,0,False
mlp,VIRCHOW2,BRACS,0.05,456,180,7,256,0.8893785728836293,0.5868359202449733,,0.0624456136373051,0.055223655596114,1.1450736879375407,0.030451739906219,0.0490468389109561,0.2035087719298245,0,False
mlp,VIRCHOW2,BRACS,0.1,42,362,7,256,0.8917225115655734,0.5539602582106525,,0.1089427358225772,0.1051137654404891,1.1253031225475747,0.070111378112383,0.0736654060974455,0.2,0,False
mlp,VIRCHOW2,BRACS,0.1,123,362,7,256,0.8918967983625764,0.5744442278173013,,0.0920134454965591,0.0958548673412256,1.018500958211931,0.08128052223147,0.0890769455516547,0.1929824561403508,0,False
mlp,VIRCHOW2,BRACS,0.1,456,362,7,256,0.8948638587524229,0.5956871768404034,,0.0807782679273371,0.0805482444010282,1.1204677575080304,0.0603276135628683,0.0728657934749335,0.2052631578947368,0,False
mlp,VIRCHOW2,BRACS,0.25,42,912,7,256,0.8979031677713732,0.6022737699836533,,0.1021027847340232,0.1099250388772864,1.212006055266637,0.0700265802835163,0.0629281688154789,0.1736842105263158,0,False
mlp,VIRCHOW2,BRACS,0.25,123,912,7,256,0.9017974589918036,0.5982730799959635,,0.0680585249997021,0.0818828261735146,1.072679523396813,0.0628154190485937,0.0632772380845588,0.1894736842105263,0,False
mlp,VIRCHOW2,BRACS,0.25,456,912,7,256,0.8983994671718175,0.601011973118961,,0.076463099686723,0.0735037581962451,1.105507695044588,0.0602046981715319,0.0570023283623812,0.1982456140350877,0,False
mlp,VIRCHOW2,BRACS,0.5,42,1826,7,256,0.9055986567240292,0.616161096960956,,0.1004801741817541,0.1124099957315545,1.2128673118796012,0.0641723199371706,0.0664563705000961,0.1736842105263158,0,False
mlp,VIRCHOW2,BRACS,0.5,123,1826,7,256,0.911789842576984,0.6310392603327515,,0.074489053404122,0.0672900544969659,1.1334347421826232,0.0570735532202218,0.0484472556072368,0.1912280701754386,0,False
mlp,VIRCHOW2,BRACS,0.5,456,1826,7,256,0.9066733764341564,0.6227561447387548,,0.0776250756623452,0.0868328776275902,1.1184028053190571,0.0608636101086934,0.0588117192711746,0.1964912280701754,0,False
mlp,VIRCHOW2,BRACS,1.0,42,3657,7,256,0.9111033168422228,0.6200789287638567,,0.10089149511697,0.1089130357692116,1.1639024495556625,0.0753968248241826,0.0827236765309384,0.1789473684210526,0,False
mlp,VIRCHOW2,BRACS,1.0,123,3657,7,256,0.912144192510666,0.6280782681718231,,0.0979737749225214,0.1072386806471306,1.1588153199770903,0.0695043744748098,0.080060892460639,0.1719298245614035,0,False
mlp,VIRCHOW2,BRACS,1.0,456,3657,7,256,0.9112229070356326,0.6333492179864894,,0.0782383248994225,0.0762759315340142,1.1053535503149523,0.0753539624705649,0.0671896306046268,0.1842105263157894,0,False
mlp,VIRCHOW2,CRC,0.01,42,696,9,256,0.9992645376391924,0.9869192977571776,,0.009306839209795,0.0081748340249061,0.8680218637966693,0.0033872668484846,0.002909273036321,0.1444,0,False
mlp,VIRCHOW2,CRC,0.01,123,696,9,256,0.9994013575725448,0.9880002122743942,,0.0109416133165359,0.0109863796750704,0.8245562273036364,0.0021765576740106,0.0029055411895116,0.1418,0,False
mlp,VIRCHOW2,CRC,0.01,456,696,9,256,0.9990048232739406,0.9864052410424508,,0.0111254434724648,0.0117382192929585,0.8244127065106289,0.0033444288770358,0.0036731289784113,0.142,0,False
mlp,VIRCHOW2,CRC,0.05,42,3495,9,256,0.9996912120598244,0.992967546651934,,0.0041365853905677,0.0040403467575708,0.8773856441421768,0.0018647015353044,0.0021163535435994,0.1422666666666666,0,False
mlp,VIRCHOW2,CRC,0.05,123,3495,9,256,0.9998232543502896,0.9927864946146018,,0.0049616622030735,0.004919953306516,0.8593020027710678,0.00099856548508,0.0016283820430437,0.142,0,False
mlp,VIRCHOW2,CRC,0.05,456,3495,9,256,0.9997761472560608,0.9929182824673514,,0.0052376103500525,0.0051498278657595,0.7811449009265425,0.0013541876594225,0.000663669848442,0.1421333333333333,0,False
mlp,VIRCHOW2,CRC,0.1,42,6996,9,256,0.9997750053212636,0.9947261948880712,,0.0037800478041172,0.0041882326682408,0.8225990847661032,0.0007568136195341,0.0009408776958783,0.1418666666666666,0,False
mlp,VIRCHOW2,CRC,0.1,123,6996,9,256,0.999882802348394,0.9945350580053997,,0.0051505768756072,0.0045940391103426,0.7920678647788368,0.0010985751887162,0.0006384309887886,0.1419333333333333,0,False
mlp,VIRCHOW2,CRC,0.1,456,6996,9,256,0.9998279767207472,0.9942007487103328,,0.0042344582041104,0.0038201568682988,0.7978240293618952,0.001325103008747,0.00070398594141,0.1424666666666666,0,False
mlp,VIRCHOW2,CRC,0.25,42,17496,9,256,0.9999455273231096,0.9955190749464348,,0.0037301093359788,0.0035268626928329,0.7779776085815053,0.001330373930931,0.0005523472428321,0.1422,0,False
mlp,VIRCHOW2,CRC,0.25,123,17496,9,256,0.9999381045898096,0.995723353487192,,0.0043358034749826,0.0041770242333412,0.7575784466296586,0.0008082112212975,0.0006324996749559,0.1424,0,False
mlp,VIRCHOW2,CRC,0.25,456,17496,9,256,0.999954661961695,0.9956765768890592,,0.0037790680746236,0.0034501924594243,0.7618515304174217,0.0011645779371261,0.0006488654692967,0.1424,0,False
mlp,VIRCHOW2,CRC,0.5,42,34998,9,256,0.9999754842776212,0.9957193617314134,,0.0041138892730077,0.0036718184232711,0.7189479091768417,0.0011392121950784,0.0010827239274978,0.1420666666666666,0,False
mlp,VIRCHOW2,CRC,0.5,123,34998,9,256,0.9999509973486558,0.9959427112083928,,0.0037703347563743,0.0033838943799336,0.7278470507371059,0.0013099055727322,0.0006538112243016,0.1421333333333333,0,False
mlp,VIRCHOW2,CRC,0.5,456,34998,9,256,0.9999582228042648,0.9958871208706715,,0.0036869211196899,0.0035301797827084,0.739876683129064,0.0009912582576275,0.0009543587883313,0.1421333333333333,0,False
mlp,VIRCHOW2,CRC,1.0,42,70000,9,256,0.999960044575343,0.995823497669047,,0.0037638240456581,0.0036486424128214,0.6976398177565646,0.0012826318522293,0.0008387323300043,0.1418666666666666,0,False
mlp,VIRCHOW2,CRC,1.0,123,70000,9,256,0.9999502762310364,0.9962375020764552,,0.0040095941543579,0.0037520719369252,0.6998771805214629,0.0010622955401738,0.0007427638292312,0.1423333333333333,0,False
mlp,VIRCHOW2,CRC,1.0,456,70000,9,256,0.9999643225813925,0.9962536045260256,,0.00372983071208,0.003646543208758,0.7301663411894502,0.0012297477444013,0.0004108553489049,0.1427333333333333,0,False
mlp,VIRCHOW2,LungHist700,0.01,42,7,7,256,0.8065013155352184,0.4119575514924352,,0.0975739950225466,0.1737297015530722,0.9465995276418856,0.1239179192554383,0.1807495690527416,0.3333333333333333,6,False
mlp,VIRCHOW2,LungHist700,0.01,123,7,7,256,0.8695936451871661,0.4122597064993378,,0.1702586843853905,0.1704540499619075,1.030461078994735,0.1629471534774417,0.1637963845616295,0.3428571428571428,6,False
mlp,VIRCHOW2,LungHist700,0.01,456,7,7,256,0.8389427442309829,0.4051767662867642,,0.1039881569998604,0.0942004342873891,0.903468420878044,0.1475955706267129,0.1320310498986925,0.3428571428571428,6,False
mlp,VIRCHOW2,LungHist700,0.05,42,22,7,256,0.8642624923532966,0.463674981243093,,0.0818348254476274,0.1020272638116564,0.8930023462013388,0.1120790955566224,0.1341746111710866,0.2571428571428571,0,False
mlp,VIRCHOW2,LungHist700,0.05,123,22,7,256,0.900663842443657,0.5697116942014901,,0.0852639023746762,0.1041366304670061,0.8738639831445556,0.1025675472759065,0.104923752659843,0.2285714285714285,0,False
mlp,VIRCHOW2,LungHist700,0.05,456,22,7,256,0.9455271213821104,0.6175369458128078,,0.0940379514580681,0.1262114942073822,0.885571192853829,0.1420359549068269,0.1440325609275272,0.1904761904761904,0,False
mlp,VIRCHOW2,LungHist700,0.1,42,45,7,256,0.9207309998849336,0.5480630569644204,,0.1137523565973554,0.1460344286192031,0.9465846395564947,0.1194474745364416,0.1537867954799107,0.2,0,False
mlp,VIRCHOW2,LungHist700,0.1,123,45,7,256,0.9429715755408636,0.6880113754121023,,0.056004522669883,0.1096988845439184,0.9156924066362004,0.0963392623833247,0.1377557507583073,0.2476190476190476,0,False
mlp,VIRCHOW2,LungHist700,0.1,456,45,7,256,0.9554018946673029,0.6991825670343553,,0.0970054373854682,0.1093053883030301,0.8184741599605514,0.096287164801643,0.0906514817760104,0.2,0,False
mlp,VIRCHOW2,LungHist700,0.25,42,118,7,256,0.9546024775673831,0.7170569558200219,,0.0725400547186533,0.0822880676814488,0.9228893073442735,0.0588695174171811,0.0863563143071674,0.2095238095238095,0,False
mlp,VIRCHOW2,LungHist700,0.25,123,118,7,256,0.9567961167206324,0.7796962036847258,,0.1064034615244184,0.1188272683393387,0.9932956415120484,0.1048528478259132,0.118287037667774,0.2476190476190476,0,False
mlp,VIRCHOW2,LungHist700,0.25,456,118,7,256,0.9722556143064212,0.789755545206673,,0.1194499166238875,0.1211370729264759,0.8708307839973303,0.0900188247362772,0.1123304875124068,0.219047619047619,0,False
mlp,VIRCHOW2,LungHist700,0.5,42,240,7,256,0.971122852483456,0.7914732326497033,,0.1095281249000912,0.1238936253956386,1.0549943753801263,0.1168109703631628,0.1299954263936905,0.2476190476190476,0,False
mlp,VIRCHOW2,LungHist700,0.5,123,240,7,256,0.9716639179356356,0.851471454571185,,0.0943051128160385,0.1139819241705395,0.9777167885610354,0.0915100253763653,0.1115606026990073,0.2666666666666666,0,False
mlp,VIRCHOW2,LungHist700,0.5,456,240,7,256,0.978234559776833,0.8091481255773976,,0.1139351458776564,0.1461569607257843,1.0096166076765345,0.1057487294787452,0.1475632747014363,0.2285714285714285,0,False
mlp,VIRCHOW2,LungHist700,1.0,42,483,7,256,0.9882758344099686,0.9240809367225148,,0.0630835589908417,0.0808266492117018,0.9449405105310792,0.0551891724268595,0.0722539436249505,0.2476190476190476,0,False
mlp,VIRCHOW2,LungHist700,1.0,123,483,7,256,0.9876226192939744,0.9131565669746158,,0.0652584944452558,0.0673628137225196,0.970071626219756,0.0700057972045171,0.062806296916235,0.2476190476190476,0,False
mlp,VIRCHOW2,LungHist700,1.0,456,483,7,256,0.98760359563664,0.9131565669746158,,0.0712850545133863,0.0679582919393266,0.953629814193504,0.0641608939284369,0.0620264916192917,0.2476190476190476,0,False
mlp,VIRCHOW2,MHIST,0.01,42,18,2,256,0.7299882946155232,0.5263057008839978,0.2185256778111557,0.1290301953765545,0.1354382434362277,1.4046615508912057,0.0966726651333249,0.0979536933101858,0.8751279426816786,0,False
mlp,VIRCHOW2,MHIST,0.01,123,18,2,256,0.6841347019629029,0.3952550496995612,0.2302330459234809,0.133806147287574,0.1428542080561238,1.1983617384803582,0.1167456901335789,0.1249826206704611,0.9948822927328556,0,True
mlp,VIRCHOW2,MHIST,0.01,456,18,2,256,0.5527732757068251,0.3870765370138017,0.2336934916067774,0.0791601988895889,0.1190122306468909,1.0058963331302082,0.0757691685716595,0.1188148422092351,1.0,0,True
mlp,VIRCHOW2,MHIST,0.05,42,92,2,256,0.8813884386817935,0.7833710272180548,0.1373922566455188,0.0529427186623139,0.0544299863568653,0.8943876729961217,0.0375855179253809,0.0425509656846195,0.6489252814738997,0,False
mlp,VIRCHOW2,MHIST,0.05,123,92,2,256,0.8375742841707186,0.7230914394164983,0.1611673235929411,0.062687251080083,0.0648947806491258,1.1422586020780885,0.0679055118100182,0.0688896486507071,0.7205731832139202,0,False
mlp,VIRCHOW2,MHIST,0.05,456,92,2,256,0.8628038897893031,0.7410111818006555,0.1513033912455655,0.0603960294089639,0.062849145294944,0.9553912098503028,0.0603980157512908,0.0617480533285221,0.72978505629478,0,False
mlp,VIRCHOW2,MHIST,0.1,42,184,2,256,0.8862281649558796,0.7812893633371757,0.132328796715951,0.0386910281461513,0.0456289673573694,1.091693113306706,0.0495768726756653,0.050308691041483,0.6120777891504606,0,False
mlp,VIRCHOW2,MHIST,0.1,123,184,2,256,0.9012380695119756,0.807989970181621,0.124684914955399,0.0602300797885583,0.0593803968288179,0.95548604845586,0.0486470669538484,0.0556327750607981,0.6376663254861822,0,False
mlp,VIRCHOW2,MHIST,0.1,456,184,2,256,0.8905726634251756,0.7969158306379402,0.131634279884607,0.0455694882887412,0.0438522265979995,0.9249396259875352,0.0446591738939376,0.0416631818136072,0.6560900716479018,0,False
mlp,VIRCHOW2,MHIST,0.25,42,461,2,256,0.9192193408968126,0.8390444810543658,0.1094650642168573,0.0374461529564833,0.0326769623741342,1.0372892327146837,0.0391854596597846,0.0345369726085812,0.6110542476970318,0,False
mlp,VIRCHOW2,MHIST,0.25,123,461,2,256,0.9154285971546912,0.8219007917145592,0.115948786700327,0.044512091204524,0.0406912219217163,1.0632586824365913,0.0502931946314711,0.0420839074898288,0.5690890481064483,0,False
mlp,VIRCHOW2,MHIST,0.25,456,461,2,256,0.8918152350081037,0.7896032264138393,0.130112993166532,0.0216558166401138,0.0238704876253331,0.9828421218064108,0.0267875494269564,0.0241332119130581,0.6345957011258956,0,False
mlp,VIRCHOW2,MHIST,0.5,42,924,2,256,0.922636412749865,0.8325326980324768,0.1149244512109357,0.0639998009666693,0.0676472041431929,1.0411136128214171,0.059070115155915,0.0665848651696713,0.5537359263050153,0,False
mlp,VIRCHOW2,MHIST,0.5,123,924,2,256,0.9226634251755808,0.8308600882594082,0.1111856099642555,0.0511796740222123,0.0519125148155286,0.995132707566691,0.0517450844098794,0.0520596795562067,0.5629477993858751,0,False
mlp,VIRCHOW2,MHIST,0.5,456,924,2,256,0.912070052224023,0.8174241695444147,0.1177654788819514,0.0317185817166263,0.0330270774065642,1.0779763687405497,0.0394029303062078,0.0324453718041831,0.5977482088024565,0,False
mlp,VIRCHOW2,MHIST,1.0,42,1849,2,256,0.929740680713128,0.8376394224659569,0.1084147571958104,0.0566391773872695,0.0567017240292679,0.9258482306607086,0.0579780530901349,0.0586269925953593,0.5568065506653019,0,False
mlp,VIRCHOW2,MHIST,1.0,123,1849,2,256,0.9297361786421756,0.836690792887772,0.1063087186723915,0.0457161438318699,0.0487007571369356,0.9329764101738072,0.0456018209106602,0.0465982857428162,0.5711361310133061,0,False
mlp,VIRCHOW2,MHIST,1.0,456,1849,2,256,0.9301683774536288,0.8417569540390442,0.1071006164034619,0.0525803311185543,0.0548804836573082,1.0283739678269244,0.0475987879866343,0.0540135993633771,0.5588536335721597,0,False
mlp,VIRCHOW2,PCam,0.01,42,2620,2,256,0.98064085301534,0.936775471887904,0.0482509033638894,0.0104827193065375,0.0100371300088539,1.0918664650187864,0.0099211991438323,0.0082870778918007,0.528778076171875,0,False
mlp,VIRCHOW2,PCam,0.01,123,2620,2,256,0.9785613806899922,0.9331571750937008,0.0513366270460105,0.0207000040786056,0.0219456191519498,1.114512357097104,0.0171396206703775,0.0196406666320143,0.53863525390625,0,False
mlp,VIRCHOW2,PCam,0.01,456,2620,2,256,0.980104103777934,0.936765783135125,0.049009051758563,0.0182209971771953,0.0199412140196102,1.04467952941042,0.0168946748858616,0.01960885189537,0.5382080078125,0,False
mlp,VIRCHOW2,PCam,0.05,42,13106,2,256,0.9815085310262368,0.93636642097427,0.0490808749152319,0.0290794933858933,0.0298405875075928,1.0747069377314495,0.0270358784406426,0.0288675912446336,0.54437255859375,0,False
mlp,VIRCHOW2,PCam,0.05,123,13106,2,256,0.9854974552593204,0.9409700886208936,0.0437348666864851,0.0207664079023572,0.0214683363476027,1.1797940362337562,0.017522677392435,0.0184287048663094,0.534210205078125,0,False
mlp,VIRCHOW2,PCam,0.05,456,13106,2,256,0.9842413616471988,0.9414217111536024,0.0443675336135957,0.0172516869413357,0.0194113743581212,1.0804411791341313,0.0192554587977156,0.0199373446309181,0.53582763671875,0,False
mlp,VIRCHOW2,PCam,0.1,42,26214,2,256,0.9808607867441272,0.936631983489518,0.0490094887941144,0.0217874087488781,0.0201983977466166,1.136070806278406,0.0183326200285591,0.0175340712586944,0.534088134765625,0,False
mlp,VIRCHOW2,PCam,0.1,123,26214,2,256,0.9850432528820612,0.9400068322180464,0.0452760238195267,0.0241742547541434,0.0246276784813623,1.1394806182671298,0.0223921526134631,0.0237730756076644,0.53790283203125,0,False
mlp,VIRCHOW2,PCam,0.1,456,26214,2,256,0.984944214158753,0.9389094247393428,0.0445205571883389,0.0205464235276622,0.0220491720542099,1.036997302965167,0.0220017098184825,0.0223563017956394,0.53729248046875,0,False
mlp,VIRCHOW2,PCam,0.25,42,65536,2,256,0.9841950581429818,0.939769750179257,0.0451838027179858,0.0183244270409659,0.0195939224951828,1.0930447773885543,0.0184724190572751,0.019639808377704,0.5362548828125,0,False
mlp,VIRCHOW2,PCam,0.25,123,65536,2,256,0.9840185333673216,0.9416084689115624,0.0443943430599263,0.0129894067302416,0.0119255030329021,1.1684469951582743,0.0105805009872028,0.0079774102030754,0.526580810546875,0,False
mlp,VIRCHOW2,PCam,0.25,456,65536,2,256,0.9855988539544636,0.9405428350388632,0.0445887214478854,0.0237429813653591,0.0239455424157615,1.249638582910945,0.0212033948632779,0.0225430617820734,0.534088134765625,0,False
mlp,VIRCHOW2,PCam,0.5,42,131072,2,256,0.9831895182888448,0.9392285154472032,0.04661333556005,0.0233866665957975,0.0244273115705695,1.0652777575941594,0.0238040497968654,0.0238012873469628,0.540863037109375,0,False
mlp,VIRCHOW2,PCam,0.5,123,131072,2,256,0.984571070387894,0.941118965134588,0.0444058536223028,0.0182439095031554,0.0198666230948063,1.0713568483871394,0.0192074783133193,0.0205845411601615,0.53515625,0,False
mlp,VIRCHOW2,PCam,0.5,456,131072,2,256,0.9868486928030324,0.9439078879532564,0.0417081938004691,0.019393956350143,0.0200522543536454,1.279873247640502,0.0190712698758375,0.0202788581564448,0.532989501953125,0,False
mlp,VIRCHOW2,PCam,1.0,42,262144,2,256,0.9869490167517284,0.9437068765540756,0.041399724033253,0.015998652678661,0.0158189712085761,1.237226237584284,0.0186077699586348,0.017812537249469,0.52935791015625,0,False
mlp,VIRCHOW2,PCam,1.0,123,262144,2,256,0.9868785379717068,0.9421625352189132,0.0423980846771777,0.0212458501664514,0.0216563294354088,1.1581814279698517,0.0230333354708705,0.0231359602301211,0.53399658203125,0,False
mlp,VIRCHOW2,PCam,1.0,456,262144,2,256,0.9852802558941116,0.9403905156514084,0.0441440557136008,0.01813334798004,0.0184074357856509,1.2925225877514497,0.0138370253915809,0.0122188052528286,0.525421142578125,0,False
mlp,VIRCHOW2,SPIDER-Breast,0.01,42,682,18,256,0.9925729379988694,0.8138765429095373,,0.0114539854472432,0.010384447398387,0.8312343066192708,0.0291493205926,0.0300489850187491,0.1230679740734585,0,False
mlp,VIRCHOW2,SPIDER-Breast,0.01,123,682,18,256,0.991445155573599,0.8264745071414414,,0.0110338373409665,0.0099375042751696,0.8207234632523042,0.0324219420034663,0.0306528211184785,0.1243975403024763,0,False
mlp,VIRCHOW2,SPIDER-Breast,0.01,456,682,18,256,0.9900923721884026,0.7940313698290774,,0.0195895655915569,0.0190283699731642,0.834459970220195,0.0385441983486105,0.0393749068316102,0.1219046036230679,0,False
mlp,VIRCHOW2,SPIDER-Breast,0.05,42,3431,18,256,0.993548936918913,0.8498304760095127,,0.0170057291232788,0.015182070757278,0.882646351790263,0.0299370489891965,0.0290624231015881,0.123815855077281,0,False
mlp,VIRCHOW2,SPIDER-Breast,0.05,123,3431,18,256,0.994412218007056,0.8581992773323766,,0.0136748998304706,0.0135022558647076,0.855196191298799,0.0316836996289093,0.0313030329776083,0.1248130297490443,0,False
mlp,VIRCHOW2,SPIDER-Breast,0.05,456,3431,18,256,0.994280570228568,0.8628395622161362,,0.013279550895652,0.0112146099817917,0.8656842669883413,0.0271628155984889,0.0262140954364984,0.1243144424131627,0,False
mlp,VIRCHOW2,SPIDER-Breast,0.1,42,6868,18,256,0.9946670772652912,0.8633127118249795,,0.0140668993832186,0.0149582018037164,0.8472928236514577,0.0316135563539551,0.0317501960074919,0.1244806381917899,0,False
mlp,VIRCHOW2,SPIDER-Breast,0.1,123,6868,18,256,0.9941929735597916,0.8584147934056063,,0.0226543902315648,0.0212989928359028,0.8485232455196116,0.0396444612012881,0.0385929996861915,0.1245637360811035,0,False
mlp,VIRCHOW2,SPIDER-Breast,0.1,456,6868,18,256,0.9948525667075384,0.8639007675175971,,0.0182654364537574,0.0182292407654994,0.8694071915482912,0.0323769698532114,0.0324064103426163,0.1242313445238491,0,False
mlp,VIRCHOW2,SPIDER-Breast,0.25,42,17176,18,256,0.9949990125335484,0.8714907630753932,,0.0180277457370678,0.0180429264875826,0.8189343154176782,0.0361574733410341,0.0359682868847284,0.1243975403024763,0,False
mlp,VIRCHOW2,SPIDER-Breast,0.25,123,17176,18,256,0.9950550335468462,0.8758730885988821,,0.0198170094765835,0.0184265349876926,0.8301310655098629,0.0361708679235078,0.0354091129777279,0.1249792255276716,0,False
mlp,VIRCHOW2,SPIDER-Breast,0.25,456,17176,18,256,0.9954718979937875,0.8796757563308556,,0.0153856404733674,0.0134793490305164,0.8307081985502554,0.031184939162684,0.030206399060413,0.1243144424131627,0,False
mlp,VIRCHOW2,SPIDER-Breast,0.5,42,34361,18,256,0.9952027635333012,0.8713506023892432,,0.0153814483621557,0.0154857518755361,0.7633111930111185,0.0396341065844765,0.0393437537042251,0.1245637360811035,0,False
mlp,VIRCHOW2,SPIDER-Breast,0.5,123,34361,18,256,0.9954093787208976,0.8762259550124886,,0.0155360252296625,0.0141705453187816,0.7883978371253952,0.036317783380161,0.0352240435027473,0.1248961276383579,0,False
mlp,VIRCHOW2,SPIDER-Breast,0.5,456,34361,18,256,0.9954564215229528,0.878080556232185,,0.0133201986135231,0.0138581280635404,0.7892587084562188,0.0350699915996576,0.0351101615380583,0.1247299318597307,0,False
mlp,VIRCHOW2,SPIDER-Breast,1.0,42,68730,18,256,0.9955270398350604,0.8838516595091901,,0.012152412471352,0.0107506034242288,0.7438082403951302,0.0359510013829617,0.0358455017325449,0.1248961276383579,0,False
mlp,VIRCHOW2,SPIDER-Breast,1.0,123,68730,18,256,0.9954459650733504,0.8857952585925113,,0.0098410322556409,0.0094023660328056,0.7425764975725057,0.0327289018080998,0.0320882661627518,0.1247299318597307,0,False
mlp,VIRCHOW2,SPIDER-Breast,1.0,456,68730,18,256,0.995486493508118,0.8788669983056241,,0.0097051145320361,0.0097226751976003,0.7418565000659998,0.0360896522685382,0.0359723181825193,0.1245637360811035,0,False
