model,src,tgt,pair,fraction,seed,C,n_train,auroc,f1_macro,brier,ece_fixed,temperature_src,ece_scaled_fixed,degeneracy_share
CLIP,BRACS,CRC,BRACS->CRC,0.01,42,0.01,36,0.7208807614709551,0.4618254879448909,0.1697757619226264,0.2192054171787325,1.3072588718158216,0.1527334170952383,1.0
CLIP,BRACS,CRC,BRACS->CRC,0.01,42,0.1,36,0.7231225788211983,0.4618254879448909,0.1694716279169912,0.2188347541500476,1.2935296977489277,0.1502979025833638,1.0
CLIP,BRACS,CRC,BRACS->CRC,0.01,42,1.0,36,0.7304068880054395,0.4618254879448909,0.1666647595178769,0.215404732815681,1.1760118348718525,0.1274376744725006,1.0
CLIP,BRACS,CRC,BRACS->CRC,0.01,42,10.0,36,0.7589636186488596,0.4641300106675631,0.1469504814022895,0.1851996199655695,0.8009282049503258,0.03451758807132,0.9992666666666666
CLIP,BRACS,CRC,BRACS->CRC,0.01,42,100.0,36,0.7348980797628004,0.6094279429128134,0.1326858360600433,0.1310309974957466,1.4029153951895983,0.0844283545581035,0.8818
CLIP,BRACS,CRC,BRACS->CRC,0.01,123,0.01,36,0.7365306230928472,0.4618254879448909,0.1697548402541119,0.2192120155268919,1.3055854533613538,0.1525100397018169,1.0
CLIP,BRACS,CRC,BRACS->CRC,0.01,123,0.1,36,0.7380036285555405,0.4618254879448909,0.1692781961681353,0.2189171244893835,1.2776681176099884,0.1481504409498872,1.0
CLIP,BRACS,CRC,BRACS->CRC,0.01,123,1.0,36,0.7447773800567297,0.4618254879448909,0.1656150183734405,0.2168218018267817,1.0775549736460135,0.1125865972193369,1.0
CLIP,BRACS,CRC,BRACS->CRC,0.01,123,10.0,36,0.7695181620536735,0.4879532883355352,0.1550904477883066,0.21092419407714,0.6915854174611449,0.044207165670006,0.9748
CLIP,BRACS,CRC,BRACS->CRC,0.01,123,100.0,36,0.7379066280718889,0.584605512248529,0.159524156156637,0.1869913335263942,1.4462336090374053,0.1597460123935813,0.7649333333333334
CLIP,BRACS,CRC,BRACS->CRC,0.01,456,0.01,36,0.5231456223685379,0.4618254879448909,0.1697648961964502,0.2191600168724285,1.3060378384360185,0.152501277803077,1.0
CLIP,BRACS,CRC,BRACS->CRC,0.01,456,0.1,36,0.5238781822876022,0.4618254879448909,0.1694445070261943,0.2185515901133795,1.2806461290399695,0.1480731645696008,1.0
CLIP,BRACS,CRC,BRACS->CRC,0.01,456,1.0,36,0.5266452698519138,0.4618254879448909,0.1667510350615439,0.2121871582821339,1.119939218269314,0.1139538961290812,1.0
CLIP,BRACS,CRC,BRACS->CRC,0.01,456,10.0,36,0.5469456785609144,0.4735172330800746,0.1580625504208589,0.1623699637781312,1.0684376231299082,0.1105933214965982,0.9474666666666668
CLIP,BRACS,CRC,BRACS->CRC,0.01,456,100.0,36,0.5802976355976953,0.4864987492029234,0.1550597109518703,0.1178997103993272,2.1258048915907337,0.1132439997872193,0.9050666666666668
CLIP,BRACS,CRC,BRACS->CRC,0.1,42,0.01,364,0.4728615135375729,0.4618254879448909,0.1723732294151939,0.2249400602984208,1.2484569808585737,0.1524375124434629,1.0
CLIP,BRACS,CRC,BRACS->CRC,0.1,42,0.1,364,0.4727453831128474,0.4618254879448909,0.178545892936724,0.2372215040765675,1.1273831628049087,0.152614377227909,1.0
CLIP,BRACS,CRC,BRACS->CRC,0.1,42,1.0,364,0.4759271961172353,0.4273590778541058,0.2272957700544327,0.3102315170641353,0.9192721784740456,0.2634449435781562,0.706
CLIP,BRACS,CRC,BRACS->CRC,0.1,42,10.0,364,0.5474691964139684,0.4572170600038238,0.2692681371626004,0.352554776097964,1.0895436914302408,0.3482475634300974,0.5294
CLIP,BRACS,CRC,BRACS->CRC,0.1,42,100.0,364,0.5908387807422534,0.5103389198697121,0.2221284126915151,0.234639663567805,1.983120804138521,0.2348748578544715,0.6911333333333334
CLIP,BRACS,CRC,BRACS->CRC,0.1,123,0.01,364,0.4628433021257307,0.4618254879448909,0.1723381808055074,0.2248050787831268,1.2398471143886256,0.150987495376714,1.0
CLIP,BRACS,CRC,BRACS->CRC,0.1,123,0.1,364,0.463908190009673,0.4618254879448909,0.1781420309969283,0.2354451038593255,1.0702512374822226,0.140706083588466,1.0
CLIP,BRACS,CRC,BRACS->CRC,0.1,123,1.0,364,0.4769551748973117,0.4101631252860709,0.2139563983036339,0.279717384001505,0.8206647948332535,0.2250708214507674,0.7116666666666667
CLIP,BRACS,CRC,BRACS->CRC,0.1,123,10.0,364,0.5709972715739005,0.4701882405799215,0.223839607929766,0.274820381140162,1.2781888298756117,0.2555390383548482,0.6229333333333333
CLIP,BRACS,CRC,BRACS->CRC,0.1,123,100.0,364,0.6683881301490208,0.5347034486484183,0.2195226360318655,0.2301972355340608,2.1415675442140896,0.2333418819984821,0.6631333333333334
CLIP,BRACS,CRC,BRACS->CRC,0.1,456,0.01,364,0.4972506550909591,0.4618254879448909,0.1719176371197134,0.2240368778499006,1.2448261027098917,0.1506139691839884,1.0
CLIP,BRACS,CRC,BRACS->CRC,0.1,456,0.1,364,0.4943442548260022,0.4618254879448909,0.1742106455807859,0.2287059639121832,1.0970180909807823,0.1343813183692779,1.0
CLIP,BRACS,CRC,BRACS->CRC,0.1,456,1.0,364,0.4846166067748613,0.4549149892964006,0.196201121311822,0.2546946912404259,0.8053835874891275,0.1745076838918925,0.8576666666666667
CLIP,BRACS,CRC,BRACS->CRC,0.1,456,10.0,364,0.5159200172782796,0.437593277720371,0.2422497458315101,0.2834128345529688,1.2290141794925724,0.2865091421546118,0.5886666666666667
CLIP,BRACS,CRC,BRACS->CRC,0.1,456,100.0,364,0.5927093166025692,0.4842847974264593,0.2596115633609304,0.264626409452803,2.212821711727931,0.2626571257903188,0.6022666666666666
CLIP,BRACS,CRC,BRACS->CRC,1.0,42,0.01,3657,0.4710911908227685,0.4618254879448909,0.1771139963746494,0.2339191082145324,1.0857533835838522,0.1407344678469827,1.0
CLIP,BRACS,CRC,BRACS->CRC,1.0,42,0.1,3657,0.4713307531764464,0.4163887888471219,0.212613553634225,0.279743271280632,0.8137643402636556,0.2160373613604113,0.7342666666666666
CLIP,BRACS,CRC,BRACS->CRC,1.0,42,1.0,3657,0.5265005905456619,0.4407306637762812,0.2450487615280812,0.2999201632964709,1.1119655938234076,0.2876526874005073,0.5762666666666667
CLIP,BRACS,CRC,BRACS->CRC,1.0,42,10.0,3657,0.6605240085141382,0.5313398616536731,0.1965256414473186,0.2172445371611825,1.5735573817421284,0.2030617913794759,0.6933333333333334
CLIP,BRACS,CRC,BRACS->CRC,1.0,42,100.0,3657,0.6141882611088005,0.4934520886665096,0.247475156966395,0.2304527448745411,2.3156045645592225,0.2161766777977296,0.6759333333333334
CLIP,BRACS,CRC,BRACS->CRC,1.0,123,0.01,3657,0.4710911908227685,0.4618254879448909,0.1771139963746494,0.2339191082145324,1.0857533835838522,0.1407344678469827,1.0
CLIP,BRACS,CRC,BRACS->CRC,1.0,123,0.1,3657,0.4713307531764464,0.4163887888471219,0.212613553634225,0.279743271280632,0.8137643402636556,0.2160373613604113,0.7342666666666666
CLIP,BRACS,CRC,BRACS->CRC,1.0,123,1.0,3657,0.5265005905456619,0.4407306637762812,0.2450487615280812,0.2999201632964709,1.1119655938234076,0.2876526874005073,0.5762666666666667
CLIP,BRACS,CRC,BRACS->CRC,1.0,123,10.0,3657,0.6605240085141382,0.5313398616536731,0.1965256414473186,0.2172445371611825,1.5735573817421284,0.2030617913794759,0.6933333333333334
CLIP,BRACS,CRC,BRACS->CRC,1.0,123,100.0,3657,0.6141882611088005,0.4934520886665096,0.247475156966395,0.2304527448745411,2.3156045645592225,0.2161766777977296,0.6759333333333334
CLIP,BRACS,CRC,BRACS->CRC,1.0,456,0.01,3657,0.4710911908227685,0.4618254879448909,0.1771139963746494,0.2339191082145324,1.0857533835838522,0.1407344678469827,1.0
CLIP,BRACS,CRC,BRACS->CRC,1.0,456,0.1,3657,0.4713307531764464,0.4163887888471219,0.212613553634225,0.279743271280632,0.8137643402636556,0.2160373613604113,0.7342666666666666
CLIP,BRACS,CRC,BRACS->CRC,1.0,456,1.0,3657,0.5265005905456619,0.4407306637762812,0.2450487615280812,0.2999201632964709,1.1119655938234076,0.2876526874005073,0.5762666666666667
CLIP,BRACS,CRC,BRACS->CRC,1.0,456,10.0,3657,0.6605240085141382,0.5313398616536731,0.1965256414473186,0.2172445371611825,1.5735573817421284,0.2030617913794759,0.6933333333333334
CLIP,BRACS,CRC,BRACS->CRC,1.0,456,100.0,3657,0.6141882611088005,0.4934520886665096,0.247475156966395,0.2304527448745411,2.3156045645592225,0.2161766777977296,0.6759333333333334
CLIP,CRC,BRACS,CRC->BRACS,0.01,42,0.01,699,0.4680464778503994,0.4171779141104294,0.2215805046667085,0.1345752825228221,1.9211766311053655,0.1434211117766147,1.0
CLIP,CRC,BRACS,CRC->BRACS,0.01,42,0.1,699,0.4920570079883805,0.4171779141104294,0.2129534404307678,0.0971670391275959,1.800898995476544,0.1228674831474903,1.0
CLIP,CRC,BRACS,CRC->BRACS,0.01,42,1.0,699,0.5599431130476883,0.4153846153846154,0.2056905192756108,0.0717566513516979,1.4663267497408907,0.0556523827303403,0.9947368421052633
CLIP,CRC,BRACS,CRC->BRACS,0.01,42,10.0,699,0.6330186395545874,0.5425434878601426,0.244961733371113,0.2038154882537493,1.2099975836318506,0.2172147510034518,0.5035087719298246
CLIP,CRC,BRACS,CRC->BRACS,0.01,42,100.0,699,0.6655924715565239,0.5772134981623789,0.2459387921465467,0.1844562758717748,1.4741207134120933,0.2275767576864535,0.5649122807017544
CLIP,CRC,BRACS,CRC->BRACS,0.01,123,0.01,699,0.462751149842653,0.4171779141104294,0.2213661465740909,0.1337181617908572,1.9169587202311928,0.1430539340038981,1.0
CLIP,CRC,BRACS,CRC->BRACS,0.01,123,0.1,699,0.4876845800048414,0.4171779141104294,0.2120672012225774,0.0918508355575213,1.7852931672247685,0.1199329729342213,1.0
CLIP,CRC,BRACS,CRC->BRACS,0.01,123,1.0,699,0.5581124425078674,0.4281641058134009,0.2089635474796987,0.0791774928594346,1.453189266820065,0.0583835154434366,0.9736842105263158
CLIP,CRC,BRACS,CRC->BRACS,0.01,123,10.0,699,0.6277384410554344,0.5213145987139796,0.2639162796818088,0.2453327416852324,1.2729882274091937,0.2612478363183345,0.5824561403508772
CLIP,CRC,BRACS,CRC->BRACS,0.01,123,100.0,699,0.6270878721859114,0.5737432488574989,0.2546463652923256,0.2227745871825315,1.5540370018747935,0.2297092312191575,0.5561403508771929
CLIP,CRC,BRACS,CRC->BRACS,0.01,456,0.01,699,0.4518125151295086,0.4171779141104294,0.2214742965782756,0.1340648052699294,1.917530094563185,0.1433316883724989,1.0
CLIP,CRC,BRACS,CRC->BRACS,0.01,456,0.1,699,0.4731905107722101,0.4171779141104294,0.212648828285685,0.0938711474029738,1.7821966619388618,0.1214136891062488,1.0
CLIP,CRC,BRACS,CRC->BRACS,0.01,456,1.0,699,0.5327856451222464,0.4180040361330002,0.2107515175988947,0.0820682821296591,1.401677443004091,0.0779590982647314,0.9824561403508772
CLIP,CRC,BRACS,CRC->BRACS,0.01,456,10.0,699,0.5876452432824981,0.4993396790591049,0.2811820862284361,0.2560742632871978,1.1340165309212078,0.2910721942702243,0.6070175438596491
CLIP,CRC,BRACS,CRC->BRACS,0.01,456,100.0,699,0.6001724763979666,0.4819953729232835,0.3605316547266141,0.3537314041611218,1.3722912037059176,0.3921222518837022,0.6859649122807018
CLIP,CRC,BRACS,CRC->BRACS,0.1,42,0.01,6999,0.478637133865892,0.4171779141104294,0.2126543445548909,0.0945313240107232,1.7846586224556955,0.1222335968084684,1.0
CLIP,CRC,BRACS,CRC->BRACS,0.1,42,0.1,6999,0.5503207455821835,0.415983606557377,0.2066258456110513,0.0648799220637501,1.4192145628187944,0.0534377800180299,0.9964912280701754
CLIP,CRC,BRACS,CRC->BRACS,0.1,42,1.0,6999,0.6333817477608327,0.544023534269199,0.2405784098602536,0.1994955485784411,1.0939294332337544,0.2160678028931968,0.5017543859649123
CLIP,CRC,BRACS,CRC->BRACS,0.1,42,10.0,6999,0.6563029532800776,0.5879054054054054,0.2353404564350633,0.1747811921402804,1.1804057063246307,0.2256713673140239,0.5824561403508772
CLIP,CRC,BRACS,CRC->BRACS,0.1,42,100.0,6999,0.6693899782135077,0.6204253971225041,0.2323082441335748,0.182703114029066,1.7051536148380568,0.1990453462622028,0.6649122807017543
CLIP,CRC,BRACS,CRC->BRACS,0.1,123,0.01,6999,0.4814058339385136,0.4171779141104294,0.2125023819009997,0.0939432570732396,1.785122345707848,0.121130419733762,1.0
CLIP,CRC,BRACS,CRC->BRACS,0.1,123,0.1,6999,0.5559337932703947,0.4153846153846154,0.2068812282572387,0.0677751347502244,1.4254926132339596,0.0452903702060345,0.9947368421052633
CLIP,CRC,BRACS,CRC->BRACS,0.1,123,1.0,6999,0.6326555313483417,0.5275007593398805,0.2474515186210441,0.2161339765967561,1.0979329850371518,0.2356853204940143,0.5508771929824562
CLIP,CRC,BRACS,CRC->BRACS,0.1,123,10.0,6999,0.6597827402565964,0.5713669177652229,0.2465176830758883,0.2029414931936473,1.210950896632465,0.2439367965174542,0.5263157894736842
CLIP,CRC,BRACS,CRC->BRACS,0.1,123,100.0,6999,0.6475732268215929,0.603381283068783,0.2540364237188201,0.2201886126114751,1.6650880763090596,0.2356410521183101,0.6105263157894737
CLIP,CRC,BRACS,CRC->BRACS,0.1,456,0.01,6999,0.4831608569353667,0.4171779141104294,0.212547614354864,0.0943450554741139,1.7882282728404555,0.1211456428208225,1.0
CLIP,CRC,BRACS,CRC->BRACS,0.1,456,0.1,6999,0.5547688211086903,0.4141829393627955,0.2070155790850544,0.0688803238264425,1.4320351556293782,0.0433479912232485,0.9912280701754386
CLIP,CRC,BRACS,CRC->BRACS,0.1,456,1.0,6999,0.6307643427741467,0.52759106422001,0.2517224565695077,0.2224649350888469,1.1074436502368032,0.2412109408086962,0.5631578947368421
CLIP,CRC,BRACS,CRC->BRACS,0.1,456,10.0,6999,0.6562424352457031,0.5490970364272484,0.2574749478177278,0.2215679091152342,1.2364210674477496,0.249650002944987,0.5087719298245614
CLIP,CRC,BRACS,CRC->BRACS,0.1,456,100.0,6999,0.6633533042846768,0.6100047059765903,0.272245741442666,0.2506917864766176,1.967348588441301,0.2523055404318664,0.5631578947368421
CLIP,CRC,BRACS,CRC->BRACS,1.0,42,0.01,70000,0.5598523359961268,0.4153846153846154,0.2063237651985299,0.0674149478757243,1.420955860653439,0.0476140103180398,0.9947368421052633
CLIP,CRC,BRACS,CRC->BRACS,1.0,42,0.1,70000,0.6363773904623578,0.5314805822931841,0.244974688491376,0.211245675391824,1.073259739711927,0.2399298708757081,0.5421052631578948
CLIP,CRC,BRACS,CRC->BRACS,1.0,42,1.0,70000,0.6608115468409586,0.5743203406485424,0.2473426340192596,0.2044353178583327,1.1738681019683628,0.2507175096227638,0.5298245614035088
CLIP,CRC,BRACS,CRC->BRACS,1.0,42,10.0,70000,0.63740619704672,0.582974358974359,0.2605099177061321,0.2218643338261261,1.532995308711442,0.2508032831474147,0.6
CLIP,CRC,BRACS,CRC->BRACS,1.0,42,100.0,70000,0.662142943597192,0.6048951884695365,0.2685558236109076,0.2512093865440881,2.1361412843631946,0.2443326876540035,0.5982456140350877
CLIP,CRC,BRACS,CRC->BRACS,1.0,123,0.01,70000,0.5598523359961268,0.4153846153846154,0.2063237651985299,0.0674149478757243,1.420955860653439,0.0476140103180398,0.9947368421052633
CLIP,CRC,BRACS,CRC->BRACS,1.0,123,0.1,70000,0.6363773904623578,0.5314805822931841,0.244974688491376,0.211245675391824,1.073259739711927,0.2399298708757081,0.5421052631578948
CLIP,CRC,BRACS,CRC->BRACS,1.0,123,1.0,70000,0.6608115468409586,0.5743203406485424,0.2473426340192596,0.2044353178583327,1.1738681019683628,0.2507175096227638,0.5298245614035088
CLIP,CRC,BRACS,CRC->BRACS,1.0,123,10.0,70000,0.63740619704672,0.582974358974359,0.2605099177061321,0.2218643338261261,1.532995308711442,0.2508032831474147,0.6
CLIP,CRC,BRACS,CRC->BRACS,1.0,123,100.0,70000,0.662142943597192,0.6048951884695365,0.2685558236109076,0.2512093865440881,2.1361412843631946,0.2443326876540035,0.5982456140350877
CLIP,CRC,BRACS,CRC->BRACS,1.0,456,0.01,70000,0.5598523359961268,0.4153846153846154,0.2063237651985299,0.0674149478757243,1.420955860653439,0.0476140103180398,0.9947368421052633
CLIP,CRC,BRACS,CRC->BRACS,1.0,456,0.1,70000,0.6363773904623578,0.5314805822931841,0.244974688491376,0.211245675391824,1.073259739711927,0.2399298708757081,0.5421052631578948
CLIP,CRC,BRACS,CRC->BRACS,1.0,456,1.0,70000,0.6608115468409586,0.5743203406485424,0.2473426340192596,0.2044353178583327,1.1738681019683628,0.2507175096227638,0.5298245614035088
CLIP,CRC,BRACS,CRC->BRACS,1.0,456,10.0,70000,0.63740619704672,0.582974358974359,0.2605099177061321,0.2218643338261261,1.532995308711442,0.2508032831474147,0.6
CLIP,CRC,BRACS,CRC->BRACS,1.0,456,100.0,70000,0.662142943597192,0.6048951884695365,0.2685558236109076,0.2512093865440881,2.1361412843631946,0.2443326876540035,0.5982456140350877
CLIP,MHIST,PCam,MHIST->PCam,0.01,42,0.01,18,0.6583531732086296,0.3334282633902236,0.2992007329247401,0.2218754921004877,2.5192841774436063,0.1807125222213489,1.0
CLIP,MHIST,PCam,MHIST->PCam,0.01,42,0.1,18,0.6587942104075712,0.3334282633902236,0.2984391071963684,0.2207238245845654,2.511756762403864,0.180214606567919,1.0
CLIP,MHIST,PCam,MHIST->PCam,0.01,42,1.0,18,0.6571666158779121,0.3334282633902236,0.2910660623567649,0.2104078697032808,2.4439630143303144,0.174620667491181,1.0
CLIP,MHIST,PCam,MHIST->PCam,0.01,42,10.0,18,0.6494605050368785,0.385519478158054,0.2475108699368846,0.1294488062310742,2.302472579639935,0.1234522977455149,0.959930419921875
CLIP,MHIST,PCam,MHIST->PCam,0.01,42,100.0,18,0.6311311495506253,0.5705006636537137,0.2748353675623241,0.1738344040879157,3.72156193626203,0.0964341699676526,0.742156982421875
CLIP,MHIST,PCam,MHIST->PCam,0.01,123,0.01,18,0.6920198683029918,0.3334282633902236,0.2992162039929689,0.2219361642892704,2.519392376030028,0.1807575982085059,1.0
CLIP,MHIST,PCam,MHIST->PCam,0.01,123,0.1,18,0.6920264471668598,0.3334282633902236,0.2985823389289163,0.2213003178669815,2.5125964259759024,0.1806559521879153,1.0
CLIP,MHIST,PCam,MHIST->PCam,0.01,123,1.0,18,0.6923560497367621,0.3334282633902236,0.2926847818987743,0.2384641388766032,2.463583939762259,0.1787202959885545,1.0
CLIP,MHIST,PCam,MHIST->PCam,0.01,123,10.0,18,0.694394510333728,0.3339029947916667,0.2602062143057578,0.1855251119436513,2.6880849510733618,0.1568307178702572,0.999786376953125
CLIP,MHIST,PCam,MHIST->PCam,0.01,123,100.0,18,0.6954629982921738,0.6268466501778551,0.2302041518189223,0.0830543048728192,5.198354886129945,0.0701089820355107,0.5767822265625
CLIP,MHIST,PCam,MHIST->PCam,0.01,456,0.01,18,0.3763435350389525,0.3334282633902236,0.2994028972374847,0.2221541734349464,2.5189611617174674,0.1809732226083872,1.0
CLIP,MHIST,PCam,MHIST->PCam,0.01,456,0.1,18,0.3768365735746625,0.3334282633902236,0.3004707306986348,0.2235373760725315,2.509179232188064,0.1828097083485664,1.0
CLIP,MHIST,PCam,MHIST->PCam,0.01,456,1.0,18,0.378979461528337,0.3334282633902236,0.3103380768264007,0.2537205198270457,2.4245097970077616,0.2246984833831344,1.0
CLIP,MHIST,PCam,MHIST->PCam,0.01,456,10.0,18,0.3951162076022259,0.329921744403027,0.3734474832048021,0.3761646534763718,2.312679384214805,0.346608132230021,0.991790771484375
CLIP,MHIST,PCam,MHIST->PCam,0.01,456,100.0,18,0.420690050772624,0.3155859975301897,0.4780916700468145,0.4863534736718168,3.380792460728198,0.4077575199613543,0.953704833984375
CLIP,MHIST,PCam,MHIST->PCam,0.1,42,0.01,184,0.4540078053116145,0.3334282633902236,0.297505537451693,0.2177621041554125,2.439566393949259,0.1824572165499682,1.0
CLIP,MHIST,PCam,MHIST->PCam,0.1,42,0.1,184,0.454928041590281,0.3334282633902236,0.3006337820096778,0.2231615847813855,2.308234606907526,0.1967623056776477,1.0
CLIP,MHIST,PCam,MHIST->PCam,0.1,42,1.0,184,0.4685252977823451,0.3334282633902236,0.3227029964490971,0.2661749846603135,1.809278565938393,0.3009348778306845,1.0
CLIP,MHIST,PCam,MHIST->PCam,0.1,42,10.0,184,0.543376351242666,0.3327595174026789,0.3625661835332666,0.3340927601171483,1.824979389129731,0.3534086345980844,0.994873046875
CLIP,MHIST,PCam,MHIST->PCam,0.1,42,100.0,184,0.569322466465834,0.3818476850972466,0.3693929662396644,0.3426061230627532,3.0014416467250933,0.2701851149562208,0.926116943359375
CLIP,MHIST,PCam,MHIST->PCam,0.1,123,0.01,184,0.561732525098673,0.3334282633902236,0.2972756466505018,0.2175022293360913,2.4414201453191264,0.1821033437313185,1.0
CLIP,MHIST,PCam,MHIST->PCam,0.1,123,0.1,184,0.5649543131990781,0.3334282633902236,0.2985262129630684,0.2209843943282376,2.326083864536911,0.1934267702790968,1.0
CLIP,MHIST,PCam,MHIST->PCam,0.1,123,1.0,184,0.5924539455407982,0.3334282633902236,0.3089145271991382,0.2483905721216339,1.8566826897281723,0.2638328294437347,1.0
CLIP,MHIST,PCam,MHIST->PCam,0.1,123,10.0,184,0.640923505296006,0.3336045433121071,0.3558132913592637,0.3400665415830888,1.7590588985651143,0.3660137950807884,0.999664306640625
CLIP,MHIST,PCam,MHIST->PCam,0.1,123,100.0,184,0.6456963480976263,0.3359930225874418,0.4315658894715125,0.4375322188286404,2.558956161543727,0.4034410740224976,0.99755859375
CLIP,MHIST,PCam,MHIST->PCam,0.1,456,0.01,184,0.416804058191921,0.3334282633902236,0.2972796083293781,0.2172763258580749,2.443772342645489,0.1817459779211219,1.0
CLIP,MHIST,PCam,MHIST->PCam,0.1,456,0.1,184,0.4215394729950807,0.3334282633902236,0.2985679772170697,0.2189202155705141,2.346978932189701,0.1900144888239279,1.0
CLIP,MHIST,PCam,MHIST->PCam,0.1,456,1.0,184,0.4778700635419529,0.3334282633902236,0.307337888981892,0.238947686188686,1.9240479878928467,0.2455928594266753,1.0
CLIP,MHIST,PCam,MHIST->PCam,0.1,456,10.0,184,0.5958596587073925,0.3333875161903064,0.3377854832502853,0.3065177844526157,1.8389283570747417,0.324083331433128,0.999542236328125
CLIP,MHIST,PCam,MHIST->PCam,0.1,456,100.0,184,0.6233518479177376,0.3655948047043529,0.3698407356680828,0.3595085967740932,2.8897296033868027,0.2966180679627933,0.97381591796875
CLIP,MHIST,PCam,MHIST->PCam,1.0,42,0.01,1849,0.5069925741949534,0.3334282633902236,0.2982096761113764,0.2192882472512342,2.304648547416132,0.1934891173111168,1.0
CLIP,MHIST,PCam,MHIST->PCam,1.0,42,0.1,1849,0.5408331658721905,0.3334282633902236,0.3099559715515262,0.2468544119986042,1.811750682042576,0.2657585390214636,1.0
CLIP,MHIST,PCam,MHIST->PCam,1.0,42,1.0,1849,0.6281318991574014,0.3336991348410004,0.3392799215869682,0.3117107328497831,1.507202076686294,0.3690910565961031,0.99932861328125
CLIP,MHIST,PCam,MHIST->PCam,1.0,42,10.0,1849,0.6058603960542359,0.3404292759847829,0.3998304304149844,0.3916928671416619,1.6927803546074185,0.4163426595873641,0.98773193359375
CLIP,MHIST,PCam,MHIST->PCam,1.0,42,100.0,1849,0.5820248071820123,0.3797196606997581,0.425314474456444,0.4114154834165804,2.2413946410258245,0.3989002593233795,0.94805908203125
CLIP,MHIST,PCam,MHIST->PCam,1.0,123,0.01,1849,0.5069925741949534,0.3334282633902236,0.2982096761113764,0.2192882472512342,2.304648547416132,0.1934891173111168,1.0
CLIP,MHIST,PCam,MHIST->PCam,1.0,123,0.1,1849,0.5408331658721905,0.3334282633902236,0.3099559715515262,0.2468544119986042,1.811750682042576,0.2657585390214636,1.0
CLIP,MHIST,PCam,MHIST->PCam,1.0,123,1.0,1849,0.6281318991574014,0.3336991348410004,0.3392799215869682,0.3117107328497831,1.507202076686294,0.3690910565961031,0.99932861328125
CLIP,MHIST,PCam,MHIST->PCam,1.0,123,10.0,1849,0.6058603960542359,0.3404292759847829,0.3998304304149844,0.3916928671416619,1.6927803546074185,0.4163426595873641,0.98773193359375
CLIP,MHIST,PCam,MHIST->PCam,1.0,123,100.0,1849,0.5820248071820123,0.3797196606997581,0.425314474456444,0.4114154834165804,2.2413946410258245,0.3989002593233795,0.94805908203125
CLIP,MHIST,PCam,MHIST->PCam,1.0,456,0.01,1849,0.5069925741949534,0.3334282633902236,0.2982096761113764,0.2192882472512342,2.304648547416132,0.1934891173111168,1.0
CLIP,MHIST,PCam,MHIST->PCam,1.0,456,0.1,1849,0.5408331658721905,0.3334282633902236,0.3099559715515262,0.2468544119986042,1.811750682042576,0.2657585390214636,1.0
CLIP,MHIST,PCam,MHIST->PCam,1.0,456,1.0,1849,0.6281318991574014,0.3336991348410004,0.3392799215869682,0.3117107328497831,1.507202076686294,0.3690910565961031,0.99932861328125
CLIP,MHIST,PCam,MHIST->PCam,1.0,456,10.0,1849,0.6058603960542359,0.3404292759847829,0.3998304304149844,0.3916928671416619,1.6927803546074185,0.4163426595873641,0.98773193359375
CLIP,MHIST,PCam,MHIST->PCam,1.0,456,100.0,1849,0.5820248071820123,0.3797196606997581,0.425314474456444,0.4114154834165804,2.2413946410258245,0.3989002593233795,0.94805908203125
CLIP,PCam,MHIST,PCam->MHIST,0.01,42,0.01,2620,0.4558481901674771,0.4144020936220506,0.2538341294267112,0.1389899684307129,0.1769146329091654,0.2715965298822395,0.7164790174002047
CLIP,PCam,MHIST,PCam->MHIST,0.01,42,0.1,2620,0.4619439942373492,0.394603835845521,0.2755849450888396,0.1859413948583337,0.6427327549591273,0.3091520765525921,0.7645854657113613
CLIP,PCam,MHIST,PCam->MHIST,0.01,42,1.0,2620,0.4690077435620385,0.4364489916214054,0.2990865014179927,0.2159478932478505,1.2501508355836377,0.2672462413527785,0.7001023541453428
CLIP,PCam,MHIST,PCam->MHIST,0.01,42,10.0,2620,0.4908743021790023,0.4792622058887166,0.3134824114219233,0.2275261464143887,1.6965856278700508,0.2555357148513825,0.5455475946775844
CLIP,PCam,MHIST,PCam->MHIST,0.01,42,100.0,2620,0.4901584728975328,0.4748326516214105,0.3743781792910171,0.3261105529530628,2.2849411331433425,0.3042603710580123,0.5854657113613101
CLIP,PCam,MHIST,PCam->MHIST,0.01,123,0.01,2620,0.4388123536826941,0.4587888256321991,0.2519109563251915,0.1305394665234349,0.1743349366609899,0.2224245095240109,0.5271238485158649
CLIP,PCam,MHIST,PCam->MHIST,0.01,123,0.1,2620,0.4450792364487664,0.4470321395929935,0.2654764478653954,0.1597656469330321,0.5868807945923091,0.2631860415451468,0.6100307062436029
CLIP,PCam,MHIST,PCam->MHIST,0.01,123,1.0,2620,0.4588060507833604,0.4541230018669683,0.296813793066544,0.2046810307417958,1.2426105789210289,0.2593656876243822,0.6560900716479018
CLIP,PCam,MHIST,PCam->MHIST,0.01,123,10.0,2620,0.4980055825679812,0.4899246347522209,0.3137492396569625,0.2245431656888865,1.7907760216734618,0.2352526359572264,0.5629477993858751
CLIP,PCam,MHIST,PCam->MHIST,0.01,123,100.0,2620,0.5308031694579507,0.5227354211856658,0.3182625658428049,0.2580775327728093,2.5015348460517783,0.227177635851834,0.623336745138178
CLIP,PCam,MHIST,PCam->MHIST,0.01,456,0.01,2620,0.4422294255357464,0.4227220154882832,0.2527844879713177,0.1343571173835837,0.17548778179262,0.2435363961489135,0.6325486182190379
CLIP,PCam,MHIST,PCam->MHIST,0.01,456,0.1,2620,0.4422879524581308,0.4188839936625241,0.2707127494879479,0.169687221200845,0.6205219575197523,0.2784916353900424,0.7011258955987717
CLIP,PCam,MHIST,PCam->MHIST,0.01,456,1.0,2620,0.4331847649918963,0.4523686044014186,0.2983728389278662,0.2032342345491531,1.2533385844817582,0.2548453952841537,0.6397134083930399
CLIP,PCam,MHIST,PCam->MHIST,0.01,456,10.0,2620,0.4374572303259499,0.4379778852180142,0.3135668474835654,0.2508241494167598,1.8131987839925472,0.2651600177796783,0.6212896622313203
CLIP,PCam,MHIST,PCam->MHIST,0.01,456,100.0,2620,0.425148568341437,0.4224407395243706,0.34902728710281,0.3138161672759744,2.4488488844151326,0.2893801448385101,0.8004094165813715
CLIP,PCam,MHIST,PCam->MHIST,0.1,42,0.01,26214,0.4449756888168558,0.419360776703114,0.2700038963415725,0.1659628603216833,0.6122414159200018,0.2780569583631412,0.6949846468781986
CLIP,PCam,MHIST,PCam->MHIST,0.1,42,0.1,26214,0.4449711867459031,0.4490293501048218,0.297764399108228,0.2047786207734352,1.254585177469783,0.2653745961639694,0.6550665301944729
CLIP,PCam,MHIST,PCam->MHIST,0.1,42,1.0,26214,0.4734152710246713,0.4793843232367597,0.3072212706525206,0.2182825771555684,1.780280011452624,0.2351111128051931,0.5322415557830092
CLIP,PCam,MHIST,PCam->MHIST,0.1,42,10.0,26214,0.4969250855393481,0.463610557315333,0.3108587090118379,0.2557149390906069,2.06904534176517,0.2501967478628459,0.7830092118730808
CLIP,PCam,MHIST,PCam->MHIST,0.1,42,100.0,26214,0.5181073293715109,0.4854634515482472,0.3176775581011255,0.2684491631040574,2.3311613840585133,0.2508652465069089,0.7932446264073695
CLIP,PCam,MHIST,PCam->MHIST,0.1,123,0.01,26214,0.4405321447866018,0.4336398124435899,0.2685511885824178,0.1649629336957628,0.6011496470354177,0.2751872720075127,0.6560900716479018
CLIP,PCam,MHIST,PCam->MHIST,0.1,123,0.1,26214,0.4421663965424094,0.4489739009376206,0.2930469804570102,0.1936108836564743,1.2218563089095935,0.2489282831137581,0.6059365404298874
CLIP,PCam,MHIST,PCam->MHIST,0.1,123,1.0,26214,0.4742796686475778,0.478391592671687,0.3069845181718754,0.2221911857758311,1.7441313506607512,0.2438333143598768,0.5435005117707267
CLIP,PCam,MHIST,PCam->MHIST,0.1,123,10.0,26214,0.4746578426075994,0.4631285841829284,0.3230406753418093,0.2628617213812242,2.0629909595066955,0.2581090869489748,0.7164790174002047
CLIP,PCam,MHIST,PCam->MHIST,0.1,123,100.0,26214,0.4924545290833783,0.4868292230413695,0.3305104160499328,0.2859792707773822,2.414861769371326,0.263531619254278,0.7737973387922211
CLIP,PCam,MHIST,PCam->MHIST,0.1,456,0.01,26214,0.4434584909058167,0.4347439649172823,0.2676086707670577,0.1633762941171817,0.6054965536739234,0.2672811688465253,0.6530194472876152
CLIP,PCam,MHIST,PCam->MHIST,0.1,456,0.1,26214,0.4457770574464253,0.4537909086999527,0.2902481989784874,0.1944118676619128,1.230155445280406,0.2382189389274008,0.5967246673490276
CLIP,PCam,MHIST,PCam->MHIST,0.1,456,1.0,26214,0.4728209976589231,0.465608441935408,0.2946577731752443,0.1972794234856704,1.6968812476424209,0.2330537887805004,0.6202661207778914
CLIP,PCam,MHIST,PCam->MHIST,0.1,456,10.0,26214,0.4846929587610301,0.4517073438744795,0.3138236402754014,0.2620506893368039,2.06668639263566,0.2584454375911704,0.8147389969293757
CLIP,PCam,MHIST,PCam->MHIST,0.1,456,100.0,26214,0.4926841347019629,0.4619322121083353,0.3251749670518979,0.2830467501311879,2.39312508459357,0.2639142824811482,0.8689866939611054
CLIP,PCam,MHIST,PCam->MHIST,1.0,42,0.01,262144,0.445245813074014,0.4503213842309566,0.2950380131066911,0.1967067926862591,1.2354406546677958,0.2589729235493281,0.6397134083930399
CLIP,PCam,MHIST,PCam->MHIST,1.0,42,0.1,262144,0.4703403565640194,0.4613632387070789,0.2977854542315688,0.2062830770228162,1.74156143352687,0.2259915761594098,0.5875127942681678
CLIP,PCam,MHIST,PCam->MHIST,1.0,42,1.0,262144,0.4839366108409868,0.4658093560939585,0.3172582907787376,0.2509822899313819,2.0840283822550183,0.2464220511184201,0.7072671443193449
CLIP,PCam,MHIST,PCam->MHIST,1.0,42,10.0,262144,0.4955474518278407,0.4864090701928539,0.3282509513498237,0.2773606125481983,2.341467037758667,0.265909962894563,0.7697031729785057
CLIP,PCam,MHIST,PCam->MHIST,1.0,42,100.0,262144,0.4540788762830902,0.4262018251472442,0.3410963511266529,0.3109799083866377,2.259031270197563,0.2917435074431778,0.7983623336745138
CLIP,PCam,MHIST,PCam->MHIST,1.0,123,0.01,262144,0.445245813074014,0.4503213842309566,0.2950380131066911,0.1967067926862591,1.2354406546677958,0.2589729235493281,0.6397134083930399
CLIP,PCam,MHIST,PCam->MHIST,1.0,123,0.1,262144,0.4703403565640194,0.4613632387070789,0.2977854542315688,0.2062830770228162,1.74156143352687,0.2259915761594098,0.5875127942681678
CLIP,PCam,MHIST,PCam->MHIST,1.0,123,1.0,262144,0.4839366108409868,0.4658093560939585,0.3172582907787376,0.2509822899313819,2.0840283822550183,0.2464220511184201,0.7072671443193449
CLIP,PCam,MHIST,PCam->MHIST,1.0,123,10.0,262144,0.4955474518278407,0.4864090701928539,0.3282509513498237,0.2773606125481983,2.341467037758667,0.265909962894563,0.7697031729785057
CLIP,PCam,MHIST,PCam->MHIST,1.0,123,100.0,262144,0.4540788762830902,0.4262018251472442,0.3410963511266529,0.3109799083866377,2.259031270197563,0.2917435074431778,0.7983623336745138
CLIP,PCam,MHIST,PCam->MHIST,1.0,456,0.01,262144,0.445245813074014,0.4503213842309566,0.2950380131066911,0.1967067926862591,1.2354406546677958,0.2589729235493281,0.6397134083930399
CLIP,PCam,MHIST,PCam->MHIST,1.0,456,0.1,262144,0.4703403565640194,0.4613632387070789,0.2977854542315688,0.2062830770228162,1.74156143352687,0.2259915761594098,0.5875127942681678
CLIP,PCam,MHIST,PCam->MHIST,1.0,456,1.0,262144,0.4839366108409868,0.4658093560939585,0.3172582907787376,0.2509822899313819,2.0840283822550183,0.2464220511184201,0.7072671443193449
CLIP,PCam,MHIST,PCam->MHIST,1.0,456,10.0,262144,0.4955474518278407,0.4864090701928539,0.3282509513498237,0.2773606125481983,2.341467037758667,0.265909962894563,0.7697031729785057
CLIP,PCam,MHIST,PCam->MHIST,1.0,456,100.0,262144,0.4540788762830902,0.4262018251472442,0.3410963511266529,0.3109799083866377,2.259031270197563,0.2917435074431778,0.7983623336745138
CONCH,BRACS,CRC,BRACS->CRC,0.01,42,0.01,36,0.3936526052351201,0.4618254879448909,0.1697100083306653,0.2189089029540997,1.2938574971067676,0.1504467737127735,1.0
CONCH,BRACS,CRC,BRACS->CRC,0.01,42,0.1,36,0.4073490954312443,0.4618254879448909,0.1689163348840035,0.2162247117449658,1.193145786237808,0.1314130722910367,1.0
CONCH,BRACS,CRC,BRACS->CRC,0.01,42,1.0,36,0.4973054893877017,0.4618254879448909,0.1656375945020734,0.2056650585884657,1.00425199564173,0.0850651630057716,1.0
CONCH,BRACS,CRC,BRACS->CRC,0.01,42,10.0,36,0.6804157520315705,0.5632985398129136,0.1920896306090417,0.2523704448109699,1.650914303818874,0.2381793495989257,0.7002666666666667
CONCH,BRACS,CRC,BRACS->CRC,0.01,42,100.0,36,0.7653553554489081,0.5344153649157727,0.3010302978216126,0.3589274382363914,3.935373947583675,0.3559052322239251,0.5024
CONCH,BRACS,CRC,BRACS->CRC,0.01,123,0.01,36,0.3024725886928321,0.4618254879448909,0.1697300965270571,0.2186005871712706,1.271912247826114,0.1468702048098153,1.0
CONCH,BRACS,CRC,BRACS->CRC,0.01,123,0.1,36,0.3021918093477945,0.4618254879448909,0.1689178473343515,0.2127904919816859,1.0612641299081038,0.1041139666932809,1.0
CONCH,BRACS,CRC,BRACS->CRC,0.01,123,1.0,36,0.2909600514259546,0.4618061784650712,0.1626607087956659,0.1807328685009958,0.798254895120348,0.1405941246144741,0.9999333333333332
CONCH,BRACS,CRC,BRACS->CRC,0.01,123,10.0,36,0.2091157381879185,0.4567972767436807,0.1698004633257355,0.2200673167916582,1.4125937497794008,0.2064822771139399,0.9828
CONCH,BRACS,CRC,BRACS->CRC,0.01,123,100.0,36,0.1875510010070234,0.4415903506812598,0.1888320467650446,0.2340465593009508,3.238796710103345,0.23905574127381,0.9326666666666666
CONCH,BRACS,CRC,BRACS->CRC,0.01,456,0.01,36,0.4983400760291032,0.4618254879448909,0.169505923381496,0.2185753385391263,1.284173160735387,0.1486054504198203,1.0
CONCH,BRACS,CRC,BRACS->CRC,0.01,456,0.1,36,0.5071939895769567,0.4618254879448909,0.1671531900041406,0.2132917640106506,1.133961904116627,0.1171446646015492,1.0
CONCH,BRACS,CRC,BRACS->CRC,0.01,456,1.0,36,0.5457545111613713,0.4665395380935643,0.1609082302871494,0.1970173157720906,0.9513661555981044,0.0780056346500432,0.9989333333333332
CONCH,BRACS,CRC,BRACS->CRC,0.01,456,10.0,36,0.5697934725720455,0.4903287179245778,0.2316027487793674,0.2971549916473193,1.7548042667407968,0.2925502701198982,0.6095333333333334
CONCH,BRACS,CRC,BRACS->CRC,0.01,456,100.0,36,0.6073470072010355,0.3837511107773032,0.4220100727474895,0.4782657111800412,3.82779182394739,0.4346083667118517,0.6630666666666667
CONCH,BRACS,CRC,BRACS->CRC,0.1,42,0.01,364,0.2313767468118712,0.4618254879448909,0.1730870327278212,0.2221167967881966,1.1166847658140462,0.1323211316513236,1.0
CONCH,BRACS,CRC,BRACS->CRC,0.1,42,0.1,364,0.2508210176427707,0.4617675553482364,0.1806203715420336,0.2418351049686865,0.989050516000888,0.178107439839946,0.9998
CONCH,BRACS,CRC,BRACS->CRC,0.1,42,1.0,364,0.319142397440151,0.4601440388008863,0.1932312890627138,0.2313669256979123,1.5455015559214405,0.2282421824589384,0.898
CONCH,BRACS,CRC,BRACS->CRC,0.1,42,10.0,364,0.3676798039224849,0.4497412630092376,0.1839429644203689,0.1911638628945542,2.0927647944929526,0.1895999550276331,0.8984666666666666
CONCH,BRACS,CRC,BRACS->CRC,0.1,42,100.0,364,0.2918871964326602,0.4176651831564532,0.2486490424988279,0.2744344250901685,2.734543337291025,0.2651206858218434,0.8352
CONCH,BRACS,CRC,BRACS->CRC,0.1,123,0.01,364,0.2263110727019537,0.4618254879448909,0.173685417540732,0.2234239951940477,1.0644956781770474,0.1175259555953592,1.0
CONCH,BRACS,CRC,BRACS->CRC,0.1,123,0.1,364,0.2300447699033164,0.4635054408883165,0.1861032102494858,0.2466211612158008,0.8794511439475833,0.1990149932479314,0.9988666666666668
CONCH,BRACS,CRC,BRACS->CRC,0.1,123,1.0,364,0.236327933335514,0.4090103057985438,0.2405808698130792,0.318621749583791,1.6011455871636406,0.3225718439924014,0.7620666666666667
CONCH,BRACS,CRC,BRACS->CRC,0.1,123,10.0,364,0.2612668416496493,0.4168758063884927,0.2527474743892695,0.3013582386259378,2.662609810953788,0.2930468619987658,0.8142
CONCH,BRACS,CRC,BRACS->CRC,0.1,123,100.0,364,0.3577692531904652,0.4304941743672157,0.2235969631192567,0.2419267623716076,4.232138145150579,0.2202866808037051,0.8885333333333333
CONCH,BRACS,CRC,BRACS->CRC,0.1,456,0.01,364,0.2513256611073987,0.4618254879448909,0.171955560658213,0.2204527655718221,1.0851968860545391,0.1171193261128481,1.0
CONCH,BRACS,CRC,BRACS->CRC,0.1,456,0.1,364,0.2609911003425281,0.4618061784650712,0.1749230225935789,0.2213348035500552,0.9175840047272772,0.1523588416528888,0.9999333333333332
CONCH,BRACS,CRC,BRACS->CRC,0.1,456,1.0,364,0.2644143740916929,0.4365260822781682,0.2108072739098878,0.2602632710304904,1.412795197200332,0.2663671118261449,0.8520666666666666
CONCH,BRACS,CRC,BRACS->CRC,0.1,456,10.0,364,0.2351987557068556,0.3566638778027198,0.3033139464122655,0.3668529590871455,2.201901902475681,0.3575705395705715,0.6538
CONCH,BRACS,CRC,BRACS->CRC,0.1,456,100.0,364,0.2335374809576769,0.3648760607611288,0.3501425876560242,0.3890785491161372,3.832974569791384,0.3444207403798746,0.6974666666666667
CONCH,BRACS,CRC,BRACS->CRC,1.0,42,0.01,3657,0.2401596532311201,0.462233634679334,0.1785863549227385,0.236126713715849,0.9179010662977988,0.1728855162800801,0.9996666666666668
CONCH,BRACS,CRC,BRACS->CRC,1.0,42,0.1,3657,0.2526490587484871,0.4568943001225564,0.1986944714484005,0.2584705900885145,1.5005633000131482,0.2566927327683412,0.9068666666666668
CONCH,BRACS,CRC,BRACS->CRC,1.0,42,1.0,3657,0.2399745235914522,0.4421825435700983,0.2079584452890422,0.260870770328842,2.1081313658153347,0.2608235930706581,0.8783333333333333
CONCH,BRACS,CRC,BRACS->CRC,1.0,42,10.0,3657,0.2688416411795492,0.4418952465306645,0.1977418530288402,0.2296711826495573,2.4907962230381657,0.2306040642821231,0.9018
CONCH,BRACS,CRC,BRACS->CRC,1.0,42,100.0,3657,0.3271033735286008,0.421397312107905,0.2312369968692075,0.2663991798205712,3.0101592050798165,0.2510124846709939,0.8396666666666667
CONCH,BRACS,CRC,BRACS->CRC,1.0,123,0.01,3657,0.2401596532311201,0.462233634679334,0.1785863549227385,0.236126713715849,0.9179010662977988,0.1728855162800801,0.9996666666666668
CONCH,BRACS,CRC,BRACS->CRC,1.0,123,0.1,3657,0.2526490587484871,0.4568943001225564,0.1986944714484005,0.2584705900885145,1.5005633000131482,0.2566927327683412,0.9068666666666668
CONCH,BRACS,CRC,BRACS->CRC,1.0,123,1.0,3657,0.2399745235914522,0.4421825435700983,0.2079584452890422,0.260870770328842,2.1081313658153347,0.2608235930706581,0.8783333333333333
CONCH,BRACS,CRC,BRACS->CRC,1.0,123,10.0,3657,0.2688416411795492,0.4418952465306645,0.1977418530288402,0.2296711826495573,2.4907962230381657,0.2306040642821231,0.9018
CONCH,BRACS,CRC,BRACS->CRC,1.0,123,100.0,3657,0.3271033735286008,0.421397312107905,0.2312369968692075,0.2663991798205712,3.0101592050798165,0.2510124846709939,0.8396666666666667
CONCH,BRACS,CRC,BRACS->CRC,1.0,456,0.01,3657,0.2401596532311201,0.462233634679334,0.1785863549227385,0.236126713715849,0.9179010662977988,0.1728855162800801,0.9996666666666668
CONCH,BRACS,CRC,BRACS->CRC,1.0,456,0.1,3657,0.2526490587484871,0.4568943001225564,0.1986944714484005,0.2584705900885145,1.5005633000131482,0.2566927327683412,0.9068666666666668
CONCH,BRACS,CRC,BRACS->CRC,1.0,456,1.0,3657,0.2399745235914522,0.4421825435700983,0.2079584452890422,0.260870770328842,2.1081313658153347,0.2608235930706581,0.8783333333333333
CONCH,BRACS,CRC,BRACS->CRC,1.0,456,10.0,3657,0.2688416411795492,0.4418952465306645,0.1977418530288402,0.2296711826495573,2.4907962230381657,0.2306040642821231,0.9018
CONCH,BRACS,CRC,BRACS->CRC,1.0,456,100.0,3657,0.3271033735286008,0.421397312107905,0.2312369968692075,0.2663991798205712,3.0101592050798165,0.2510124846709939,0.8396666666666667
CONCH,CRC,BRACS,CRC->BRACS,0.01,42,0.01,699,0.394017792302106,0.4171779141104294,0.2212526264656108,0.1256052208468863,1.7401991913984671,0.156001471283583,1.0
CONCH,CRC,BRACS,CRC->BRACS,0.01,42,0.1,699,0.3960602759622367,0.4171779141104294,0.230156399658109,0.1732056615366762,1.0656202993560997,0.2298954237499933,1.0
CONCH,CRC,BRACS,CRC->BRACS,0.01,42,1.0,699,0.4106451222464294,0.4261573033707865,0.2786202109499499,0.2378290739971155,0.9768919944866354,0.3085930204136449,0.8456140350877193
CONCH,CRC,BRACS,CRC->BRACS,0.01,42,10.0,699,0.4166969256838537,0.4252678181656628,0.345315750817205,0.3307427792023455,1.3185375369480947,0.3681978708750658,0.7350877192982456
CONCH,CRC,BRACS,CRC->BRACS,0.01,42,100.0,699,0.3964536431856693,0.4117509609430677,0.4049933789701446,0.3962723078577638,2.08120228937722,0.3938176419221398,0.7421052631578947
CONCH,CRC,BRACS,CRC->BRACS,0.01,123,0.01,699,0.3846828854998789,0.4171779141104294,0.2213997880179305,0.1254414620066668,1.7384393115166743,0.1560597189125981,1.0
CONCH,CRC,BRACS,CRC->BRACS,0.01,123,0.1,699,0.3823832001936577,0.4171779141104294,0.2320116772787746,0.1722348299412145,1.1211213065121983,0.2312218906107284,1.0
CONCH,CRC,BRACS,CRC->BRACS,0.01,123,1.0,699,0.3830640280803679,0.4015299235038247,0.285837520467554,0.2592834757515498,1.0833525964963089,0.3183521156938614,0.8701754385964913
CONCH,CRC,BRACS,CRC->BRACS,0.01,123,10.0,699,0.3715807310578551,0.3862412761714855,0.341979438203732,0.3374825682325008,1.4306292988107991,0.3629430842557845,0.8368421052631579
CONCH,CRC,BRACS,CRC->BRACS,0.01,123,100.0,699,0.3597645848462842,0.3648226032567669,0.4257899387572308,0.4305008978908401,2.1297395070696483,0.4184283087781832,0.7631578947368421
CONCH,CRC,BRACS,CRC->BRACS,0.01,456,0.01,699,0.4006899055918663,0.4171779141104294,0.2212480936469015,0.1259033554715656,1.734187451965748,0.157023157543845,1.0
CONCH,CRC,BRACS,CRC->BRACS,0.01,456,0.1,699,0.4053951827644637,0.4171779141104294,0.2292568132046256,0.1671784336373841,1.0516782407370624,0.2240374090375464,1.0
CONCH,CRC,BRACS,CRC->BRACS,0.01,456,1.0,699,0.4376512950859356,0.4420557669789227,0.268623651816756,0.2212265501410903,0.9974398444028748,0.2833145949267997,0.856140350877193
CONCH,CRC,BRACS,CRC->BRACS,0.01,456,10.0,699,0.4783950617283951,0.4968666498915609,0.3068741000179816,0.2759932187259317,1.4685340091378187,0.3020526016622863,0.7631578947368421
CONCH,CRC,BRACS,CRC->BRACS,0.01,456,100.0,699,0.4943566932946018,0.4967240262077903,0.338410905312269,0.3230704132621985,2.3409066396420184,0.3122290167449126,0.7175438596491228
CONCH,CRC,BRACS,CRC->BRACS,0.1,42,0.01,6999,0.3842592592592593,0.4171779141104294,0.2326121148880654,0.1796373291956953,1.064911673770886,0.2336019862798978,1.0
CONCH,CRC,BRACS,CRC->BRACS,0.1,42,0.1,6999,0.4071048172355362,0.4068734063296835,0.2783825398050747,0.245088952060216,0.9905220997204488,0.3084774832322362,0.8701754385964913
CONCH,CRC,BRACS,CRC->BRACS,0.1,42,1.0,6999,0.4327947228274025,0.4560588544403573,0.3171058623276065,0.3060648048621647,1.2881640469833264,0.3287904436127645,0.8017543859649123
CONCH,CRC,BRACS,CRC->BRACS,0.1,42,10.0,6999,0.4375302590171871,0.4545092986548125,0.343555960883662,0.3409390454560985,1.7194122372309824,0.3457830912533791,0.7912280701754386
CONCH,CRC,BRACS,CRC->BRACS,0.1,42,100.0,6999,0.4401022754780925,0.4175237341772151,0.3052591368556779,0.3090557444009554,2.0637365079455368,0.3047991526245899,0.9473684210526316
CONCH,CRC,BRACS,CRC->BRACS,0.1,123,0.01,6999,0.3842743887678528,0.4171779141104294,0.232701803742804,0.1710230355427221,1.0660276958105726,0.2375543694769382,1.0
CONCH,CRC,BRACS,CRC->BRACS,0.1,123,0.1,6999,0.402838295812152,0.4158105646630237,0.2780453190102656,0.2482553192080572,0.9963955031372732,0.3084563512620301,0.8894736842105263
CONCH,CRC,BRACS,CRC->BRACS,0.1,123,1.0,6999,0.4190117404986686,0.4210337078651685,0.3176723287073195,0.3038353801261547,1.3005972964280197,0.3237900168304692,0.8456140350877193
CONCH,CRC,BRACS,CRC->BRACS,0.1,123,10.0,6999,0.4055767368675865,0.4037154373596299,0.3336444355628067,0.32979222315398,1.819100898275307,0.3373641804222813,0.9
CONCH,CRC,BRACS,CRC->BRACS,0.1,123,100.0,6999,0.4003873154199951,0.3938319744771358,0.3431213501613819,0.3441687864654417,2.095184679149916,0.3430962597896421,0.9035087719298246
CONCH,CRC,BRACS,CRC->BRACS,0.1,456,0.01,6999,0.3889796659404503,0.4171779141104294,0.2324246601394155,0.1743917118937298,1.072641854991129,0.2317776667259632,1.0
CONCH,CRC,BRACS,CRC->BRACS,0.1,456,0.1,6999,0.4087841926894214,0.4166211790393013,0.2766499853730284,0.2501545224525948,1.0051438432337667,0.3081998978603165,0.8912280701754386
CONCH,CRC,BRACS,CRC->BRACS,0.1,456,1.0,6999,0.4241709029290728,0.4331601927451675,0.3193582317849787,0.3054534288872731,1.307523094211069,0.3336320589986974,0.8122807017543859
CONCH,CRC,BRACS,CRC->BRACS,0.1,456,10.0,6999,0.4136710239651416,0.4109410941094109,0.3262947959257872,0.3178837688939386,1.5793135886207443,0.327664930580277,0.8789473684210526
CONCH,CRC,BRACS,CRC->BRACS,0.1,456,100.0,6999,0.428679496489954,0.4390147884431055,0.3537122278237697,0.351032337053641,1.9108248476977336,0.3503794031286572,0.8140350877192982
CONCH,CRC,BRACS,CRC->BRACS,1.0,42,0.01,70000,0.4090867828612926,0.4166211790393013,0.2760843737468019,0.241614155771753,0.9954894470924762,0.3007198984794706,0.8912280701754386
CONCH,CRC,BRACS,CRC->BRACS,1.0,42,0.1,70000,0.4217653110626966,0.4352777777777777,0.307958213251337,0.2913705457945519,1.2745566707075926,0.3159482730166617,0.8631578947368421
CONCH,CRC,BRACS,CRC->BRACS,1.0,42,1.0,70000,0.4284979423868312,0.4406702898550724,0.3456252817465883,0.3375047992219979,1.6905699468029751,0.3495719457867137,0.8
CONCH,CRC,BRACS,CRC->BRACS,1.0,42,10.0,70000,0.4007806826434278,0.4078257401562784,0.3407840758472709,0.3410066645302571,2.046669034719815,0.340120365101734,0.8964912280701754
CONCH,CRC,BRACS,CRC->BRACS,1.0,42,100.0,70000,0.4019456548051319,0.4055092014971927,0.3435901483737045,0.343165530580572,2.155930110391706,0.3424681601710773,0.8912280701754386
CONCH,CRC,BRACS,CRC->BRACS,1.0,123,0.01,70000,0.4090867828612926,0.4166211790393013,0.2760843737468019,0.241614155771753,0.9954894470924762,0.3007198984794706,0.8912280701754386
CONCH,CRC,BRACS,CRC->BRACS,1.0,123,0.1,70000,0.4217653110626966,0.4352777777777777,0.307958213251337,0.2913705457945519,1.2745566707075926,0.3159482730166617,0.8631578947368421
CONCH,CRC,BRACS,CRC->BRACS,1.0,123,1.0,70000,0.4284979423868312,0.4406702898550724,0.3456252817465883,0.3375047992219979,1.6905699468029751,0.3495719457867137,0.8
CONCH,CRC,BRACS,CRC->BRACS,1.0,123,10.0,70000,0.4007806826434278,0.4078257401562784,0.3407840758472709,0.3410066645302571,2.046669034719815,0.340120365101734,0.8964912280701754
CONCH,CRC,BRACS,CRC->BRACS,1.0,123,100.0,70000,0.4019456548051319,0.4055092014971927,0.3435901483737045,0.343165530580572,2.155930110391706,0.3424681601710773,0.8912280701754386
CONCH,CRC,BRACS,CRC->BRACS,1.0,456,0.01,70000,0.4090867828612926,0.4166211790393013,0.2760843737468019,0.241614155771753,0.9954894470924762,0.3007198984794706,0.8912280701754386
CONCH,CRC,BRACS,CRC->BRACS,1.0,456,0.1,70000,0.4217653110626966,0.4352777777777777,0.307958213251337,0.2913705457945519,1.2745566707075926,0.3159482730166617,0.8631578947368421
CONCH,CRC,BRACS,CRC->BRACS,1.0,456,1.0,70000,0.4284979423868312,0.4406702898550724,0.3456252817465883,0.3375047992219979,1.6905699468029751,0.3495719457867137,0.8
CONCH,CRC,BRACS,CRC->BRACS,1.0,456,10.0,70000,0.4007806826434278,0.4078257401562784,0.3407840758472709,0.3410066645302571,2.046669034719815,0.340120365101734,0.8964912280701754
CONCH,CRC,BRACS,CRC->BRACS,1.0,456,100.0,70000,0.4019456548051319,0.4055092014971927,0.3435901483737045,0.343165530580572,2.155930110391706,0.3424681601710773,0.8912280701754386
CONCH,MHIST,PCam,MHIST->PCam,0.01,42,0.01,18,0.6714403513840481,0.3334282633902236,0.2992236167360599,0.2220513945257035,2.5167556454495723,0.1810292965681775,1.0
CONCH,MHIST,PCam,MHIST->PCam,0.01,42,0.1,18,0.6715753373026533,0.3334282633902236,0.2984445681648483,0.2219444264389518,2.4803520812343187,0.1833543618265329,1.0
CONCH,MHIST,PCam,MHIST->PCam,0.01,42,1.0,18,0.6759175401924531,0.3334282633902236,0.2915817515311063,0.2201657528367884,2.260303966311197,0.2193155951457409,1.0
CONCH,MHIST,PCam,MHIST->PCam,0.01,42,10.0,18,0.6825334967827101,0.4417887523057505,0.2654793705209866,0.1995980002778547,2.499119397997012,0.1699358945501637,0.89190673828125
CONCH,MHIST,PCam,MHIST->PCam,0.01,42,100.0,18,0.6820979841902898,0.6233936538557059,0.256217199777264,0.1703163657428112,5.173676380725537,0.080342232329259,0.552764892578125
CONCH,MHIST,PCam,MHIST->PCam,0.01,123,0.01,18,0.6345568489033193,0.3334282633902236,0.2988769248223705,0.2214031770618443,2.519863828552345,0.1802689000457559,1.0
CONCH,MHIST,PCam,MHIST->PCam,0.01,123,0.1,18,0.6353953560232088,0.3334282633902236,0.2953237740696367,0.2160892957266637,2.5177787041481485,0.1758541034371608,1.0
CONCH,MHIST,PCam,MHIST->PCam,0.01,123,1.0,18,0.6433875841125534,0.3334282633902236,0.2724731667332756,0.2157767267661999,2.5924951814850807,0.1890023773070317,1.0
CONCH,MHIST,PCam,MHIST->PCam,0.01,123,10.0,18,0.6867726655746274,0.5975023657312968,0.2286383937280443,0.0853707753669107,3.1005321218066784,0.0858688954317607,0.694305419921875
CONCH,MHIST,PCam,MHIST->PCam,0.01,123,100.0,18,0.6941521429026686,0.6134527599747395,0.2408127396385439,0.133313880793437,6.015068999487714,0.0692062291865943,0.634490966796875
CONCH,MHIST,PCam,MHIST->PCam,0.01,456,0.01,18,0.5315115378948501,0.3334282633902236,0.2994547428781395,0.2223665762245489,2.515191996200039,0.1814031213357056,1.0
CONCH,MHIST,PCam,MHIST->PCam,0.01,456,0.1,18,0.5315941611234617,0.3334282633902236,0.3008117322518021,0.2252097240415188,2.466939468578153,0.1871135078028912,1.0
CONCH,MHIST,PCam,MHIST->PCam,0.01,456,1.0,18,0.5343249782246497,0.3334282633902236,0.3143794826871707,0.250470941658411,2.1680102412805597,0.2350922826563897,1.0
CONCH,MHIST,PCam,MHIST->PCam,0.01,456,10.0,18,0.5442453051657228,0.33315667171956,0.3938145836166679,0.3933129977605784,2.171842405380954,0.3829816599003646,0.9990234375
CONCH,MHIST,PCam,MHIST->PCam,0.01,456,100.0,18,0.5530647154903824,0.3253675215004897,0.4692559653808871,0.4693022191666049,4.097617989167323,0.3895876939271294,0.947509765625
CONCH,MHIST,PCam,MHIST->PCam,0.1,42,0.01,184,0.7653967272655653,0.3334282633902236,0.2973887459377402,0.2189460847965653,2.4282315920435686,0.1842740424951372,1.0
CONCH,MHIST,PCam,MHIST->PCam,0.1,42,0.1,184,0.7690854582383762,0.3334282633902236,0.2999321355105346,0.2343004733778234,2.2397134063952557,0.2154391288999564,1.0
CONCH,MHIST,PCam,MHIST->PCam,0.1,42,1.0,184,0.7801959672182888,0.3334282633902236,0.3363101627173043,0.3313924735556391,1.818592236533212,0.3511427033941295,1.0
CONCH,MHIST,PCam,MHIST->PCam,0.1,42,10.0,184,0.7927334712592515,0.3372837423358271,0.4380968026771117,0.4573568278031336,2.032728145155138,0.455954693937772,0.998260498046875
CONCH,MHIST,PCam,MHIST->PCam,0.1,42,100.0,184,0.8041270837270733,0.3788167269097063,0.4428554862163132,0.458902651812845,3.5841118366090816,0.4273856877663253,0.977691650390625
CONCH,MHIST,PCam,MHIST->PCam,0.1,123,0.01,184,0.7368207726784717,0.3334282633902236,0.2976036537284631,0.2193071590627859,2.418702207867838,0.1852515788358497,1.0
CONCH,MHIST,PCam,MHIST->PCam,0.1,123,0.1,184,0.7475654208313883,0.3334282633902236,0.3016431469552835,0.2368017971893772,2.1857139522013047,0.2455481103234323,1.0
CONCH,MHIST,PCam,MHIST->PCam,0.1,123,1.0,184,0.7690548996764798,0.3334282633902236,0.336428062329873,0.3281745968148122,1.7781297556247526,0.3534672433293581,1.0
CONCH,MHIST,PCam,MHIST->PCam,0.1,123,10.0,184,0.7733624163819791,0.3356495232283069,0.4242806264948008,0.4427995235113929,1.951420430480592,0.445446032843271,0.99896240234375
CONCH,MHIST,PCam,MHIST->PCam,0.1,123,100.0,184,0.7587252973673477,0.3431343876329689,0.466887778062227,0.4773563290215609,3.1220809473056765,0.4501891839483031,0.995452880859375
CONCH,MHIST,PCam,MHIST->PCam,0.1,456,0.01,184,0.6465943034109506,0.3334282633902236,0.2976973411986457,0.2191290509421946,2.416330758147044,0.1852590247275568,1.0
CONCH,MHIST,PCam,MHIST->PCam,0.1,456,0.1,184,0.6653414055769477,0.3334282633902236,0.3019160545231435,0.2342194846466487,2.179956668291073,0.2175434384787936,1.0
CONCH,MHIST,PCam,MHIST->PCam,0.1,456,1.0,184,0.713159125092615,0.3334282633902236,0.3264587508505067,0.3031590891659418,1.853641031561742,0.3196613148649617,1.0
CONCH,MHIST,PCam,MHIST->PCam,0.1,456,10.0,184,0.6956355463197148,0.3434740504936471,0.3985964683975246,0.405508770832539,2.310413042369487,0.3842376934151299,0.991668701171875
CONCH,MHIST,PCam,MHIST->PCam,0.1,456,100.0,184,0.6247501843152904,0.4258674333455106,0.4086186417963216,0.3987512441054695,4.496176125378571,0.308426896105061,0.9210205078125
CONCH,MHIST,PCam,MHIST->PCam,1.0,42,0.01,1849,0.67375607793796,0.3334282633902236,0.3040743054673693,0.2387602863598009,2.196275433650845,0.2392463349875564,1.0
CONCH,MHIST,PCam,MHIST->PCam,1.0,42,0.1,1849,0.6867132881617215,0.3334282633902236,0.3534735672404811,0.341044049956708,1.7654980907623172,0.3670332583189877,1.0
CONCH,MHIST,PCam,MHIST->PCam,1.0,42,1.0,1849,0.6955241265918397,0.3342418734822366,0.445200422699188,0.4550380096692046,1.7557879054413856,0.4668571868370185,0.9996337890625
CONCH,MHIST,PCam,MHIST->PCam,1.0,42,10.0,1849,0.6975766129093395,0.3339029947916667,0.4851164439375428,0.4895914071188595,2.136683938551535,0.4873613172639866,0.999786376953125
CONCH,MHIST,PCam,MHIST->PCam,1.0,42,100.0,1849,0.7264926157822391,0.3415431468948179,0.4743164046766044,0.4823643354400573,2.270568526767701,0.4775359542077076,0.9962158203125
CONCH,MHIST,PCam,MHIST->PCam,1.0,123,0.01,1849,0.67375607793796,0.3334282633902236,0.3040743054673693,0.2387602863598009,2.196275433650845,0.2392463349875564,1.0
CONCH,MHIST,PCam,MHIST->PCam,1.0,123,0.1,1849,0.6867132881617215,0.3334282633902236,0.3534735672404811,0.341044049956708,1.7654980907623172,0.3670332583189877,1.0
CONCH,MHIST,PCam,MHIST->PCam,1.0,123,1.0,1849,0.6955241265918397,0.3342418734822366,0.445200422699188,0.4550380096692046,1.7557879054413856,0.4668571868370185,0.9996337890625
CONCH,MHIST,PCam,MHIST->PCam,1.0,123,10.0,1849,0.6975766129093395,0.3339029947916667,0.4851164439375428,0.4895914071188595,2.136683938551535,0.4873613172639866,0.999786376953125
CONCH,MHIST,PCam,MHIST->PCam,1.0,123,100.0,1849,0.7264926157822391,0.3415431468948179,0.4743164046766044,0.4823643354400573,2.270568526767701,0.4775359542077076,0.9962158203125
CONCH,MHIST,PCam,MHIST->PCam,1.0,456,0.01,1849,0.67375607793796,0.3334282633902236,0.3040743054673693,0.2387602863598009,2.196275433650845,0.2392463349875564,1.0
CONCH,MHIST,PCam,MHIST->PCam,1.0,456,0.1,1849,0.6867132881617215,0.3334282633902236,0.3534735672404811,0.341044049956708,1.7654980907623172,0.3670332583189877,1.0
CONCH,MHIST,PCam,MHIST->PCam,1.0,456,1.0,1849,0.6955241265918397,0.3342418734822366,0.445200422699188,0.4550380096692046,1.7557879054413856,0.4668571868370185,0.9996337890625
CONCH,MHIST,PCam,MHIST->PCam,1.0,456,10.0,1849,0.6975766129093395,0.3339029947916667,0.4851164439375428,0.4895914071188595,2.136683938551535,0.4873613172639866,0.999786376953125
CONCH,MHIST,PCam,MHIST->PCam,1.0,456,100.0,1849,0.7264926157822391,0.3415431468948179,0.4743164046766044,0.4823643354400573,2.270568526767701,0.4775359542077076,0.9962158203125
CONCH,PCam,MHIST,PCam->MHIST,0.01,42,0.01,2620,0.6527417612101567,0.4934277894524,0.2346710851990156,0.0976525578399795,0.2421311808484784,0.138264938083985,0.8925281473899693
CONCH,PCam,MHIST,PCam->MHIST,0.01,42,0.1,2620,0.6497073653880785,0.4992009648726067,0.2189124529934734,0.0380339614839192,0.8281367018337006,0.1551680762454735,0.8884339815762539
CONCH,PCam,MHIST,PCam->MHIST,0.01,42,1.0,2620,0.6395867098865479,0.5458526548766308,0.2310051725791278,0.1026721620426271,1.4346455682579522,0.1468023692089122,0.7676560900716479
CONCH,PCam,MHIST,PCam->MHIST,0.01,42,10.0,2620,0.6098955519538988,0.5783959015347987,0.2796687707249891,0.1795740356023351,1.8622596041443096,0.1906938984691398,0.5117707267144319
CONCH,PCam,MHIST,PCam->MHIST,0.01,42,100.0,2620,0.5624707365388079,0.5329257283447987,0.2906062832065131,0.2092166981110891,2.255040611759569,0.1944377983684739,0.7103377686796315
CONCH,PCam,MHIST,PCam->MHIST,0.01,123,0.01,2620,0.6586619845128759,0.4901707134180834,0.2338434862923981,0.0955140056843796,0.2427118637236512,0.1420678644459215,0.9007164790174002
CONCH,PCam,MHIST,PCam->MHIST,0.01,123,0.1,2620,0.6616153430578066,0.5051267186658235,0.2166025498450596,0.0404828113128897,0.8412507863497489,0.1494352371489741,0.901740020470829
CONCH,PCam,MHIST,PCam->MHIST,0.01,123,1.0,2620,0.6679227444624528,0.5479865275001851,0.2219549793672252,0.0846823880001382,1.4637107037869612,0.1376918330714222,0.8239508700102354
CONCH,PCam,MHIST,PCam->MHIST,0.01,123,10.0,2620,0.6589546191247975,0.607354901730853,0.2378440838068605,0.1252774046028011,1.8929058981050448,0.1344111953008857,0.6509723643807575
CONCH,PCam,MHIST,PCam->MHIST,0.01,123,100.0,2620,0.6280118854673149,0.5798379417977741,0.2611740175442079,0.192131432310907,2.372302644237374,0.1603019753170072,0.7799385875127943
CONCH,PCam,MHIST,PCam->MHIST,0.01,456,0.01,2620,0.6653205474518279,0.4969162230965054,0.234094491304174,0.1021588396383899,0.2378794940305809,0.1332096922050616,0.8935516888433982
CONCH,PCam,MHIST,PCam->MHIST,0.01,456,0.1,2620,0.6652530163875383,0.4984177975261198,0.2163387492093879,0.0374028387599072,0.8419954037991484,0.1601791826533788,0.9181166837256908
CONCH,PCam,MHIST,PCam->MHIST,0.01,456,1.0,2620,0.6600531244372411,0.4680681380736132,0.2394291614394339,0.1498750188652123,1.5117438446853362,0.1929911137390475,0.9314227226202662
CONCH,PCam,MHIST,PCam->MHIST,0.01,456,10.0,2620,0.6204123896992617,0.3932091182091182,0.3169119315514982,0.3016065263102698,1.98408685638405,0.3024796898946046,0.9897645854657112
CONCH,PCam,MHIST,PCam->MHIST,0.01,456,100.0,2620,0.6418962722852513,0.3990287236790234,0.3290235183634646,0.3188974949888364,2.3399191384021365,0.3037157090076429,0.9877175025588536
CONCH,PCam,MHIST,PCam->MHIST,0.1,42,0.01,26214,0.6625742841707185,0.503777175816734,0.2164148319432967,0.0357085696646053,0.8297876386842741,0.1513152817063485,0.8996929375639714
CONCH,PCam,MHIST,PCam->MHIST,0.1,42,0.1,26214,0.6603862776877364,0.5422143562876791,0.2234565505111846,0.0873036277822075,1.4276741166244007,0.1359577694323206,0.812691914022518
CONCH,PCam,MHIST,PCam->MHIST,0.1,42,1.0,26214,0.6371871060687915,0.5906110420407975,0.2462537001720847,0.1357365125678118,1.808682631002875,0.1495639721846425,0.6683725690890481
CONCH,PCam,MHIST,PCam->MHIST,0.1,42,10.0,26214,0.6317260940032414,0.5396640184396997,0.2590038238430275,0.1763308744517217,2.039579611906542,0.1730214198630855,0.812691914022518
CONCH,PCam,MHIST,PCam->MHIST,0.1,42,100.0,26214,0.6365207995678012,0.5296423658872077,0.2686010157396395,0.2131134760341878,2.3969389402407835,0.1890951830513014,0.8567041965199591
CONCH,PCam,MHIST,PCam->MHIST,0.1,123,0.01,26214,0.6637133081217359,0.4909260141710051,0.2164493733312202,0.034880435526913,0.8383831083586538,0.1586848270248289,0.9109518935516888
CONCH,PCam,MHIST,PCam->MHIST,0.1,123,0.1,26214,0.6613317125877903,0.5426827589371759,0.2244262292680067,0.0918762885310262,1.4637131151387268,0.1393866403413849,0.8167860798362334
CONCH,PCam,MHIST,PCam->MHIST,0.1,123,1.0,26214,0.6410093643075815,0.5686060694769711,0.2468484496499976,0.1511982044828033,1.851651302343524,0.1560886757457741,0.744114636642784
CONCH,PCam,MHIST,PCam->MHIST,0.1,123,10.0,26214,0.6242751665766252,0.4933589829374373,0.2731104301493816,0.2103582496574124,2.075288992280311,0.2042327357840753,0.8669396110542477
CONCH,PCam,MHIST,PCam->MHIST,0.1,123,100.0,26214,0.6282775076535208,0.501330504100476,0.2869986848421709,0.2448240985742782,2.4637131424103518,0.2200744762105221,0.887410440122825
CONCH,PCam,MHIST,PCam->MHIST,0.1,456,0.01,26214,0.6632946155231405,0.497870778267254,0.2163774017832494,0.036640050099385,0.8288125014465981,0.1549577143521547,0.9037871033776868
CONCH,PCam,MHIST,PCam->MHIST,0.1,456,0.1,26214,0.6597559877543671,0.532088122605364,0.2246311622647103,0.0901642770297607,1.4257617442180193,0.1465610882395719,0.834186284544524
CONCH,PCam,MHIST,PCam->MHIST,0.1,456,1.0,26214,0.6294120295335854,0.5614643119941134,0.2483556236034943,0.1422449069664419,1.7898661852871836,0.1597610169373187,0.7502558853633572
CONCH,PCam,MHIST,PCam->MHIST,0.1,456,10.0,26214,0.6308797046641454,0.5008162502336594,0.2673151300972833,0.2033916830185902,2.021490136033556,0.2009930786057804,0.8618219037871033
CONCH,PCam,MHIST,PCam->MHIST,0.1,456,100.0,26214,0.6284755987754368,0.4976418439716312,0.2888529642723119,0.2488352599458866,2.3655297816843768,0.2331264601905346,0.9078812691914022
CONCH,PCam,MHIST,PCam->MHIST,1.0,42,0.01,262144,0.6602602197010625,0.5634709368695163,0.2224412469762328,0.0771370465033293,1.4486839796448443,0.1221561513652044,0.7778915046059366
CONCH,PCam,MHIST,PCam->MHIST,1.0,42,0.1,262144,0.6341977309562399,0.5839224571146279,0.2478589071207763,0.127882777441071,1.8133973797955676,0.140725777232626,0.646878198567042
CONCH,PCam,MHIST,PCam->MHIST,1.0,42,1.0,262144,0.6332703043399964,0.5726621321433486,0.2529321501967386,0.1508461835604907,2.089098945029123,0.1443467241027717,0.7523029682702149
CONCH,PCam,MHIST,PCam->MHIST,1.0,42,10.0,262144,0.6267693138843867,0.5273230544716221,0.2699047848790827,0.2039255273055312,2.3746885592523905,0.182422220905024,0.8239508700102354
CONCH,PCam,MHIST,PCam->MHIST,1.0,42,100.0,262144,0.6300198091121916,0.552883599426975,0.2669135632997246,0.1996245356941897,2.486131945848853,0.1691779169941429,0.8065506653019447
CONCH,PCam,MHIST,PCam->MHIST,1.0,123,0.01,262144,0.6602602197010625,0.5634709368695163,0.2224412469762328,0.0771370465033293,1.4486839796448443,0.1221561513652044,0.7778915046059366
CONCH,PCam,MHIST,PCam->MHIST,1.0,123,0.1,262144,0.6341977309562399,0.5839224571146279,0.2478589071207763,0.127882777441071,1.8133973797955676,0.140725777232626,0.646878198567042
CONCH,PCam,MHIST,PCam->MHIST,1.0,123,1.0,262144,0.6332703043399964,0.5726621321433486,0.2529321501967386,0.1508461835604907,2.089098945029123,0.1443467241027717,0.7523029682702149
CONCH,PCam,MHIST,PCam->MHIST,1.0,123,10.0,262144,0.6267693138843867,0.5273230544716221,0.2699047848790827,0.2039255273055312,2.3746885592523905,0.182422220905024,0.8239508700102354
CONCH,PCam,MHIST,PCam->MHIST,1.0,123,100.0,262144,0.6300198091121916,0.552883599426975,0.2669135632997246,0.1996245356941897,2.486131945848853,0.1691779169941429,0.8065506653019447
CONCH,PCam,MHIST,PCam->MHIST,1.0,456,0.01,262144,0.6602602197010625,0.5634709368695163,0.2224412469762328,0.0771370465033293,1.4486839796448443,0.1221561513652044,0.7778915046059366
CONCH,PCam,MHIST,PCam->MHIST,1.0,456,0.1,262144,0.6341977309562399,0.5839224571146279,0.2478589071207763,0.127882777441071,1.8133973797955676,0.140725777232626,0.646878198567042
CONCH,PCam,MHIST,PCam->MHIST,1.0,456,1.0,262144,0.6332703043399964,0.5726621321433486,0.2529321501967386,0.1508461835604907,2.089098945029123,0.1443467241027717,0.7523029682702149
CONCH,PCam,MHIST,PCam->MHIST,1.0,456,10.0,262144,0.6267693138843867,0.5273230544716221,0.2699047848790827,0.2039255273055312,2.3746885592523905,0.182422220905024,0.8239508700102354
CONCH,PCam,MHIST,PCam->MHIST,1.0,456,100.0,262144,0.6300198091121916,0.552883599426975,0.2669135632997246,0.1996245356941897,2.486131945848853,0.1691779169941429,0.8065506653019447
GigaPath,BRACS,CRC,BRACS->CRC,0.01,42,0.01,36,0.5623124243564163,0.4618254879448909,0.1699716760266515,0.2196521643895147,1.2990594586599324,0.152207907890033,1.0
GigaPath,BRACS,CRC,BRACS->CRC,0.01,42,0.1,36,0.5628521880563746,0.4618254879448909,0.1710931348142806,0.2224797069086334,1.230906556479522,0.1463139283316138,1.0
GigaPath,BRACS,CRC,BRACS->CRC,0.01,42,1.0,36,0.5483278168035066,0.4618254879448909,0.1694401065597801,0.2193305325381322,1.0763325576878275,0.1164441102680129,1.0
GigaPath,BRACS,CRC,BRACS->CRC,0.01,42,10.0,36,0.4871978710566036,0.4617096102777578,0.1407054475341932,0.1157147735100276,1.5739048023114943,0.075722819130532,0.9996
GigaPath,BRACS,CRC,BRACS->CRC,0.01,42,100.0,36,0.4579679417234821,0.4614583707320576,0.1331680414764216,0.0878119942142611,3.513780945601274,0.0896440044370038,0.9987333333333334
GigaPath,BRACS,CRC,BRACS->CRC,0.01,123,0.01,36,0.6161142153861969,0.4618254879448909,0.1699501977309563,0.2196573405409642,1.2901769060337336,0.1509651888562684,1.0
GigaPath,BRACS,CRC,BRACS->CRC,0.01,123,0.1,36,0.6120337332415876,0.4618254879448909,0.1706330174031405,0.2218923639041576,1.1657196021506169,0.1351918632534972,1.0
GigaPath,BRACS,CRC,BRACS->CRC,0.01,123,1.0,36,0.584096170156591,0.4618254879448909,0.1598653674649439,0.1980638380479028,0.9359358731197872,0.0549447530450265,1.0
GigaPath,BRACS,CRC,BRACS->CRC,0.01,123,10.0,36,0.5117417679920746,0.4618254879448909,0.125596999247061,0.0449059390401979,1.2166173540341665,0.0823903495370844,1.0
GigaPath,BRACS,CRC,BRACS->CRC,0.01,123,100.0,36,0.4620528777856699,0.4617868675995694,0.132587468197927,0.0973190566504387,2.257946449006419,0.09027117230422,0.9998666666666668
GigaPath,BRACS,CRC,BRACS->CRC,0.01,456,0.01,36,0.611088845579611,0.4618254879448909,0.170307130104722,0.2204512373445484,1.294515787797928,0.1526798577600975,1.0
GigaPath,BRACS,CRC,BRACS->CRC,0.01,456,0.1,36,0.6120801343009481,0.4618254879448909,0.1744287332354427,0.2302002271883631,1.1951801604021306,0.1521976378455135,1.0
GigaPath,BRACS,CRC,BRACS->CRC,0.01,456,1.0,36,0.61558222778824,0.4694850741026091,0.2013351702516582,0.2856032228789272,0.9585242384848672,0.2135445976089209,0.9987333333333334
GigaPath,BRACS,CRC,BRACS->CRC,0.01,456,10.0,36,0.6282561423174157,0.4239835171107002,0.262032538649969,0.3786420053552649,1.3324990541495207,0.3877815841927991,0.6021333333333333
GigaPath,BRACS,CRC,BRACS->CRC,0.01,456,100.0,36,0.630465431466329,0.347835273536755,0.3437003818520968,0.4625233378108371,2.3799549557762743,0.4488923401232265,0.7320666666666666
GigaPath,BRACS,CRC,BRACS->CRC,0.1,42,0.01,364,0.7074918836479017,0.4618254879448909,0.1765009839503703,0.2350431260038396,1.159625771188757,0.1540287645757805,1.0
GigaPath,BRACS,CRC,BRACS->CRC,0.1,42,0.1,364,0.7180880091192867,0.4623117621395991,0.1986130232599321,0.2857973348163065,0.9993404983296766,0.2125817683797753,0.9999333333333332
GigaPath,BRACS,CRC,BRACS->CRC,0.1,42,1.0,364,0.6958649318097917,0.5475617288525415,0.2263064711832084,0.3361208669174343,1.0064719200996126,0.3151715897112782,0.6189333333333333
GigaPath,BRACS,CRC,BRACS->CRC,0.1,42,10.0,364,0.6221703750519867,0.4811084943030105,0.2552534446412052,0.3490021552042067,1.3895270682499568,0.3465258658220624,0.5212666666666667
GigaPath,BRACS,CRC,BRACS->CRC,0.1,42,100.0,364,0.5829897002060777,0.4825474176055151,0.2984681322096272,0.3319209113052301,2.694595251703207,0.3276763002221298,0.5622666666666667
GigaPath,BRACS,CRC,BRACS->CRC,0.1,123,0.01,364,0.6112538960826553,0.4618254879448909,0.1753539230670542,0.2321432296109569,1.1483655239301704,0.1478096028088466,1.0
GigaPath,BRACS,CRC,BRACS->CRC,0.1,123,0.1,364,0.5989302712187554,0.4623117621395991,0.1864383327348202,0.2577767673210533,0.9562853093620532,0.158588572020439,0.9999333333333332
GigaPath,BRACS,CRC,BRACS->CRC,0.1,123,1.0,364,0.5665733266704673,0.511293538858623,0.1692893579081233,0.2175942367099145,1.106394805147006,0.1280858178764452,0.9702666666666668
GigaPath,BRACS,CRC,BRACS->CRC,0.1,123,10.0,364,0.532182146537101,0.5204170678863747,0.151425263810974,0.1357804237366315,1.8666408458485264,0.1322771784509079,0.9274666666666668
GigaPath,BRACS,CRC,BRACS->CRC,0.1,123,100.0,364,0.5018762675411337,0.521022119259651,0.1636905334748338,0.1513084502662765,3.6327109039705534,0.161821291125691,0.8878
GigaPath,BRACS,CRC,BRACS->CRC,0.1,456,0.01,364,0.561159224778852,0.4618254879448909,0.1732090212314706,0.2271576664001125,1.1736509349899615,0.1443058263233324,1.0
GigaPath,BRACS,CRC,BRACS->CRC,0.1,456,0.1,364,0.5510801553292803,0.4618254879448909,0.1788531485728227,0.2404896688189648,0.9271282588755048,0.1244941228837797,1.0
GigaPath,BRACS,CRC,BRACS->CRC,0.1,456,1.0,364,0.5253269102487418,0.5227492210019904,0.1835174324232346,0.2443807678841131,1.0747905620524525,0.1629542098387346,0.9536666666666668
GigaPath,BRACS,CRC,BRACS->CRC,0.1,456,10.0,364,0.5723173105230447,0.529568583884508,0.1776306719607306,0.1969321136994212,2.050496832100889,0.1998033085521905,0.8197333333333333
GigaPath,BRACS,CRC,BRACS->CRC,0.1,456,100.0,364,0.6514979254966191,0.5557874424691333,0.1972040859334369,0.1853278743595177,3.7322039871454593,0.2161272716499002,0.7446666666666667
GigaPath,BRACS,CRC,BRACS->CRC,1.0,42,0.01,3657,0.6332239397631741,0.4618254879448909,0.1879129937701455,0.2610091661162627,0.9267033590695288,0.1587980172690461,1.0
GigaPath,BRACS,CRC,BRACS->CRC,1.0,42,0.1,3657,0.6183030968307968,0.568018676298931,0.1988789168394936,0.283262634238286,0.9823033957929436,0.216432904053712,0.8688666666666667
GigaPath,BRACS,CRC,BRACS->CRC,1.0,42,1.0,3657,0.6020277153418039,0.5321394424533439,0.2085100341926098,0.2779494868076845,1.5133672585644753,0.259583084553339,0.6958666666666666
GigaPath,BRACS,CRC,BRACS->CRC,1.0,42,10.0,3657,0.5396286586377379,0.5013162796021485,0.2253577190947345,0.244229862444901,2.2780631983969486,0.2414104792779141,0.7051333333333333
GigaPath,BRACS,CRC,BRACS->CRC,1.0,42,100.0,3657,0.4846612189656864,0.4878920102556166,0.2336938350229685,0.2377226461928207,3.9845566360687976,0.2103281239722619,0.7970666666666667
GigaPath,BRACS,CRC,BRACS->CRC,1.0,123,0.01,3657,0.6332239397631741,0.4618254879448909,0.1879129937701455,0.2610091661162627,0.9267033590695288,0.1587980172690461,1.0
GigaPath,BRACS,CRC,BRACS->CRC,1.0,123,0.1,3657,0.6183030968307968,0.568018676298931,0.1988789168394936,0.283262634238286,0.9823033957929436,0.216432904053712,0.8688666666666667
GigaPath,BRACS,CRC,BRACS->CRC,1.0,123,1.0,3657,0.6020277153418039,0.5321394424533439,0.2085100341926098,0.2779494868076845,1.5133672585644753,0.259583084553339,0.6958666666666666
GigaPath,BRACS,CRC,BRACS->CRC,1.0,123,10.0,3657,0.5396286586377379,0.5013162796021485,0.2253577190947345,0.244229862444901,2.2780631983969486,0.2414104792779141,0.7051333333333333
GigaPath,BRACS,CRC,BRACS->CRC,1.0,123,100.0,3657,0.4846612189656864,0.4878920102556166,0.2336938350229685,0.2377226461928207,3.9845566360687976,0.2103281239722619,0.7970666666666667
GigaPath,BRACS,CRC,BRACS->CRC,1.0,456,0.01,3657,0.6332239397631741,0.4618254879448909,0.1879129937701455,0.2610091661162627,0.9267033590695288,0.1587980172690461,1.0
GigaPath,BRACS,CRC,BRACS->CRC,1.0,456,0.1,3657,0.6183030968307968,0.568018676298931,0.1988789168394936,0.283262634238286,0.9823033957929436,0.216432904053712,0.8688666666666667
GigaPath,BRACS,CRC,BRACS->CRC,1.0,456,1.0,3657,0.6020277153418039,0.5321394424533439,0.2085100341926098,0.2779494868076845,1.5133672585644753,0.259583084553339,0.6958666666666666
GigaPath,BRACS,CRC,BRACS->CRC,1.0,456,10.0,3657,0.5396286586377379,0.5013162796021485,0.2253577190947345,0.244229862444901,2.2780631983969486,0.2414104792779141,0.7051333333333333
GigaPath,BRACS,CRC,BRACS->CRC,1.0,456,100.0,3657,0.4846612189656864,0.4878920102556166,0.2336938350229685,0.2377226461928207,3.9845566360687976,0.2103281239722619,0.7970666666666667
GigaPath,CRC,BRACS,CRC->BRACS,0.01,42,0.01,699,0.7044753086419753,0.4171779141104294,0.2226993527356484,0.1409205649838021,1.8504067155918376,0.1577674977393809,1.0
GigaPath,CRC,BRACS,CRC->BRACS,0.01,42,0.1,699,0.7048232873396271,0.4171779141104294,0.223805089895042,0.1555897914837282,1.409366335411294,0.221800560158888,1.0
GigaPath,CRC,BRACS,CRC->BRACS,0.01,42,1.0,699,0.702387436456064,0.4171779141104294,0.2359040850729865,0.2011073863981137,0.9416961072868067,0.2765088244736745,1.0
GigaPath,CRC,BRACS,CRC->BRACS,0.01,42,10.0,699,0.6982722101186152,0.4171779141104294,0.246752250263699,0.2312699463420548,1.1427009729712414,0.272834290213899,1.0
GigaPath,CRC,BRACS,CRC->BRACS,0.01,42,100.0,699,0.6864863229242314,0.4359367655426635,0.2530935306332986,0.2466980061605438,1.6162335076238108,0.2619800655978851,0.9929824561403509
GigaPath,CRC,BRACS,CRC->BRACS,0.01,123,0.01,699,0.6920842411038489,0.4171779141104294,0.2229171462330015,0.1418458794686815,1.848629779321706,0.158871230088473,1.0
GigaPath,CRC,BRACS,CRC->BRACS,0.01,123,0.1,699,0.6950950133139675,0.4171779141104294,0.2261639895467938,0.1628232787020108,1.4339589552331768,0.2243909294390669,1.0
GigaPath,CRC,BRACS,CRC->BRACS,0.01,123,1.0,699,0.6883169934640523,0.4171779141104294,0.2453330858080889,0.2188997843071725,1.0101167460694696,0.2779880304222801,1.0
GigaPath,CRC,BRACS,CRC->BRACS,0.01,123,10.0,699,0.6624606632776567,0.4171779141104294,0.2658709722663671,0.2576232136597842,1.2154113070381494,0.2800417523618228,1.0
GigaPath,CRC,BRACS,CRC->BRACS,0.01,123,100.0,699,0.6588749697409828,0.4171779141104294,0.2765254398016649,0.2746846814617182,1.8048284700302624,0.2782061063187704,1.0
GigaPath,CRC,BRACS,CRC->BRACS,0.01,456,0.01,699,0.690737714839022,0.4171779141104294,0.2226602933312756,0.1408894452810296,1.848079539172688,0.1580055010093129,1.0
GigaPath,CRC,BRACS,CRC->BRACS,0.01,456,0.1,699,0.6923717017671266,0.4171779141104294,0.2235281024364065,0.1553233030719127,1.3962518929723793,0.2230078431290639,1.0
GigaPath,CRC,BRACS,CRC->BRACS,0.01,456,1.0,699,0.6868645606390704,0.4171779141104294,0.2353245665309732,0.2004159021497316,0.9351700131452244,0.2762267325088802,1.0
GigaPath,CRC,BRACS,CRC->BRACS,0.01,456,10.0,699,0.6731420963447108,0.4165813715455476,0.2455887263137068,0.2291840862621092,1.1028578139102423,0.2737789728214699,0.9982456140350876
GigaPath,CRC,BRACS,CRC->BRACS,0.01,456,100.0,699,0.6722494553376906,0.4295571095571096,0.2549216324593059,0.248694522095167,1.6349935647047866,0.2615995624299568,0.9947368421052633
GigaPath,CRC,BRACS,CRC->BRACS,0.1,42,0.01,6999,0.6881656983781168,0.4171779141104294,0.2245113264757615,0.1574795749299866,1.39686185132071,0.2245314714811324,1.0
GigaPath,CRC,BRACS,CRC->BRACS,0.1,42,0.1,6999,0.6845043572984749,0.4171779141104294,0.2392892652895814,0.2071320910976699,0.926462550957412,0.2779945651959083,1.0
GigaPath,CRC,BRACS,CRC->BRACS,0.1,42,1.0,6999,0.661416727184701,0.4171779141104294,0.2485876242639913,0.2314399396989253,1.011778415613284,0.2754940536603394,1.0
GigaPath,CRC,BRACS,CRC->BRACS,0.1,42,10.0,6999,0.6662884289518276,0.4359367655426635,0.2552908275744201,0.2451715100631602,1.3258816308768475,0.2693540330219445,0.9929824561403509
GigaPath,CRC,BRACS,CRC->BRACS,0.1,42,100.0,6999,0.6650931977729363,0.4359367655426635,0.256177090208292,0.2507413293542753,1.4217329390326503,0.2666157903155306,0.9929824561403509
GigaPath,CRC,BRACS,CRC->BRACS,0.1,123,0.01,6999,0.6969256838537885,0.4171779141104294,0.2244518003495945,0.1581448719261449,1.4038789320234617,0.2242337706588191,1.0
GigaPath,CRC,BRACS,CRC->BRACS,0.1,123,0.1,6999,0.6949891067538125,0.4171779141104294,0.2383571764107977,0.2069367949023287,0.9059812010418556,0.2784858318545979,1.0
GigaPath,CRC,BRACS,CRC->BRACS,0.1,123,1.0,6999,0.6695261437908496,0.4171779141104294,0.2476277602221019,0.2322725298564152,1.0174290414321745,0.2753090589767665,1.0
GigaPath,CRC,BRACS,CRC->BRACS,0.1,123,10.0,6999,0.6108236504478335,0.4469375379017586,0.2485098372304395,0.2248327254973713,1.263019830550294,0.2613111802357151,0.9859649122807016
GigaPath,CRC,BRACS,CRC->BRACS,0.1,123,100.0,6999,0.6076464536431857,0.4607442360251349,0.2563121128008707,0.2394251864578069,1.8939838680633116,0.2451486383230016,0.9719298245614036
GigaPath,CRC,BRACS,CRC->BRACS,0.1,456,0.01,6999,0.6898602033405956,0.4171779141104294,0.2242777929234685,0.1568975294943681,1.4018429073947072,0.2235606837593864,1.0
GigaPath,CRC,BRACS,CRC->BRACS,0.1,456,0.1,6999,0.6810094408133623,0.4171779141104294,0.2396575578534609,0.2080477662712434,0.898220576603521,0.2789019415052654,1.0
GigaPath,CRC,BRACS,CRC->BRACS,0.1,456,1.0,6999,0.6528534253207456,0.4171779141104294,0.2544365102252927,0.2408663055697496,1.0107226738965454,0.2779231194192956,1.0
GigaPath,CRC,BRACS,CRC->BRACS,0.1,456,10.0,6999,0.6484356088114258,0.4415049970605526,0.2633748978466992,0.2570548987199956,1.3144513072544943,0.2723406555524646,0.9894736842105264
GigaPath,CRC,BRACS,CRC->BRACS,0.1,456,100.0,6999,0.6477245219075284,0.452239092831059,0.2665123257477461,0.2649077993581537,1.867881401040295,0.2655277819149979,0.9824561403508772
GigaPath,CRC,BRACS,CRC->BRACS,1.0,42,0.01,70000,0.6862442507867343,0.4171779141104294,0.239981776667397,0.2087595119148646,0.8952686936645214,0.2791815252416905,1.0
GigaPath,CRC,BRACS,CRC->BRACS,1.0,42,0.1,70000,0.6530047204066811,0.4171779141104294,0.253417590054276,0.239000694758223,1.0182399698835969,0.277821813553286,1.0
GigaPath,CRC,BRACS,CRC->BRACS,1.0,42,1.0,70000,0.6024116436698136,0.4282144857253632,0.25239538275434,0.2323974910924552,1.2205328010488998,0.2681362578268236,0.9912280701754386
GigaPath,CRC,BRACS,CRC->BRACS,1.0,42,10.0,70000,0.5539064391188574,0.4450365539610206,0.2625815292937226,0.2389049788081404,1.6469658039060644,0.2586315793777912,0.9666666666666668
GigaPath,CRC,BRACS,CRC->BRACS,1.0,42,100.0,70000,0.6007927862503026,0.4461644306845545,0.2676993058305978,0.2599670442589788,2.1300252107642708,0.2567666377100959,0.9842105263157894
GigaPath,CRC,BRACS,CRC->BRACS,1.0,123,0.01,70000,0.6862442507867343,0.4171779141104294,0.239981776667397,0.2087595119148646,0.8952686936645214,0.2791815252416905,1.0
GigaPath,CRC,BRACS,CRC->BRACS,1.0,123,0.1,70000,0.6530047204066811,0.4171779141104294,0.253417590054276,0.239000694758223,1.0182399698835969,0.277821813553286,1.0
GigaPath,CRC,BRACS,CRC->BRACS,1.0,123,1.0,70000,0.6024116436698136,0.4282144857253632,0.25239538275434,0.2323974910924552,1.2205328010488998,0.2681362578268236,0.9912280701754386
GigaPath,CRC,BRACS,CRC->BRACS,1.0,123,10.0,70000,0.5539064391188574,0.4450365539610206,0.2625815292937226,0.2389049788081404,1.6469658039060644,0.2586315793777912,0.9666666666666668
GigaPath,CRC,BRACS,CRC->BRACS,1.0,123,100.0,70000,0.6007927862503026,0.4461644306845545,0.2676993058305978,0.2599670442589788,2.1300252107642708,0.2567666377100959,0.9842105263157894
GigaPath,CRC,BRACS,CRC->BRACS,1.0,456,0.01,70000,0.6862442507867343,0.4171779141104294,0.239981776667397,0.2087595119148646,0.8952686936645214,0.2791815252416905,1.0
GigaPath,CRC,BRACS,CRC->BRACS,1.0,456,0.1,70000,0.6530047204066811,0.4171779141104294,0.253417590054276,0.239000694758223,1.0182399698835969,0.277821813553286,1.0
GigaPath,CRC,BRACS,CRC->BRACS,1.0,456,1.0,70000,0.6024116436698136,0.4282144857253632,0.25239538275434,0.2323974910924552,1.2205328010488998,0.2681362578268236,0.9912280701754386
GigaPath,CRC,BRACS,CRC->BRACS,1.0,456,10.0,70000,0.5539064391188574,0.4450365539610206,0.2625815292937226,0.2389049788081404,1.6469658039060644,0.2586315793777912,0.9666666666666668
GigaPath,CRC,BRACS,CRC->BRACS,1.0,456,100.0,70000,0.6007927862503026,0.4461644306845545,0.2676993058305978,0.2599670442589788,2.1300252107642708,0.2567666377100959,0.9842105263157894
GigaPath,MHIST,PCam,MHIST->PCam,0.01,42,0.01,18,0.3362200054331878,0.3334282633902236,0.2994002175249084,0.2222116407874709,2.517046262951287,0.181148078775804,1.0
GigaPath,MHIST,PCam,MHIST->PCam,0.01,42,0.1,18,0.3360238129838065,0.3334282633902236,0.3002685206243158,0.2237152705391701,2.4850233324786664,0.1845771315227475,1.0
GigaPath,MHIST,PCam,MHIST->PCam,0.01,42,1.0,18,0.3333104674973074,0.3334282633902236,0.3079898228673917,0.2366198576402127,2.2657321378770376,0.2125559769770146,1.0
GigaPath,MHIST,PCam,MHIST->PCam,0.01,42,10.0,18,0.3162768911479699,0.3334282633902236,0.3523953373375877,0.3079359980176813,1.9996798673152365,0.3079655822797032,1.0
GigaPath,MHIST,PCam,MHIST->PCam,0.01,42,100.0,18,0.29718727827883,0.3333875823907559,0.419160215193022,0.3888921091668198,3.0228962125723817,0.3172582601775969,0.999908447265625
GigaPath,MHIST,PCam,MHIST->PCam,0.01,123,0.01,18,0.4521685211221037,0.3334282633902236,0.2994624094904197,0.2223854455326882,2.5192594445480325,0.1811525355286326,1.0
GigaPath,MHIST,PCam,MHIST->PCam,0.01,123,0.1,18,0.452396207181417,0.3334282633902236,0.3009131888462348,0.2254831235165975,2.5070842066449317,0.1846296554019501,1.0
GigaPath,MHIST,PCam,MHIST->PCam,0.01,123,1.0,18,0.4538655438997285,0.3334282633902236,0.3149157607945554,0.254256441665967,2.4728865541192957,0.2118037287477046,1.0
GigaPath,MHIST,PCam,MHIST->PCam,0.01,123,10.0,18,0.4629281821976636,0.3334282633902236,0.3937893730608315,0.3771289981118036,2.918104618906773,0.2945718029062577,1.0
GigaPath,MHIST,PCam,MHIST->PCam,0.01,123,100.0,18,0.4717900645647688,0.3334282633902236,0.4745550305463383,0.4729952501672495,4.341758143662428,0.3427397117446062,1.0
GigaPath,MHIST,PCam,MHIST->PCam,0.01,456,0.01,18,0.5131821116280685,0.3334282633902236,0.2993892639280769,0.2222348761492536,2.513552000424989,0.1813974376087522,1.0
GigaPath,MHIST,PCam,MHIST->PCam,0.01,456,0.1,18,0.514262408758916,0.3334282633902236,0.3001481949128308,0.2239189971584316,2.453247909615752,0.1869211533486811,1.0
GigaPath,MHIST,PCam,MHIST->PCam,0.01,456,1.0,18,0.5198408643610863,0.3334282633902236,0.3074511971131925,0.2396583308858721,2.169177181145713,0.2236749432831343,1.0
GigaPath,MHIST,PCam,MHIST->PCam,0.01,456,10.0,18,0.5358783314303988,0.3334282633902236,0.3501201228349569,0.3179808761822198,2.3248798984066927,0.2853782271186418,1.0
GigaPath,MHIST,PCam,MHIST->PCam,0.01,456,100.0,18,0.5426062181133952,0.3334282633902236,0.4215203265489902,0.4164882317811006,3.8766800860436463,0.2805484360260132,1.0
GigaPath,MHIST,PCam,MHIST->PCam,0.1,42,0.01,184,0.342311940242667,0.3334282633902236,0.298501064892425,0.2197253737344295,2.4121732109652703,0.1860759542370864,1.0
GigaPath,MHIST,PCam,MHIST->PCam,0.1,42,0.1,184,0.3402873004752312,0.3334282633902236,0.3095474321359878,0.2399732254095107,2.1369415517838357,0.2268704975038903,1.0
GigaPath,MHIST,PCam,MHIST->PCam,0.1,42,1.0,184,0.331303597367839,0.3334282633902236,0.3760712666009012,0.3517379446991102,1.5917477979679682,0.3933024761362512,1.0
GigaPath,MHIST,PCam,MHIST->PCam,0.1,42,10.0,184,0.3020624361971742,0.3334282633902236,0.4869769968926312,0.483438841102446,1.8845456737768456,0.4867108631391509,1.0
GigaPath,MHIST,PCam,MHIST->PCam,0.1,42,100.0,184,0.3084004600034004,0.3334282633902236,0.4996450707309298,0.499461029690612,3.384005438564444,0.4937381019686288,1.0
GigaPath,MHIST,PCam,MHIST->PCam,0.1,123,0.01,184,0.3722350233775233,0.3334282633902236,0.2982964754985878,0.2194101574131748,2.41376789689563,0.1856856394801678,1.0
GigaPath,MHIST,PCam,MHIST->PCam,0.1,123,0.1,184,0.3753855727385471,0.3334282633902236,0.307739723023674,0.2375032232221566,2.147067168182605,0.2235731419471739,1.0
GigaPath,MHIST,PCam,MHIST->PCam,0.1,123,1.0,184,0.3919552088000075,0.3334282633902236,0.3658052475079089,0.3331675810466129,1.6299160528829857,0.3787366729326195,1.0
GigaPath,MHIST,PCam,MHIST->PCam,0.1,123,10.0,184,0.4168601014694011,0.3334282633902236,0.4665162024178389,0.4624132632270466,1.7835503745514922,0.4731872241282219,1.0
GigaPath,MHIST,PCam,MHIST->PCam,0.1,123,100.0,184,0.4452896409451679,0.3334282633902236,0.4974251035547478,0.4967127110898453,3.1297152452181813,0.4810492290180722,1.0
GigaPath,MHIST,PCam,MHIST->PCam,0.1,456,0.01,184,0.4340575719953367,0.3334282633902236,0.2982983750585639,0.2195884686154448,2.421804174042751,0.1852843977719469,1.0
GigaPath,MHIST,PCam,MHIST->PCam,0.1,456,0.1,184,0.4380760321979433,0.3334282633902236,0.3081041759104705,0.2396290300476967,2.1876232520437964,0.2220137781879024,1.0
GigaPath,MHIST,PCam,MHIST->PCam,0.1,456,1.0,184,0.4560470929231776,0.3334282633902236,0.3738005418940309,0.3509546232568048,1.5937773893092502,0.3963144861194637,1.0
GigaPath,MHIST,PCam,MHIST->PCam,0.1,456,10.0,184,0.471098836823713,0.3334282633902236,0.4810178230716795,0.479255297040909,1.582049777383071,0.4918419458064145,1.0
GigaPath,MHIST,PCam,MHIST->PCam,0.1,456,100.0,184,0.4907801376589639,0.3334147036087717,0.4986733537841952,0.4984204944084283,2.688673905035289,0.4939097162123619,0.999969482421875
GigaPath,MHIST,PCam,MHIST->PCam,1.0,42,0.01,1849,0.4287810102487709,0.3334282633902236,0.3052503804831377,0.2332152737178567,2.119972011798469,0.2218724041543535,1.0
GigaPath,MHIST,PCam,MHIST->PCam,1.0,42,0.1,1849,0.4486317857465055,0.3334282633902236,0.3585962414811125,0.326257705002994,1.4780085947059567,0.3906792389628901,1.0
GigaPath,MHIST,PCam,MHIST->PCam,1.0,42,1.0,1849,0.4865364389132168,0.3334282633902236,0.4643338069368071,0.462051818870207,1.3553410237482373,0.49021622150179,1.0
GigaPath,MHIST,PCam,MHIST->PCam,1.0,42,10.0,1849,0.5710304937530092,0.3334282633902236,0.4965910266941443,0.4968441269848703,1.729517704798226,0.4984354149525293,1.0
GigaPath,MHIST,PCam,MHIST->PCam,1.0,42,100.0,1849,0.6318606360300302,0.3338216145833333,0.4966811730704683,0.4975848290402568,2.8821321494994696,0.4930796679754668,0.999786376953125
GigaPath,MHIST,PCam,MHIST->PCam,1.0,123,0.01,1849,0.4287810102487709,0.3334282633902236,0.3052503804831377,0.2332152737178567,2.119972011798469,0.2218724041543535,1.0
GigaPath,MHIST,PCam,MHIST->PCam,1.0,123,0.1,1849,0.4486317857465055,0.3334282633902236,0.3585962414811125,0.326257705002994,1.4780085947059567,0.3906792389628901,1.0
GigaPath,MHIST,PCam,MHIST->PCam,1.0,123,1.0,1849,0.4865364389132168,0.3334282633902236,0.4643338069368071,0.462051818870207,1.3553410237482373,0.49021622150179,1.0
GigaPath,MHIST,PCam,MHIST->PCam,1.0,123,10.0,1849,0.5710304937530092,0.3334282633902236,0.4965910266941443,0.4968441269848703,1.729517704798226,0.4984354149525293,1.0
GigaPath,MHIST,PCam,MHIST->PCam,1.0,123,100.0,1849,0.6318606360300302,0.3338216145833333,0.4966811730704683,0.4975848290402568,2.8821321494994696,0.4930796679754668,0.999786376953125
GigaPath,MHIST,PCam,MHIST->PCam,1.0,456,0.01,1849,0.4287810102487709,0.3334282633902236,0.3052503804831377,0.2332152737178567,2.119972011798469,0.2218724041543535,1.0
GigaPath,MHIST,PCam,MHIST->PCam,1.0,456,0.1,1849,0.4486317857465055,0.3334282633902236,0.3585962414811125,0.326257705002994,1.4780085947059567,0.3906792389628901,1.0
GigaPath,MHIST,PCam,MHIST->PCam,1.0,456,1.0,1849,0.4865364389132168,0.3334282633902236,0.4643338069368071,0.462051818870207,1.3553410237482373,0.49021622150179,1.0
GigaPath,MHIST,PCam,MHIST->PCam,1.0,456,10.0,1849,0.5710304937530092,0.3334282633902236,0.4965910266941443,0.4968441269848703,1.729517704798226,0.4984354149525293,1.0
GigaPath,MHIST,PCam,MHIST->PCam,1.0,456,100.0,1849,0.6318606360300302,0.3338216145833333,0.4966811730704683,0.4975848290402568,2.8821321494994696,0.4930796679754668,0.999786376953125
GigaPath,PCam,MHIST,PCam->MHIST,0.01,42,0.01,2620,0.4614532685035116,0.4253353417975755,0.2471978391914751,0.1197338390159023,0.1809608270252816,0.1017239384391719,0.9539406345957012
GigaPath,PCam,MHIST,PCam->MHIST,0.01,42,0.1,2620,0.4538087520259319,0.3930876759488048,0.2370154951028478,0.0716071715302584,0.696883105599713,0.1380564501877358,0.9979529170931424
GigaPath,PCam,MHIST,PCam->MHIST,0.01,42,1.0,2620,0.4650009004141905,0.3900896060152363,0.2517152341237895,0.1264795349841705,1.3679951493583724,0.1931819381662086,0.9989764585465712
GigaPath,PCam,MHIST,PCam->MHIST,0.01,42,10.0,2620,0.4897532865117954,0.394846595366891,0.2786865893693619,0.2017622023927138,2.1553086702581896,0.1866308101238451,0.9938587512794268
GigaPath,PCam,MHIST,PCam->MHIST,0.01,42,100.0,2620,0.4840356564019449,0.4086880124951191,0.3108044329699589,0.2605546186529958,3.8179041017705457,0.1621497357077534,0.9651995905834186
GigaPath,PCam,MHIST,PCam->MHIST,0.01,123,0.01,2620,0.4468665586169638,0.3973765009046549,0.2456967652689435,0.1111637815319359,0.176227997642989,0.1311660227997587,0.9918116683725692
GigaPath,PCam,MHIST,PCam->MHIST,0.01,123,0.1,2620,0.4375427696740501,0.3900896060152363,0.2370848003352012,0.0697756486398609,0.7112110242086274,0.1697008158731172,0.9989764585465712
GigaPath,PCam,MHIST,PCam->MHIST,0.01,123,1.0,2620,0.4381505492526562,0.3900896060152363,0.2572185579287111,0.1409748463130551,1.47352694012845,0.1919537175932564,0.9989764585465712
GigaPath,PCam,MHIST,PCam->MHIST,0.01,123,10.0,2620,0.4483252296056186,0.3952550496995612,0.2987891889608083,0.2402952369048538,2.4344625082982243,0.2024875947448831,0.9948822927328556
GigaPath,PCam,MHIST,PCam->MHIST,0.01,123,100.0,2620,0.4869169818116333,0.394846595366891,0.3429661037899332,0.327866851797789,4.5647736585092415,0.2044919053160023,0.9938587512794268
GigaPath,PCam,MHIST,PCam->MHIST,0.01,456,0.01,2620,0.4542589591211958,0.3994530838950915,0.2459550506050926,0.1126177380762737,0.1914919473996048,0.1148352507128546,0.9887410440122824
GigaPath,PCam,MHIST,PCam->MHIST,0.01,456,0.1,2620,0.4460381775616783,0.3900896060152363,0.2366615693650865,0.0589338656983895,0.7410963169173789,0.1678613034239804,0.9989764585465712
GigaPath,PCam,MHIST,PCam->MHIST,0.01,456,1.0,2620,0.4497028633171259,0.3870765370138017,0.2732501825706037,0.1870715592135456,1.4631533949249182,0.2462659626018256,1.0
GigaPath,PCam,MHIST,PCam->MHIST,0.01,456,10.0,2620,0.4777327570682514,0.3870765370138017,0.33970105918164,0.3232103631757858,2.3415988063855746,0.301879865711268,1.0
GigaPath,PCam,MHIST,PCam->MHIST,0.01,456,100.0,2620,0.4880605078336035,0.3870765370138017,0.3652419295123484,0.3629866125378195,4.0062088974953145,0.3164436559181929,1.0
GigaPath,PCam,MHIST,PCam->MHIST,0.1,42,0.01,26214,0.4502070952638213,0.3900896060152363,0.2365564979770522,0.0720302600665672,0.7200573896420238,0.152967790848104,0.9989764585465712
GigaPath,PCam,MHIST,PCam->MHIST,0.1,42,0.1,26214,0.4633036196650459,0.3870765370138017,0.2543238470917289,0.1326241831250634,1.4256290047490308,0.1948411936667802,1.0
GigaPath,PCam,MHIST,PCam->MHIST,0.1,42,1.0,26214,0.5310012605798667,0.3960708738721423,0.2735568807786935,0.2009729944166546,2.1741242002946333,0.1840760681608428,0.9969293756397134
GigaPath,PCam,MHIST,PCam->MHIST,0.1,42,10.0,26214,0.6048667386998019,0.4409899346436831,0.2607695145533635,0.1900590297716597,2.856437828573306,0.1225920278481063,0.9600818833162744
GigaPath,PCam,MHIST,PCam->MHIST,0.1,42,100.0,26214,0.6285251215559158,0.4443952988752685,0.2834495146801205,0.2388506624782562,3.289809473638011,0.1618526483401365,0.9488229273285568
GigaPath,PCam,MHIST,PCam->MHIST,0.1,123,0.01,26214,0.4502431118314424,0.3900896060152363,0.236036975667081,0.0576080699342901,0.727664671431031,0.1622688072056828,0.9989764585465712
GigaPath,PCam,MHIST,PCam->MHIST,0.1,123,0.1,26214,0.4621465874302179,0.3870765370138017,0.2567626200736288,0.1433200937026476,1.451697681981407,0.2039377753482251,1.0
GigaPath,PCam,MHIST,PCam->MHIST,0.1,123,1.0,26214,0.5301953898793446,0.3870765370138017,0.2842600408963788,0.2278508696916099,2.2021071090967594,0.2084497101446595,1.0
GigaPath,PCam,MHIST,PCam->MHIST,0.1,123,10.0,26214,0.60505132360886,0.4067623278258924,0.3011888729682505,0.2661263878221968,3.015740675463115,0.2031016728266631,0.9825997952917092
GigaPath,PCam,MHIST,PCam->MHIST,0.1,123,100.0,26214,0.5921799027552674,0.4006215786209314,0.3090300912110005,0.2801651439442904,3.397154483617538,0.1955648931405073,0.983623336745138
GigaPath,PCam,MHIST,PCam->MHIST,0.1,456,0.01,26214,0.4481541509094183,0.3900896060152363,0.2363623964715814,0.0678916710618641,0.7240470784920845,0.1631610216195435,0.9989764585465712
GigaPath,PCam,MHIST,PCam->MHIST,0.1,456,0.1,26214,0.4583198271204753,0.3870765370138017,0.2585882385130172,0.1501142473355168,1.4389710017006336,0.2102294094484899,1.0
GigaPath,PCam,MHIST,PCam->MHIST,0.1,456,1.0,26214,0.5198721411849451,0.3870765370138017,0.3031351064142619,0.2660448864726653,2.1399008317871,0.2534000137935623,1.0
GigaPath,PCam,MHIST,PCam->MHIST,0.1,456,10.0,26214,0.5727129479560598,0.3870765370138017,0.3495796650678682,0.344767797746298,2.9906716007024388,0.3032450428609444,1.0
GigaPath,PCam,MHIST,PCam->MHIST,0.1,456,100.0,26214,0.5721411849450748,0.3870765370138017,0.3628007065366875,0.3622068658206285,3.737418088855742,0.3255832877515809,1.0
GigaPath,PCam,MHIST,PCam->MHIST,1.0,42,0.01,262144,0.4625922924545291,0.3870765370138017,0.2558901279356497,0.1364445660973424,1.436888985028438,0.2035981870803341,1.0
GigaPath,PCam,MHIST,PCam->MHIST,1.0,42,0.1,262144,0.521204754186926,0.3900896060152363,0.282838670718243,0.2221856765758224,2.1468501600203527,0.2079190664354347,0.9989764585465712
GigaPath,PCam,MHIST,PCam->MHIST,1.0,42,1.0,262144,0.5884296776517198,0.3900896060152363,0.310848557666288,0.2882877951084813,2.8023286942116186,0.2321264009519006,0.9989764585465712
GigaPath,PCam,MHIST,PCam->MHIST,1.0,42,10.0,262144,0.5316045380875202,0.3990393254544198,0.3141522103906974,0.2866844605131161,3.3239430711788764,0.1960869002107242,0.9959058341862844
GigaPath,PCam,MHIST,PCam->MHIST,1.0,42,100.0,262144,0.5317531064289573,0.3990393254544198,0.3150740977533475,0.2883723943488399,3.361856023040336,0.1961933813605195,0.9959058341862844
GigaPath,PCam,MHIST,PCam->MHIST,1.0,123,0.01,262144,0.4625922924545291,0.3870765370138017,0.2558901279356497,0.1364445660973424,1.436888985028438,0.2035981870803341,1.0
GigaPath,PCam,MHIST,PCam->MHIST,1.0,123,0.1,262144,0.521204754186926,0.3900896060152363,0.282838670718243,0.2221856765758224,2.1468501600203527,0.2079190664354347,0.9989764585465712
GigaPath,PCam,MHIST,PCam->MHIST,1.0,123,1.0,262144,0.5884296776517198,0.3900896060152363,0.310848557666288,0.2882877951084813,2.8023286942116186,0.2321264009519006,0.9989764585465712
GigaPath,PCam,MHIST,PCam->MHIST,1.0,123,10.0,262144,0.5316045380875202,0.3990393254544198,0.3141522103906974,0.2866844605131161,3.3239430711788764,0.1960869002107242,0.9959058341862844
GigaPath,PCam,MHIST,PCam->MHIST,1.0,123,100.0,262144,0.5317531064289573,0.3990393254544198,0.3150740977533475,0.2883723943488399,3.361856023040336,0.1961933813605195,0.9959058341862844
GigaPath,PCam,MHIST,PCam->MHIST,1.0,456,0.01,262144,0.4625922924545291,0.3870765370138017,0.2558901279356497,0.1364445660973424,1.436888985028438,0.2035981870803341,1.0
GigaPath,PCam,MHIST,PCam->MHIST,1.0,456,0.1,262144,0.521204754186926,0.3900896060152363,0.282838670718243,0.2221856765758224,2.1468501600203527,0.2079190664354347,0.9989764585465712
GigaPath,PCam,MHIST,PCam->MHIST,1.0,456,1.0,262144,0.5884296776517198,0.3900896060152363,0.310848557666288,0.2882877951084813,2.8023286942116186,0.2321264009519006,0.9989764585465712
GigaPath,PCam,MHIST,PCam->MHIST,1.0,456,10.0,262144,0.5316045380875202,0.3990393254544198,0.3141522103906974,0.2866844605131161,3.3239430711788764,0.1960869002107242,0.9959058341862844
GigaPath,PCam,MHIST,PCam->MHIST,1.0,456,100.0,262144,0.5317531064289573,0.3990393254544198,0.3150740977533475,0.2883723943488399,3.361856023040336,0.1961933813605195,0.9959058341862844
H-Optimus-0,BRACS,CRC,BRACS->CRC,0.01,42,0.01,36,0.6347462303793979,0.4618254879448909,0.1699202807093079,0.2195609333135809,1.2992724759966363,0.1521113727079246,1.0
H-Optimus-0,BRACS,CRC,BRACS->CRC,0.01,42,0.1,36,0.6318166113309999,0.4618254879448909,0.1707347927638655,0.2219082593243408,1.2282682474830084,0.1450883700180834,1.0
H-Optimus-0,BRACS,CRC,BRACS->CRC,0.01,42,1.0,36,0.6088445457179307,0.4618254879448909,0.1699524196150951,0.222399918709037,1.0614267055465596,0.1180475125979442,1.0
H-Optimus-0,BRACS,CRC,BRACS->CRC,0.01,42,10.0,36,0.6057481968205162,0.4631631595537702,0.1417030076550456,0.1482013963936368,1.6233109433639157,0.1092350462411663,0.9994
H-Optimus-0,BRACS,CRC,BRACS->CRC,0.01,42,100.0,36,0.6386033595097128,0.4892827934718992,0.1229973453658545,0.0502470212723699,3.2065030919502937,0.1374276169586024,0.986
H-Optimus-0,BRACS,CRC,BRACS->CRC,0.01,123,0.01,36,0.6743617098020065,0.4618254879448909,0.1697563338836966,0.2192380880812336,1.2916860320625865,0.15059604806094,1.0
H-Optimus-0,BRACS,CRC,BRACS->CRC,0.01,123,0.1,36,0.6713590757113417,0.4618254879448909,0.1690881519997596,0.2186159163592753,1.1726406263790787,0.1314878883567804,1.0
H-Optimus-0,BRACS,CRC,BRACS->CRC,0.01,123,1.0,36,0.6446283052449333,0.4618254879448909,0.1573548164574759,0.1941585611504047,0.8916116240046581,0.0465016572578786,1.0
H-Optimus-0,BRACS,CRC,BRACS->CRC,0.01,123,10.0,36,0.6281071916311911,0.4618254879448909,0.1206648715651426,0.0466392162757629,1.1259347424035997,0.0685452485433612,1.0
H-Optimus-0,BRACS,CRC,BRACS->CRC,0.01,123,100.0,36,0.6368993709608078,0.4618254879448909,0.1253723779749442,0.0822481210461212,2.218663761661538,0.0667576999163823,1.0
H-Optimus-0,BRACS,CRC,BRACS->CRC,0.01,456,0.01,36,0.5692036570606129,0.4618254879448909,0.1699607160676152,0.2196394376513538,1.2947830758928487,0.1515901787403153,1.0
H-Optimus-0,BRACS,CRC,BRACS->CRC,0.01,456,0.1,36,0.5597894625859241,0.4618254879448909,0.1710966778478299,0.2225659093040055,1.194575011634918,0.1408292244121539,1.0
H-Optimus-0,BRACS,CRC,BRACS->CRC,0.01,456,1.0,36,0.5035062553447012,0.4618254879448909,0.1743545803904997,0.2296312218474621,0.9413826817416138,0.1077789488575202,1.0
H-Optimus-0,BRACS,CRC,BRACS->CRC,0.01,456,10.0,36,0.4679716596494343,0.4762408672229134,0.173828230347462,0.2125093319474951,1.3342306150549124,0.1528228231009084,0.9629333333333332
H-Optimus-0,BRACS,CRC,BRACS->CRC,0.01,456,100.0,36,0.4713720796903695,0.4847115048576819,0.1857423365968933,0.1983314656804805,2.573795188098877,0.2236995460548697,0.8457333333333333
H-Optimus-0,BRACS,CRC,BRACS->CRC,0.1,42,0.01,364,0.6830380507670668,0.4618254879448909,0.1736730342742223,0.2286679491913161,1.158628862882813,0.1441726385723315,1.0
H-Optimus-0,BRACS,CRC,BRACS->CRC,0.1,42,0.1,364,0.6437195600288789,0.4618254879448909,0.1819892669503936,0.2486653341423813,0.9242387788146214,0.1359548814566256,1.0
H-Optimus-0,BRACS,CRC,BRACS->CRC,0.1,42,1.0,364,0.5198933863558834,0.488453040163379,0.1882138701045556,0.2543675218849691,1.055503093378706,0.1744408068124973,0.9749333333333332
H-Optimus-0,BRACS,CRC,BRACS->CRC,0.1,42,10.0,364,0.4789425713327757,0.4605386358516491,0.2075030697324477,0.237705727940944,1.7496167590333591,0.2265145192854178,0.7424666666666667
H-Optimus-0,BRACS,CRC,BRACS->CRC,0.1,42,100.0,364,0.4852989688523671,0.472147415322697,0.2318998853646854,0.2418289976948927,3.2891497637441924,0.2224193689661455,0.7493333333333333
H-Optimus-0,BRACS,CRC,BRACS->CRC,0.1,123,0.01,364,0.6554684834950957,0.4618254879448909,0.1727944610409755,0.2266798264851937,1.1425502856508265,0.1385281898245076,1.0
H-Optimus-0,BRACS,CRC,BRACS->CRC,0.1,123,0.1,364,0.6015965980247386,0.4618254879448909,0.1744553974741658,0.2324659361013468,0.8749476076777511,0.0961808526516773,1.0
H-Optimus-0,BRACS,CRC,BRACS->CRC,0.1,123,1.0,364,0.5057070382411903,0.4704651963250285,0.1572556410313819,0.1850933890683994,1.1521224328155786,0.0886026329871354,0.9986666666666668
H-Optimus-0,BRACS,CRC,BRACS->CRC,0.1,123,10.0,364,0.4538713597620527,0.4735519281585186,0.1646401121712411,0.1473176238871433,2.2422221246221112,0.154098007418665,0.9262666666666668
H-Optimus-0,BRACS,CRC,BRACS->CRC,0.1,123,100.0,364,0.4113961366864956,0.440399067613866,0.2296976611647737,0.239598515032547,4.201744433090157,0.2164312695826115,0.7949333333333334
H-Optimus-0,BRACS,CRC,BRACS->CRC,0.1,456,0.01,364,0.5459418677598283,0.4618254879448909,0.1716262088111642,0.2235676658046647,1.171548056287633,0.1386151782981456,1.0
H-Optimus-0,BRACS,CRC,BRACS->CRC,0.1,456,0.1,364,0.5136076308896853,0.4618254879448909,0.1682522172043875,0.2169055701272872,0.8502198557233388,0.0627835507521766,1.0
H-Optimus-0,BRACS,CRC,BRACS->CRC,0.1,456,1.0,364,0.5040535030864919,0.4641912402778181,0.1533587374437837,0.1682162330704083,0.9471354766876028,0.0607399267785882,0.9994666666666666
H-Optimus-0,BRACS,CRC,BRACS->CRC,0.1,456,10.0,364,0.5327024517282952,0.4841986369792784,0.1714892184293434,0.1630645142164495,2.163798762262584,0.1729261997415951,0.8628666666666667
H-Optimus-0,BRACS,CRC,BRACS->CRC,0.1,456,100.0,364,0.5810688569816399,0.503795382777599,0.2168146607011658,0.2091353296737621,4.626167583374093,0.2301380071114717,0.7331333333333333
H-Optimus-0,BRACS,CRC,BRACS->CRC,1.0,42,0.01,3657,0.5983942677934737,0.4618254879448909,0.1747087914063037,0.235284217514218,0.8688553647484898,0.0939222378551178,1.0
H-Optimus-0,BRACS,CRC,BRACS->CRC,1.0,42,0.1,3657,0.519163235933214,0.4710429083225303,0.1672197366135249,0.2085322469301513,0.986059264754053,0.0900876460372652,0.9974666666666666
H-Optimus-0,BRACS,CRC,BRACS->CRC,1.0,42,1.0,3657,0.5009205371453805,0.457130931901557,0.1989625632257895,0.2201482805864769,1.654130413870324,0.2004972749866279,0.7708
H-Optimus-0,BRACS,CRC,BRACS->CRC,1.0,42,10.0,3657,0.5023370289653593,0.4578661434692772,0.2768794281676909,0.2800534257812553,2.421950853708117,0.2695089454792881,0.6523333333333333
H-Optimus-0,BRACS,CRC,BRACS->CRC,1.0,42,100.0,3657,0.3889483190769029,0.40949797489176,0.3725058254246777,0.3798869952353362,4.259585106236724,0.3368661611131378,0.6536
H-Optimus-0,BRACS,CRC,BRACS->CRC,1.0,123,0.01,3657,0.5983942677934737,0.4618254879448909,0.1747087914063037,0.235284217514218,0.8688553647484898,0.0939222378551178,1.0
H-Optimus-0,BRACS,CRC,BRACS->CRC,1.0,123,0.1,3657,0.519163235933214,0.4710429083225303,0.1672197366135249,0.2085322469301513,0.986059264754053,0.0900876460372652,0.9974666666666666
H-Optimus-0,BRACS,CRC,BRACS->CRC,1.0,123,1.0,3657,0.5009205371453805,0.457130931901557,0.1989625632257895,0.2201482805864769,1.654130413870324,0.2004972749866279,0.7708
H-Optimus-0,BRACS,CRC,BRACS->CRC,1.0,123,10.0,3657,0.5023370289653593,0.4578661434692772,0.2768794281676909,0.2800534257812553,2.421950853708117,0.2695089454792881,0.6523333333333333
H-Optimus-0,BRACS,CRC,BRACS->CRC,1.0,123,100.0,3657,0.3889483190769029,0.40949797489176,0.3725058254246777,0.3798869952353362,4.259585106236724,0.3368661611131378,0.6536
H-Optimus-0,BRACS,CRC,BRACS->CRC,1.0,456,0.01,3657,0.5983942677934737,0.4618254879448909,0.1747087914063037,0.235284217514218,0.8688553647484898,0.0939222378551178,1.0
H-Optimus-0,BRACS,CRC,BRACS->CRC,1.0,456,0.1,3657,0.519163235933214,0.4710429083225303,0.1672197366135249,0.2085322469301513,0.986059264754053,0.0900876460372652,0.9974666666666666
H-Optimus-0,BRACS,CRC,BRACS->CRC,1.0,456,1.0,3657,0.5009205371453805,0.457130931901557,0.1989625632257895,0.2201482805864769,1.654130413870324,0.2004972749866279,0.7708
H-Optimus-0,BRACS,CRC,BRACS->CRC,1.0,456,10.0,3657,0.5023370289653593,0.4578661434692772,0.2768794281676909,0.2800534257812553,2.421950853708117,0.2695089454792881,0.6523333333333333
H-Optimus-0,BRACS,CRC,BRACS->CRC,1.0,456,100.0,3657,0.3889483190769029,0.40949797489176,0.3725058254246777,0.3798869952353362,4.259585106236724,0.3368661611131378,0.6536
H-Optimus-0,CRC,BRACS,CRC->BRACS,0.01,42,0.01,699,0.6068294601791334,0.4171779141104294,0.2228619789521776,0.1405179970574895,1.8515567314187693,0.1572431622075721,1.0
H-Optimus-0,CRC,BRACS,CRC->BRACS,0.01,42,0.1,699,0.605982207697894,0.4171779141104294,0.2253406353420361,0.1543262400166092,1.4073321446434834,0.2211097287685676,1.0
H-Optimus-0,CRC,BRACS,CRC->BRACS,0.01,42,1.0,699,0.5924564270152506,0.4171779141104294,0.2449613229942859,0.2101980235329464,0.9270273692597342,0.2791214652693224,1.0
H-Optimus-0,CRC,BRACS,CRC->BRACS,0.01,42,10.0,699,0.5708212297264584,0.4171779141104294,0.2653696734072322,0.2521807385294066,1.0850455678473518,0.2813482313712233,1.0
H-Optimus-0,CRC,BRACS,CRC->BRACS,0.01,42,100.0,699,0.564360929557008,0.4171779141104294,0.2772212226541706,0.2719554855192277,1.5578597098398788,0.2797634799945635,1.0
H-Optimus-0,CRC,BRACS,CRC->BRACS,0.01,123,0.01,699,0.598160251755023,0.4171779141104294,0.222931646113696,0.1407265706934963,1.8507374973315345,0.1575401654439459,1.0
H-Optimus-0,CRC,BRACS,CRC->BRACS,0.01,123,0.1,699,0.5960572500605181,0.4171779141104294,0.226531284522905,0.1571734506053028,1.4311046023800515,0.2205253095317384,1.0
H-Optimus-0,CRC,BRACS,CRC->BRACS,0.01,123,1.0,699,0.5739227789881385,0.4171779141104294,0.250117788354772,0.2203011332378414,0.979916528187587,0.2791379294118157,1.0
H-Optimus-0,CRC,BRACS,CRC->BRACS,0.01,123,10.0,699,0.5424231420963447,0.4171779141104294,0.2733192653320652,0.2663059098724484,1.2060375776004422,0.2821315256941619,1.0
H-Optimus-0,CRC,BRACS,CRC->BRACS,0.01,123,100.0,699,0.5264766400387315,0.4171779141104294,0.2821965787708385,0.279932020346821,1.831480925723079,0.2814547009135926,1.0
H-Optimus-0,CRC,BRACS,CRC->BRACS,0.01,456,0.01,699,0.6044541273299443,0.4171779141104294,0.2227081190843647,0.1399567783873182,1.8508252412877213,0.1567813381259649,1.0
H-Optimus-0,CRC,BRACS,CRC->BRACS,0.01,456,0.1,699,0.6055434519486806,0.4171779141104294,0.223983881333951,0.1500765605668425,1.3974234251032511,0.2190410815331088,1.0
H-Optimus-0,CRC,BRACS,CRC->BRACS,0.01,456,1.0,699,0.5983871943839264,0.4171779141104294,0.240244479669989,0.2001759515086233,0.8879706774844123,0.2785867042320886,1.0
H-Optimus-0,CRC,BRACS,CRC->BRACS,0.01,456,10.0,699,0.5823499152747519,0.4171779141104294,0.2595886186026277,0.2421809572175629,1.0253823675298832,0.2805882176898159,1.0
H-Optimus-0,CRC,BRACS,CRC->BRACS,0.01,456,100.0,699,0.5853001694504962,0.4171779141104294,0.2709797627522198,0.264978693129881,1.4605430186034514,0.2788323402766407,1.0
H-Optimus-0,CRC,BRACS,CRC->BRACS,0.1,42,0.01,6999,0.6077674897119342,0.4171779141104294,0.2249672945289117,0.1532228745870344,1.3943250654539343,0.2217351205760782,1.0
H-Optimus-0,CRC,BRACS,CRC->BRACS,0.1,42,0.1,6999,0.6058006535947713,0.4171779141104294,0.2444388440211612,0.2097021411271069,0.9025879139461808,0.2796933320802012,1.0
H-Optimus-0,CRC,BRACS,CRC->BRACS,0.1,42,1.0,6999,0.5852850399419027,0.4171779141104294,0.265107335191539,0.2528596411921546,0.8713467389002635,0.2833543745986035,1.0
H-Optimus-0,CRC,BRACS,CRC->BRACS,0.1,42,10.0,6999,0.5798535463568143,0.4171779141104294,0.2756036084114126,0.273363228407997,1.222723593159848,0.2824735862609541,1.0
H-Optimus-0,CRC,BRACS,CRC->BRACS,0.1,42,100.0,6999,0.5259319777293634,0.4171779141104294,0.2823668209645328,0.2816852533163658,1.755330355691282,0.2825721302190316,1.0
H-Optimus-0,CRC,BRACS,CRC->BRACS,0.1,123,0.01,6999,0.6115498668603243,0.4171779141104294,0.2247276996725894,0.1527221652311158,1.3961265587369094,0.2211567400603701,1.0
H-Optimus-0,CRC,BRACS,CRC->BRACS,0.1,123,0.1,6999,0.6081305979181796,0.4171779141104294,0.2436158159190884,0.2080849750415643,0.8718197204464192,0.2802107935903967,1.0
H-Optimus-0,CRC,BRACS,CRC->BRACS,0.1,123,1.0,6999,0.5833333333333334,0.4171779141104294,0.2649685616735084,0.2517777664479106,0.8245503292408142,0.2835868140154429,1.0
H-Optimus-0,CRC,BRACS,CRC->BRACS,0.1,123,10.0,6999,0.5140401839748244,0.4171779141104294,0.2775515249357476,0.2700055786425581,1.128807986708392,0.2833201038534088,1.0
H-Optimus-0,CRC,BRACS,CRC->BRACS,0.1,123,100.0,6999,0.4774116436698136,0.4171779141104294,0.2829492557634528,0.2809114545988637,1.750065676171167,0.2822550847781088,1.0
H-Optimus-0,CRC,BRACS,CRC->BRACS,0.1,456,0.01,6999,0.6018064633260711,0.4171779141104294,0.2250899781789874,0.1531725937788766,1.3951209724495912,0.2216068416539107,1.0
H-Optimus-0,CRC,BRACS,CRC->BRACS,0.1,456,0.1,6999,0.5989469862018882,0.4171779141104294,0.2450344208431608,0.2110061142552223,0.8844335999168038,0.2802166411808455,1.0
H-Optimus-0,CRC,BRACS,CRC->BRACS,0.1,456,1.0,6999,0.5862987170176713,0.4171779141104294,0.2659779090352809,0.2538928965129218,0.9056907679264424,0.2832781150701925,1.0
H-Optimus-0,CRC,BRACS,CRC->BRACS,0.1,456,10.0,6999,0.5857691842168966,0.4171779141104294,0.2759431710090058,0.2738694151811,1.196172425604459,0.2828670146336464,1.0
H-Optimus-0,CRC,BRACS,CRC->BRACS,0.1,456,100.0,6999,0.5849521907528444,0.4171779141104294,0.277738477674917,0.2755400495026939,1.2905187017826427,0.282693363683437,1.0
H-Optimus-0,CRC,BRACS,CRC->BRACS,1.0,42,0.01,70000,0.6003540305010893,0.4171779141104294,0.2450190052521091,0.2104562252576932,0.8738214907438383,0.280493969883577,1.0
H-Optimus-0,CRC,BRACS,CRC->BRACS,1.0,42,0.1,70000,0.5820321955942871,0.4171779141104294,0.2654943574933758,0.2526034493368571,0.8916917617974521,0.283305965148618,1.0
H-Optimus-0,CRC,BRACS,CRC->BRACS,1.0,42,1.0,70000,0.574210239651416,0.4171779141104294,0.2766158403039974,0.2748610725607756,1.2290192734628635,0.2826033223245897,1.0
H-Optimus-0,CRC,BRACS,CRC->BRACS,1.0,42,10.0,70000,0.5495642701525054,0.4171779141104294,0.2815928306961108,0.2798811273950588,1.543849435280887,0.2824645232930302,1.0
H-Optimus-0,CRC,BRACS,CRC->BRACS,1.0,42,100.0,70000,0.5485959816025175,0.4171779141104294,0.2820590957944404,0.2804144577854874,1.614138878618253,0.2824009194460459,1.0
H-Optimus-0,CRC,BRACS,CRC->BRACS,1.0,123,0.01,70000,0.6003540305010893,0.4171779141104294,0.2450190052521091,0.2104562252576932,0.8738214907438383,0.280493969883577,1.0
H-Optimus-0,CRC,BRACS,CRC->BRACS,1.0,123,0.1,70000,0.5820321955942871,0.4171779141104294,0.2654943574933758,0.2526034493368571,0.8916917617974521,0.283305965148618,1.0
H-Optimus-0,CRC,BRACS,CRC->BRACS,1.0,123,1.0,70000,0.574210239651416,0.4171779141104294,0.2766158403039974,0.2748610725607756,1.2290192734628635,0.2826033223245897,1.0
H-Optimus-0,CRC,BRACS,CRC->BRACS,1.0,123,10.0,70000,0.5495642701525054,0.4171779141104294,0.2815928306961108,0.2798811273950588,1.543849435280887,0.2824645232930302,1.0
H-Optimus-0,CRC,BRACS,CRC->BRACS,1.0,123,100.0,70000,0.5485959816025175,0.4171779141104294,0.2820590957944404,0.2804144577854874,1.614138878618253,0.2824009194460459,1.0
H-Optimus-0,CRC,BRACS,CRC->BRACS,1.0,456,0.01,70000,0.6003540305010893,0.4171779141104294,0.2450190052521091,0.2104562252576932,0.8738214907438383,0.280493969883577,1.0
H-Optimus-0,CRC,BRACS,CRC->BRACS,1.0,456,0.1,70000,0.5820321955942871,0.4171779141104294,0.2654943574933758,0.2526034493368571,0.8916917617974521,0.283305965148618,1.0
H-Optimus-0,CRC,BRACS,CRC->BRACS,1.0,456,1.0,70000,0.574210239651416,0.4171779141104294,0.2766158403039974,0.2748610725607756,1.2290192734628635,0.2826033223245897,1.0
H-Optimus-0,CRC,BRACS,CRC->BRACS,1.0,456,10.0,70000,0.5495642701525054,0.4171779141104294,0.2815928306961108,0.2798811273950588,1.543849435280887,0.2824645232930302,1.0
H-Optimus-0,CRC,BRACS,CRC->BRACS,1.0,456,100.0,70000,0.5485959816025175,0.4171779141104294,0.2820590957944404,0.2804144577854874,1.614138878618253,0.2824009194460459,1.0
H-Optimus-0,MHIST,PCam,MHIST->PCam,0.01,42,0.01,18,0.5446670379068139,0.3334282633902236,0.2993771105414751,0.2222240595932367,2.516505587860145,0.1811942158103474,1.0
H-Optimus-0,MHIST,PCam,MHIST->PCam,0.01,42,0.1,18,0.5423967897051674,0.3334282633902236,0.2999368794314884,0.2235989701117388,2.4762479399546136,0.1850689897480995,1.0
H-Optimus-0,MHIST,PCam,MHIST->PCam,0.01,42,1.0,18,0.544597620834721,0.3334282633902236,0.3056598422584929,0.236988902275385,2.2001826938166182,0.2186137707844792,1.0
H-Optimus-0,MHIST,PCam,MHIST->PCam,0.01,42,10.0,18,0.5545100762359565,0.3334282633902236,0.3496796798362621,0.3188434043633782,1.8714163192563813,0.3335498923088971,1.0
H-Optimus-0,MHIST,PCam,MHIST->PCam,0.01,42,100.0,18,0.5784614098988812,0.3334282633902236,0.4280993187209799,0.4256096050900158,3.745963706203572,0.3017180055189246,1.0
H-Optimus-0,MHIST,PCam,MHIST->PCam,0.01,123,0.01,18,0.7025922031216992,0.3334282633902236,0.2993114335322844,0.2221530226442962,2.5156472386951325,0.1811893938295593,1.0
H-Optimus-0,MHIST,PCam,MHIST->PCam,0.01,123,0.1,18,0.7026425280775274,0.3334282633902236,0.2995402751979578,0.2234651899924974,2.4765058767723014,0.1849351927845381,1.0
H-Optimus-0,MHIST,PCam,MHIST->PCam,0.01,123,1.0,18,0.7071004534062826,0.3334282633902236,0.3019610976136972,0.235268855413687,2.2412941025604805,0.2177208145623568,1.0
H-Optimus-0,MHIST,PCam,MHIST->PCam,0.01,123,10.0,18,0.7307873770914282,0.3334282633902236,0.3233212513492268,0.2968428063623816,2.4663390701256325,0.2519408131893148,1.0
H-Optimus-0,MHIST,PCam,MHIST->PCam,0.01,123,100.0,18,0.7589987150987128,0.3348372178750127,0.3450006868863052,0.3490685940200535,4.357209877544283,0.2072570907477725,0.9991455078125
H-Optimus-0,MHIST,PCam,MHIST->PCam,0.01,456,0.01,18,0.4728165424168504,0.3334282633902236,0.2992877102783877,0.2219951525403353,2.5145681931539023,0.181124315281997,1.0
H-Optimus-0,MHIST,PCam,MHIST->PCam,0.01,456,0.1,18,0.4724600693231202,0.3334282633902236,0.2992995787096404,0.2218991156645671,2.465898337532969,0.1842884527091258,1.0
H-Optimus-0,MHIST,PCam,MHIST->PCam,0.01,456,1.0,18,0.4746728362849689,0.3334282633902236,0.3002229702477665,0.2227970041214059,2.170557609377942,0.208327510170396,1.0
H-Optimus-0,MHIST,PCam,MHIST->PCam,0.01,456,10.0,18,0.4752273532976966,0.3334147036087717,0.3219399515231292,0.2665002363382436,2.2704660453011067,0.2382139661918978,0.999969482421875
H-Optimus-0,MHIST,PCam,MHIST->PCam,0.01,456,100.0,18,0.4801170063232381,0.3310498297239273,0.3555855729043601,0.3191267585402835,3.905989752230927,0.1930711996634345,0.99322509765625
H-Optimus-0,MHIST,PCam,MHIST->PCam,0.1,42,0.01,184,0.4711667898564514,0.3334282633902236,0.2981458029088368,0.2193216190478941,2.406989000034333,0.1860808266894479,1.0
H-Optimus-0,MHIST,PCam,MHIST->PCam,0.1,42,0.1,184,0.469086024855134,0.3334282633902236,0.3072271101200722,0.2383032647774993,2.090463204112164,0.2295369603150334,1.0
H-Optimus-0,MHIST,PCam,MHIST->PCam,0.1,42,1.0,184,0.4572154410315924,0.3334282633902236,0.3879532112584341,0.3707653687948313,1.5353908882677227,0.4229204415808244,1.0
H-Optimus-0,MHIST,PCam,MHIST->PCam,0.1,42,10.0,184,0.4704534748651842,0.3334282633902236,0.496170964058828,0.4958755259653786,1.838578752216772,0.4973277793472042,1.0
H-Optimus-0,MHIST,PCam,MHIST->PCam,0.1,42,100.0,184,0.5099859572548863,0.3334282633902236,0.4997795458976514,0.499778154932401,3.2713932128376144,0.4992427672735228,1.0
H-Optimus-0,MHIST,PCam,MHIST->PCam,0.1,123,0.01,184,0.6192119283280688,0.3334282633902236,0.2975815706039326,0.2184482040886485,2.406734592995841,0.1853245628752969,1.0
H-Optimus-0,MHIST,PCam,MHIST->PCam,0.1,123,0.1,184,0.6247178264378515,0.3334282633902236,0.3018377719391381,0.2303071210495229,2.0969825019548343,0.2312745414242302,1.0
H-Optimus-0,MHIST,PCam,MHIST->PCam,0.1,123,1.0,184,0.6372229837772481,0.3334282633902236,0.3549487902133107,0.3332884580437077,1.574304582387331,0.383274685941473,1.0
H-Optimus-0,MHIST,PCam,MHIST->PCam,0.1,123,10.0,184,0.6456313566712157,0.3334282633902236,0.4835710169364096,0.4849376463932209,1.7090990584195072,0.4922456449076327,1.0
H-Optimus-0,MHIST,PCam,MHIST->PCam,0.1,123,100.0,184,0.6249300413637311,0.3334282633902236,0.4996653690182974,0.4996776029959567,2.8382440029516465,0.4985305010315286,1.0
H-Optimus-0,MHIST,PCam,MHIST->PCam,0.1,456,0.01,184,0.5666294461669135,0.3334282633902236,0.2978830918071591,0.2189869711895146,2.409767750450352,0.1855900741096738,1.0
H-Optimus-0,MHIST,PCam,MHIST->PCam,0.1,456,0.1,184,0.5651116955670457,0.3334282633902236,0.3046574051981258,0.2350334714609427,2.113298692246605,0.2242411016592891,1.0
H-Optimus-0,MHIST,PCam,MHIST->PCam,0.1,456,1.0,184,0.5568127307438246,0.3334282633902236,0.3676844394430509,0.3452691778321597,1.5295856919257818,0.4014143376141869,1.0
H-Optimus-0,MHIST,PCam,MHIST->PCam,0.1,456,10.0,184,0.5652906250180327,0.3334282633902236,0.4791087396483812,0.4794619944971544,1.4273564257343898,0.4949405025605327,1.0
H-Optimus-0,MHIST,PCam,MHIST->PCam,0.1,456,100.0,184,0.5768379876951181,0.3334282633902236,0.4986848608615361,0.4987635867704295,2.272944599646151,0.4976506933907765,1.0
H-Optimus-0,MHIST,PCam,MHIST->PCam,1.0,42,0.01,1849,0.5436303527574512,0.3334282633902236,0.3035649203168699,0.232075519913656,2.0947325884249945,0.2255553611417498,1.0
H-Optimus-0,MHIST,PCam,MHIST->PCam,1.0,42,0.1,1849,0.5417541546596347,0.3334282633902236,0.366943941841218,0.3452977587469774,1.4866093287336524,0.4048868738048778,1.0
H-Optimus-0,MHIST,PCam,MHIST->PCam,1.0,42,1.0,1849,0.5612062048133613,0.3334282633902236,0.4876040910467571,0.4878179837064162,1.3543623242968832,0.4980293852784102,1.0
H-Optimus-0,MHIST,PCam,MHIST->PCam,1.0,42,10.0,1849,0.6109358032638369,0.3334282633902236,0.4992811741762282,0.4992756637066031,1.725335279845546,0.4996044563570206,1.0
H-Optimus-0,MHIST,PCam,MHIST->PCam,1.0,42,100.0,1849,0.636247642994428,0.3333333333333333,0.4976180437592384,0.4979531299204101,2.5327901803764084,0.4960268316842126,0.999786376953125
H-Optimus-0,MHIST,PCam,MHIST->PCam,1.0,123,0.01,1849,0.5436303527574512,0.3334282633902236,0.3035649203168699,0.232075519913656,2.0947325884249945,0.2255553611417498,1.0
H-Optimus-0,MHIST,PCam,MHIST->PCam,1.0,123,0.1,1849,0.5417541546596347,0.3334282633902236,0.366943941841218,0.3452977587469774,1.4866093287336524,0.4048868738048778,1.0
H-Optimus-0,MHIST,PCam,MHIST->PCam,1.0,123,1.0,1849,0.5612062048133613,0.3334282633902236,0.4876040910467571,0.4878179837064162,1.3543623242968832,0.4980293852784102,1.0
H-Optimus-0,MHIST,PCam,MHIST->PCam,1.0,123,10.0,1849,0.6109358032638369,0.3334282633902236,0.4992811741762282,0.4992756637066031,1.725335279845546,0.4996044563570206,1.0
H-Optimus-0,MHIST,PCam,MHIST->PCam,1.0,123,100.0,1849,0.636247642994428,0.3333333333333333,0.4976180437592384,0.4979531299204101,2.5327901803764084,0.4960268316842126,0.999786376953125
H-Optimus-0,MHIST,PCam,MHIST->PCam,1.0,456,0.01,1849,0.5436303527574512,0.3334282633902236,0.3035649203168699,0.232075519913656,2.0947325884249945,0.2255553611417498,1.0
H-Optimus-0,MHIST,PCam,MHIST->PCam,1.0,456,0.1,1849,0.5417541546596347,0.3334282633902236,0.366943941841218,0.3452977587469774,1.4866093287336524,0.4048868738048778,1.0
H-Optimus-0,MHIST,PCam,MHIST->PCam,1.0,456,1.0,1849,0.5612062048133613,0.3334282633902236,0.4876040910467571,0.4878179837064162,1.3543623242968832,0.4980293852784102,1.0
H-Optimus-0,MHIST,PCam,MHIST->PCam,1.0,456,10.0,1849,0.6109358032638369,0.3334282633902236,0.4992811741762282,0.4992756637066031,1.725335279845546,0.4996044563570206,1.0
H-Optimus-0,MHIST,PCam,MHIST->PCam,1.0,456,100.0,1849,0.636247642994428,0.3333333333333333,0.4976180437592384,0.4979531299204101,2.5327901803764084,0.4960268316842126,0.999786376953125
H-Optimus-0,PCam,MHIST,PCam->MHIST,0.01,42,0.01,2620,0.5847109670448407,0.3870765370138017,0.2377312775884749,0.079328745302101,0.2165641393653401,0.2375413171279257,1.0
H-Optimus-0,PCam,MHIST,PCam->MHIST,0.01,42,0.1,2620,0.5819286871961102,0.3870765370138017,0.2380798621373215,0.0920444555444329,0.7167267958262812,0.2987603602276997,1.0
H-Optimus-0,PCam,MHIST,PCam->MHIST,0.01,42,1.0,2620,0.6026472177201513,0.3870765370138017,0.2960030818985268,0.2604347282449744,1.322209629484749,0.3243908138216068,1.0
H-Optimus-0,PCam,MHIST,PCam->MHIST,0.01,42,10.0,2620,0.6303934810012606,0.3870765370138017,0.3506929602379114,0.3462105218130025,2.062796141573056,0.344078785115656,1.0
H-Optimus-0,PCam,MHIST,PCam->MHIST,0.01,42,100.0,2620,0.6292049342697641,0.3870765370138017,0.3672713116356776,0.3678673989507829,3.5819420183839057,0.3559705775711907,1.0
H-Optimus-0,PCam,MHIST,PCam->MHIST,0.01,123,0.01,2620,0.5889924365207996,0.3870765370138017,0.2368420883316755,0.0745388871650618,0.2106524258340544,0.2604939356104934,1.0
H-Optimus-0,PCam,MHIST,PCam->MHIST,0.01,123,0.1,2620,0.5878309022150188,0.3870765370138017,0.2389198740607868,0.1049098296161421,0.7492375599996939,0.2962261702913416,1.0
H-Optimus-0,PCam,MHIST,PCam->MHIST,0.01,123,1.0,2620,0.5986358725013505,0.3870765370138017,0.2921682957983459,0.2528393342393392,1.4150629560892978,0.3097796852447447,1.0
H-Optimus-0,PCam,MHIST,PCam->MHIST,0.01,123,10.0,2620,0.5852332072753467,0.3863065326633166,0.3363119988325424,0.3248287696077836,2.162918475134443,0.315884008657032,0.9979529170931424
H-Optimus-0,PCam,MHIST,PCam->MHIST,0.01,123,100.0,2620,0.541090401584729,0.3837558807055669,0.3631882379291842,0.3581033358506186,3.7022691503307352,0.3072263781310183,0.9825997952917092
H-Optimus-0,PCam,MHIST,PCam->MHIST,0.01,456,0.01,2620,0.5900009004141906,0.3870765370138017,0.2373332322425324,0.0780441682327076,0.2222363194522902,0.2357959834007263,1.0
H-Optimus-0,PCam,MHIST,PCam->MHIST,0.01,456,0.1,2620,0.5892760669908158,0.3870765370138017,0.2369899065237172,0.0885125302852526,0.76852142960793,0.2832100114713495,1.0
H-Optimus-0,PCam,MHIST,PCam->MHIST,0.01,456,1.0,2620,0.6128534125697821,0.3870765370138017,0.2931229636435572,0.256115801001206,1.4190627516287302,0.315066067910809,1.0
H-Optimus-0,PCam,MHIST,PCam->MHIST,0.01,456,10.0,2620,0.6304790203493607,0.3900896060152363,0.3308667533116924,0.3208320840612236,2.1452850146096694,0.3121686299703998,0.9989764585465712
H-Optimus-0,PCam,MHIST,PCam->MHIST,0.01,456,100.0,2620,0.5998019088780839,0.3900896060152363,0.3556356852761533,0.354934911360269,3.5225888814994373,0.30817953446676,0.9989764585465712
H-Optimus-0,PCam,MHIST,PCam->MHIST,0.1,42,0.01,26214,0.571465874302179,0.3870765370138017,0.2399844349499943,0.1027430947116243,0.7488906396047684,0.2966618961475876,1.0
H-Optimus-0,PCam,MHIST,PCam->MHIST,0.1,42,0.1,26214,0.586286691878264,0.3870765370138017,0.2952919092957143,0.2549900078851353,1.402866095498411,0.316291508579877,1.0
H-Optimus-0,PCam,MHIST,PCam->MHIST,0.1,42,1.0,26214,0.6068206374932468,0.3870765370138017,0.3269897976429097,0.3129823741997264,2.0388778874959006,0.3109887266151146,1.0
H-Optimus-0,PCam,MHIST,PCam->MHIST,0.1,42,10.0,26214,0.614919863137043,0.3918859970516478,0.3275859040805359,0.3151548257004806,2.80388583101783,0.2708019470402611,0.9948822927328556
H-Optimus-0,PCam,MHIST,PCam->MHIST,0.1,42,100.0,26214,0.6053349540788763,0.4695602887655867,0.3044717066509946,0.2734535456184477,3.995356913764941,0.1778290142704629,0.9140225179119754
H-Optimus-0,PCam,MHIST,PCam->MHIST,0.1,123,0.01,26214,0.5691698181163335,0.3870765370138017,0.2416437426859837,0.108401880311826,0.7498982684862345,0.3028076130166751,1.0
H-Optimus-0,PCam,MHIST,PCam->MHIST,0.1,123,0.1,26214,0.5926796326310102,0.3870765370138017,0.2969786591991286,0.2599230884526167,1.4018865969309575,0.3175282129893483,1.0
H-Optimus-0,PCam,MHIST,PCam->MHIST,0.1,123,1.0,26214,0.641599135602377,0.3870765370138017,0.3223812653259466,0.3093438115192125,2.044967694701114,0.3066998497001338,1.0
H-Optimus-0,PCam,MHIST,PCam->MHIST,0.1,123,10.0,26214,0.6595173779938771,0.3896971043060607,0.337159744590966,0.333681206340542,2.6527151969667897,0.3023810006407787,0.9979529170931424
H-Optimus-0,PCam,MHIST,PCam->MHIST,0.1,123,100.0,26214,0.6736043580046821,0.3952550496995612,0.3338359294165024,0.3337380052944177,3.234901455496482,0.2808119628164527,0.9948822927328556
H-Optimus-0,PCam,MHIST,PCam->MHIST,0.1,456,0.01,26214,0.5682288852872321,0.3870765370138017,0.2398244041540146,0.0994869053841788,0.7433318432245697,0.2963022633943749,1.0
H-Optimus-0,PCam,MHIST,PCam->MHIST,0.1,456,0.1,26214,0.5913110030614082,0.3870765370138017,0.2920426515879925,0.2517421175676518,1.3850454789825886,0.3119756939678797,1.0
H-Optimus-0,PCam,MHIST,PCam->MHIST,0.1,456,1.0,26214,0.6360300738339636,0.3896971043060607,0.3154838043281812,0.2996975940853352,2.0242656863599557,0.2975505517472915,0.9979529170931424
H-Optimus-0,PCam,MHIST,PCam->MHIST,0.1,456,10.0,26214,0.6448181163335134,0.3994530838950915,0.311736195269608,0.298848122658656,2.7415375519690075,0.253052070981108,0.9887410440122824
H-Optimus-0,PCam,MHIST,PCam->MHIST,0.1,456,100.0,26214,0.6509769493967225,0.4898867222083494,0.2864691708507141,0.251040579098471,3.7467233209147466,0.1697482004708176,0.9232343909928352
H-Optimus-0,PCam,MHIST,PCam->MHIST,1.0,42,0.01,262144,0.5931523500810372,0.3870765370138017,0.295711974698093,0.2567704836977869,1.3984570238574998,0.3158829337493299,1.0
H-Optimus-0,PCam,MHIST,PCam->MHIST,1.0,42,0.1,262144,0.632851611741401,0.3870765370138017,0.3243411636350474,0.3116398316503129,2.0623645653239957,0.3077775615928971,1.0
H-Optimus-0,PCam,MHIST,PCam->MHIST,1.0,42,1.0,262144,0.6447956059787502,0.3926875174232468,0.3254595403591802,0.3160263547652367,2.7490706558992155,0.2736396903181771,0.9969293756397134
H-Optimus-0,PCam,MHIST,PCam->MHIST,1.0,42,10.0,262144,0.6439447145687016,0.3893041609743513,0.3297132517439086,0.3232710109043221,3.1648299091872367,0.2655997836703451,0.9969293756397134
H-Optimus-0,PCam,MHIST,PCam->MHIST,1.0,42,100.0,262144,0.6573698901494687,0.3977926923281636,0.3302912458383862,0.3280466258090299,3.337083098191114,0.2665254422993159,0.992835209825998
H-Optimus-0,PCam,MHIST,PCam->MHIST,1.0,123,0.01,262144,0.5931523500810372,0.3870765370138017,0.295711974698093,0.2567704836977869,1.3984570238574998,0.3158829337493299,1.0
H-Optimus-0,PCam,MHIST,PCam->MHIST,1.0,123,0.1,262144,0.632851611741401,0.3870765370138017,0.3243411636350474,0.3116398316503129,2.0623645653239957,0.3077775615928971,1.0
H-Optimus-0,PCam,MHIST,PCam->MHIST,1.0,123,1.0,262144,0.6447956059787502,0.3926875174232468,0.3254595403591802,0.3160263547652367,2.7490706558992155,0.2736396903181771,0.9969293756397134
H-Optimus-0,PCam,MHIST,PCam->MHIST,1.0,123,10.0,262144,0.6439447145687016,0.3893041609743513,0.3297132517439086,0.3232710109043221,3.1648299091872367,0.2655997836703451,0.9969293756397134
H-Optimus-0,PCam,MHIST,PCam->MHIST,1.0,123,100.0,262144,0.6573698901494687,0.3977926923281636,0.3302912458383862,0.3280466258090299,3.337083098191114,0.2665254422993159,0.992835209825998
H-Optimus-0,PCam,MHIST,PCam->MHIST,1.0,456,0.01,262144,0.5931523500810372,0.3870765370138017,0.295711974698093,0.2567704836977869,1.3984570238574998,0.3158829337493299,1.0
H-Optimus-0,PCam,MHIST,PCam->MHIST,1.0,456,0.1,262144,0.632851611741401,0.3870765370138017,0.3243411636350474,0.3116398316503129,2.0623645653239957,0.3077775615928971,1.0
H-Optimus-0,PCam,MHIST,PCam->MHIST,1.0,456,1.0,262144,0.6447956059787502,0.3926875174232468,0.3254595403591802,0.3160263547652367,2.7490706558992155,0.2736396903181771,0.9969293756397134
H-Optimus-0,PCam,MHIST,PCam->MHIST,1.0,456,10.0,262144,0.6439447145687016,0.3893041609743513,0.3297132517439086,0.3232710109043221,3.1648299091872367,0.2655997836703451,0.9969293756397134
H-Optimus-0,PCam,MHIST,PCam->MHIST,1.0,456,100.0,262144,0.6573698901494687,0.3977926923281636,0.3302912458383862,0.3280466258090299,3.337083098191114,0.2665254422993159,0.992835209825998
MIDNIGHT,BRACS,CRC,BRACS->CRC,0.01,42,0.01,36,0.3562031900564026,0.4618254879448909,0.1696015422676344,0.2187040380266454,1.3052513539034634,0.1517630932524825,1.0
MIDNIGHT,BRACS,CRC,BRACS->CRC,0.01,42,0.1,36,0.3593810602485081,0.4618254879448909,0.1678608349874287,0.2140938239114798,1.285433939417502,0.1425777117705154,1.0
MIDNIGHT,BRACS,CRC,BRACS->CRC,0.01,42,1.0,36,0.3812928014177769,0.4618254879448909,0.1577430426741481,0.1841304299185852,1.4440279373566958,0.1261198004867522,1.0
MIDNIGHT,BRACS,CRC,BRACS->CRC,0.01,42,10.0,36,0.4240117121968999,0.4605689186821601,0.1461368592226362,0.1235791645267152,2.940876671412024,0.1837402798061394,0.994
MIDNIGHT,BRACS,CRC,BRACS->CRC,0.01,42,100.0,36,0.4203069654597962,0.4617628772943274,0.189162604075051,0.189987872014825,6.183297045356505,0.2601445973239201,0.8618
MIDNIGHT,BRACS,CRC,BRACS->CRC,0.01,123,0.01,36,0.4116581876731916,0.4618254879448909,0.1691922580642838,0.2177491375937086,1.2991811536658893,0.1495940579422663,1.0
MIDNIGHT,BRACS,CRC,BRACS->CRC,0.01,123,0.1,36,0.414996836988369,0.4618254879448909,0.1644675935556082,0.2064338754543987,1.2467138485762657,0.1252965727146888,1.0
MIDNIGHT,BRACS,CRC,BRACS->CRC,0.01,123,1.0,36,0.4418513679514199,0.4618254879448909,0.1428085959426867,0.1381160356297722,1.665172388733669,0.1096315311479347,1.0
MIDNIGHT,BRACS,CRC,BRACS->CRC,0.01,123,10.0,36,0.5098482323934448,0.4617675553482364,0.126117009412774,0.0393814342156593,3.823818606421134,0.1422952293073104,0.9998
MIDNIGHT,BRACS,CRC,BRACS->CRC,0.01,123,100.0,36,0.5543262945859054,0.4621750266946678,0.1341741540392158,0.1154904815761195,6.580811440017036,0.1233397143972101,0.9994666666666666
MIDNIGHT,BRACS,CRC,BRACS->CRC,0.01,456,0.01,36,0.2902401596167235,0.4618254879448909,0.1694684502843384,0.2183673868408404,1.3014118673744903,0.1507614360211402,1.0
MIDNIGHT,BRACS,CRC,BRACS->CRC,0.01,456,0.1,36,0.2949863929167231,0.4618254879448909,0.1666037691361117,0.2108360669133167,1.2532641309222183,0.13568466998254,1.0
MIDNIGHT,BRACS,CRC,BRACS->CRC,0.01,456,1.0,36,0.3257367144749692,0.4618254879448909,0.1506974120009842,0.1663903953954028,1.2702676522717635,0.1094382648365979,1.0
MIDNIGHT,BRACS,CRC,BRACS->CRC,0.01,456,10.0,36,0.3690589850558652,0.4644072499157102,0.1383675726124089,0.1054094026419911,1.9425513471927975,0.1010198219993327,0.9969333333333332
MIDNIGHT,BRACS,CRC,BRACS->CRC,0.01,456,100.0,36,0.3754354982196012,0.4749847048389621,0.165462983875027,0.1609161942037442,2.979726083880891,0.1780209476126292,0.9325333333333332
MIDNIGHT,BRACS,CRC,BRACS->CRC,0.1,42,0.01,364,0.3451755091776987,0.4618254879448909,0.1707749356722508,0.2207773317238215,1.2024619971829746,0.1394882209643091,1.0
MIDNIGHT,BRACS,CRC,BRACS->CRC,0.1,42,0.1,364,0.3724519940700103,0.4618254879448909,0.1687001182664313,0.2124447557344381,1.2767624698597635,0.1398400751903141,1.0
MIDNIGHT,BRACS,CRC,BRACS->CRC,0.1,42,1.0,364,0.5392680738515025,0.5285754171470798,0.1936214274056365,0.2654632408408412,2.019554857410889,0.266310217110193,0.9156
MIDNIGHT,BRACS,CRC,BRACS->CRC,0.1,42,10.0,364,0.7117118975382832,0.4181597382517766,0.2961194753053201,0.4176041510165166,2.374829370824288,0.4097644098033126,0.6571333333333333
MIDNIGHT,BRACS,CRC,BRACS->CRC,0.1,42,100.0,364,0.7157432770669682,0.3601258515475053,0.4649729103587902,0.543815242838894,3.737562962563445,0.4884805987939267,0.7462666666666666
MIDNIGHT,BRACS,CRC,BRACS->CRC,0.1,123,0.01,364,0.3648949737029024,0.4618254879448909,0.1692306699050597,0.217263254692051,1.188512645906446,0.1357983596873695,1.0
MIDNIGHT,BRACS,CRC,BRACS->CRC,0.1,123,0.1,364,0.4133896663855101,0.4618254879448909,0.1595380724200078,0.1907269200594372,1.2962533034396944,0.1151397477135737,1.0
MIDNIGHT,BRACS,CRC,BRACS->CRC,0.1,123,1.0,364,0.6043275796506493,0.5010503375933184,0.1587870431109419,0.1978823255620227,2.109601816529022,0.2055191210552246,0.9854666666666668
MIDNIGHT,BRACS,CRC,BRACS->CRC,0.1,123,10.0,364,0.6709198537245848,0.5097392779269561,0.2475096866809666,0.3413275145439098,2.542332661364839,0.3442875788241422,0.5362666666666667
MIDNIGHT,BRACS,CRC,BRACS->CRC,0.1,123,100.0,364,0.6028220094791048,0.405725302173378,0.4370606787880154,0.4950938805852211,3.913773831450428,0.4560808605764138,0.6468
MIDNIGHT,BRACS,CRC,BRACS->CRC,0.1,456,0.01,364,0.3090618311822128,0.4618254879448909,0.1672660904712744,0.2123263198071924,1.2163626514030417,0.1432369591630266,1.0
MIDNIGHT,BRACS,CRC,BRACS->CRC,0.1,456,0.1,364,0.3458084765791109,0.4618254879448909,0.1499098015195855,0.1650387642822151,1.3925073903222278,0.106055639823262,1.0
MIDNIGHT,BRACS,CRC,BRACS->CRC,0.1,456,1.0,364,0.5233067300592998,0.4618254879448909,0.1331855305846741,0.1043994699792362,2.111812107804317,0.1173639760985682,1.0
MIDNIGHT,BRACS,CRC,BRACS->CRC,0.1,456,10.0,364,0.6425623081164689,0.5485399662917815,0.1347481857920392,0.1238447545812987,2.37179685212698,0.1508679152107434,0.9576666666666668
MIDNIGHT,BRACS,CRC,BRACS->CRC,0.1,456,100.0,364,0.4567669903082754,0.4870414238193609,0.210979521095628,0.223812573819346,4.148604382306725,0.2226791520282864,0.7964
MIDNIGHT,BRACS,CRC,BRACS->CRC,1.0,42,0.01,3657,0.3180720699355598,0.4618254879448909,0.15639749781255,0.1807276983502981,1.3269935045322456,0.1080646387541253,1.0
MIDNIGHT,BRACS,CRC,BRACS->CRC,1.0,42,0.1,3657,0.461276946931499,0.4651159670180005,0.1494195898708934,0.1525003853466269,2.002551655164288,0.1527251466000634,0.9992
MIDNIGHT,BRACS,CRC,BRACS->CRC,1.0,42,1.0,3657,0.6221818019061016,0.5436767280326481,0.1743704981324667,0.2178914495758354,1.917658097707325,0.2131131967100246,0.8376666666666667
MIDNIGHT,BRACS,CRC,BRACS->CRC,1.0,42,10.0,3657,0.5467244794903666,0.4930189185030058,0.2336942879815312,0.246032173459,2.2082550280572075,0.2468513686966557,0.6861333333333334
MIDNIGHT,BRACS,CRC,BRACS->CRC,1.0,42,100.0,3657,0.3767336691635863,0.4180747036207703,0.3302344267511588,0.3426259175442056,4.068431253481958,0.308398435730991,0.6724
MIDNIGHT,BRACS,CRC,BRACS->CRC,1.0,123,0.01,3657,0.3180720699355598,0.4618254879448909,0.15639749781255,0.1807276983502981,1.3269935045322456,0.1080646387541253,1.0
MIDNIGHT,BRACS,CRC,BRACS->CRC,1.0,123,0.1,3657,0.461276946931499,0.4651159670180005,0.1494195898708934,0.1525003853466269,2.002551655164288,0.1527251466000634,0.9992
MIDNIGHT,BRACS,CRC,BRACS->CRC,1.0,123,1.0,3657,0.6221818019061016,0.5436767280326481,0.1743704981324667,0.2178914495758354,1.917658097707325,0.2131131967100246,0.8376666666666667
MIDNIGHT,BRACS,CRC,BRACS->CRC,1.0,123,10.0,3657,0.5467244794903666,0.4930189185030058,0.2336942879815312,0.246032173459,2.2082550280572075,0.2468513686966557,0.6861333333333334
MIDNIGHT,BRACS,CRC,BRACS->CRC,1.0,123,100.0,3657,0.3767336691635863,0.4180747036207703,0.3302344267511588,0.3426259175442056,4.068431253481958,0.308398435730991,0.6724
MIDNIGHT,BRACS,CRC,BRACS->CRC,1.0,456,0.01,3657,0.3180720699355598,0.4618254879448909,0.15639749781255,0.1807276983502981,1.3269935045322456,0.1080646387541253,1.0
MIDNIGHT,BRACS,CRC,BRACS->CRC,1.0,456,0.1,3657,0.461276946931499,0.4651159670180005,0.1494195898708934,0.1525003853466269,2.002551655164288,0.1527251466000634,0.9992
MIDNIGHT,BRACS,CRC,BRACS->CRC,1.0,456,1.0,3657,0.6221818019061016,0.5436767280326481,0.1743704981324667,0.2178914495758354,1.917658097707325,0.2131131967100246,0.8376666666666667
MIDNIGHT,BRACS,CRC,BRACS->CRC,1.0,456,10.0,3657,0.5467244794903666,0.4930189185030058,0.2336942879815312,0.246032173459,2.2082550280572075,0.2468513686966557,0.6861333333333334
MIDNIGHT,BRACS,CRC,BRACS->CRC,1.0,456,100.0,3657,0.3767336691635863,0.4180747036207703,0.3302344267511588,0.3426259175442056,4.068431253481958,0.308398435730991,0.6724
MIDNIGHT,CRC,BRACS,CRC->BRACS,0.01,42,0.01,699,0.4609507383200194,0.4171779141104294,0.2236631558355296,0.1419897525760288,1.8132209203870189,0.163109924146753,1.0
MIDNIGHT,CRC,BRACS,CRC->BRACS,0.01,42,0.1,699,0.4513888888888888,0.4171779141104294,0.2324838069482335,0.1700774404641212,1.2729176305017789,0.2460776951233531,1.0
MIDNIGHT,CRC,BRACS,CRC->BRACS,0.01,42,1.0,699,0.4408133623819897,0.4171779141104294,0.258192354612865,0.2352262535491484,1.049684751698284,0.2782054222568339,1.0
MIDNIGHT,CRC,BRACS,CRC->BRACS,0.01,42,10.0,699,0.4435215444202371,0.4171779141104294,0.2759072385998087,0.2674685052481857,1.3284296942373055,0.2816822140737632,1.0
MIDNIGHT,CRC,BRACS,CRC->BRACS,0.01,42,100.0,699,0.4163943355119825,0.4165813715455476,0.2826652351563245,0.2825287170393586,1.897054906601144,0.2824087158863698,0.9982456140350876
MIDNIGHT,CRC,BRACS,CRC->BRACS,0.01,123,0.01,699,0.4602699104333091,0.4171779141104294,0.2232691279866728,0.1411301805959841,1.8140623266108968,0.1617333661748425,1.0
MIDNIGHT,CRC,BRACS,CRC->BRACS,0.01,123,0.1,699,0.4497246429435971,0.4171779141104294,0.2299992826223422,0.1684042428648096,1.2875391873594364,0.2384200567523908,1.0
MIDNIGHT,CRC,BRACS,CRC->BRACS,0.01,123,1.0,699,0.424821471798596,0.4171779141104294,0.2545841930633198,0.2258105080483104,1.0426585604305785,0.2771370984277527,1.0
MIDNIGHT,CRC,BRACS,CRC->BRACS,0.01,123,10.0,699,0.3897966594045025,0.4165813715455476,0.2729778623343278,0.2623555351844412,1.402574615086101,0.2816470340240451,0.9982456140350876
MIDNIGHT,CRC,BRACS,CRC->BRACS,0.01,123,100.0,699,0.3667392883079158,0.4165813715455476,0.2830711581926077,0.2836928006195082,1.8655269007555644,0.2868236504566756,0.9982456140350876
MIDNIGHT,CRC,BRACS,CRC->BRACS,0.01,456,0.01,699,0.436259380295328,0.4171779141104294,0.2234829425598135,0.1416540730614449,1.8086919961744097,0.1628655835386416,1.0
MIDNIGHT,CRC,BRACS,CRC->BRACS,0.01,456,0.1,699,0.4311607358992979,0.4171779141104294,0.2311393345302672,0.1726605772673008,1.2703852224477843,0.2445784088737759,1.0
MIDNIGHT,CRC,BRACS,CRC->BRACS,0.01,456,1.0,699,0.4355936819172112,0.4171779141104294,0.252617520426935,0.2240715335178688,1.0148551777633623,0.2773133415714765,1.0
MIDNIGHT,CRC,BRACS,CRC->BRACS,0.01,456,10.0,699,0.4698922778988138,0.415983606557377,0.2664394800877805,0.251512411412833,1.3292298378000922,0.2769859281934612,0.9964912280701754
MIDNIGHT,CRC,BRACS,CRC->BRACS,0.01,456,100.0,699,0.47939360929557,0.4129763130792997,0.2767442053773822,0.276904184264233,2.05641342791784,0.2741745542388785,0.987719298245614
MIDNIGHT,CRC,BRACS,CRC->BRACS,0.1,42,0.01,6999,0.4426591624304042,0.4171779141104294,0.2306499534687097,0.1664935321178384,1.254908736112321,0.245859217701847,1.0
MIDNIGHT,CRC,BRACS,CRC->BRACS,0.1,42,0.1,6999,0.4361686032437666,0.4171779141104294,0.2539599207349542,0.2218542680163948,0.9362774348473434,0.2797771007067318,1.0
MIDNIGHT,CRC,BRACS,CRC->BRACS,0.1,42,1.0,6999,0.4488471314451706,0.4165813715455476,0.2695879874825082,0.2541477136446052,1.2036222050108238,0.2836563539459585,0.9982456140350876
MIDNIGHT,CRC,BRACS,CRC->BRACS,0.1,42,10.0,6999,0.4422506656983782,0.4141829393627955,0.2784454976985943,0.2681376744679084,1.5843256051474637,0.2773924105462492,0.9912280701754386
MIDNIGHT,CRC,BRACS,CRC->BRACS,0.1,42,100.0,6999,0.4304496489954006,0.4160769800148038,0.2916018010323799,0.2907658616890218,2.4021406852716622,0.2873189032497011,0.9771929824561404
MIDNIGHT,CRC,BRACS,CRC->BRACS,0.1,123,0.01,6999,0.4387254901960784,0.4171779141104294,0.2299138029561799,0.173314788835758,1.251829115890063,0.2416700687927724,1.0
MIDNIGHT,CRC,BRACS,CRC->BRACS,0.1,123,0.1,6999,0.4210239651416122,0.4171779141104294,0.2532221532635698,0.2205237829005313,0.922874574048646,0.2797329480221514,1.0
MIDNIGHT,CRC,BRACS,CRC->BRACS,0.1,123,1.0,6999,0.4105543451948681,0.4165813715455476,0.2702521340496135,0.2564667029578005,1.1955159643625457,0.2843228384076322,0.9982456140350876
MIDNIGHT,CRC,BRACS,CRC->BRACS,0.1,123,10.0,6999,0.4012345679012346,0.4111570247933884,0.2825593216516748,0.2809789076745485,1.6944578165300386,0.2842440445910073,0.9824561403508772
MIDNIGHT,CRC,BRACS,CRC->BRACS,0.1,123,100.0,6999,0.3904774872912128,0.4076300733059181,0.3094185647192122,0.3114076678292865,2.2902095546290773,0.3087067097578719,0.9543859649122808
MIDNIGHT,CRC,BRACS,CRC->BRACS,0.1,456,0.01,6999,0.4409797869765189,0.4171779141104294,0.2307905719006299,0.1695223856720126,1.258265926766441,0.2458501211195454,1.0
MIDNIGHT,CRC,BRACS,CRC->BRACS,0.1,456,0.1,6999,0.4236716291454854,0.4171779141104294,0.2550803691214505,0.2254150398681517,0.9809792248068284,0.2784673051242072,1.0
MIDNIGHT,CRC,BRACS,CRC->BRACS,0.1,456,1.0,6999,0.4044420237230695,0.4165813715455476,0.2732957184558645,0.2672292180428706,1.2864233990027385,0.2845430545763653,0.9982456140350876
MIDNIGHT,CRC,BRACS,CRC->BRACS,0.1,456,10.0,6999,0.4026416122004357,0.4165813715455476,0.2823827372777797,0.2806837415882186,1.614646898232577,0.2825932600762068,0.9982456140350876
MIDNIGHT,CRC,BRACS,CRC->BRACS,0.1,456,100.0,6999,0.3885862987170176,0.4147843942505133,0.2878518001807687,0.2905649491524049,2.2319222149635944,0.2908302313820156,0.9929824561403509
MIDNIGHT,CRC,BRACS,CRC->BRACS,1.0,42,0.01,70000,0.4297536916000968,0.4171779141104294,0.2531692308258164,0.2210268913677202,0.9517000931462702,0.279084317116926,1.0
MIDNIGHT,CRC,BRACS,CRC->BRACS,1.0,42,0.1,70000,0.4361988622609538,0.4165813715455476,0.2694184839271136,0.2544909536147097,1.2121016188755027,0.2845731628632445,0.9982456140350876
MIDNIGHT,CRC,BRACS,CRC->BRACS,1.0,42,1.0,70000,0.4535675381263616,0.415983606557377,0.2746578484002612,0.2679748152200713,1.6574148153208734,0.2765105362106733,0.9964912280701754
MIDNIGHT,CRC,BRACS,CRC->BRACS,1.0,42,10.0,70000,0.4703461631566206,0.4173625598507989,0.280686392549537,0.2770353205987427,1.9343749698191783,0.2776264609779501,0.980701754385965
MIDNIGHT,CRC,BRACS,CRC->BRACS,1.0,42,100.0,70000,0.4670025417574437,0.4205614344503233,0.2770207485293582,0.2699000254604077,2.0678447443286654,0.2680833725176686,0.9894736842105264
MIDNIGHT,CRC,BRACS,CRC->BRACS,1.0,123,0.01,70000,0.4297536916000968,0.4171779141104294,0.2531692308258164,0.2210268913677202,0.9517000931462702,0.279084317116926,1.0
MIDNIGHT,CRC,BRACS,CRC->BRACS,1.0,123,0.1,70000,0.4361988622609538,0.4165813715455476,0.2694184839271136,0.2544909536147097,1.2121016188755027,0.2845731628632445,0.9982456140350876
MIDNIGHT,CRC,BRACS,CRC->BRACS,1.0,123,1.0,70000,0.4535675381263616,0.415983606557377,0.2746578484002612,0.2679748152200713,1.6574148153208734,0.2765105362106733,0.9964912280701754
MIDNIGHT,CRC,BRACS,CRC->BRACS,1.0,123,10.0,70000,0.4703461631566206,0.4173625598507989,0.280686392549537,0.2770353205987427,1.9343749698191783,0.2776264609779501,0.980701754385965
MIDNIGHT,CRC,BRACS,CRC->BRACS,1.0,123,100.0,70000,0.4670025417574437,0.4205614344503233,0.2770207485293582,0.2699000254604077,2.0678447443286654,0.2680833725176686,0.9894736842105264
MIDNIGHT,CRC,BRACS,CRC->BRACS,1.0,456,0.01,70000,0.4297536916000968,0.4171779141104294,0.2531692308258164,0.2210268913677202,0.9517000931462702,0.279084317116926,1.0
MIDNIGHT,CRC,BRACS,CRC->BRACS,1.0,456,0.1,70000,0.4361988622609538,0.4165813715455476,0.2694184839271136,0.2544909536147097,1.2121016188755027,0.2845731628632445,0.9982456140350876
MIDNIGHT,CRC,BRACS,CRC->BRACS,1.0,456,1.0,70000,0.4535675381263616,0.415983606557377,0.2746578484002612,0.2679748152200713,1.6574148153208734,0.2765105362106733,0.9964912280701754
MIDNIGHT,CRC,BRACS,CRC->BRACS,1.0,456,10.0,70000,0.4703461631566206,0.4173625598507989,0.280686392549537,0.2770353205987427,1.9343749698191783,0.2776264609779501,0.980701754385965
MIDNIGHT,CRC,BRACS,CRC->BRACS,1.0,456,100.0,70000,0.4670025417574437,0.4205614344503233,0.2770207485293582,0.2699000254604077,2.0678447443286654,0.2680833725176686,0.9894736842105264
MIDNIGHT,MHIST,PCam,MHIST->PCam,0.01,42,0.01,18,0.4175534451757327,0.3334282633902236,0.2994598824931593,0.2223610784017913,2.519181998377304,0.1811366568011151,1.0
MIDNIGHT,MHIST,PCam,MHIST->PCam,0.01,42,0.1,18,0.4177052433325235,0.3334282633902236,0.3008862773369477,0.2252459685272094,2.5074336474124186,0.1844012928488111,1.0
MIDNIGHT,MHIST,PCam,MHIST->PCam,0.01,42,1.0,18,0.4309370745566363,0.3334282633902236,0.3127286064926433,0.2530418395969681,2.47319202746377,0.2070662323945002,1.0
MIDNIGHT,MHIST,PCam,MHIST->PCam,0.01,42,10.0,18,0.4789169448127235,0.3334282633902236,0.3715774516940932,0.3459646394200571,2.767813923912372,0.2784387696409182,1.0
MIDNIGHT,MHIST,PCam,MHIST->PCam,0.01,42,100.0,18,0.5428059756662429,0.3334282633902236,0.4551674296398563,0.4535864758540965,4.917141613066994,0.2810744003516052,1.0
MIDNIGHT,MHIST,PCam,MHIST->PCam,0.01,123,0.01,18,0.671237907896405,0.3334282633902236,0.2991501165027911,0.2217644517681912,2.52164403687591,0.1804630041777009,1.0
MIDNIGHT,MHIST,PCam,MHIST->PCam,0.01,123,0.1,18,0.6703666740952694,0.3334282633902236,0.2976641072292765,0.2189791069346227,2.5253808398789697,0.1778328091418938,1.0
MIDNIGHT,MHIST,PCam,MHIST->PCam,0.01,123,1.0,18,0.670914649497039,0.3334282633902236,0.2862323316710143,0.1971353419529503,2.6349046325530097,0.1785873976409384,1.0
MIDNIGHT,MHIST,PCam,MHIST->PCam,0.01,123,10.0,18,0.6683148285278179,0.3370234058787132,0.25724822227913,0.1543132224262093,4.128816071940161,0.1034108190954405,0.99786376953125
MIDNIGHT,MHIST,PCam,MHIST->PCam,0.01,123,100.0,18,0.6598039207249586,0.4820834875032019,0.2571853598306722,0.168165960650515,7.840842761427555,0.0777646245228181,0.895172119140625
MIDNIGHT,MHIST,PCam,MHIST->PCam,0.01,456,0.01,18,0.4153036823491768,0.3334282633902236,0.2991291955489238,0.2216186226013572,2.514901018162741,0.1807784580267541,1.0
MIDNIGHT,MHIST,PCam,MHIST->PCam,0.01,456,0.1,18,0.4122774049699039,0.3334282633902236,0.2976731496210671,0.2180047061509176,2.468184832228121,0.1807410383116295,1.0
MIDNIGHT,MHIST,PCam,MHIST->PCam,0.01,456,1.0,18,0.397903108959095,0.3334282633902236,0.2928075675271989,0.203762051854156,2.3704146569742703,0.1829529697760759,1.0
MIDNIGHT,MHIST,PCam,MHIST->PCam,0.01,456,10.0,18,0.4143399383971728,0.3334282633902236,0.3253980848814073,0.2669754475489999,2.941985937438069,0.1916765286583076,1.0
MIDNIGHT,MHIST,PCam,MHIST->PCam,0.01,456,100.0,18,0.4723506538017915,0.3334282633902236,0.416062608616209,0.401835012183154,4.72643128794343,0.2269011850988068,1.0
MIDNIGHT,MHIST,PCam,MHIST->PCam,0.1,42,0.01,184,0.4388552401360376,0.3334282633902236,0.2971590073040346,0.2168828134482245,2.4322252318306705,0.1821852540976871,1.0
MIDNIGHT,MHIST,PCam,MHIST->PCam,0.1,42,0.1,184,0.4313647901150387,0.3334282633902236,0.2983083924175731,0.2169600826227865,2.279309132817,0.1932788605927982,1.0
MIDNIGHT,MHIST,PCam,MHIST->PCam,0.1,42,1.0,184,0.4136729809268417,0.3334282633902236,0.3195737576461789,0.2706665455013157,1.902957505278148,0.2738346730148877,1.0
MIDNIGHT,MHIST,PCam,MHIST->PCam,0.1,42,10.0,184,0.4172509105700799,0.3332519431896797,0.417682785807795,0.4081548556138663,2.093592605542999,0.3989005388978757,0.999603271484375
MIDNIGHT,MHIST,PCam,MHIST->PCam,0.1,42,100.0,184,0.4742983253323209,0.3336977075802976,0.4873697126620205,0.4847549522122009,3.419958925233471,0.4397430647514616,0.99859619140625
MIDNIGHT,MHIST,PCam,MHIST->PCam,0.1,123,0.01,184,0.3766464160966664,0.3334282633902236,0.2977753206773011,0.2183193853226994,2.450722328173238,0.1821885106164491,1.0
MIDNIGHT,MHIST,PCam,MHIST->PCam,0.1,123,0.1,184,0.3798026763287601,0.3334282633902236,0.3019766814675433,0.2257810731065952,2.3950223965249062,0.1926847799546493,1.0
MIDNIGHT,MHIST,PCam,MHIST->PCam,0.1,123,1.0,184,0.3769639487237985,0.3334282633902236,0.3174315602107257,0.2485357642838284,2.064199610165256,0.242801830456313,1.0
MIDNIGHT,MHIST,PCam,MHIST->PCam,0.1,123,10.0,184,0.3283491212468853,0.3323553382233088,0.3663477498907888,0.3249215711630293,1.804049487517452,0.3424615555720948,0.997589111328125
MIDNIGHT,MHIST,PCam,MHIST->PCam,0.1,123,100.0,184,0.2668765115624258,0.3283214977238992,0.4592962346891245,0.4229433231014555,2.7813167595971477,0.3795361514495237,0.9609375
MIDNIGHT,MHIST,PCam,MHIST->PCam,0.1,456,0.01,184,0.3784890977515496,0.3334282633902236,0.2972182660302651,0.2169849079129058,2.439406591880817,0.1817865337192307,1.0
MIDNIGHT,MHIST,PCam,MHIST->PCam,0.1,456,0.1,184,0.3721510478682866,0.3334282633902236,0.2980279417877504,0.2160903618520221,2.318077876208138,0.1895761532237442,1.0
MIDNIGHT,MHIST,PCam,MHIST->PCam,0.1,456,1.0,184,0.3486319783440491,0.3334282633902236,0.3046511205619972,0.2487583167785084,1.9831540407431896,0.2484864309611734,1.0
MIDNIGHT,MHIST,PCam,MHIST->PCam,0.1,456,10.0,184,0.3264790512527283,0.3336230516303108,0.3391884541910525,0.2768528189145364,2.0324883367131488,0.2744482985591167,0.99072265625
MIDNIGHT,MHIST,PCam,MHIST->PCam,0.1,456,100.0,184,0.3847052449381239,0.3662961320859794,0.4015987225262669,0.351121343043502,3.119323334836229,0.2835755205964055,0.9119873046875
MIDNIGHT,MHIST,PCam,MHIST->PCam,1.0,42,0.01,1849,0.4259283873084596,0.3334282633902236,0.2994638551802968,0.2197470095876675,2.280464297646081,0.195752801307611,1.0
MIDNIGHT,MHIST,PCam,MHIST->PCam,1.0,42,0.1,1849,0.4156853160581756,0.3334282633902236,0.3180107337029667,0.2545589531463799,1.903822158385219,0.2871182145187954,1.0
MIDNIGHT,MHIST,PCam,MHIST->PCam,1.0,42,1.0,1849,0.4304590824711883,0.3334011432756271,0.3481428441044804,0.3039692808201734,1.7128344894282788,0.339974070611803,0.99993896484375
MIDNIGHT,MHIST,PCam,MHIST->PCam,1.0,42,10.0,1849,0.5137142061143968,0.3334961036938115,0.4440118115559335,0.4408703153863806,1.7489333512789378,0.4572147127819049,0.999969482421875
MIDNIGHT,MHIST,PCam,MHIST->PCam,1.0,42,100.0,1849,0.5009442029381764,0.335289000447901,0.4875530705329629,0.4860879162168204,2.402621808595941,0.4786897279952676,0.9974365234375
MIDNIGHT,MHIST,PCam,MHIST->PCam,1.0,123,0.01,1849,0.4259283873084596,0.3334282633902236,0.2994638551802968,0.2197470095876675,2.280464297646081,0.195752801307611,1.0
MIDNIGHT,MHIST,PCam,MHIST->PCam,1.0,123,0.1,1849,0.4156853160581756,0.3334282633902236,0.3180107337029667,0.2545589531463799,1.903822158385219,0.2871182145187954,1.0
MIDNIGHT,MHIST,PCam,MHIST->PCam,1.0,123,1.0,1849,0.4304590824711883,0.3334011432756271,0.3481428441044804,0.3039692808201734,1.7128344894282788,0.339974070611803,0.99993896484375
MIDNIGHT,MHIST,PCam,MHIST->PCam,1.0,123,10.0,1849,0.5137142061143968,0.3334961036938115,0.4440118115559335,0.4408703153863806,1.7489333512789378,0.4572147127819049,0.999969482421875
MIDNIGHT,MHIST,PCam,MHIST->PCam,1.0,123,100.0,1849,0.5009442029381764,0.335289000447901,0.4875530705329629,0.4860879162168204,2.402621808595941,0.4786897279952676,0.9974365234375
MIDNIGHT,MHIST,PCam,MHIST->PCam,1.0,456,0.01,1849,0.4259283873084596,0.3334282633902236,0.2994638551802968,0.2197470095876675,2.280464297646081,0.195752801307611,1.0
MIDNIGHT,MHIST,PCam,MHIST->PCam,1.0,456,0.1,1849,0.4156853160581756,0.3334282633902236,0.3180107337029667,0.2545589531463799,1.903822158385219,0.2871182145187954,1.0
MIDNIGHT,MHIST,PCam,MHIST->PCam,1.0,456,1.0,1849,0.4304590824711883,0.3334011432756271,0.3481428441044804,0.3039692808201734,1.7128344894282788,0.339974070611803,0.99993896484375
MIDNIGHT,MHIST,PCam,MHIST->PCam,1.0,456,10.0,1849,0.5137142061143968,0.3334961036938115,0.4440118115559335,0.4408703153863806,1.7489333512789378,0.4572147127819049,0.999969482421875
MIDNIGHT,MHIST,PCam,MHIST->PCam,1.0,456,100.0,1849,0.5009442029381764,0.335289000447901,0.4875530705329629,0.4860879162168204,2.402621808595941,0.4786897279952676,0.9974365234375
MIDNIGHT,PCam,MHIST,PCam->MHIST,0.01,42,0.01,2620,0.4143255897712948,0.3870765370138017,0.2389824807757408,0.0675052883436137,0.2712419482078017,0.2364100625023219,1.0
MIDNIGHT,PCam,MHIST,PCam->MHIST,0.01,42,0.1,2620,0.4178957320367369,0.3870765370138017,0.2443301283821742,0.0802987892689955,0.9064922582272608,0.2437207779480096,1.0
MIDNIGHT,PCam,MHIST,PCam->MHIST,0.01,42,1.0,2620,0.4367414010444804,0.3870765370138017,0.299337496157274,0.2495516163041705,1.482960968906182,0.3033644728978438,1.0
MIDNIGHT,PCam,MHIST,PCam->MHIST,0.01,42,10.0,2620,0.4550288132540969,0.3870765370138017,0.3606372529454512,0.3574717481741221,1.9825463018474416,0.3577386969034304,1.0
MIDNIGHT,PCam,MHIST,PCam->MHIST,0.01,42,100.0,2620,0.4707725553754728,0.3870765370138017,0.3684101064673739,0.3683840790200066,2.9296583750394465,0.3672205080023581,1.0
MIDNIGHT,PCam,MHIST,PCam->MHIST,0.01,123,0.01,2620,0.4175805870700522,0.3870765370138017,0.2377535103701901,0.057807452003985,0.2751612529045802,0.2619969894156458,1.0
MIDNIGHT,PCam,MHIST,PCam->MHIST,0.01,123,0.1,2620,0.42931748604358,0.3870765370138017,0.2503822021504451,0.1211934000587098,0.9507209753055345,0.2713632882744981,1.0
MIDNIGHT,PCam,MHIST,PCam->MHIST,0.01,123,1.0,2620,0.4576265081937691,0.3870765370138017,0.3113570666856988,0.2752282583002497,1.5938000996289108,0.3124946923504317,1.0
MIDNIGHT,PCam,MHIST,PCam->MHIST,0.01,123,10.0,2620,0.496663965424095,0.3870765370138017,0.354492886057612,0.3483229509525773,2.2628649344808904,0.3388068073327607,1.0
MIDNIGHT,PCam,MHIST,PCam->MHIST,0.01,123,100.0,2620,0.5065685215198992,0.3870765370138017,0.363838172015878,0.3616891583216379,3.384366652393056,0.3261379449758262,1.0
MIDNIGHT,PCam,MHIST,PCam->MHIST,0.01,456,0.01,2620,0.4095804069872141,0.3870765370138017,0.2393475299191286,0.0693868989040469,0.2755131245176901,0.2265745337071307,1.0
MIDNIGHT,PCam,MHIST,PCam->MHIST,0.01,456,0.1,2620,0.4127678732216819,0.3870765370138017,0.2438285199478651,0.0919818540923683,0.9450613149664135,0.2277157587949171,1.0
MIDNIGHT,PCam,MHIST,PCam->MHIST,0.01,456,1.0,2620,0.432766072393301,0.3870765370138017,0.2852524108000449,0.2180065543375088,1.5836732294294225,0.2644548886190464,1.0
MIDNIGHT,PCam,MHIST,PCam->MHIST,0.01,456,10.0,2620,0.4658562938951918,0.3870765370138017,0.3406257571009125,0.3241122379802609,2.064640643157888,0.3205745821042504,1.0
MIDNIGHT,PCam,MHIST,PCam->MHIST,0.01,456,100.0,2620,0.4798802449126598,0.3870765370138017,0.3649588298290608,0.3638485839032839,3.0923450573896134,0.3420339931162546,1.0
MIDNIGHT,PCam,MHIST,PCam->MHIST,0.1,42,0.01,26214,0.420979650639294,0.3870765370138017,0.2441288082119072,0.0820761515123082,0.9166369580177958,0.2383181738669257,1.0
MIDNIGHT,PCam,MHIST,PCam->MHIST,0.1,42,0.1,26214,0.4384341797226724,0.3870765370138017,0.2903194310829841,0.2273915409493019,1.5023504354807222,0.2829157488256676,1.0
MIDNIGHT,PCam,MHIST,PCam->MHIST,0.1,42,1.0,26214,0.4628399063569242,0.3870765370138017,0.3498455517919671,0.3408684716512857,1.9592128123472408,0.342633867160977,1.0
MIDNIGHT,PCam,MHIST,PCam->MHIST,0.1,42,10.0,26214,0.4444084278768233,0.3870765370138017,0.3667264721631965,0.3660437067615467,2.362343623633057,0.3624536958962432,1.0
MIDNIGHT,PCam,MHIST,PCam->MHIST,0.1,42,100.0,26214,0.4326130019809112,0.3870765370138017,0.3683456461533654,0.368397308656528,2.9854945680510734,0.366402449761384,1.0
MIDNIGHT,PCam,MHIST,PCam->MHIST,0.1,123,0.01,26214,0.4187196110210697,0.3870765370138017,0.2464563020330185,0.0894786622159267,0.9292261695757408,0.2485520139769189,1.0
MIDNIGHT,PCam,MHIST,PCam->MHIST,0.1,123,0.1,26214,0.4336079596614443,0.3870765370138017,0.2969304719129583,0.2423491890247356,1.5450965282352993,0.290399161978917,1.0
MIDNIGHT,PCam,MHIST,PCam->MHIST,0.1,123,1.0,26214,0.4559472357284351,0.3870765370138017,0.3514055030562383,0.3425961281057831,2.0248106556497536,0.3415189977520967,1.0
MIDNIGHT,PCam,MHIST,PCam->MHIST,0.1,123,10.0,26214,0.4499774896452368,0.3870765370138017,0.3656713929518405,0.3640866898001205,2.45086755165287,0.3568413508798785,1.0
MIDNIGHT,PCam,MHIST,PCam->MHIST,0.1,123,100.0,26214,0.3999189627228525,0.3870765370138017,0.3683326945532285,0.3681277532380976,3.293799248335682,0.3636956032574149,1.0
MIDNIGHT,PCam,MHIST,PCam->MHIST,0.1,456,0.01,26214,0.4165045921123717,0.3870765370138017,0.2450069251900105,0.086446108735459,0.9239659658469924,0.2394512634437516,1.0
MIDNIGHT,PCam,MHIST,PCam->MHIST,0.1,456,0.1,26214,0.4237664325589771,0.3870765370138017,0.2901829844970244,0.2250995563959376,1.5298886138870782,0.2780796130882449,1.0
MIDNIGHT,PCam,MHIST,PCam->MHIST,0.1,456,1.0,26214,0.4353052404105888,0.3870765370138017,0.3476383978523633,0.3355593103196005,1.9767232915061992,0.3367125089032577,1.0
MIDNIGHT,PCam,MHIST,PCam->MHIST,0.1,456,10.0,26214,0.4230596074194129,0.3870765370138017,0.3662815342240162,0.3651543410365156,2.418836917241481,0.3598080291382863,1.0
MIDNIGHT,PCam,MHIST,PCam->MHIST,0.1,456,100.0,26214,0.4164640734737979,0.3870765370138017,0.3683870605855562,0.3687097665868829,3.111450674350328,0.3650712561300691,1.0
MIDNIGHT,PCam,MHIST,PCam->MHIST,1.0,42,0.01,262144,0.4336484783000179,0.3870765370138017,0.2903321352933888,0.2257597633015359,1.5335072784452466,0.2805144258829575,1.0
MIDNIGHT,PCam,MHIST,PCam->MHIST,1.0,42,0.1,262144,0.4490590671708986,0.3870765370138017,0.3443662145385157,0.330411739365369,1.984750652553254,0.3312441557292912,1.0
MIDNIGHT,PCam,MHIST,PCam->MHIST,1.0,42,1.0,262144,0.4445434900054025,0.3870765370138017,0.3645615395688485,0.3622809682613185,2.379907452569398,0.3560193172867032,1.0
MIDNIGHT,PCam,MHIST,PCam->MHIST,1.0,42,10.0,262144,0.4478705204394022,0.3870765370138017,0.3676319764815738,0.3672026876187952,2.738413752480381,0.3606379126954742,1.0
MIDNIGHT,PCam,MHIST,PCam->MHIST,1.0,42,100.0,262144,0.4335089141004862,0.3870765370138017,0.3682695506732053,0.3684315933623819,3.195486132595922,0.3637146236091537,1.0
MIDNIGHT,PCam,MHIST,PCam->MHIST,1.0,123,0.01,262144,0.4336484783000179,0.3870765370138017,0.2903321352933888,0.2257597633015359,1.5335072784452466,0.2805144258829575,1.0
MIDNIGHT,PCam,MHIST,PCam->MHIST,1.0,123,0.1,262144,0.4490590671708986,0.3870765370138017,0.3443662145385157,0.330411739365369,1.984750652553254,0.3312441557292912,1.0
MIDNIGHT,PCam,MHIST,PCam->MHIST,1.0,123,1.0,262144,0.4445434900054025,0.3870765370138017,0.3645615395688485,0.3622809682613185,2.379907452569398,0.3560193172867032,1.0
MIDNIGHT,PCam,MHIST,PCam->MHIST,1.0,123,10.0,262144,0.4478705204394022,0.3870765370138017,0.3676319764815738,0.3672026876187952,2.738413752480381,0.3606379126954742,1.0
MIDNIGHT,PCam,MHIST,PCam->MHIST,1.0,123,100.0,262144,0.4335089141004862,0.3870765370138017,0.3682695506732053,0.3684315933623819,3.195486132595922,0.3637146236091537,1.0
MIDNIGHT,PCam,MHIST,PCam->MHIST,1.0,456,0.01,262144,0.4336484783000179,0.3870765370138017,0.2903321352933888,0.2257597633015359,1.5335072784452466,0.2805144258829575,1.0
MIDNIGHT,PCam,MHIST,PCam->MHIST,1.0,456,0.1,262144,0.4490590671708986,0.3870765370138017,0.3443662145385157,0.330411739365369,1.984750652553254,0.3312441557292912,1.0
MIDNIGHT,PCam,MHIST,PCam->MHIST,1.0,456,1.0,262144,0.4445434900054025,0.3870765370138017,0.3645615395688485,0.3622809682613185,2.379907452569398,0.3560193172867032,1.0
MIDNIGHT,PCam,MHIST,PCam->MHIST,1.0,456,10.0,262144,0.4478705204394022,0.3870765370138017,0.3676319764815738,0.3672026876187952,2.738413752480381,0.3606379126954742,1.0
MIDNIGHT,PCam,MHIST,PCam->MHIST,1.0,456,100.0,262144,0.4335089141004862,0.3870765370138017,0.3682695506732053,0.3684315933623819,3.195486132595922,0.3637146236091537,1.0
PLIP,BRACS,CRC,BRACS->CRC,0.01,42,0.01,36,0.4636801275251522,0.4618254879448909,0.1696535868233118,0.2188712203085118,1.3042861071388925,0.1518590242478338,1.0
PLIP,BRACS,CRC,BRACS->CRC,0.01,42,0.1,36,0.4692371563620051,0.4618254879448909,0.1682802836788635,0.2155386738973687,1.2654581066331358,0.1416482295266331,1.0
PLIP,BRACS,CRC,BRACS->CRC,0.01,42,1.0,36,0.5012970757183511,0.4618254879448909,0.1571525863255534,0.1856803604793492,1.0146360111425017,0.0553719923776618,1.0
PLIP,BRACS,CRC,BRACS->CRC,0.01,42,10.0,36,0.6247743105043528,0.4607226316735574,0.1277107203320979,0.0844189696764437,0.8186265083412608,0.1222884596564736,0.9962
PLIP,BRACS,CRC,BRACS->CRC,0.01,42,100.0,36,0.689832830600429,0.4678006267725761,0.1336780909985362,0.1145322817693966,2.4851098164347536,0.0996451622722376,0.9896
PLIP,BRACS,CRC,BRACS->CRC,0.01,123,0.01,36,0.6651479781258615,0.4618254879448909,0.1694148162903365,0.2185242742603997,1.298850667693507,0.1506183850681752,1.0
PLIP,BRACS,CRC,BRACS->CRC,0.01,123,0.1,36,0.6655100597204633,0.4618254879448909,0.1660880880027069,0.2123277714087095,1.2169263327102144,0.1296456984494627,1.0
PLIP,BRACS,CRC,BRACS->CRC,0.01,123,1.0,36,0.6631855893423738,0.4618254879448909,0.1445910741523671,0.1639860223723158,0.8226135140193372,0.0286541760650029,1.0
PLIP,BRACS,CRC,BRACS->CRC,0.01,123,10.0,36,0.6135610253882064,0.460037170786174,0.1248350641969046,0.0545780839411828,0.6992874631145336,0.1282500251204291,0.989
PLIP,BRACS,CRC,BRACS->CRC,0.01,123,100.0,36,0.521849167278046,0.4572939786330166,0.1453762861283206,0.1273944645735797,1.8696592192150816,0.1314455706582366,0.9799333333333332
PLIP,BRACS,CRC,BRACS->CRC,0.01,456,0.01,36,0.7140002254704505,0.4618254879448909,0.1695833176062635,0.2189655668427043,1.2997565987711233,0.1513557950949023,1.0
PLIP,BRACS,CRC,BRACS->CRC,0.01,456,0.1,36,0.7138871616775002,0.4618254879448909,0.167680367062747,0.2166140494263264,1.2243360109918535,0.136926576878674,1.0
PLIP,BRACS,CRC,BRACS->CRC,0.01,456,1.0,36,0.7107450688561054,0.4618254879448909,0.1548630422449614,0.1984966531919252,0.8486712752699928,0.0487497831253646,1.0
PLIP,BRACS,CRC,BRACS->CRC,0.01,456,10.0,36,0.6811484214731982,0.5752995124426803,0.1465525958972362,0.1591332982994313,1.0181271898024704,0.0977341978277168,0.8768666666666667
PLIP,BRACS,CRC,BRACS->CRC,0.01,456,100.0,36,0.5832348117029679,0.5027776725542601,0.2006636003888008,0.1895759101372507,2.457096934902166,0.1776778302098859,0.769
PLIP,BRACS,CRC,BRACS->CRC,0.1,42,0.01,364,0.4551662450291359,0.4618254879448909,0.1708348339427049,0.2214801821841293,1.2140125295530713,0.1422933532715354,1.0
PLIP,BRACS,CRC,BRACS->CRC,0.1,42,0.1,364,0.4468779790137245,0.4618254879448909,0.1656125216827968,0.2065309440213266,0.9290532842537272,0.1083644920959075,1.0
PLIP,BRACS,CRC,BRACS->CRC,0.1,42,1.0,364,0.4070355688397501,0.4788313559581839,0.1678329498591792,0.2046042729475907,0.5406263541425098,0.14673853380746,0.9758666666666668
PLIP,BRACS,CRC,BRACS->CRC,0.1,42,10.0,364,0.3974576381327774,0.4614118257971451,0.1779179364537266,0.19860549342665,1.1812643263598357,0.2046500538222155,0.9076666666666666
PLIP,BRACS,CRC,BRACS->CRC,0.1,42,100.0,364,0.452853384042767,0.4591731604284777,0.1498602732858892,0.1391827000632134,2.2434607580481094,0.1337093231324446,0.9733333333333334
PLIP,BRACS,CRC,BRACS->CRC,0.1,123,0.01,364,0.435173740753375,0.4618254879448909,0.1708214860665675,0.2211756065602072,1.196355866229631,0.1391007520393288,1.0
PLIP,BRACS,CRC,BRACS->CRC,0.1,123,0.1,364,0.4274516333757016,0.4618254879448909,0.166454257370441,0.2044124469678859,0.8727485849040432,0.0894308096341809,1.0
PLIP,BRACS,CRC,BRACS->CRC,0.1,123,1.0,364,0.3845048426496633,0.4818993758007293,0.1838250650116836,0.2359902688750468,0.713247597678325,0.2031580704742979,0.9152666666666668
PLIP,BRACS,CRC,BRACS->CRC,0.1,123,10.0,364,0.326109456265742,0.427085810634669,0.2475413327297028,0.3173458689567722,1.5319850761146083,0.3216250992613137,0.7618
PLIP,BRACS,CRC,BRACS->CRC,0.1,123,100.0,364,0.2947796873320654,0.3735089193636054,0.3465639240947692,0.4046514167911202,2.6159819580013663,0.3908016546870547,0.6386666666666667
PLIP,BRACS,CRC,BRACS->CRC,0.1,456,0.01,364,0.5086190971719229,0.4618254879448909,0.170404656657626,0.220825601187738,1.2043854711481354,0.1398507834119176,1.0
PLIP,BRACS,CRC,BRACS->CRC,0.1,456,0.1,364,0.5047158590424166,0.4618254879448909,0.162629371468135,0.2014991174146906,0.9036508345700244,0.0667548104856411,1.0
PLIP,BRACS,CRC,BRACS->CRC,0.1,456,1.0,364,0.4868928507175334,0.5090673318575336,0.1577388889587749,0.1762587536124395,0.7570667024925839,0.1248239184781664,0.9624
PLIP,BRACS,CRC,BRACS->CRC,0.1,456,10.0,364,0.4934747551951662,0.5079815389389165,0.1685854911471951,0.1760385079082702,1.3603402078051774,0.173645225731741,0.8942
PLIP,BRACS,CRC,BRACS->CRC,0.1,456,100.0,364,0.5436918727248513,0.4888277402773827,0.1647511184837111,0.1535313750204605,2.142723886315058,0.1501111174473013,0.9184
PLIP,BRACS,CRC,BRACS->CRC,1.0,42,0.01,3657,0.4461075973027659,0.4618254879448909,0.16730501818251,0.209016978646082,0.9072800473506522,0.1161918339245365,1.0
PLIP,BRACS,CRC,BRACS->CRC,1.0,42,0.1,3657,0.4282738922741907,0.5011347252048386,0.1804319609807866,0.2235903256371136,0.6808821123331369,0.1936273363465244,0.9112
PLIP,BRACS,CRC,BRACS->CRC,1.0,42,1.0,3657,0.434316799709809,0.4698773837308487,0.2153827466696407,0.2610130446072763,1.3126659139432222,0.2691838383363297,0.7804666666666666
PLIP,BRACS,CRC,BRACS->CRC,1.0,42,10.0,3657,0.5176352136361724,0.4846095464403551,0.1919500192494933,0.187487918385731,1.868131930719121,0.1905815798604332,0.8519333333333333
PLIP,BRACS,CRC,BRACS->CRC,1.0,42,100.0,3657,0.5633639139801025,0.4544774747047402,0.2016504543802036,0.1995399942633357,2.358201909361573,0.1884124779689471,0.8718
PLIP,BRACS,CRC,BRACS->CRC,1.0,123,0.01,3657,0.4461075973027659,0.4618254879448909,0.16730501818251,0.209016978646082,0.9072800473506522,0.1161918339245365,1.0
PLIP,BRACS,CRC,BRACS->CRC,1.0,123,0.1,3657,0.4282738922741907,0.5011347252048386,0.1804319609807866,0.2235903256371136,0.6808821123331369,0.1936273363465244,0.9112
PLIP,BRACS,CRC,BRACS->CRC,1.0,123,1.0,3657,0.434316799709809,0.4698773837308487,0.2153827466696407,0.2610130446072763,1.3126659139432222,0.2691838383363297,0.7804666666666666
PLIP,BRACS,CRC,BRACS->CRC,1.0,123,10.0,3657,0.5176352136361724,0.4846095464403551,0.1919500192494933,0.187487918385731,1.868131930719121,0.1905815798604332,0.8519333333333333
PLIP,BRACS,CRC,BRACS->CRC,1.0,123,100.0,3657,0.5633639139801025,0.4544774747047402,0.2016504543802036,0.1995399942633357,2.358201909361573,0.1884124779689471,0.8718
PLIP,BRACS,CRC,BRACS->CRC,1.0,456,0.01,3657,0.4461075973027659,0.4618254879448909,0.16730501818251,0.209016978646082,0.9072800473506522,0.1161918339245365,1.0
PLIP,BRACS,CRC,BRACS->CRC,1.0,456,0.1,3657,0.4282738922741907,0.5011347252048386,0.1804319609807866,0.2235903256371136,0.6808821123331369,0.1936273363465244,0.9112
PLIP,BRACS,CRC,BRACS->CRC,1.0,456,1.0,3657,0.434316799709809,0.4698773837308487,0.2153827466696407,0.2610130446072763,1.3126659139432222,0.2691838383363297,0.7804666666666666
PLIP,BRACS,CRC,BRACS->CRC,1.0,456,10.0,3657,0.5176352136361724,0.4846095464403551,0.1919500192494933,0.187487918385731,1.868131930719121,0.1905815798604332,0.8519333333333333
PLIP,BRACS,CRC,BRACS->CRC,1.0,456,100.0,3657,0.5633639139801025,0.4544774747047402,0.2016504543802036,0.1995399942633357,2.358201909361573,0.1884124779689471,0.8718
PLIP,CRC,BRACS,CRC->BRACS,0.01,42,0.01,699,0.5850429678044058,0.4171779141104294,0.2204242701042723,0.1318618979180894,1.8688346465753825,0.146771418739023,1.0
PLIP,CRC,BRACS,CRC->BRACS,0.01,42,0.1,699,0.5921084483175987,0.4171779141104294,0.2070456355054035,0.08293979696948,1.503404880381653,0.145554040337996,1.0
PLIP,CRC,BRACS,CRC->BRACS,0.01,42,1.0,699,0.6060427257322684,0.5096774193548387,0.2022246588145071,0.0696715751916784,0.9946456425403528,0.1517467283028661,0.9157894736842104
PLIP,CRC,BRACS,CRC->BRACS,0.01,42,10.0,699,0.6146060275962236,0.5473648526277173,0.2198409700408102,0.1493391235012694,1.2090984746408109,0.2074148800864519,0.8649122807017544
PLIP,CRC,BRACS,CRC->BRACS,0.01,42,100.0,699,0.612699709513435,0.4731395950447334,0.248043950319633,0.2298532406505563,1.6377182204042895,0.2365951117052361,0.9701754385964912
PLIP,CRC,BRACS,CRC->BRACS,0.01,123,0.01,699,0.5815783103364802,0.4171779141104294,0.2200893690812737,0.1306080865362342,1.8649533034432109,0.1459918409416702,1.0
PLIP,CRC,BRACS,CRC->BRACS,0.01,123,0.1,699,0.59219922536916,0.4171779141104294,0.2059052291177381,0.0757054167623713,1.5066044022000065,0.1373402272982147,1.0
PLIP,CRC,BRACS,CRC->BRACS,0.01,123,1.0,699,0.5997488501573469,0.5177782885310356,0.2037956054655676,0.0695555060190411,1.0522036256281,0.1323273063646026,0.8929824561403509
PLIP,CRC,BRACS,CRC->BRACS,0.01,123,10.0,699,0.6004599370612442,0.5861128921991177,0.2243605834931504,0.1514581656406377,1.2575831192616391,0.183227433286623,0.8087719298245614
PLIP,CRC,BRACS,CRC->BRACS,0.01,123,100.0,699,0.5890371580731057,0.5635828702190258,0.253087412432126,0.2120108379359269,1.867472840128564,0.2160897242788274,0.8175438596491228
PLIP,CRC,BRACS,CRC->BRACS,0.01,456,0.01,699,0.5852547809247155,0.4171779141104294,0.2201472031838834,0.1308643686270235,1.862494047793396,0.1465313031273222,1.0
PLIP,CRC,BRACS,CRC->BRACS,0.01,456,0.1,699,0.5951646090534979,0.4171779141104294,0.2056843381061374,0.0752151801118245,1.4730218130271904,0.1417352826258201,1.0
PLIP,CRC,BRACS,CRC->BRACS,0.01,456,1.0,699,0.6043330912611957,0.5380014533529598,0.2045815020355542,0.0806324306416277,0.9191613119519548,0.1440527960924505,0.8666666666666667
PLIP,CRC,BRACS,CRC->BRACS,0.01,456,10.0,699,0.6070715323166304,0.5796976772766376,0.2357236448073649,0.163973126252342,1.1044222786811495,0.2336911847660313,0.7298245614035088
PLIP,CRC,BRACS,CRC->BRACS,0.01,456,100.0,699,0.5779774872912128,0.5406998751962941,0.2757663951079943,0.2378814549861738,1.5728823474493807,0.2601710613289789,0.7070175438596491
PLIP,CRC,BRACS,CRC->BRACS,0.1,42,0.01,6999,0.579384531590414,0.4171779141104294,0.2072714733895281,0.07995286305972,1.4822178467615894,0.1452333756998714,1.0
PLIP,CRC,BRACS,CRC->BRACS,0.1,42,0.1,6999,0.596435487775357,0.5085680469750381,0.2033179816055328,0.0667068152756084,0.9337064753355012,0.1514517705310041,0.9140350877192982
PLIP,CRC,BRACS,CRC->BRACS,0.1,42,1.0,6999,0.6112321471798596,0.5728353617116386,0.2176262725672798,0.1358706768894491,1.0864735706489543,0.1985031112959994,0.8298245614035088
PLIP,CRC,BRACS,CRC->BRACS,0.1,42,10.0,6999,0.6171931735657226,0.5618344082795861,0.2286387645983851,0.1853352028804983,1.3830969521154737,0.2128787246150972,0.8701754385964913
PLIP,CRC,BRACS,CRC->BRACS,0.1,42,100.0,6999,0.611322924231421,0.4713070129451143,0.2512628519033778,0.2416959370594486,1.930080829870827,0.2407865229118871,0.9666666666666668
PLIP,CRC,BRACS,CRC->BRACS,0.1,123,0.01,6999,0.5817296054224159,0.4171779141104294,0.2071447553201549,0.0797886981297546,1.4868202058020772,0.1444315047308866,1.0
PLIP,CRC,BRACS,CRC->BRACS,0.1,123,0.1,6999,0.596919632050351,0.5155145929339477,0.2030500853665192,0.0672877322210258,0.93811915939917,0.1469262110466953,0.9157894736842104
PLIP,CRC,BRACS,CRC->BRACS,0.1,123,1.0,6999,0.6094922536916001,0.595020464739189,0.2169974394545108,0.1373645440008123,1.0984855923099317,0.1993686396391144,0.8263157894736842
PLIP,CRC,BRACS,CRC->BRACS,0.1,123,10.0,6999,0.6098856209150327,0.557203584059908,0.2303508862915461,0.1880033292822498,1.4136848323636184,0.2181465511540184,0.8859649122807017
PLIP,CRC,BRACS,CRC->BRACS,0.1,123,100.0,6999,0.6188574195110144,0.5010526315789474,0.2482940625892609,0.237063023235914,2.0451176656453547,0.2360295977488772,0.950877192982456
PLIP,CRC,BRACS,CRC->BRACS,0.1,456,0.01,6999,0.5818657709997579,0.4171779141104294,0.2074296922565567,0.0816569674408309,1.4927141329283986,0.1454293895357654,1.0
PLIP,CRC,BRACS,CRC->BRACS,0.1,456,0.1,6999,0.5946502057613169,0.5060250907890393,0.203323512376711,0.0662733262961281,0.9438588968778912,0.154243385151668,0.9192982456140352
PLIP,CRC,BRACS,CRC->BRACS,0.1,456,1.0,6999,0.6036825223916726,0.5823560270712028,0.2194029342508928,0.137834066031981,1.1063116024270554,0.1919030260357893,0.8228070175438597
PLIP,CRC,BRACS,CRC->BRACS,0.1,456,10.0,6999,0.5965565238441055,0.553368370759675,0.2362452701930379,0.1949733225042893,1.402056448178715,0.2262461737079748,0.8807017543859649
PLIP,CRC,BRACS,CRC->BRACS,0.1,456,100.0,6999,0.5869341563786008,0.4556121520829543,0.2621184643701205,0.2546760258480356,1.8354264522093011,0.2655266222453352,0.9614035087719298
PLIP,CRC,BRACS,CRC->BRACS,1.0,42,0.01,70000,0.6009592108448317,0.5167638925334571,0.2024330357034244,0.0668670059969846,0.92252641598847,0.1481430121728226,0.9087719298245616
PLIP,CRC,BRACS,CRC->BRACS,1.0,42,0.1,70000,0.6095073832001936,0.5874938820586402,0.2204780794254446,0.1464921271481999,1.1066373082730732,0.2048077567305534,0.7982456140350878
PLIP,CRC,BRACS,CRC->BRACS,1.0,42,1.0,70000,0.6132141128056161,0.5605366079313681,0.2288435784043061,0.1786527894979722,1.3426362834414074,0.21884272245215,0.868421052631579
PLIP,CRC,BRACS,CRC->BRACS,1.0,42,10.0,70000,0.5953612926652143,0.5202020202020202,0.2456386564499132,0.2166658569174734,1.6599573817370814,0.2254587990474963,0.9052631578947368
PLIP,CRC,BRACS,CRC->BRACS,1.0,42,100.0,70000,0.5904895908980876,0.4624669935873255,0.2607740964206274,0.2520132075229384,1.8497417959345976,0.2553552134918728,0.975438596491228
PLIP,CRC,BRACS,CRC->BRACS,1.0,123,0.01,70000,0.6009592108448317,0.5167638925334571,0.2024330357034244,0.0668670059969846,0.92252641598847,0.1481430121728226,0.9087719298245616
PLIP,CRC,BRACS,CRC->BRACS,1.0,123,0.1,70000,0.6095073832001936,0.5874938820586402,0.2204780794254446,0.1464921271481999,1.1066373082730732,0.2048077567305534,0.7982456140350878
PLIP,CRC,BRACS,CRC->BRACS,1.0,123,1.0,70000,0.6132141128056161,0.5605366079313681,0.2288435784043061,0.1786527894979722,1.3426362834414074,0.21884272245215,0.868421052631579
PLIP,CRC,BRACS,CRC->BRACS,1.0,123,10.0,70000,0.5953612926652143,0.5202020202020202,0.2456386564499132,0.2166658569174734,1.6599573817370814,0.2254587990474963,0.9052631578947368
PLIP,CRC,BRACS,CRC->BRACS,1.0,123,100.0,70000,0.5904895908980876,0.4624669935873255,0.2607740964206274,0.2520132075229384,1.8497417959345976,0.2553552134918728,0.975438596491228
PLIP,CRC,BRACS,CRC->BRACS,1.0,456,0.01,70000,0.6009592108448317,0.5167638925334571,0.2024330357034244,0.0668670059969846,0.92252641598847,0.1481430121728226,0.9087719298245616
PLIP,CRC,BRACS,CRC->BRACS,1.0,456,0.1,70000,0.6095073832001936,0.5874938820586402,0.2204780794254446,0.1464921271481999,1.1066373082730732,0.2048077567305534,0.7982456140350878
PLIP,CRC,BRACS,CRC->BRACS,1.0,456,1.0,70000,0.6132141128056161,0.5605366079313681,0.2288435784043061,0.1786527894979722,1.3426362834414074,0.21884272245215,0.868421052631579
PLIP,CRC,BRACS,CRC->BRACS,1.0,456,10.0,70000,0.5953612926652143,0.5202020202020202,0.2456386564499132,0.2166658569174734,1.6599573817370814,0.2254587990474963,0.9052631578947368
PLIP,CRC,BRACS,CRC->BRACS,1.0,456,100.0,70000,0.5904895908980876,0.4624669935873255,0.2607740964206274,0.2520132075229384,1.8497417959345976,0.2553552134918728,0.975438596491228
PLIP,MHIST,PCam,MHIST->PCam,0.01,42,0.01,18,0.5164537925505484,0.3334282633902236,0.2991568221649934,0.2217365356146586,2.514932502390561,0.1808778595671873,1.0
PLIP,MHIST,PCam,MHIST->PCam,0.01,42,0.1,18,0.5169185896553505,0.3334282633902236,0.2977956276213208,0.2188516546994402,2.462725924628381,0.1818447090570811,1.0
PLIP,MHIST,PCam,MHIST->PCam,0.01,42,1.0,18,0.5166152131339365,0.3334282633902236,0.286691401285337,0.1969288765882074,2.0988089545595248,0.1850919784795471,1.0
PLIP,MHIST,PCam,MHIST->PCam,0.01,42,10.0,18,0.5133356606716192,0.4363422289105291,0.2590422642616345,0.1559507107992918,1.470708085488038,0.1853328852853661,0.6368408203125
PLIP,MHIST,PCam,MHIST->PCam,0.01,42,100.0,18,0.5061398737164355,0.5591637029868326,0.3211193198284231,0.2426780581935179,2.695003898628585,0.2223136843904617,0.76934814453125
PLIP,MHIST,PCam,MHIST->PCam,0.01,123,0.01,18,0.5458129672141202,0.3334282633902236,0.2990977915938002,0.2216723749971516,2.5171950849316804,0.1806745397806433,1.0
PLIP,MHIST,PCam,MHIST->PCam,0.01,123,0.1,18,0.5458748256708177,0.3334282633902236,0.2973757464288674,0.2185694718885865,2.490072146665808,0.1797815828020823,1.0
PLIP,MHIST,PCam,MHIST->PCam,0.01,123,1.0,18,0.5463293745001382,0.3334282633902236,0.2836900348016477,0.2297765176046129,2.320374165616052,0.1672671383228588,1.0
PLIP,MHIST,PCam,MHIST->PCam,0.01,123,10.0,18,0.5487313303643285,0.455723005306182,0.2579033302538881,0.1917608292867217,2.380215623504832,0.1843012843364657,0.6502685546875
PLIP,MHIST,PCam,MHIST->PCam,0.01,123,100.0,18,0.547965984233965,0.559667905260611,0.302234153027464,0.2218320188235363,3.7458803110479,0.1401526321385921,0.607086181640625
PLIP,MHIST,PCam,MHIST->PCam,0.01,456,0.01,18,0.4259531828452124,0.3334282633902236,0.2992893829740654,0.2219806639349131,2.516826754411028,0.1809637715595856,1.0
PLIP,MHIST,PCam,MHIST->PCam,0.01,456,0.1,18,0.4265184733994498,0.3334282633902236,0.2993592293626456,0.2218555101459153,2.488721112030074,0.1827146665419765,1.0
PLIP,MHIST,PCam,MHIST->PCam,0.01,456,1.0,18,0.4281650147590254,0.3334282633902236,0.3001056995356946,0.2207220445088058,2.2694703670677883,0.1975157884893711,1.0
PLIP,MHIST,PCam,MHIST->PCam,0.01,456,10.0,18,0.4428964208883219,0.3335909642231908,0.3218198390433642,0.2571314515993426,1.9534690544329685,0.2619745990296242,0.9996337890625
PLIP,MHIST,PCam,MHIST->PCam,0.01,456,100.0,18,0.483822016817625,0.340338452934932,0.3988335065205663,0.3731387175389684,3.010608301241632,0.3017805908426628,0.97894287109375
PLIP,MHIST,PCam,MHIST->PCam,0.1,42,0.01,184,0.4992257001327698,0.3334282633902236,0.2968651588879271,0.2164865389232491,2.4243843849741062,0.1823721886715801,1.0
PLIP,MHIST,PCam,MHIST->PCam,0.1,42,0.1,184,0.4995002503525922,0.3334282633902236,0.2947217450941751,0.2114497574198444,2.206217468636184,0.1938204629997127,1.0
PLIP,MHIST,PCam,MHIST->PCam,0.1,42,1.0,184,0.5070035675286308,0.3334282633902236,0.2923244455874276,0.2045348259618877,1.7160491102697528,0.2332030044503717,1.0
PLIP,MHIST,PCam,MHIST->PCam,0.1,42,10.0,184,0.5487326863702447,0.3388459080252511,0.3255175680252233,0.2764640253634394,1.8678260969724367,0.289770301041731,0.995452880859375
PLIP,MHIST,PCam,MHIST->PCam,0.1,42,100.0,184,0.5542816264919925,0.346895413488418,0.4072625840628712,0.3936961223038713,2.92345778652942,0.3335215381810745,0.988189697265625
PLIP,MHIST,PCam,MHIST->PCam,0.1,123,0.01,184,0.5501554793030713,0.3334282633902236,0.2963970034324276,0.2155658838837713,2.420122026292655,0.1818531593888472,1.0
PLIP,MHIST,PCam,MHIST->PCam,0.1,123,0.1,184,0.55365231681229,0.3334282633902236,0.290486625926824,0.2028418528812676,2.1810255435169505,0.18772201752256,1.0
PLIP,MHIST,PCam,MHIST->PCam,0.1,123,1.0,184,0.5639650025750887,0.3333604589656996,0.2677138625820418,0.1461780748498871,1.6722500603478032,0.1717407567423874,0.999847412109375
PLIP,MHIST,PCam,MHIST->PCam,0.1,123,10.0,184,0.5683876680247326,0.5259332151522363,0.2636094861541709,0.1242728044693652,1.625458405189655,0.1523109994628557,0.616668701171875
PLIP,MHIST,PCam,MHIST->PCam,0.1,123,100.0,184,0.5909842027657699,0.5461564434002206,0.3096467424609332,0.2484950022624183,2.734806936382059,0.2025027134872204,0.564544677734375
PLIP,MHIST,PCam,MHIST->PCam,0.1,456,0.01,184,0.4583761671946652,0.3334282633902236,0.2968892086931641,0.2164128098003557,2.4226930573242145,0.1824230960078616,1.0
PLIP,MHIST,PCam,MHIST->PCam,0.1,456,0.1,184,0.4627876232437549,0.3334282633902236,0.2950435609204805,0.2111088541873287,2.202581033319969,0.1937889900903308,1.0
PLIP,MHIST,PCam,MHIST->PCam,0.1,456,1.0,184,0.5025692307423514,0.3334282633902236,0.2965783236018418,0.212612491567072,1.7675180206827632,0.2360813982612276,1.0
PLIP,MHIST,PCam,MHIST->PCam,0.1,456,10.0,184,0.5972171286629115,0.3434860897140925,0.3342464186777585,0.2985083011249603,1.8211996591173365,0.3163105335843886,0.986572265625
PLIP,MHIST,PCam,MHIST->PCam,0.1,456,100.0,184,0.5969151379497415,0.4355792152076908,0.3595892097412143,0.3291729344273743,3.0193659667716126,0.2692160038245837,0.863372802734375
PLIP,MHIST,PCam,MHIST->PCam,1.0,42,0.01,1849,0.5258569187186248,0.3334282633902236,0.2923223524175949,0.2060883973003531,2.1811182932718136,0.1907531664790024,1.0
PLIP,MHIST,PCam,MHIST->PCam,1.0,42,0.1,1849,0.537923657738638,0.3334282633902236,0.2814921682827531,0.1791688999364802,1.664341414784829,0.2108152834371908,1.0
PLIP,MHIST,PCam,MHIST->PCam,1.0,42,1.0,1849,0.5750009498560673,0.3680351510425262,0.2906470789983326,0.2067550421375796,1.440067064155343,0.2631290515334278,0.968231201171875
PLIP,MHIST,PCam,MHIST->PCam,1.0,42,10.0,1849,0.6138408112458875,0.3646573859316789,0.3647361040743102,0.3482252292719126,1.6564680773184228,0.3768093319125552,0.975677490234375
PLIP,MHIST,PCam,MHIST->PCam,1.0,42,100.0,1849,0.6978997148464845,0.3529530456192778,0.4338027103262817,0.4448834573467946,2.1456661442980667,0.438992046280216,0.988616943359375
PLIP,MHIST,PCam,MHIST->PCam,1.0,123,0.01,1849,0.5258569187186248,0.3334282633902236,0.2923223524175949,0.2060883973003531,2.1811182932718136,0.1907531664790024,1.0
PLIP,MHIST,PCam,MHIST->PCam,1.0,123,0.1,1849,0.537923657738638,0.3334282633902236,0.2814921682827531,0.1791688999364802,1.664341414784829,0.2108152834371908,1.0
PLIP,MHIST,PCam,MHIST->PCam,1.0,123,1.0,1849,0.5750009498560673,0.3680351510425262,0.2906470789983326,0.2067550421375796,1.440067064155343,0.2631290515334278,0.968231201171875
PLIP,MHIST,PCam,MHIST->PCam,1.0,123,10.0,1849,0.6138408112458875,0.3646573859316789,0.3647361040743102,0.3482252292719126,1.6564680773184228,0.3768093319125552,0.975677490234375
PLIP,MHIST,PCam,MHIST->PCam,1.0,123,100.0,1849,0.6978997148464845,0.3529530456192778,0.4338027103262817,0.4448834573467946,2.1456661442980667,0.438992046280216,0.988616943359375
PLIP,MHIST,PCam,MHIST->PCam,1.0,456,0.01,1849,0.5258569187186248,0.3334282633902236,0.2923223524175949,0.2060883973003531,2.1811182932718136,0.1907531664790024,1.0
PLIP,MHIST,PCam,MHIST->PCam,1.0,456,0.1,1849,0.537923657738638,0.3334282633902236,0.2814921682827531,0.1791688999364802,1.664341414784829,0.2108152834371908,1.0
PLIP,MHIST,PCam,MHIST->PCam,1.0,456,1.0,1849,0.5750009498560673,0.3680351510425262,0.2906470789983326,0.2067550421375796,1.440067064155343,0.2631290515334278,0.968231201171875
PLIP,MHIST,PCam,MHIST->PCam,1.0,456,10.0,1849,0.6138408112458875,0.3646573859316789,0.3647361040743102,0.3482252292719126,1.6564680773184228,0.3768093319125552,0.975677490234375
PLIP,MHIST,PCam,MHIST->PCam,1.0,456,100.0,1849,0.6978997148464845,0.3529530456192778,0.4338027103262817,0.4448834573467946,2.1456661442980667,0.438992046280216,0.988616943359375
PLIP,PCam,MHIST,PCam->MHIST,0.01,42,0.01,2620,0.3812758869079777,0.4043620810435859,0.2533382791017893,0.1359494053163083,0.1520375894576451,0.2483487425498158,0.5394063459570113
PLIP,PCam,MHIST,PCam->MHIST,0.01,42,0.1,2620,0.3833738519719071,0.3852886834329626,0.2752441100013117,0.170046825204591,0.6513098548572169,0.278425959370586,0.6827021494370522
PLIP,PCam,MHIST,PCam->MHIST,0.01,42,1.0,2620,0.4103457590491626,0.3128384886776214,0.3766725050670755,0.3527003556581042,1.2673911073247672,0.4260435194920733,0.9160696008188332
PLIP,PCam,MHIST,PCam->MHIST,0.01,42,10.0,2620,0.4481991716189447,0.3226274086079597,0.4567895180717286,0.4463783579671025,1.8402031867522408,0.4608282305094786,0.8945752302968271
PLIP,PCam,MHIST,PCam->MHIST,0.01,42,100.0,2620,0.4851971907077255,0.4595650169718811,0.3995139249614352,0.3596852910044867,2.4910454406985525,0.3307341572274109,0.6345957011258956
PLIP,PCam,MHIST,PCam->MHIST,0.01,123,0.01,2620,0.3922699441743202,0.4022245761526957,0.2514042675588234,0.1269387832988239,0.1397844006067642,0.2325126663688069,0.6202661207778914
PLIP,PCam,MHIST,PCam->MHIST,0.01,123,0.1,2620,0.3964118494507472,0.4196537929801874,0.2676792804637529,0.1559650788233488,0.6314156688804303,0.247702467438659,0.5721596724667349
PLIP,PCam,MHIST,PCam->MHIST,0.01,123,1.0,2620,0.4449171618944714,0.3322674470716885,0.3469415731287719,0.3092658205098646,1.2850451698902494,0.3797287156013534,0.8863868986693961
PLIP,PCam,MHIST,PCam->MHIST,0.01,123,10.0,2620,0.4877138483702504,0.4061109201821462,0.383671915506547,0.3530843514160665,1.8828122539914112,0.3601370789242821,0.7881269191402251
PLIP,PCam,MHIST,PCam->MHIST,0.01,123,100.0,2620,0.5229425535746444,0.4847095235839373,0.4026880663553333,0.3573786499128717,2.5636876623353797,0.3307315948786608,0.7011258955987717
PLIP,PCam,MHIST,PCam->MHIST,0.01,456,0.01,2620,0.3906807131280388,0.3994526066964016,0.2520423056690146,0.13303131257455,0.139172380847852,0.2382430200805439,0.5373592630501536
PLIP,PCam,MHIST,PCam->MHIST,0.01,456,0.1,2620,0.3919052764271565,0.4116433757186621,0.2675582689079756,0.1547366756499452,0.6178258892406885,0.25676830405635,0.593654042988741
PLIP,PCam,MHIST,PCam->MHIST,0.01,456,1.0,2620,0.4133171258779038,0.3366022529943452,0.3489512011857203,0.3107953774584037,1.2581344360841629,0.3810364944119759,0.8741044012282497
PLIP,PCam,MHIST,PCam->MHIST,0.01,456,10.0,2620,0.4455924725373671,0.4136736667689734,0.3786230466939063,0.3284993968421981,1.798815552702811,0.3434349831036238,0.7134083930399181
PLIP,PCam,MHIST,PCam->MHIST,0.01,456,100.0,2620,0.4851926886367729,0.4821284566098639,0.3672766573775368,0.3105948310172389,2.265153399990945,0.2938113535328172,0.5404298874104401
PLIP,PCam,MHIST,PCam->MHIST,0.1,42,0.01,26214,0.3894381415451107,0.3919851646970078,0.2701216838091612,0.1648713524425096,0.6237391957104862,0.2694226676053459,0.6243602865916069
PLIP,PCam,MHIST,PCam->MHIST,0.1,42,0.1,26214,0.4277957860615883,0.3293569608913524,0.3481234463978994,0.3083690202219952,1.2408975348940328,0.3839019997679243,0.8853633572159673
PLIP,PCam,MHIST,PCam->MHIST,0.1,42,1.0,26214,0.4782549972987574,0.3984970954428055,0.3879097133067967,0.3561048513493527,1.757511567129524,0.3755865423449344,0.7840327533265097
PLIP,PCam,MHIST,PCam->MHIST,0.1,42,10.0,26214,0.543728615162975,0.5315282056504654,0.3336350877860431,0.2740369501554976,2.095720432763852,0.2664222934657635,0.5199590583418628
PLIP,PCam,MHIST,PCam->MHIST,0.1,42,100.0,26214,0.5766837745362867,0.5435355079850492,0.3595009145192608,0.3250433441262946,2.547879700613369,0.2958398780432489,0.5158648925281474
PLIP,PCam,MHIST,PCam->MHIST,0.1,123,0.01,26214,0.3915451107509454,0.4183626220977664,0.2683912438535339,0.1573547894148049,0.6142833589721917,0.2625794716639852,0.5844421699078812
PLIP,PCam,MHIST,PCam->MHIST,0.1,123,0.1,26214,0.4221681973707906,0.3271688922482573,0.3502878346675271,0.3128213163050224,1.2526972619308916,0.3880890444023173,0.8853633572159673
PLIP,PCam,MHIST,PCam->MHIST,0.1,123,1.0,26214,0.4802989375112552,0.3980206019418932,0.3805406785035877,0.3505709380758612,1.7925181294989068,0.3662118627634902,0.7809621289662231
PLIP,PCam,MHIST,PCam->MHIST,0.1,123,10.0,26214,0.5648613362146587,0.5367501958125036,0.3324400355451438,0.2735051090847065,2.1353423186865665,0.2673366256858077,0.5721596724667349
PLIP,PCam,MHIST,PCam->MHIST,0.1,123,100.0,26214,0.5958625967945255,0.5312135942672757,0.3663840102761494,0.3313897273401114,2.3961881639849736,0.3073199808359814,0.6345957011258956
PLIP,PCam,MHIST,PCam->MHIST,0.1,456,0.01,26214,0.3932919142805691,0.4179894458824708,0.2666925558777144,0.1558768618287142,0.6141900211141129,0.254286372246846,0.5516888433981576
PLIP,PCam,MHIST,PCam->MHIST,0.1,456,0.1,26214,0.4259724473257698,0.3554504966553571,0.3330084252384633,0.2852662151746468,1.2389527694028095,0.3518036654843462,0.8413510747185261
PLIP,PCam,MHIST,PCam->MHIST,0.1,456,1.0,26214,0.4669142805690617,0.4350072945030521,0.3680594679361946,0.3212250937148799,1.770176816998971,0.3407267337255586,0.7052200614124872
PLIP,PCam,MHIST,PCam->MHIST,0.1,456,10.0,26214,0.5100036016567622,0.5021068469215768,0.3340412389917589,0.2720545921551226,2.122675143850484,0.26168565140244,0.5926305015353122
PLIP,PCam,MHIST,PCam->MHIST,0.1,456,100.0,26214,0.5354583108229786,0.5071161881905095,0.3421836406983062,0.2955240034868828,2.39883537792107,0.2712952971977333,0.6284544524053224
PLIP,PCam,MHIST,PCam->MHIST,1.0,42,0.01,262144,0.4239825319647037,0.3189337417578395,0.354042813993615,0.3186756709113285,1.2428078179046855,0.3954620423687145,0.8955987717502559
PLIP,PCam,MHIST,PCam->MHIST,1.0,42,0.1,262144,0.4766387538267603,0.3827880088205495,0.3965896566789612,0.367600016529616,1.799586621805035,0.3852156888485448,0.8137154554759468
PLIP,PCam,MHIST,PCam->MHIST,1.0,42,1.0,262144,0.5479335494327391,0.5449008415543439,0.3224590564354268,0.2607234765415301,2.141662968550853,0.250169755970959,0.5005117707267144
PLIP,PCam,MHIST,PCam->MHIST,1.0,42,10.0,262144,0.5869304880244913,0.5439655099252318,0.3314537824272416,0.2872708926911154,2.420488931987015,0.2635995403078487,0.5199590583418628
PLIP,PCam,MHIST,PCam->MHIST,1.0,42,100.0,262144,0.5957185305240411,0.547585971582462,0.3514669321211917,0.3213963455868734,2.692242688141116,0.283223420148078,0.5250767656090072
PLIP,PCam,MHIST,PCam->MHIST,1.0,123,0.01,262144,0.4239825319647037,0.3189337417578395,0.354042813993615,0.3186756709113285,1.2428078179046855,0.3954620423687145,0.8955987717502559
PLIP,PCam,MHIST,PCam->MHIST,1.0,123,0.1,262144,0.4766387538267603,0.3827880088205495,0.3965896566789612,0.367600016529616,1.799586621805035,0.3852156888485448,0.8137154554759468
PLIP,PCam,MHIST,PCam->MHIST,1.0,123,1.0,262144,0.5479335494327391,0.5449008415543439,0.3224590564354268,0.2607234765415301,2.141662968550853,0.250169755970959,0.5005117707267144
PLIP,PCam,MHIST,PCam->MHIST,1.0,123,10.0,262144,0.5869304880244913,0.5439655099252318,0.3314537824272416,0.2872708926911154,2.420488931987015,0.2635995403078487,0.5199590583418628
PLIP,PCam,MHIST,PCam->MHIST,1.0,123,100.0,262144,0.5957185305240411,0.547585971582462,0.3514669321211917,0.3213963455868734,2.692242688141116,0.283223420148078,0.5250767656090072
PLIP,PCam,MHIST,PCam->MHIST,1.0,456,0.01,262144,0.4239825319647037,0.3189337417578395,0.354042813993615,0.3186756709113285,1.2428078179046855,0.3954620423687145,0.8955987717502559
PLIP,PCam,MHIST,PCam->MHIST,1.0,456,0.1,262144,0.4766387538267603,0.3827880088205495,0.3965896566789612,0.367600016529616,1.799586621805035,0.3852156888485448,0.8137154554759468
PLIP,PCam,MHIST,PCam->MHIST,1.0,456,1.0,262144,0.5479335494327391,0.5449008415543439,0.3224590564354268,0.2607234765415301,2.141662968550853,0.250169755970959,0.5005117707267144
PLIP,PCam,MHIST,PCam->MHIST,1.0,456,10.0,262144,0.5869304880244913,0.5439655099252318,0.3314537824272416,0.2872708926911154,2.420488931987015,0.2635995403078487,0.5199590583418628
PLIP,PCam,MHIST,PCam->MHIST,1.0,456,100.0,262144,0.5957185305240411,0.547585971582462,0.3514669321211917,0.3213963455868734,2.692242688141116,0.283223420148078,0.5250767656090072
UNI,BRACS,CRC,BRACS->CRC,0.01,42,0.01,36,0.5305244130174722,0.4618254879448909,0.1696215168973345,0.2188337145437031,1.299748822182092,0.1511721588166696,1.0
UNI,BRACS,CRC,BRACS->CRC,0.01,42,0.1,36,0.526748695659285,0.4618254879448909,0.1679382578468048,0.2150596893110031,1.2322747782217778,0.1359199523278591,1.0
UNI,BRACS,CRC,BRACS->CRC,0.01,42,1.0,36,0.4920610744543148,0.4618254879448909,0.154963667928539,0.1807539889395952,1.054154878586324,0.0558372426791453,1.0
UNI,BRACS,CRC,BRACS->CRC,0.01,42,10.0,36,0.4522841952807749,0.4614777051769943,0.1331284043816628,0.0694531953183097,1.678901168875376,0.0633911912897117,0.9988
UNI,BRACS,CRC,BRACS->CRC,0.01,42,100.0,36,0.4438586974934227,0.4624823816953991,0.1388264344284926,0.1105821956526843,3.4000418432397232,0.0956239896135067,0.9892666666666666
UNI,BRACS,CRC,BRACS->CRC,0.01,123,0.01,36,0.5111148608391707,0.4618254879448909,0.169415945446693,0.2183612315066649,1.290580404553177,0.1492219125083391,1.0
UNI,BRACS,CRC,BRACS->CRC,0.01,123,0.1,36,0.5060206378477268,0.4618254879448909,0.1660633494830433,0.210611904767428,1.15927368820112,0.1175275265112837,1.0
UNI,BRACS,CRC,BRACS->CRC,0.01,123,1.0,36,0.4571946394108328,0.4618254879448909,0.1454790866909958,0.1511192993670446,0.7961920787896052,0.0437145839208205,1.0
UNI,BRACS,CRC,BRACS->CRC,0.01,123,10.0,36,0.2863680989102651,0.4618254879448909,0.1294579252063732,0.0989481329096249,1.1650701936011254,0.1077693746073395,1.0
UNI,BRACS,CRC,BRACS->CRC,0.01,123,100.0,36,0.1958036356818086,0.4618254879448909,0.1385120078399194,0.1191284945111532,2.391405282676616,0.1228639393340007,1.0
UNI,BRACS,CRC,BRACS->CRC,0.01,456,0.01,36,0.8055982166221956,0.4618254879448909,0.169701054226679,0.2192040491602115,1.2958288371608502,0.1511336648791278,1.0
UNI,BRACS,CRC,BRACS->CRC,0.01,456,0.1,36,0.8031247225428394,0.4618254879448909,0.168771539093494,0.2188198156232028,1.197812793339023,0.1358837767440615,1.0
UNI,BRACS,CRC,BRACS->CRC,0.01,456,1.0,36,0.7777015784683898,0.4618254879448909,0.1631256017939848,0.2332017476533701,0.8909730198398326,0.1098834372586721,1.0
UNI,BRACS,CRC,BRACS->CRC,0.01,456,10.0,36,0.6752273396356024,0.5429898376370872,0.1535810775737018,0.1958642713672263,1.192562942746923,0.1129536594428471,0.9624666666666668
UNI,BRACS,CRC,BRACS->CRC,0.01,456,100.0,36,0.587334350773609,0.5362360625147878,0.1666702663139984,0.1748075124527305,2.1762005959325705,0.1854368616013799,0.8515333333333334
UNI,BRACS,CRC,BRACS->CRC,0.1,42,0.01,364,0.6079616113193176,0.4618254879448909,0.1710719125082468,0.2225654816629046,1.163974525412187,0.1358912232804518,1.0
UNI,BRACS,CRC,BRACS->CRC,0.1,42,0.1,364,0.5859812360103179,0.4618254879448909,0.1675084395738785,0.2162023814261738,0.8397870226264567,0.0592505896515674,1.0
UNI,BRACS,CRC,BRACS->CRC,0.1,42,1.0,364,0.4601213013500189,0.4719431743316118,0.1684749431465504,0.2000179050096967,0.8199877109932548,0.1036654625534173,0.9855333333333334
UNI,BRACS,CRC,BRACS->CRC,0.1,42,10.0,364,0.3207232096127516,0.4448271383416164,0.2144755493148885,0.2531145508797752,1.4976716994600916,0.2541383093054292,0.8141333333333334
UNI,BRACS,CRC,BRACS->CRC,0.1,42,100.0,364,0.3565642129328916,0.4149748810527802,0.3090965443920055,0.338801405176676,3.0262466203920626,0.3162391676630726,0.6590666666666667
UNI,BRACS,CRC,BRACS->CRC,0.1,123,0.01,364,0.5545486253896083,0.4618254879448909,0.1706899162410058,0.2215418537195047,1.1525191435541433,0.1324632951589938,1.0
UNI,BRACS,CRC,BRACS->CRC,0.1,123,0.1,364,0.5206027274915069,0.4618254879448909,0.1650635423449016,0.208331829654439,0.8176688623659442,0.0414971003549946,1.0
UNI,BRACS,CRC,BRACS->CRC,0.1,123,1.0,364,0.3924711488361986,0.4732588229225861,0.1641582216497376,0.1740824218025358,0.9108356600420272,0.1321967084951104,0.989
UNI,BRACS,CRC,BRACS->CRC,0.1,123,10.0,364,0.3182676042187507,0.4584383858724202,0.1984621174296243,0.2398684111959902,1.85390928122992,0.2387278911985021,0.8624
UNI,BRACS,CRC,BRACS->CRC,0.1,123,100.0,364,0.3185235219418963,0.4501529000822109,0.2458670929435399,0.2805499867010509,3.868287815902848,0.2760303825534801,0.7865333333333333
UNI,BRACS,CRC,BRACS->CRC,0.1,456,0.01,364,0.5844715769964065,0.4618254879448909,0.1704301162839883,0.2210950003960237,1.1637122785660083,0.133663588653901,1.0
UNI,BRACS,CRC,BRACS->CRC,0.1,456,0.1,364,0.5492651839161297,0.4618254879448909,0.1634841884617693,0.207323485276074,0.8213021071385022,0.0397564872446462,1.0
UNI,BRACS,CRC,BRACS->CRC,0.1,456,1.0,364,0.428228549932943,0.4704243505209592,0.1608343405357503,0.1709551221924529,0.8565677174785576,0.1212276358456395,0.9943333333333332
UNI,BRACS,CRC,BRACS->CRC,0.1,456,10.0,364,0.3414588609887055,0.4363003177749688,0.2086209977925985,0.250065009381437,1.7269888979234826,0.2528954107349132,0.8343333333333334
UNI,BRACS,CRC,BRACS->CRC,0.1,456,100.0,364,0.3175234714154871,0.3931131879894843,0.3090732754979404,0.3483099740797339,3.4464446188824764,0.3188990151368915,0.7055333333333333
UNI,BRACS,CRC,BRACS->CRC,1.0,42,0.01,3657,0.5496708189834437,0.4618254879448909,0.1648982290985339,0.2092805199276299,0.8086137934415089,0.0399454387819454,1.0
UNI,BRACS,CRC,BRACS->CRC,1.0,42,0.1,3657,0.4448255626831217,0.4661905834402783,0.160969951783335,0.1777303324244427,0.786671767738657,0.1079889096483867,0.9933333333333332
UNI,BRACS,CRC,BRACS->CRC,1.0,42,1.0,3657,0.401307538773908,0.4601161479854604,0.1774401508975374,0.1880210433383178,1.3379204757530676,0.1854041628189724,0.9092
UNI,BRACS,CRC,BRACS->CRC,1.0,42,10.0,3657,0.5362701127235429,0.487767352408614,0.1865354432029368,0.1754214355817337,2.018284656574357,0.1751336119924803,0.8361333333333333
UNI,BRACS,CRC,BRACS->CRC,1.0,42,100.0,3657,0.6095221618176889,0.5121861745122172,0.20399812905654,0.1994462886633913,3.9481863871611735,0.1589889164985123,0.8394
UNI,BRACS,CRC,BRACS->CRC,1.0,123,0.01,3657,0.5496708189834437,0.4618254879448909,0.1648982290985339,0.2092805199276299,0.8086137934415089,0.0399454387819454,1.0
UNI,BRACS,CRC,BRACS->CRC,1.0,123,0.1,3657,0.4448255626831217,0.4661905834402783,0.160969951783335,0.1777303324244427,0.786671767738657,0.1079889096483867,0.9933333333333332
UNI,BRACS,CRC,BRACS->CRC,1.0,123,1.0,3657,0.401307538773908,0.4601161479854604,0.1774401508975374,0.1880210433383178,1.3379204757530676,0.1854041628189724,0.9092
UNI,BRACS,CRC,BRACS->CRC,1.0,123,10.0,3657,0.5362701127235429,0.487767352408614,0.1865354432029368,0.1754214355817337,2.018284656574357,0.1751336119924803,0.8361333333333333
UNI,BRACS,CRC,BRACS->CRC,1.0,123,100.0,3657,0.6095221618176889,0.5121861745122172,0.20399812905654,0.1994462886633913,3.9481863871611735,0.1589889164985123,0.8394
UNI,BRACS,CRC,BRACS->CRC,1.0,456,0.01,3657,0.5496708189834437,0.4618254879448909,0.1648982290985339,0.2092805199276299,0.8086137934415089,0.0399454387819454,1.0
UNI,BRACS,CRC,BRACS->CRC,1.0,456,0.1,3657,0.4448255626831217,0.4661905834402783,0.160969951783335,0.1777303324244427,0.786671767738657,0.1079889096483867,0.9933333333333332
UNI,BRACS,CRC,BRACS->CRC,1.0,456,1.0,3657,0.401307538773908,0.4601161479854604,0.1774401508975374,0.1880210433383178,1.3379204757530676,0.1854041628189724,0.9092
UNI,BRACS,CRC,BRACS->CRC,1.0,456,10.0,3657,0.5362701127235429,0.487767352408614,0.1865354432029368,0.1754214355817337,2.018284656574357,0.1751336119924803,0.8361333333333333
UNI,BRACS,CRC,BRACS->CRC,1.0,456,100.0,3657,0.6095221618176889,0.5121861745122172,0.20399812905654,0.1994462886633913,3.9481863871611735,0.1589889164985123,0.8394
UNI,CRC,BRACS,CRC->BRACS,0.01,42,0.01,699,0.6028050108932461,0.4171779141104294,0.2224414023076023,0.1393216938494609,1.8304173422543937,0.1585311364745178,1.0
UNI,CRC,BRACS,CRC->BRACS,0.01,42,0.1,699,0.598674655047204,0.4171779141104294,0.2236897791355698,0.1503387937134877,1.328788016901736,0.2269296627586598,1.0
UNI,CRC,BRACS,CRC->BRACS,0.01,42,1.0,699,0.5856027596223675,0.4171779141104294,0.2427725887751733,0.2063567446089239,0.9148595120504232,0.278218008825609,1.0
UNI,CRC,BRACS,CRC->BRACS,0.01,42,10.0,699,0.5777051561365287,0.4171779141104294,0.2638145139277499,0.2503462001661173,1.070328992883266,0.2803510045843871,1.0
UNI,CRC,BRACS,CRC->BRACS,0.01,42,100.0,699,0.5778867102396514,0.4171779141104294,0.2741799869124012,0.2689609473312115,1.4968448072232643,0.277701782300595,1.0
UNI,CRC,BRACS,CRC->BRACS,0.01,123,0.01,699,0.6036220043572984,0.4171779141104294,0.2224462356427042,0.1393858208386485,1.8294620516270703,0.1587043180991801,1.0
UNI,CRC,BRACS,CRC->BRACS,0.01,123,0.1,699,0.598160251755023,0.4171779141104294,0.224377995383131,0.1524993093279775,1.347780756409152,0.2263245496610765,1.0
UNI,CRC,BRACS,CRC->BRACS,0.01,123,1.0,699,0.5804889857177439,0.4171779141104294,0.2467523997494419,0.214993681575021,0.9212893743558732,0.279659826024813,1.0
UNI,CRC,BRACS,CRC->BRACS,0.01,123,10.0,699,0.551682401355604,0.4171779141104294,0.2710176485795382,0.262415767614254,1.146960310085777,0.2820905896123355,1.0
UNI,CRC,BRACS,CRC->BRACS,0.01,123,100.0,699,0.5216049382716049,0.4171779141104294,0.2811074547896957,0.2791191986817978,1.7022535106886851,0.2817383168370517,1.0
UNI,CRC,BRACS,CRC->BRACS,0.01,456,0.01,699,0.6127904865649962,0.4171779141104294,0.2221114593064648,0.1382574630642704,1.8284221736903632,0.1577322015646856,1.0
UNI,CRC,BRACS,CRC->BRACS,0.01,456,0.1,699,0.6106874848704913,0.4171779141104294,0.2210645142619624,0.1427441844761737,1.3021592312974066,0.2246322391017495,1.0
UNI,CRC,BRACS,CRC->BRACS,0.01,456,1.0,699,0.6047567175018156,0.4171779141104294,0.2366284321079927,0.1937383437441759,0.8436604662771787,0.2780910600025428,1.0
UNI,CRC,BRACS,CRC->BRACS,0.01,456,10.0,699,0.5942114500121036,0.4171779141104294,0.257087276762349,0.2377928934636342,1.083587938026847,0.2764935851885399,1.0
UNI,CRC,BRACS,CRC->BRACS,0.01,456,100.0,699,0.5868433793270393,0.4171779141104294,0.269876359874021,0.2620817631913571,1.614021044486207,0.2704946067355785,1.0
UNI,CRC,BRACS,CRC->BRACS,0.1,42,0.01,6999,0.5907316630355846,0.4171779141104294,0.2228244223270878,0.1468051674711915,1.31184129734096,0.2264176929637549,1.0
UNI,CRC,BRACS,CRC->BRACS,0.1,42,0.1,6999,0.5771907528443476,0.4171779141104294,0.2411185229791438,0.2015558049138553,0.8258405607972935,0.2799745056560173,1.0
UNI,CRC,BRACS,CRC->BRACS,0.1,42,1.0,6999,0.5563725490196078,0.4171779141104294,0.2611058107666517,0.2426511390306919,0.9341477172267456,0.2809011246406367,1.0
UNI,CRC,BRACS,CRC->BRACS,0.1,42,10.0,6999,0.5322107237956911,0.4171779141104294,0.2751826369889769,0.266798638185207,1.3672558573611715,0.2800038841548766,1.0
UNI,CRC,BRACS,CRC->BRACS,0.1,42,100.0,6999,0.5165214233841685,0.415983606557377,0.2832997800850016,0.2830133452728784,1.9271781873831404,0.2829809773982591,0.9964912280701754
UNI,CRC,BRACS,CRC->BRACS,0.1,123,0.01,6999,0.592471556523844,0.4171779141104294,0.2228190060517558,0.1467854580423571,1.314158748368402,0.2261544680454618,1.0
UNI,CRC,BRACS,CRC->BRACS,0.1,123,0.1,6999,0.5772966594045026,0.4171779141104294,0.2415932563349465,0.2027612052365059,0.7967225053054612,0.2808520051765967,1.0
UNI,CRC,BRACS,CRC->BRACS,0.1,123,1.0,6999,0.552817114500121,0.4171779141104294,0.2639305549779435,0.2486257984825482,0.9520026871103892,0.2817064419718271,1.0
UNI,CRC,BRACS,CRC->BRACS,0.1,123,10.0,6999,0.5223462841926894,0.4171779141104294,0.2788747301501398,0.2749892106722074,1.259445163891304,0.2829389094441328,1.0
UNI,CRC,BRACS,CRC->BRACS,0.1,123,100.0,6999,0.5131324134592109,0.4171779141104294,0.2837334877936519,0.2835216252859099,1.9993716309961065,0.2835231002597236,1.0
UNI,CRC,BRACS,CRC->BRACS,0.1,456,0.01,6999,0.5923202614379085,0.4171779141104294,0.2226808895829025,0.1465101925119921,1.3123609937060905,0.2261608628087956,1.0
UNI,CRC,BRACS,CRC->BRACS,0.1,456,0.1,6999,0.5802317840716533,0.4171779141104294,0.2414828866498597,0.2030322589449484,0.8141593577059222,0.2804619809308695,1.0
UNI,CRC,BRACS,CRC->BRACS,0.1,456,1.0,6999,0.5727578068264343,0.4171779141104294,0.2632073208809091,0.2489200398848062,0.9390632066302514,0.2817798450455368,1.0
UNI,CRC,BRACS,CRC->BRACS,0.1,456,10.0,6999,0.5822137496974098,0.4171779141104294,0.2750973430423701,0.2688625325016371,1.2725184260434184,0.2795678692273421,1.0
UNI,CRC,BRACS,CRC->BRACS,0.1,456,100.0,6999,0.5878570564028079,0.4165813715455476,0.2818359092593276,0.2838042445202621,1.9487184234168573,0.2840645735025947,0.9982456140350876
UNI,CRC,BRACS,CRC->BRACS,1.0,42,0.01,70000,0.5729696199467441,0.4171779141104294,0.2422827076156741,0.2039376428396093,0.8251991993914486,0.2803539959593891,1.0
UNI,CRC,BRACS,CRC->BRACS,1.0,42,0.1,70000,0.5524540062938755,0.4171779141104294,0.2646984062190823,0.2501969303771317,1.0110957686742523,0.281288917981158,1.0
UNI,CRC,BRACS,CRC->BRACS,1.0,42,1.0,70000,0.5232540547083031,0.4171779141104294,0.2781317555281109,0.2718966452663763,1.3661174656870954,0.2816731488032806,1.0
UNI,CRC,BRACS,CRC->BRACS,1.0,42,10.0,70000,0.5071865165819414,0.4171779141104294,0.2830449964253678,0.2827550936935257,1.886396427870215,0.2833048834694675,1.0
UNI,CRC,BRACS,CRC->BRACS,1.0,42,100.0,70000,0.5039185427257322,0.4171779141104294,0.2839066934090868,0.2843685828802472,2.23484350159258,0.2836679301225093,1.0
UNI,CRC,BRACS,CRC->BRACS,1.0,123,0.01,70000,0.5729696199467441,0.4171779141104294,0.2422827076156741,0.2039376428396093,0.8251991993914486,0.2803539959593891,1.0
UNI,CRC,BRACS,CRC->BRACS,1.0,123,0.1,70000,0.5524540062938755,0.4171779141104294,0.2646984062190823,0.2501969303771317,1.0110957686742523,0.281288917981158,1.0
UNI,CRC,BRACS,CRC->BRACS,1.0,123,1.0,70000,0.5232540547083031,0.4171779141104294,0.2781317555281109,0.2718966452663763,1.3661174656870954,0.2816731488032806,1.0
UNI,CRC,BRACS,CRC->BRACS,1.0,123,10.0,70000,0.5071865165819414,0.4171779141104294,0.2830449964253678,0.2827550936935257,1.886396427870215,0.2833048834694675,1.0
UNI,CRC,BRACS,CRC->BRACS,1.0,123,100.0,70000,0.5039185427257322,0.4171779141104294,0.2839066934090868,0.2843685828802472,2.23484350159258,0.2836679301225093,1.0
UNI,CRC,BRACS,CRC->BRACS,1.0,456,0.01,70000,0.5729696199467441,0.4171779141104294,0.2422827076156741,0.2039376428396093,0.8251991993914486,0.2803539959593891,1.0
UNI,CRC,BRACS,CRC->BRACS,1.0,456,0.1,70000,0.5524540062938755,0.4171779141104294,0.2646984062190823,0.2501969303771317,1.0110957686742523,0.281288917981158,1.0
UNI,CRC,BRACS,CRC->BRACS,1.0,456,1.0,70000,0.5232540547083031,0.4171779141104294,0.2781317555281109,0.2718966452663763,1.3661174656870954,0.2816731488032806,1.0
UNI,CRC,BRACS,CRC->BRACS,1.0,456,10.0,70000,0.5071865165819414,0.4171779141104294,0.2830449964253678,0.2827550936935257,1.886396427870215,0.2833048834694675,1.0
UNI,CRC,BRACS,CRC->BRACS,1.0,456,100.0,70000,0.5039185427257322,0.4171779141104294,0.2839066934090868,0.2843685828802472,2.23484350159258,0.2836679301225093,1.0
UNI,MHIST,PCam,MHIST->PCam,0.01,42,0.01,18,0.4403941392127901,0.3334282633902236,0.299301644496268,0.2220214473585634,2.5148551583014083,0.1811281176849814,1.0
UNI,MHIST,PCam,MHIST->PCam,0.01,42,0.1,18,0.4408718705278696,0.3334282633902236,0.2992297448236563,0.2216958439001473,2.4612620708952404,0.1844256106240092,1.0
UNI,MHIST,PCam,MHIST->PCam,0.01,42,1.0,18,0.4446465923923367,0.3334282633902236,0.2991913594301605,0.2201774528100705,2.086493311008486,0.2122528967128875,1.0
UNI,MHIST,PCam,MHIST->PCam,0.01,42,10.0,18,0.4670104901623502,0.3333604589656996,0.309674272299245,0.238187784055326,1.684981827343602,0.2729546706247588,0.999847412109375
UNI,MHIST,PCam,MHIST->PCam,0.01,42,100.0,18,0.4967711282587993,0.3465530586571406,0.315737429686614,0.2392421644253505,3.463994158861527,0.1514205682347212,0.98529052734375
UNI,MHIST,PCam,MHIST->PCam,0.01,123,0.01,18,0.559991923867182,0.3334282633902236,0.2993062565028824,0.222074521670481,2.517685965277575,0.1809882192503477,1.0
UNI,MHIST,PCam,MHIST->PCam,0.01,123,0.1,18,0.5597318762051386,0.3334282633902236,0.2993529852907812,0.2223921909653553,2.4913003312175053,0.1830077343162341,1.0
UNI,MHIST,PCam,MHIST->PCam,0.01,123,1.0,18,0.558528186261211,0.3334282633902236,0.3005041229903534,0.2265909414424964,2.343460706889492,0.1972321601727253,1.0
UNI,MHIST,PCam,MHIST->PCam,0.01,123,10.0,18,0.5526652190111419,0.3334282633902236,0.3205171568982446,0.2695335422038529,2.679458019504264,0.2118162320695766,1.0
UNI,MHIST,PCam,MHIST->PCam,0.01,123,100.0,18,0.5476457842984923,0.3357838027272206,0.3496977860767391,0.315299583801798,4.431172050685521,0.1692059648932394,0.99871826171875
UNI,MHIST,PCam,MHIST->PCam,0.01,456,0.01,18,0.5165117469023004,0.3334282633902236,0.2993226836094659,0.2220897330428804,2.516930096030588,0.1810508226237672,1.0
UNI,MHIST,PCam,MHIST->PCam,0.01,456,0.1,18,0.5159156593675438,0.3334282633902236,0.2994692228374416,0.2224366521131047,2.482409972881396,0.1836418499821711,1.0
UNI,MHIST,PCam,MHIST->PCam,0.01,456,1.0,18,0.5107151792386315,0.3334282633902236,0.3016747081283779,0.2271253780237394,2.26245674046031,0.2040187507770072,1.0
UNI,MHIST,PCam,MHIST->PCam,0.01,456,10.0,18,0.487543075865547,0.3334147036087717,0.3301012905962566,0.2796199133731369,2.3249057603339165,0.2462893825147478,0.999969482421875
UNI,MHIST,PCam,MHIST->PCam,0.01,456,100.0,18,0.4674728956303443,0.3345745149478061,0.3606702605320501,0.3179492679139256,3.805175001148937,0.1992795987185313,0.986328125
UNI,MHIST,PCam,MHIST->PCam,0.1,42,0.01,184,0.4125366032656042,0.3334282633902236,0.297584938963907,0.2178597590923764,2.405999198637924,0.1848545606149836,1.0
UNI,MHIST,PCam,MHIST->PCam,0.1,42,0.1,184,0.4199878520496366,0.3334282633902236,0.3017859025312469,0.2253405511746306,2.0924307324175278,0.216836816685577,1.0
UNI,MHIST,PCam,MHIST->PCam,0.1,42,1.0,184,0.4577639416993899,0.3334147036087717,0.3500658488427431,0.3147971736011641,1.5907360609624697,0.3635697399204198,0.999969482421875
UNI,MHIST,PCam,MHIST->PCam,0.1,42,10.0,184,0.5003235620105808,0.3334147036087717,0.4805865486356442,0.4801827450468076,1.7427452657009912,0.4883205582947229,0.999969482421875
UNI,MHIST,PCam,MHIST->PCam,0.1,42,100.0,184,0.5046963942428058,0.3334147036087717,0.4995495580055423,0.4995532902425166,2.9668422249083948,0.4970546648992825,0.999969482421875
UNI,MHIST,PCam,MHIST->PCam,0.1,123,0.01,184,0.4635449078444409,0.3334282633902236,0.2974647962540495,0.2177486003859242,2.414251891897686,0.1841828363908686,1.0
UNI,MHIST,PCam,MHIST->PCam,0.1,123,0.1,184,0.4731573506620161,0.3334282633902236,0.3004355293845692,0.2237124860251424,2.13955340321812,0.2109742877404561,1.0
UNI,MHIST,PCam,MHIST->PCam,0.1,123,1.0,184,0.5121534023266908,0.3334282633902236,0.3285193953754388,0.2794563708989775,1.530900655812113,0.3377489428013235,1.0
UNI,MHIST,PCam,MHIST->PCam,0.1,123,10.0,184,0.5534902703800173,0.3334282633902236,0.433156997398979,0.4308564838836291,1.542671239298205,0.4639899864998206,1.0
UNI,MHIST,PCam,MHIST->PCam,0.1,123,100.0,184,0.5707384644679158,0.3346614672268507,0.4753779697819419,0.4785027416518284,2.8217882295047336,0.4521532968988931,0.999298095703125
UNI,MHIST,PCam,MHIST->PCam,0.1,456,0.01,184,0.5016877710174799,0.3334282633902236,0.2974007820568992,0.2176817679604302,2.416976717733637,0.1839353235081744,1.0
UNI,MHIST,PCam,MHIST->PCam,0.1,456,0.1,184,0.5101588554597792,0.3334282633902236,0.2997076800135542,0.2227642529368809,2.156431677941781,0.2086180364688873,1.0
UNI,MHIST,PCam,MHIST->PCam,0.1,456,1.0,184,0.5473064177409354,0.3334282633902236,0.3193485726345579,0.2672650528001347,1.5614999793512203,0.3190458674551356,1.0
UNI,MHIST,PCam,MHIST->PCam,0.1,456,10.0,184,0.5931232573950276,0.3332112406649981,0.3865167874005618,0.3764546391614026,1.497324978154983,0.4255885557439383,0.99951171875
UNI,MHIST,PCam,MHIST->PCam,0.1,456,100.0,184,0.60509287062865,0.3688991274294091,0.4139895444706483,0.4098289681839362,2.5170635369010497,0.3810385975836178,0.973052978515625
UNI,MHIST,PCam,MHIST->PCam,1.0,42,0.01,1849,0.4651791743702424,0.3334282633902236,0.2995349086671703,0.2214362112813772,2.110581295936763,0.2113034220421777,1.0
UNI,MHIST,PCam,MHIST->PCam,1.0,42,0.1,1849,0.5083067823463393,0.3334282633902236,0.3307793369531952,0.2838597202784326,1.4768577715452735,0.3507989657870083,1.0
UNI,MHIST,PCam,MHIST->PCam,1.0,42,1.0,1849,0.5893857809897634,0.3334282633902236,0.4389767229003491,0.4390379408457446,1.3695925677568976,0.4796353757240692,1.0
UNI,MHIST,PCam,MHIST->PCam,1.0,42,10.0,1849,0.6881252181460549,0.333591046985262,0.4704817948283273,0.4779712208715531,1.7572583479546784,0.4848772129584652,0.99981689453125
UNI,MHIST,PCam,MHIST->PCam,1.0,42,100.0,1849,0.7000599775572826,0.4017256031345471,0.4334082760061929,0.4427998081551237,2.6332446317542684,0.4291584020711,0.9610595703125
UNI,MHIST,PCam,MHIST->PCam,1.0,123,0.01,1849,0.4651791743702424,0.3334282633902236,0.2995349086671703,0.2214362112813772,2.110581295936763,0.2113034220421777,1.0
UNI,MHIST,PCam,MHIST->PCam,1.0,123,0.1,1849,0.5083067823463393,0.3334282633902236,0.3307793369531952,0.2838597202784326,1.4768577715452735,0.3507989657870083,1.0
UNI,MHIST,PCam,MHIST->PCam,1.0,123,1.0,1849,0.5893857809897634,0.3334282633902236,0.4389767229003491,0.4390379408457446,1.3695925677568976,0.4796353757240692,1.0
UNI,MHIST,PCam,MHIST->PCam,1.0,123,10.0,1849,0.6881252181460549,0.333591046985262,0.4704817948283273,0.4779712208715531,1.7572583479546784,0.4848772129584652,0.99981689453125
UNI,MHIST,PCam,MHIST->PCam,1.0,123,100.0,1849,0.7000599775572826,0.4017256031345471,0.4334082760061929,0.4427998081551237,2.6332446317542684,0.4291584020711,0.9610595703125
UNI,MHIST,PCam,MHIST->PCam,1.0,456,0.01,1849,0.4651791743702424,0.3334282633902236,0.2995349086671703,0.2214362112813772,2.110581295936763,0.2113034220421777,1.0
UNI,MHIST,PCam,MHIST->PCam,1.0,456,0.1,1849,0.5083067823463393,0.3334282633902236,0.3307793369531952,0.2838597202784326,1.4768577715452735,0.3507989657870083,1.0
UNI,MHIST,PCam,MHIST->PCam,1.0,456,1.0,1849,0.5893857809897634,0.3334282633902236,0.4389767229003491,0.4390379408457446,1.3695925677568976,0.4796353757240692,1.0
UNI,MHIST,PCam,MHIST->PCam,1.0,456,10.0,1849,0.6881252181460549,0.333591046985262,0.4704817948283273,0.4779712208715531,1.7572583479546784,0.4848772129584652,0.99981689453125
UNI,MHIST,PCam,MHIST->PCam,1.0,456,100.0,1849,0.7000599775572826,0.4017256031345471,0.4334082760061929,0.4427998081551237,2.6332446317542684,0.4291584020711,0.9610595703125
UNI,PCam,MHIST,PCam->MHIST,0.01,42,0.01,2620,0.4820907617504051,0.417212407351,0.2522776926197425,0.1387219906325764,0.1474181998353785,0.2265353376575977,0.7287615148413511
UNI,PCam,MHIST,PCam->MHIST,0.01,42,0.1,2620,0.4748109130199892,0.4638465124163065,0.255595523439372,0.1352927985335779,0.6199644546100483,0.1970466522328559,0.526100307062436
UNI,PCam,MHIST,PCam->MHIST,0.01,42,1.0,2620,0.4606969205834683,0.471305050401141,0.2708773349812759,0.1818055732146424,1.307763557869673,0.2127177725880794,0.5179119754350051
UNI,PCam,MHIST,PCam->MHIST,0.01,42,10.0,2620,0.446155231406447,0.447197520542508,0.3243101345398447,0.2796842879689012,2.1596907712211384,0.2750824256889993,0.5445240532241555
UNI,PCam,MHIST,PCam->MHIST,0.01,42,100.0,2620,0.4319962182603997,0.4316787660337767,0.402204663337996,0.3791603018530293,3.650659193432864,0.295120636554016,0.534288638689867
UNI,PCam,MHIST,PCam->MHIST,0.01,123,0.01,2620,0.4703448586349721,0.4660518338243457,0.2505331366320458,0.1314513660687469,0.1435954614671849,0.1777392205605794,0.5046059365404298
UNI,PCam,MHIST,PCam->MHIST,0.01,123,0.1,2620,0.4655771654961282,0.4805516688620634,0.2498974416673247,0.1176001767514906,0.6374579969854136,0.1702419889773373,0.6509723643807575
UNI,PCam,MHIST,PCam->MHIST,0.01,123,1.0,2620,0.4554520079236449,0.4821313990793695,0.2627654066814216,0.162860873164925,1.3979501682076083,0.1907972674674671,0.6827021494370522
UNI,PCam,MHIST,PCam->MHIST,0.01,123,10.0,2620,0.4586394741581127,0.4950363658375317,0.3005163696251068,0.2205990615447695,2.3088032198660136,0.2158832883811374,0.6847492323439099
UNI,PCam,MHIST,PCam->MHIST,0.01,123,100.0,2620,0.4818206374932469,0.4743155562589017,0.328454553255483,0.2861969664438094,3.907856289134196,0.206768440273642,0.8219037871033776
UNI,PCam,MHIST,PCam->MHIST,0.01,456,0.01,2620,0.4693634071672969,0.4338297321625992,0.2519042841650102,0.1363813134267112,0.1544454151061133,0.2096035927757547,0.6479017400204709
UNI,PCam,MHIST,PCam->MHIST,0.01,456,0.1,2620,0.4610931028273005,0.4683486970944081,0.2539139346625211,0.1230028674782351,0.6613848369381508,0.1795741503255817,0.5568065506653019
UNI,PCam,MHIST,PCam->MHIST,0.01,456,1.0,2620,0.449900954439042,0.4688613711869526,0.2633914399317837,0.1598253554208001,1.3976759153155942,0.1853765972816578,0.7082906857727738
UNI,PCam,MHIST,PCam->MHIST,0.01,456,10.0,2620,0.4460291734197731,0.456292808219178,0.309281175579278,0.2427270277904026,2.269786820453679,0.2264001582678198,0.7134083930399181
UNI,PCam,MHIST,PCam->MHIST,0.01,456,100.0,2620,0.4451917882225824,0.4632100367726584,0.4058019067499531,0.3682817763714217,3.986200691376019,0.2830150685116023,0.5455475946775844
UNI,PCam,MHIST,PCam->MHIST,0.1,42,0.01,26214,0.4668872681433459,0.4640921247636407,0.2497484803988313,0.1091387177961255,0.648220203593537,0.1666361529511579,0.646878198567042
UNI,PCam,MHIST,PCam->MHIST,0.1,42,0.1,26214,0.4558571943093823,0.4703809667218792,0.2575610160443072,0.143633661085301,1.3847759436348737,0.1651775073908535,0.77482088024565
UNI,PCam,MHIST,PCam->MHIST,0.1,42,1.0,26214,0.4483657482441923,0.4419000610060452,0.2889355697291292,0.2101867256181248,2.1175555036014035,0.2004435739714729,0.8628454452405322
UNI,PCam,MHIST,PCam->MHIST,0.1,42,10.0,26214,0.4504817215919322,0.4468073528611536,0.3198956089259049,0.2724185526497138,2.8579934721223723,0.2284687510970813,0.9048106448311156
UNI,PCam,MHIST,PCam->MHIST,0.1,42,100.0,26214,0.4615613182063748,0.4225917505264109,0.3395147315135133,0.3163108142703774,3.431131817805352,0.2568112033388415,0.9611054247697032
UNI,PCam,MHIST,PCam->MHIST,0.1,123,0.01,26214,0.4669007743562038,0.4771035451152601,0.2478192010658644,0.1115788495697236,0.6502230006115992,0.1555972191520907,0.7164790174002047
UNI,PCam,MHIST,PCam->MHIST,0.1,123,0.1,26214,0.4595578966324509,0.4622046145258326,0.2570428297630817,0.1380203229806819,1.3920270739601122,0.1629620495472409,0.8034800409416581
UNI,PCam,MHIST,PCam->MHIST,0.1,123,1.0,26214,0.4549702863317126,0.4510531047325499,0.2913496474832361,0.2029610837929717,2.152781234951522,0.1987455464157356,0.834186284544524
UNI,PCam,MHIST,PCam->MHIST,0.1,123,10.0,26214,0.4635602377093462,0.4521085688649618,0.3173867560061828,0.255731335899218,2.7962237934333363,0.210344811193238,0.8894575230296827
UNI,PCam,MHIST,PCam->MHIST,0.1,123,100.0,26214,0.4508869079776697,0.4516178531192079,0.3337043688702978,0.2842778306522598,3.0794876985260964,0.2284779723096941,0.8393039918116684
UNI,PCam,MHIST,PCam->MHIST,0.1,456,0.01,26214,0.4659913560237709,0.4775695148035573,0.2484987790465538,0.108695336621676,0.6485357350813687,0.1604144748894453,0.6949846468781986
UNI,PCam,MHIST,PCam->MHIST,0.1,456,0.1,26214,0.4582522960561858,0.4734979203141287,0.257177331125598,0.140540753551267,1.378603765022804,0.1686658571034502,0.7830092118730808
UNI,PCam,MHIST,PCam->MHIST,0.1,456,1.0,26214,0.4554204934269764,0.4493661580684157,0.2858260595419989,0.1992426334104088,2.030144250509991,0.1975615840451776,0.8485158648925282
UNI,PCam,MHIST,PCam->MHIST,0.1,456,10.0,26214,0.4590266522600396,0.4368199831872222,0.3178618391531038,0.2628154367078389,2.6647111030993536,0.2279346173850073,0.9181166837256908
UNI,PCam,MHIST,PCam->MHIST,0.1,456,100.0,26214,0.4719881145326849,0.4073306486862902,0.3398725934644881,0.3218111158205203,3.0736648238006867,0.2702127640355095,0.9764585465711362
UNI,PCam,MHIST,PCam->MHIST,1.0,42,0.01,262144,0.454367008824059,0.4692456435602189,0.2584443837048402,0.1461729011253258,1.3890326635048336,0.1705749616570294,0.7840327533265097
UNI,PCam,MHIST,PCam->MHIST,1.0,42,0.1,262144,0.4432198811453268,0.4376518813714621,0.2936854435127922,0.2125314616664954,2.1000060305221737,0.2049327262009083,0.8556806550665302
UNI,PCam,MHIST,PCam->MHIST,1.0,42,1.0,262144,0.4419322888528723,0.4212418275248186,0.3272527476726267,0.2845572668612001,2.663506799210356,0.2485129091804761,0.9396110542476972
UNI,PCam,MHIST,PCam->MHIST,1.0,42,10.0,262144,0.4420943634071673,0.4191979160260686,0.337371841131233,0.3076334051263128,2.9013744535841752,0.265189456641466,0.947799385875128
UNI,PCam,MHIST,PCam->MHIST,1.0,42,100.0,262144,0.4421168737619305,0.4202055688750682,0.3389400228157359,0.3103318259060207,2.9517020441542963,0.2653935684563582,0.9498464687819856
UNI,PCam,MHIST,PCam->MHIST,1.0,123,0.01,262144,0.454367008824059,0.4692456435602189,0.2584443837048402,0.1461729011253258,1.3890326635048336,0.1705749616570294,0.7840327533265097
UNI,PCam,MHIST,PCam->MHIST,1.0,123,0.1,262144,0.4432198811453268,0.4376518813714621,0.2936854435127922,0.2125314616664954,2.1000060305221737,0.2049327262009083,0.8556806550665302
UNI,PCam,MHIST,PCam->MHIST,1.0,123,1.0,262144,0.4419322888528723,0.4212418275248186,0.3272527476726267,0.2845572668612001,2.663506799210356,0.2485129091804761,0.9396110542476972
UNI,PCam,MHIST,PCam->MHIST,1.0,123,10.0,262144,0.4420943634071673,0.4191979160260686,0.337371841131233,0.3076334051263128,2.9013744535841752,0.265189456641466,0.947799385875128
UNI,PCam,MHIST,PCam->MHIST,1.0,123,100.0,262144,0.4421168737619305,0.4202055688750682,0.3389400228157359,0.3103318259060207,2.9517020441542963,0.2653935684563582,0.9498464687819856
UNI,PCam,MHIST,PCam->MHIST,1.0,456,0.01,262144,0.454367008824059,0.4692456435602189,0.2584443837048402,0.1461729011253258,1.3890326635048336,0.1705749616570294,0.7840327533265097
UNI,PCam,MHIST,PCam->MHIST,1.0,456,0.1,262144,0.4432198811453268,0.4376518813714621,0.2936854435127922,0.2125314616664954,2.1000060305221737,0.2049327262009083,0.8556806550665302
UNI,PCam,MHIST,PCam->MHIST,1.0,456,1.0,262144,0.4419322888528723,0.4212418275248186,0.3272527476726267,0.2845572668612001,2.663506799210356,0.2485129091804761,0.9396110542476972
UNI,PCam,MHIST,PCam->MHIST,1.0,456,10.0,262144,0.4420943634071673,0.4191979160260686,0.337371841131233,0.3076334051263128,2.9013744535841752,0.265189456641466,0.947799385875128
UNI,PCam,MHIST,PCam->MHIST,1.0,456,100.0,262144,0.4421168737619305,0.4202055688750682,0.3389400228157359,0.3103318259060207,2.9517020441542963,0.2653935684563582,0.9498464687819856
VIRCHOW2,BRACS,CRC,BRACS->CRC,0.01,42,0.01,36,0.4354092507722071,0.4618254879448909,0.169689505626569,0.218798199334481,1.2989064402187969,0.1510057959940466,1.0
VIRCHOW2,BRACS,CRC,BRACS->CRC,0.01,42,0.1,36,0.4415575919288588,0.4618254879448909,0.1685924990415648,0.2147102484457801,1.2278974940146166,0.1348552359716362,1.0
VIRCHOW2,BRACS,CRC,BRACS->CRC,0.01,42,1.0,36,0.4854937729851353,0.4617868675995694,0.1602017131776338,0.1815824758400086,1.1330176613381002,0.1115331730905299,0.9998666666666668
VIRCHOW2,BRACS,CRC,BRACS->CRC,0.01,42,10.0,36,0.5745236425627462,0.4652679719133322,0.1433601607917461,0.1347213034963592,2.3688132828903847,0.1416473645349983,0.9536666666666668
VIRCHOW2,BRACS,CRC,BRACS->CRC,0.01,42,100.0,36,0.5960167519871774,0.4634802076055339,0.1573547083302219,0.1512580163568052,5.137358664689107,0.1387159820484017,0.9376
VIRCHOW2,BRACS,CRC,BRACS->CRC,0.01,123,0.01,36,0.4605733374766936,0.4618254879448909,0.1696660198196195,0.2187405078176244,1.2908530417254762,0.1497885270078154,1.0
VIRCHOW2,BRACS,CRC,BRACS->CRC,0.01,123,0.1,36,0.4711976467543937,0.4618254879448909,0.1682867331842612,0.2140082568714861,1.16431883320606,0.1235214220261211,1.0
VIRCHOW2,BRACS,CRC,BRACS->CRC,0.01,123,1.0,36,0.5413832101034126,0.4618254879448909,0.156470267936885,0.1754567921979453,0.945653028342224,0.1114453968751832,1.0
VIRCHOW2,BRACS,CRC,BRACS->CRC,0.01,123,10.0,36,0.6505767677233794,0.4652652783051165,0.1276454968598082,0.1026399462137707,1.83822883208667,0.1047668168630189,0.9905333333333334
VIRCHOW2,BRACS,CRC,BRACS->CRC,0.01,123,100.0,36,0.6730409407024399,0.4625075819371438,0.130419570613781,0.1054907964259158,3.363563166782751,0.0824208484227101,0.9924
VIRCHOW2,BRACS,CRC,BRACS->CRC,0.01,456,0.01,36,0.4628230404515016,0.4618254879448909,0.1697186801580449,0.2189026696965201,1.2971292446828988,0.1509001542140458,1.0
VIRCHOW2,BRACS,CRC,BRACS->CRC,0.01,456,0.1,36,0.4693698977088464,0.4618254879448909,0.1689075385184987,0.2158770082731327,1.213110487956761,0.1341632053822469,1.0
VIRCHOW2,BRACS,CRC,BRACS->CRC,0.01,456,1.0,36,0.5090416717290429,0.4618254879448909,0.1635807707001977,0.1974468637937622,0.995848734287906,0.0707800821614268,1.0
VIRCHOW2,BRACS,CRC,BRACS->CRC,0.01,456,10.0,36,0.5247608611335673,0.4922551993067591,0.1503301294786131,0.1571609406919716,1.3922944549756504,0.0936107596400645,0.9882666666666666
VIRCHOW2,BRACS,CRC,BRACS->CRC,0.01,456,100.0,36,0.4393235141730958,0.511048139339566,0.1570538692460764,0.1564709030794548,2.701470066769279,0.1802435508073254,0.9399333333333332
VIRCHOW2,BRACS,CRC,BRACS->CRC,0.1,42,0.01,364,0.7954287180427764,0.4618254879448909,0.1698639907065046,0.2211245418087811,1.1850915034869822,0.1372087463574534,1.0
VIRCHOW2,BRACS,CRC,BRACS->CRC,0.1,42,0.1,364,0.8343107613658136,0.4618254879448909,0.1580945745633047,0.205923552251233,0.991603359229796,0.107562387357371,1.0
VIRCHOW2,BRACS,CRC,BRACS->CRC,0.1,42,1.0,364,0.848764965163063,0.5627827604135642,0.1428754784921928,0.2067885494496997,1.4137808051743483,0.1542668527678398,0.9718
VIRCHOW2,BRACS,CRC,BRACS->CRC,0.1,42,10.0,364,0.7294592987868989,0.5903503011339993,0.1786999796375088,0.2408501949195157,1.91048176074366,0.2371284700693728,0.7257333333333333
VIRCHOW2,BRACS,CRC,BRACS->CRC,0.1,42,100.0,364,0.521164030628934,0.4644722402383772,0.2624224786239427,0.2582601229115039,3.319422675886238,0.2666404348497686,0.6650666666666667
VIRCHOW2,BRACS,CRC,BRACS->CRC,0.1,123,0.01,364,0.4943080393650378,0.4618254879448909,0.1702291531121063,0.2197790703899746,1.1509029924088785,0.1296059253346064,1.0
VIRCHOW2,BRACS,CRC,BRACS->CRC,0.1,123,0.1,364,0.5715852252017551,0.4618254879448909,0.1593554593960329,0.1946464331845671,0.8657707181520238,0.0676083091214865,1.0
VIRCHOW2,BRACS,CRC,BRACS->CRC,0.1,123,1.0,364,0.7638685866507474,0.490869563168875,0.1303304421707982,0.1410213100390561,1.2348125894806352,0.0499513081150904,0.9864
VIRCHOW2,BRACS,CRC,BRACS->CRC,0.1,123,10.0,364,0.8550614173329532,0.6751027648534292,0.1110094192298378,0.1227102407426209,2.031053869386584,0.1248920524365724,0.881
VIRCHOW2,BRACS,CRC,BRACS->CRC,0.1,123,100.0,364,0.8901367119048399,0.7258305585387356,0.1263901643900479,0.1593967734107398,4.162003577364741,0.2155469366271785,0.7414666666666667
VIRCHOW2,BRACS,CRC,BRACS->CRC,0.1,456,0.01,364,0.3761512646789441,0.4618254879448909,0.1708388202165664,0.2200050504525947,1.167538446264968,0.1327307200013642,1.0
VIRCHOW2,BRACS,CRC,BRACS->CRC,0.1,456,0.1,364,0.4072350094277022,0.4618254879448909,0.1628974342041422,0.1948643595515825,0.9451979803636464,0.0663524753720973,1.0
VIRCHOW2,BRACS,CRC,BRACS->CRC,0.1,456,1.0,364,0.592074998422875,0.4637679481210132,0.1323342180634593,0.1218349876701653,1.3794083327145832,0.0542384696684878,0.9997333333333334
VIRCHOW2,BRACS,CRC,BRACS->CRC,0.1,456,10.0,364,0.6466014272396342,0.4810894326898536,0.1192127211328731,0.0356804967842441,2.086953474031544,0.0337100580779002,0.9953333333333332
VIRCHOW2,BRACS,CRC,BRACS->CRC,0.1,456,100.0,364,0.6843800307364122,0.4831562929972131,0.1290825013623088,0.0930186291867708,3.8673004387353194,0.0357665577145044,0.9806666666666668
VIRCHOW2,BRACS,CRC,BRACS->CRC,1.0,42,0.01,3657,0.523895924942873,0.4618254879448909,0.1592113149358472,0.1923104223275964,0.923649043180066,0.0439857721821117,1.0
VIRCHOW2,BRACS,CRC,BRACS->CRC,1.0,42,0.1,3657,0.7155902740458978,0.472851044884953,0.1329706795141161,0.1399570796924653,1.345635201585159,0.0614122583988909,0.9983333333333332
VIRCHOW2,BRACS,CRC,BRACS->CRC,1.0,42,1.0,3657,0.7456394321532545,0.5999319033026899,0.12807892004353,0.1377773467803033,1.6015580322540055,0.1018906252986202,0.9218666666666666
VIRCHOW2,BRACS,CRC,BRACS->CRC,1.0,42,10.0,3657,0.7170709825955505,0.6025484814825144,0.1627126685384939,0.1655211666988909,1.9944179478379973,0.1652592633885022,0.7738
VIRCHOW2,BRACS,CRC,BRACS->CRC,1.0,42,100.0,3657,0.6567992191479319,0.5626742205634447,0.2335661642892837,0.2119682026459073,3.715298150917755,0.2023688673514466,0.7230666666666666
VIRCHOW2,BRACS,CRC,BRACS->CRC,1.0,123,0.01,3657,0.523895924942873,0.4618254879448909,0.1592113149358472,0.1923104223275964,0.923649043180066,0.0439857721821117,1.0
VIRCHOW2,BRACS,CRC,BRACS->CRC,1.0,123,0.1,3657,0.7155902740458978,0.472851044884953,0.1329706795141161,0.1399570796924653,1.345635201585159,0.0614122583988909,0.9983333333333332
VIRCHOW2,BRACS,CRC,BRACS->CRC,1.0,123,1.0,3657,0.7456394321532545,0.5999319033026899,0.12807892004353,0.1377773467803033,1.6015580322540055,0.1018906252986202,0.9218666666666666
VIRCHOW2,BRACS,CRC,BRACS->CRC,1.0,123,10.0,3657,0.7170709825955505,0.6025484814825144,0.1627126685384939,0.1655211666988909,1.9944179478379973,0.1652592633885022,0.7738
VIRCHOW2,BRACS,CRC,BRACS->CRC,1.0,123,100.0,3657,0.6567992191479319,0.5626742205634447,0.2335661642892837,0.2119682026459073,3.715298150917755,0.2023688673514466,0.7230666666666666
VIRCHOW2,BRACS,CRC,BRACS->CRC,1.0,456,0.01,3657,0.523895924942873,0.4618254879448909,0.1592113149358472,0.1923104223275964,0.923649043180066,0.0439857721821117,1.0
VIRCHOW2,BRACS,CRC,BRACS->CRC,1.0,456,0.1,3657,0.7155902740458978,0.472851044884953,0.1329706795141161,0.1399570796924653,1.345635201585159,0.0614122583988909,0.9983333333333332
VIRCHOW2,BRACS,CRC,BRACS->CRC,1.0,456,1.0,3657,0.7456394321532545,0.5999319033026899,0.12807892004353,0.1377773467803033,1.6015580322540055,0.1018906252986202,0.9218666666666666
VIRCHOW2,BRACS,CRC,BRACS->CRC,1.0,456,10.0,3657,0.7170709825955505,0.6025484814825144,0.1627126685384939,0.1655211666988909,1.9944179478379973,0.1652592633885022,0.7738
VIRCHOW2,BRACS,CRC,BRACS->CRC,1.0,456,100.0,3657,0.6567992191479319,0.5626742205634447,0.2335661642892837,0.2119682026459073,3.715298150917755,0.2023688673514466,0.7230666666666666
VIRCHOW2,CRC,BRACS,CRC->BRACS,0.01,42,0.01,699,0.5867374727668845,0.4171779141104294,0.2216682211215546,0.1383221348911879,1.7896474029917218,0.1623177512001808,1.0
VIRCHOW2,CRC,BRACS,CRC->BRACS,0.01,42,0.1,699,0.6057098765432098,0.4171779141104294,0.2218447485926913,0.1494043076781893,1.1875581352503966,0.2399694285237591,1.0
VIRCHOW2,CRC,BRACS,CRC->BRACS,0.01,42,1.0,699,0.6460451464536432,0.4171779141104294,0.238402447515108,0.2053047860605841,0.8308517119763623,0.2797371096210962,1.0
VIRCHOW2,CRC,BRACS,CRC->BRACS,0.01,42,10.0,699,0.6634592108448318,0.4171779141104294,0.2561182920389087,0.2448570131132931,1.1832888397784675,0.277275018192234,1.0
VIRCHOW2,CRC,BRACS,CRC->BRACS,0.01,42,100.0,699,0.6688453159041393,0.4171779141104294,0.2692225989390369,0.2643560791229984,1.7786797924092947,0.2698799516859927,1.0
VIRCHOW2,CRC,BRACS,CRC->BRACS,0.01,123,0.01,699,0.5840141612200436,0.4171779141104294,0.221962640333756,0.1401484228292857,1.795590169507868,0.1619986156224164,1.0
VIRCHOW2,CRC,BRACS,CRC->BRACS,0.01,123,0.1,699,0.5987049140643912,0.4171779141104294,0.2237264154787098,0.1528827843881819,1.2165926962204776,0.2396503121686005,1.0
VIRCHOW2,CRC,BRACS,CRC->BRACS,0.01,123,1.0,699,0.6281620672960542,0.4171779141104294,0.2478925997077042,0.2213746753569334,0.8382766880670149,0.2818511887047235,1.0
VIRCHOW2,CRC,BRACS,CRC->BRACS,0.01,123,10.0,699,0.630234809973372,0.4171779141104294,0.2723959682001044,0.2668689363778404,1.2065913467324767,0.2823669792380606,1.0
VIRCHOW2,CRC,BRACS,CRC->BRACS,0.01,123,100.0,699,0.5997185911401598,0.4171779141104294,0.2820817515672058,0.2809187873647431,1.7707937124808713,0.2825430591272244,1.0
VIRCHOW2,CRC,BRACS,CRC->BRACS,0.01,456,0.01,699,0.5862079399661099,0.4171779141104294,0.2217112188911937,0.1384086504276232,1.790497415995096,0.162301357842478,1.0
VIRCHOW2,CRC,BRACS,CRC->BRACS,0.01,456,0.1,699,0.6016854272573227,0.4171779141104294,0.2222000000639233,0.1510311420182269,1.1891409577308163,0.2401215477957521,1.0
VIRCHOW2,CRC,BRACS,CRC->BRACS,0.01,456,1.0,699,0.6315662067296054,0.4171779141104294,0.2397717873726298,0.2059578900833847,0.8529312649775284,0.2793032577155088,1.0
VIRCHOW2,CRC,BRACS,CRC->BRACS,0.01,456,10.0,699,0.6532014040183975,0.4171779141104294,0.2567142707788303,0.2432536346154598,1.1678454114848222,0.2772265772151845,1.0
VIRCHOW2,CRC,BRACS,CRC->BRACS,0.01,456,100.0,699,0.6649419026870007,0.4171779141104294,0.2696808202402981,0.2654067557590099,1.830206766848208,0.2698691056253344,1.0
VIRCHOW2,CRC,BRACS,CRC->BRACS,0.1,42,0.01,6999,0.5952402565964658,0.4171779141104294,0.2220297603685412,0.1492029610479563,1.1883935645906485,0.2392381608542735,1.0
VIRCHOW2,CRC,BRACS,CRC->BRACS,0.1,42,0.1,6999,0.6295539820866618,0.4171779141104294,0.2395703149039299,0.2043817330461145,0.8341046764780112,0.2797201581880439,1.0
VIRCHOW2,CRC,BRACS,CRC->BRACS,0.1,42,1.0,6999,0.6540940450254176,0.4171779141104294,0.2570072112518409,0.2431854376032207,1.1094418655939744,0.2789047780151074,1.0
VIRCHOW2,CRC,BRACS,CRC->BRACS,0.1,42,10.0,6999,0.6648511256354395,0.4171779141104294,0.2642219807711532,0.2575249377186419,1.4573589236305555,0.2750200514542498,1.0
VIRCHOW2,CRC,BRACS,CRC->BRACS,0.1,42,100.0,6999,0.6551228516097796,0.4338173907214547,0.2707815915411081,0.2661616137234509,2.030327744701636,0.2654331697350582,0.987719298245614
VIRCHOW2,CRC,BRACS,CRC->BRACS,0.1,123,0.01,6999,0.5928800532558702,0.4171779141104294,0.2220965029505416,0.1498289404678076,1.1791455627651737,0.2400798088165951,1.0
VIRCHOW2,CRC,BRACS,CRC->BRACS,0.1,123,0.1,6999,0.6261044541273301,0.4171779141104294,0.2406424067194914,0.2059236411026128,0.8323197350228287,0.2799765837229111,1.0
VIRCHOW2,CRC,BRACS,CRC->BRACS,0.1,123,1.0,6999,0.6417029774872911,0.4171779141104294,0.2619330368228086,0.2494545884184588,1.1204474962824298,0.2802116658972699,1.0
VIRCHOW2,CRC,BRACS,CRC->BRACS,0.1,123,10.0,6999,0.6268004115226338,0.4171779141104294,0.2758493940604191,0.2719400757369892,1.4771314669773363,0.281289493341096,1.0
VIRCHOW2,CRC,BRACS,CRC->BRACS,0.1,123,100.0,6999,0.60129206003389,0.4171779141104294,0.2828142574288436,0.2830088280693437,2.031249052380113,0.2828081059673534,1.0
VIRCHOW2,CRC,BRACS,CRC->BRACS,0.1,456,0.01,6999,0.5958756959573954,0.4171779141104294,0.2223898510967316,0.1496815559508284,1.1827500672278493,0.240578041659333,1.0
VIRCHOW2,CRC,BRACS,CRC->BRACS,0.1,456,0.1,6999,0.632579883805374,0.4171779141104294,0.2414247155539103,0.2086864725279403,0.8394633646073784,0.2802002702730863,1.0
VIRCHOW2,CRC,BRACS,CRC->BRACS,0.1,456,1.0,6999,0.6626119583635923,0.4171779141104294,0.259800062053069,0.2479481627221049,1.1095036924515174,0.2801019816427311,1.0
VIRCHOW2,CRC,BRACS,CRC->BRACS,0.1,456,10.0,6999,0.664382110869039,0.4171779141104294,0.2707835697976972,0.26659251160181,1.4626973039787754,0.2793941253654658,1.0
VIRCHOW2,CRC,BRACS,CRC->BRACS,0.1,456,100.0,6999,0.6417786250302591,0.415983606557377,0.2812708809872262,0.2831346725745065,1.996960367857432,0.2831754759782484,0.9964912280701754
VIRCHOW2,CRC,BRACS,CRC->BRACS,1.0,42,0.01,70000,0.6283587509077705,0.4171779141104294,0.2413592378899453,0.208035968784264,0.8462136897880517,0.2798903081679252,1.0
VIRCHOW2,CRC,BRACS,CRC->BRACS,1.0,42,0.1,70000,0.6472706366497216,0.4171779141104294,0.26118200487172,0.249052634882628,1.131511775931597,0.2799611331029378,1.0
VIRCHOW2,CRC,BRACS,CRC->BRACS,1.0,42,1.0,70000,0.6347282740256596,0.4171779141104294,0.2729244367030246,0.2676149925919616,1.4760605612318067,0.2793944200000088,1.0
VIRCHOW2,CRC,BRACS,CRC->BRACS,1.0,42,10.0,70000,0.6212932703945776,0.4165813715455476,0.278587701409851,0.2769548426640477,1.6582112777065428,0.2806485297512852,0.9982456140350876
VIRCHOW2,CRC,BRACS,CRC->BRACS,1.0,42,100.0,70000,0.5981602517550231,0.415983606557377,0.2851552920957104,0.2851838476651642,2.158611981565832,0.284428406958105,0.9964912280701754
VIRCHOW2,CRC,BRACS,CRC->BRACS,1.0,123,0.01,70000,0.6283587509077705,0.4171779141104294,0.2413592378899453,0.208035968784264,0.8462136897880517,0.2798903081679252,1.0
VIRCHOW2,CRC,BRACS,CRC->BRACS,1.0,123,0.1,70000,0.6472706366497216,0.4171779141104294,0.26118200487172,0.249052634882628,1.131511775931597,0.2799611331029378,1.0
VIRCHOW2,CRC,BRACS,CRC->BRACS,1.0,123,1.0,70000,0.6347282740256596,0.4171779141104294,0.2729244367030246,0.2676149925919616,1.4760605612318067,0.2793944200000088,1.0
VIRCHOW2,CRC,BRACS,CRC->BRACS,1.0,123,10.0,70000,0.6212932703945776,0.4165813715455476,0.278587701409851,0.2769548426640477,1.6582112777065428,0.2806485297512852,0.9982456140350876
VIRCHOW2,CRC,BRACS,CRC->BRACS,1.0,123,100.0,70000,0.5981602517550231,0.415983606557377,0.2851552920957104,0.2851838476651642,2.158611981565832,0.284428406958105,0.9964912280701754
VIRCHOW2,CRC,BRACS,CRC->BRACS,1.0,456,0.01,70000,0.6283587509077705,0.4171779141104294,0.2413592378899453,0.208035968784264,0.8462136897880517,0.2798903081679252,1.0
VIRCHOW2,CRC,BRACS,CRC->BRACS,1.0,456,0.1,70000,0.6472706366497216,0.4171779141104294,0.26118200487172,0.249052634882628,1.131511775931597,0.2799611331029378,1.0
VIRCHOW2,CRC,BRACS,CRC->BRACS,1.0,456,1.0,70000,0.6347282740256596,0.4171779141104294,0.2729244367030246,0.2676149925919616,1.4760605612318067,0.2793944200000088,1.0
VIRCHOW2,CRC,BRACS,CRC->BRACS,1.0,456,10.0,70000,0.6212932703945776,0.4165813715455476,0.278587701409851,0.2769548426640477,1.6582112777065428,0.2806485297512852,0.9982456140350876
VIRCHOW2,CRC,BRACS,CRC->BRACS,1.0,456,100.0,70000,0.5981602517550231,0.415983606557377,0.2851552920957104,0.2851838476651642,2.158611981565832,0.284428406958105,0.9964912280701754
VIRCHOW2,MHIST,PCam,MHIST->PCam,0.01,42,0.01,18,0.3758877270612815,0.3334282633902236,0.2993629390657032,0.2221038094497552,2.5180939051388536,0.180986695517287,1.0
VIRCHOW2,MHIST,PCam,MHIST->PCam,0.01,42,0.1,18,0.3743362029734028,0.3334282633902236,0.2997415359446702,0.2223165347303801,2.490424931349133,0.1830009743367203,1.0
VIRCHOW2,MHIST,PCam,MHIST->PCam,0.01,42,1.0,18,0.3713490672264408,0.3334282633902236,0.3031487553524321,0.2252815925037981,2.3101335274862262,0.1985757896752887,1.0
VIRCHOW2,MHIST,PCam,MHIST->PCam,0.01,42,10.0,18,0.4135580482495739,0.3334282633902236,0.3042961592960004,0.2187630356038921,1.9940132973201157,0.2193224109072756,1.0
VIRCHOW2,MHIST,PCam,MHIST->PCam,0.01,42,100.0,18,0.5017459190843628,0.472504154333187,0.2782191907054203,0.1249685962811137,2.6321346109881247,0.0977083931401282,0.821319580078125
VIRCHOW2,MHIST,PCam,MHIST->PCam,0.01,123,0.01,18,0.7234626689913525,0.3334282633902236,0.2993053598817233,0.2222308933631757,2.517418580161605,0.1811402473075244,1.0
VIRCHOW2,MHIST,PCam,MHIST->PCam,0.01,123,0.1,18,0.7238508852895102,0.3334282633902236,0.2993228978630167,0.2238674167228828,2.488227211483103,0.1844947508031552,1.0
VIRCHOW2,MHIST,PCam,MHIST->PCam,0.01,123,1.0,18,0.7376433318276824,0.3334282633902236,0.3002489631876039,0.2380168089974576,2.3142148654723003,0.2195067666511233,1.0
VIRCHOW2,MHIST,PCam,MHIST->PCam,0.01,123,10.0,18,0.7806127229706326,0.3334282633902236,0.3271924644423955,0.313943629920339,2.4061317337633232,0.2746052832994631,1.0
VIRCHOW2,MHIST,PCam,MHIST->PCam,0.01,123,100.0,18,0.793319366397891,0.3337673931257743,0.3775856319327904,0.3944383279372435,3.691203972715922,0.2739940581228175,0.999847412109375
VIRCHOW2,MHIST,PCam,MHIST->PCam,0.01,456,0.01,18,0.396748287382223,0.3334282633902236,0.2993497542123288,0.2219091828994503,2.515414411131723,0.1809949376158638,1.0
VIRCHOW2,MHIST,PCam,MHIST->PCam,0.01,456,0.1,18,0.3951594321534491,0.3334282633902236,0.2999463421879248,0.221144712690663,2.475303661401804,0.1830051887045578,1.0
VIRCHOW2,MHIST,PCam,MHIST->PCam,0.01,456,1.0,18,0.3838131755845457,0.3334282633902236,0.3103750099460673,0.228670247093802,2.361291674158494,0.1978616174866885,1.0
VIRCHOW2,MHIST,PCam,MHIST->PCam,0.01,456,10.0,18,0.3463264292850905,0.3334282633902236,0.3902981012057089,0.3525158164017508,2.475496474321215,0.3082112444938004,1.0
VIRCHOW2,MHIST,PCam,MHIST->PCam,0.01,456,100.0,18,0.3471642360502763,0.3334418457977146,0.4762390391861803,0.4664537201261038,3.5200285581016333,0.3894530372449863,0.999847412109375
VIRCHOW2,MHIST,PCam,MHIST->PCam,0.1,42,0.01,184,0.5899909545092165,0.3334282633902236,0.2985447250485531,0.2211859048438649,2.40248283564452,0.1880541996652805,1.0
VIRCHOW2,MHIST,PCam,MHIST->PCam,0.1,42,0.1,184,0.593971688690084,0.3334282633902236,0.3100998918372064,0.2500071803394387,2.0728341578644605,0.2427173542297409,1.0
VIRCHOW2,MHIST,PCam,MHIST->PCam,0.1,42,1.0,184,0.6176742660479211,0.3334282633902236,0.3693450905773789,0.3520015480394522,1.4073695445189265,0.4219036909860486,1.0
VIRCHOW2,MHIST,PCam,MHIST->PCam,0.1,42,10.0,184,0.5872651143967755,0.3334282633902236,0.4442432035289419,0.4442497095441226,1.5054333323237516,0.4757215384478037,1.0
VIRCHOW2,MHIST,PCam,MHIST->PCam,0.1,42,100.0,184,0.5564800138306643,0.3334282633902236,0.4855222596189023,0.485845313866993,2.7332003387679165,0.4642204022904753,1.0
VIRCHOW2,MHIST,PCam,MHIST->PCam,0.1,123,0.01,184,0.6074704407380953,0.3334282633902236,0.2986028702148367,0.2208709949757345,2.4105557988964006,0.1872042369702369,1.0
VIRCHOW2,MHIST,PCam,MHIST->PCam,0.1,123,0.1,184,0.6095897326987121,0.3334282633902236,0.3113257663560643,0.2506102060719588,2.1061472887533936,0.2400726668536648,1.0
VIRCHOW2,MHIST,PCam,MHIST->PCam,0.1,123,1.0,184,0.6216094808983228,0.3334282633902236,0.3901971766502912,0.3807008930394167,1.4124254876348945,0.4432650640307241,1.0
VIRCHOW2,MHIST,PCam,MHIST->PCam,0.1,123,10.0,184,0.6608838714037453,0.3334282633902236,0.4766087529346248,0.4795158482880621,1.4548590537947992,0.4943726482298112,1.0
VIRCHOW2,MHIST,PCam,MHIST->PCam,0.1,123,100.0,184,0.6771462193882642,0.3334282633902236,0.4949002423468933,0.4958924432196036,2.939058808785919,0.4824120955986914,1.0
VIRCHOW2,MHIST,PCam,MHIST->PCam,0.1,456,0.01,184,0.4275705924293362,0.3334282633902236,0.2988785310388731,0.2208272549087706,2.4200478006696726,0.1865009810340602,1.0
VIRCHOW2,MHIST,PCam,MHIST->PCam,0.1,456,0.1,184,0.4372823217020696,0.3334282633902236,0.3138410094116241,0.2508085377459415,2.1668561696654765,0.2345854289321545,1.0
VIRCHOW2,MHIST,PCam,MHIST->PCam,0.1,456,1.0,184,0.4597347323857318,0.3334282633902236,0.3959639743663034,0.3784848634003,1.4842624189626217,0.4336741892414702,1.0
VIRCHOW2,MHIST,PCam,MHIST->PCam,0.1,456,10.0,184,0.5063767649697568,0.3334282633902236,0.4668354121532597,0.4655211894338203,1.332788919092058,0.491391947130423,1.0
VIRCHOW2,MHIST,PCam,MHIST->PCam,0.1,456,100.0,184,0.5819839407399785,0.3334282633902236,0.4925230227829537,0.4933290539545635,2.519839368266721,0.4853634270176573,1.0
VIRCHOW2,MHIST,PCam,MHIST->PCam,1.0,42,0.01,1849,0.5975173833904854,0.3334282633902236,0.3086920195221676,0.2463179068100777,2.0832522833517517,0.2380766042443018,1.0
VIRCHOW2,MHIST,PCam,MHIST->PCam,1.0,42,0.1,1849,0.6164493158683795,0.3334282633902236,0.3731117634683903,0.359473243169432,1.3566788387835866,0.4329673931095645,1.0
VIRCHOW2,MHIST,PCam,MHIST->PCam,1.0,42,1.0,1849,0.6847770905274057,0.3334282633902236,0.4461163846043308,0.452751261716071,1.2128027347852128,0.4902114726581371,1.0
VIRCHOW2,MHIST,PCam,MHIST->PCam,1.0,42,10.0,1849,0.7552564256175043,0.3334282633902236,0.4794665605985243,0.4857620675494168,1.638654743158546,0.4925363792614115,1.0
VIRCHOW2,MHIST,PCam,MHIST->PCam,1.0,42,100.0,1849,0.7206236955171863,0.3413110700429727,0.4826135554088242,0.4870201904811166,2.338585856809115,0.4829120289769569,0.996063232421875
VIRCHOW2,MHIST,PCam,MHIST->PCam,1.0,123,0.01,1849,0.5975173833904854,0.3334282633902236,0.3086920195221676,0.2463179068100777,2.0832522833517517,0.2380766042443018,1.0
VIRCHOW2,MHIST,PCam,MHIST->PCam,1.0,123,0.1,1849,0.6164493158683795,0.3334282633902236,0.3731117634683903,0.359473243169432,1.3566788387835866,0.4329673931095645,1.0
VIRCHOW2,MHIST,PCam,MHIST->PCam,1.0,123,1.0,1849,0.6847770905274057,0.3334282633902236,0.4461163846043308,0.452751261716071,1.2128027347852128,0.4902114726581371,1.0
VIRCHOW2,MHIST,PCam,MHIST->PCam,1.0,123,10.0,1849,0.7552564256175043,0.3334282633902236,0.4794665605985243,0.4857620675494168,1.638654743158546,0.4925363792614115,1.0
VIRCHOW2,MHIST,PCam,MHIST->PCam,1.0,123,100.0,1849,0.7206236955171863,0.3413110700429727,0.4826135554088242,0.4870201904811166,2.338585856809115,0.4829120289769569,0.996063232421875
VIRCHOW2,MHIST,PCam,MHIST->PCam,1.0,456,0.01,1849,0.5975173833904854,0.3334282633902236,0.3086920195221676,0.2463179068100777,2.0832522833517517,0.2380766042443018,1.0
VIRCHOW2,MHIST,PCam,MHIST->PCam,1.0,456,0.1,1849,0.6164493158683795,0.3334282633902236,0.3731117634683903,0.359473243169432,1.3566788387835866,0.4329673931095645,1.0
VIRCHOW2,MHIST,PCam,MHIST->PCam,1.0,456,1.0,1849,0.6847770905274057,0.3334282633902236,0.4461163846043308,0.452751261716071,1.2128027347852128,0.4902114726581371,1.0
VIRCHOW2,MHIST,PCam,MHIST->PCam,1.0,456,10.0,1849,0.7552564256175043,0.3334282633902236,0.4794665605985243,0.4857620675494168,1.638654743158546,0.4925363792614115,1.0
VIRCHOW2,MHIST,PCam,MHIST->PCam,1.0,456,100.0,1849,0.7206236955171863,0.3413110700429727,0.4826135554088242,0.4870201904811166,2.338585856809115,0.4829120289769569,0.996063232421875
VIRCHOW2,PCam,MHIST,PCam->MHIST,0.01,42,0.01,2620,0.5636412749864939,0.5328853848794936,0.246901998727642,0.1291286962931883,0.2421100752917785,0.1756027005418794,0.5117707267144319
VIRCHOW2,PCam,MHIST,PCam->MHIST,0.01,42,0.1,2620,0.5562668827660724,0.5012282981772135,0.2335664509825759,0.0555583069027076,0.682355866851973,0.1531354771407775,0.8311156601842374
VIRCHOW2,PCam,MHIST,PCam->MHIST,0.01,42,1.0,2620,0.5548262200612282,0.4314517509328039,0.2412050710158124,0.0999467448662053,1.3201162697103164,0.1679564317616519,0.9662231320368476
VIRCHOW2,PCam,MHIST,PCam->MHIST,0.01,42,10.0,2620,0.5656762110570863,0.4351531265515169,0.2598481429798032,0.1685440887974991,1.989402127643616,0.1686514907210062,0.9672466734902764
VIRCHOW2,PCam,MHIST,PCam->MHIST,0.01,42,100.0,2620,0.5664235548352241,0.4865139892201373,0.2739949657565337,0.2004325801418772,2.9617206699461054,0.137803202173224,0.8689866939611054
VIRCHOW2,PCam,MHIST,PCam->MHIST,0.01,123,0.01,2620,0.5658562938951919,0.5401746058709033,0.2457046769649453,0.1252506317222374,0.2450594490323038,0.1761621974248365,0.5465711361310133
VIRCHOW2,PCam,MHIST,PCam->MHIST,0.01,123,0.1,2620,0.5597604898253197,0.4716578014184397,0.2316566010072317,0.049395292519715,0.6884585157104717,0.1608996038368536,0.9078812691914022
VIRCHOW2,PCam,MHIST,PCam->MHIST,0.01,123,1.0,2620,0.5653250495227805,0.3918859970516478,0.2514950396916476,0.1435518319950416,1.3538951547034903,0.2191682195520743,0.9948822927328556
VIRCHOW2,PCam,MHIST,PCam->MHIST,0.01,123,10.0,2620,0.57182603997839,0.386691776522285,0.3164496206946197,0.2919897962786657,2.043090111122796,0.2887280217998023,0.9989764585465712
VIRCHOW2,PCam,MHIST,PCam->MHIST,0.01,123,100.0,2620,0.5448271204754187,0.386691776522285,0.3549236998701751,0.3516616409736726,2.955970555722275,0.3162824790081707,0.9989764585465712
VIRCHOW2,PCam,MHIST,PCam->MHIST,0.01,456,0.01,2620,0.5687826400144067,0.5458131357865637,0.2464673362400477,0.1283764582709449,0.23664098968558,0.1684838621299832,0.5240532241555783
VIRCHOW2,PCam,MHIST,PCam->MHIST,0.01,456,0.1,2620,0.5642940752746264,0.4926608508836711,0.2323419896962499,0.0530112139398085,0.7022110445828781,0.1330589318152583,0.8536335721596725
VIRCHOW2,PCam,MHIST,PCam->MHIST,0.01,456,1.0,2620,0.5754727174500269,0.4114059432748934,0.2352365991148568,0.0767790413136153,1.3410243621292068,0.1489573820423619,0.985670419651996
VIRCHOW2,PCam,MHIST,PCam->MHIST,0.01,456,10.0,2620,0.5861381235368269,0.4387706620976219,0.249882143104353,0.1581854067285803,1.9369063558253947,0.1639667314748706,0.9744114636642784
VIRCHOW2,PCam,MHIST,PCam->MHIST,0.01,456,100.0,2620,0.572325769854133,0.5170305616613478,0.2832070700295853,0.2136270585454187,2.8208261885268464,0.158663840021978,0.6663254861821903
VIRCHOW2,PCam,MHIST,PCam->MHIST,0.1,42,0.01,26214,0.5605753646677472,0.4804872596918113,0.2323158052279421,0.0513498919043072,0.6923357757280314,0.1413041353692302,0.8638689866939611
VIRCHOW2,PCam,MHIST,PCam->MHIST,0.1,42,0.1,26214,0.5627138483702503,0.4166222337346034,0.2404775831109403,0.0942777277822735,1.3488378804261234,0.1689873798608121,0.9825997952917092
VIRCHOW2,PCam,MHIST,PCam->MHIST,0.1,42,1.0,26214,0.5746578426075996,0.3973765009046549,0.2715253334899988,0.2027289305073371,1.9622727067328047,0.206474431536111,0.9918116683725692
VIRCHOW2,PCam,MHIST,PCam->MHIST,0.1,42,10.0,26214,0.5404736178642175,0.4840511013842924,0.2687451886868038,0.166747465822567,2.4807826844265213,0.1333589876466911,0.8822927328556807
VIRCHOW2,PCam,MHIST,PCam->MHIST,0.1,42,100.0,26214,0.5346164235548352,0.5133928194565208,0.2874497027630719,0.2013744665801096,3.0831931431521493,0.1435337013271841,0.7308085977482088
VIRCHOW2,PCam,MHIST,PCam->MHIST,0.1,123,0.01,26214,0.5618494507473437,0.4812159830080977,0.2321982191958075,0.0508377868294188,0.6947229504900073,0.143364191312557,0.8607983623336745
VIRCHOW2,PCam,MHIST,PCam->MHIST,0.1,123,0.1,26214,0.5730506032775076,0.4253396954636776,0.2377575177063809,0.0940645621769944,1.350003076898329,0.1608910161712306,0.9733879222108496
VIRCHOW2,PCam,MHIST,PCam->MHIST,0.1,123,1.0,26214,0.6167522060147668,0.4393894681618466,0.245945969216719,0.1485615849318437,1.9668216824936613,0.1509590623258962,0.969293756397134
VIRCHOW2,PCam,MHIST,PCam->MHIST,0.1,123,10.0,26214,0.6410858995137764,0.5318282310146916,0.2371924136019037,0.1252027388996097,2.5000804307311317,0.0946570334303051,0.8485158648925282
VIRCHOW2,PCam,MHIST,PCam->MHIST,0.1,123,100.0,26214,0.6271564919863136,0.5534133338465683,0.2620027701977128,0.1860393454090944,2.9097031605933705,0.1315955957853866,0.7277379733879222
VIRCHOW2,PCam,MHIST,PCam->MHIST,0.1,456,0.01,26214,0.5593237889429138,0.4784291481765707,0.2324554303277182,0.048731378494212,0.6919946756286084,0.1432263599076198,0.8648925281473899
VIRCHOW2,PCam,MHIST,PCam->MHIST,0.1,456,0.1,26214,0.5620475418692599,0.4222372994932361,0.2384714904037561,0.089074780861563,1.335664682909303,0.1587909601002574,0.9805527123848516
VIRCHOW2,PCam,MHIST,PCam->MHIST,0.1,456,1.0,26214,0.5740275526742301,0.4243558346828876,0.2526268528568866,0.1554088748880918,1.9207388100732627,0.1599015893985311,0.9713408393039918
VIRCHOW2,PCam,MHIST,PCam->MHIST,0.1,456,10.0,26214,0.608472897532865,0.5646167557932263,0.2520824441245555,0.1400515754619724,2.472285752284149,0.113056634944839,0.6028659160696008
VIRCHOW2,PCam,MHIST,PCam->MHIST,0.1,456,100.0,26214,0.6272420313344138,0.4904669117529428,0.3729035403667939,0.3548798499813192,3.227884730144408,0.3005805713715877,0.7645854657113613
VIRCHOW2,PCam,MHIST,PCam->MHIST,1.0,42,0.01,262144,0.5655681613542229,0.4189638564308749,0.2386266506991673,0.0936404997868592,1.3432670360190018,0.1618258181235738,0.9805527123848516
VIRCHOW2,PCam,MHIST,PCam->MHIST,1.0,42,0.1,262144,0.5892535566360526,0.4235681651606384,0.2493948694060173,0.144216415948644,1.9474572732919653,0.1513479535496807,0.9764585465711362
VIRCHOW2,PCam,MHIST,PCam->MHIST,1.0,42,1.0,262144,0.584508373851972,0.5319250871080139,0.2453091523032789,0.1225926215762443,2.480989861591046,0.0941318457508224,0.7952917093142272
VIRCHOW2,PCam,MHIST,PCam->MHIST,1.0,42,10.0,262144,0.5803484602917341,0.5494413948022195,0.283274326707329,0.2085112334330811,2.937857155202044,0.1579941773585893,0.6591606960081884
VIRCHOW2,PCam,MHIST,PCam->MHIST,1.0,42,100.0,262144,0.5837295155771655,0.5424893027715143,0.2888615249053747,0.2028139970714341,3.1518711753631896,0.1465416792146197,0.6049129989764586
VIRCHOW2,PCam,MHIST,PCam->MHIST,1.0,123,0.01,262144,0.5655681613542229,0.4189638564308749,0.2386266506991673,0.0936404997868592,1.3432670360190018,0.1618258181235738,0.9805527123848516
VIRCHOW2,PCam,MHIST,PCam->MHIST,1.0,123,0.1,262144,0.5892535566360526,0.4235681651606384,0.2493948694060173,0.144216415948644,1.9474572732919653,0.1513479535496807,0.9764585465711362
VIRCHOW2,PCam,MHIST,PCam->MHIST,1.0,123,1.0,262144,0.584508373851972,0.5319250871080139,0.2453091523032789,0.1225926215762443,2.480989861591046,0.0941318457508224,0.7952917093142272
VIRCHOW2,PCam,MHIST,PCam->MHIST,1.0,123,10.0,262144,0.5803484602917341,0.5494413948022195,0.283274326707329,0.2085112334330811,2.937857155202044,0.1579941773585893,0.6591606960081884
VIRCHOW2,PCam,MHIST,PCam->MHIST,1.0,123,100.0,262144,0.5837295155771655,0.5424893027715143,0.2888615249053747,0.2028139970714341,3.1518711753631896,0.1465416792146197,0.6049129989764586
VIRCHOW2,PCam,MHIST,PCam->MHIST,1.0,456,0.01,262144,0.5655681613542229,0.4189638564308749,0.2386266506991673,0.0936404997868592,1.3432670360190018,0.1618258181235738,0.9805527123848516
VIRCHOW2,PCam,MHIST,PCam->MHIST,1.0,456,0.1,262144,0.5892535566360526,0.4235681651606384,0.2493948694060173,0.144216415948644,1.9474572732919653,0.1513479535496807,0.9764585465711362
VIRCHOW2,PCam,MHIST,PCam->MHIST,1.0,456,1.0,262144,0.584508373851972,0.5319250871080139,0.2453091523032789,0.1225926215762443,2.480989861591046,0.0941318457508224,0.7952917093142272
VIRCHOW2,PCam,MHIST,PCam->MHIST,1.0,456,10.0,262144,0.5803484602917341,0.5494413948022195,0.283274326707329,0.2085112334330811,2.937857155202044,0.1579941773585893,0.6591606960081884
VIRCHOW2,PCam,MHIST,PCam->MHIST,1.0,456,100.0,262144,0.5837295155771655,0.5424893027715143,0.2888615249053747,0.2028139970714341,3.1518711753631896,0.1465416792146197,0.6049129989764586
