model,src,tgt,pair,fraction,seed,n_train,auroc,f1_macro,brier,ece_fixed,ece_adaptive,temperature_src,ece_scaled_fixed,ece_scaled_adaptive,temperature_oracle,ece_scaled_oracle,degeneracy_share,degenerate
CLIP,BRACS,CRC,BRACS->CRC,0.01,42,36,0.7304068880054395,0.4618254879448909,0.1666647595178769,0.215404732815681,0.215404732815681,1.176011834872306,0.1274376744725763,0.1373267486038808,0.6366026349602469,0.0634345920151038,1.0,True
CLIP,BRACS,CRC,BRACS->CRC,0.01,123,36,0.7447773800567297,0.4618254879448909,0.1656150183734406,0.2168218018267817,0.2168218018267818,1.0775549736460135,0.1125865972193369,0.1195155868544799,0.6121639014924931,0.0791193188407137,1.0,True
CLIP,BRACS,CRC,BRACS->CRC,0.01,456,36,0.5266452698519138,0.4618254879448909,0.1667510350615439,0.212187158282134,0.212187158282134,1.1199392182693355,0.1139538961290851,0.1139538961290851,0.6704092352894641,0.021873211457022,1.0,True
CLIP,BRACS,CRC,BRACS->CRC,0.05,42,181,0.5080332609802941,0.4564766318980081,0.1993366591067248,0.274484810865511,0.274484810865511,0.9989740506633288,0.1994784944945507,0.1994784944945507,0.4681323077271543,0.1144128227230046,0.9577333333333332,False
CLIP,BRACS,CRC,BRACS->CRC,0.05,123,181,0.5480676642079094,0.4635920745923954,0.1807384879764128,0.2416021138832463,0.2416021138832464,0.8529779530739914,0.1202713195216354,0.124474523391105,0.5737082852995874,0.101166120067974,0.9840666666666666,False
CLIP,BRACS,CRC,BRACS->CRC,0.05,456,181,0.433651596167236,0.4415934331211094,0.1965832378529027,0.2556147392643079,0.255614739264308,0.9553605716624328,0.1775567760601039,0.177523726030268,0.7363880235403786,0.1663963833466275,0.9148,False
CLIP,BRACS,CRC,BRACS->CRC,0.1,42,364,0.4759271961172353,0.4273590778541058,0.2272957700544322,0.3102315170641346,0.3102315170641345,0.9192721784740168,0.2634449435781524,0.2634449435781525,1.0759089403557298,0.2747367931266781,0.706,False
CLIP,BRACS,CRC,BRACS->CRC,0.1,123,364,0.4769551748973117,0.4101631252860709,0.2139563983036337,0.279717384001505,0.279717384001505,0.820664794833243,0.2250708214507673,0.2262858290271557,1.2196914704802284,0.2411603917769709,0.7116666666666667,False
CLIP,BRACS,CRC,BRACS->CRC,0.1,456,364,0.4846166067748613,0.4549149892964006,0.1962011213118223,0.2546946912404261,0.2546946912404261,0.8053835874847014,0.1745076838921202,0.178021686359095,0.8649414560980144,0.176135620860887,0.8576666666666667,False
CLIP,BRACS,CRC,BRACS->CRC,0.25,42,913,0.4727252674687028,0.4060483446727923,0.2411233021044645,0.3159799205878613,0.3159799205878613,0.8070307190754454,0.2888542200008155,0.289009953770356,2.7219871172662944,0.3257048671494189,0.5765333333333333,False
CLIP,BRACS,CRC,BRACS->CRC,0.25,123,913,0.5282954828221891,0.4432995157338824,0.2137305708823869,0.2757161513028598,0.2757161513028598,0.8892336234593139,0.2306558022621101,0.2318069452403781,1.5826085320015144,0.2598347072936137,0.6746666666666666,False
CLIP,BRACS,CRC,BRACS->CRC,0.25,456,913,0.4749627769314523,0.4108931302357522,0.2238596346755161,0.2763001106672645,0.2763001106672645,0.8266024102707455,0.2590154484747436,0.2605471715176732,2.057715309974684,0.278089951887374,0.6637333333333333,False
CLIP,BRACS,CRC,BRACS->CRC,0.5,42,1828,0.5120042205615032,0.4344732399161647,0.2349307432818059,0.2955530079825569,0.2955530079825569,0.940184101255086,0.2754886060031683,0.2756221031521092,2.722925017432527,0.308686282795826,0.6016,False
CLIP,BRACS,CRC,BRACS->CRC,0.5,123,1828,0.5154498004060805,0.4343837661339647,0.2344575125432848,0.2932359152724876,0.2932359152724876,1.0009022264698917,0.2728199780437581,0.2725463742157889,2.749534856306829,0.3070081995309338,0.6000666666666666,False
CLIP,BRACS,CRC,BRACS->CRC,0.5,456,1828,0.5070571228802273,0.435181328025141,0.2357901737003456,0.2912525723588847,0.2912525723588847,0.9932841863910344,0.2743200596989565,0.2753171718819381,2.8660921304350224,0.3072368897284917,0.6078,False
CLIP,BRACS,CRC,BRACS->CRC,1.0,42,3657,0.5265005905456619,0.4407306637762812,0.2450487615280944,0.2999201632964821,0.2999201632964819,1.111965593819059,0.2876526874006734,0.2880101931511004,3.6438671905687112,0.3202838848030345,0.5762666666666667,False
CLIP,BRACS,CRC,BRACS->CRC,1.0,123,3657,0.5265005905456619,0.4407306637762812,0.2450487615280944,0.2999201632964821,0.2999201632964819,1.111965593819059,0.2876526874006734,0.2880101931511004,3.6438671905687112,0.3202838848030345,0.5762666666666667,False
CLIP,BRACS,CRC,BRACS->CRC,1.0,456,3657,0.5265005905456619,0.4407306637762812,0.2450487615280944,0.2999201632964821,0.2999201632964819,1.111965593819059,0.2876526874006734,0.2880101931511004,3.6438671905687112,0.3202838848030345,0.5762666666666667,False
CLIP,CRC,BRACS,CRC->BRACS,0.01,42,699,0.5599431130476883,0.4153846153846154,0.2056905192756108,0.071756651351698,0.0863981305682874,1.466326749740943,0.0556523827303408,0.0825532869374926,1.532958974054739,0.0471191561926725,0.9947368421052633,True
CLIP,CRC,BRACS,CRC->BRACS,0.01,123,699,0.5581124425078674,0.4281641058134009,0.2089635474796989,0.0791774928594348,0.1106923319670416,1.4531892668200623,0.0583835154434367,0.0969422376997716,1.4207671552242511,0.0558949465906185,0.9736842105263158,False
CLIP,CRC,BRACS,CRC->BRACS,0.01,456,699,0.5327856451222464,0.4180040361330002,0.2107515175988947,0.0820682821296592,0.1066252153490769,1.4016774430041257,0.0779590982647322,0.0935758469360082,1.51517915818326,0.0649167973931803,0.9824561403508772,False
CLIP,CRC,BRACS,CRC->BRACS,0.05,42,3499,0.6062394093439845,0.5609966488555106,0.2307485722503184,0.1717579597378843,0.1758713168305844,1.128522155867177,0.1782179384352285,0.1890914143523787,2.1538851234847067,0.1796006745218529,0.6017543859649123,False
CLIP,CRC,BRACS,CRC->BRACS,0.05,123,3499,0.5956487533284919,0.5160618650551536,0.2438309387831442,0.1980120556854482,0.2037569599837093,1.2143429996465271,0.22048645941707,0.2223064570089831,3.1935690780520773,0.2030634931423141,0.5,False
CLIP,CRC,BRACS,CRC->BRACS,0.05,456,3499,0.6193566932946017,0.531350474600021,0.2433901092583304,0.2065977917165662,0.2125381477615075,1.1261727245015094,0.227000762806121,0.2332413633640598,3.2097483596440024,0.2086705509163396,0.5210526315789473,False
CLIP,CRC,BRACS,CRC->BRACS,0.1,42,6999,0.6333817477608327,0.544023534269199,0.2405784098602319,0.1994955485783968,0.1987684889078995,1.0939294332337297,0.2160678028931395,0.2164111899688433,3.226562469987367,0.2030849347448363,0.5017543859649123,False
CLIP,CRC,BRACS,CRC->BRACS,0.1,123,6999,0.6326555313483417,0.5275007593398805,0.2474515186210437,0.2161339765967536,0.2161339765967536,1.0979329850359922,0.2356853204941015,0.2362190776562667,3.8561204477947535,0.2148030421889421,0.5508771929824562,False
CLIP,CRC,BRACS,CRC->BRACS,0.1,456,6999,0.6307643427741467,0.52759106422001,0.2517224565693881,0.222464935088624,0.222464935088624,1.107443650237102,0.2412109408084237,0.2392959205883223,4.411391647069332,0.2178733930443472,0.5631578947368421,False
CLIP,CRC,BRACS,CRC->BRACS,0.25,42,17499,0.6552741466957153,0.5780875519686965,0.2384167329292747,0.1972612649500099,0.1931610706456843,1.0696280194800107,0.2298288880748938,0.2262972668404644,3.4922012625760703,0.2003277281612663,0.5210526315789473,False
CLIP,CRC,BRACS,CRC->BRACS,0.25,123,17499,0.6551682401355603,0.5347759909999338,0.2564272933884824,0.2307564802606402,0.2303107344981672,1.1275608712664296,0.2641171707230974,0.2632320529094012,5.061505392773321,0.221216136500388,0.5631578947368421,False
CLIP,CRC,BRACS,CRC->BRACS,0.25,456,17499,0.6575133139675623,0.5542887411873021,0.2535900685375372,0.2298119798103096,0.2256030924564391,1.105196668117221,0.2532025098338263,0.261716675479942,4.771642583201326,0.2191570051625635,0.5614035087719298,False
CLIP,CRC,BRACS,CRC->BRACS,0.5,42,35000,0.6567870975550715,0.5632183908045977,0.2441662961895992,0.2016994466116183,0.203408289159634,1.106288024963108,0.2463026602093258,0.2424376597313907,4.132609993644374,0.2015314881074641,0.5210526315789473,False
CLIP,CRC,BRACS,CRC->BRACS,0.5,123,35000,0.657936940208182,0.5559897329808834,0.2543670198953094,0.2285563660709831,0.2225542201520181,1.1109480649622765,0.2596516369183577,0.2596516369183577,4.92080890201496,0.2181572402131087,0.5263157894736842,False
CLIP,CRC,BRACS,CRC->BRACS,0.5,456,35000,0.6679375453885258,0.5773328650040979,0.2439956763952876,0.2028746797556512,0.1987104060724093,1.149987525722795,0.2365418450200486,0.2325746855703412,4.214641425767435,0.2039030805440642,0.5157894736842106,False
CLIP,CRC,BRACS,CRC->BRACS,1.0,42,70000,0.6608115468409586,0.5743203406485424,0.2473426340210986,0.2044353178610055,0.1995337262289476,1.1738681019646555,0.2507175096256971,0.2505938731960304,4.613353515369219,0.1979693430509493,0.5298245614035088,False
CLIP,CRC,BRACS,CRC->BRACS,1.0,123,70000,0.6608115468409586,0.5743203406485424,0.2473426340210986,0.2044353178610055,0.1995337262289476,1.1738681019646555,0.2507175096256971,0.2505938731960304,4.613353515369219,0.1979693430509493,0.5298245614035088,False
CLIP,CRC,BRACS,CRC->BRACS,1.0,456,70000,0.6608115468409586,0.5743203406485424,0.2473426340210986,0.2044353178610055,0.1995337262289476,1.1738681019646555,0.2507175096256971,0.2505938731960304,4.613353515369219,0.1979693430509493,0.5298245614035088,False
CLIP,MHIST,PCam,MHIST->PCam,0.01,42,18,0.657166615877912,0.3334282633902236,0.2910660623567649,0.2104078697032808,0.2355871977447834,2.4439630143218403,0.1746206674917361,0.210873442480631,9.99999581719984,0.0442926627773209,1.0,True
CLIP,MHIST,PCam,MHIST->PCam,0.01,123,18,0.6923560497367621,0.3334282633902236,0.2926847818987743,0.2384641388766032,0.2403528491411562,2.4635839397559485,0.1787202959889722,0.2142287979650524,9.999995746507452,0.0457993126664458,1.0,True
CLIP,MHIST,PCam,MHIST->PCam,0.01,456,18,0.378979461528337,0.3334282633902236,0.3103380768264007,0.2537205198270457,0.2904752591019727,2.424509796999151,0.2246984833837223,0.2629290994076496,9.999996299012988,0.0508960086179335,1.0,True
CLIP,MHIST,PCam,MHIST->PCam,0.05,42,92,0.4806156886747805,0.3334282633902236,0.3079039454749891,0.2365149959710938,0.2586433057654584,2.019373296143253,0.2346461118491234,0.2569564640333124,9.999996141839285,0.0512575697658021,1.0,True
CLIP,MHIST,PCam,MHIST->PCam,0.05,123,92,0.6714162226743807,0.3334282633902236,0.2960316031858416,0.2325962884017986,0.2339617837699128,2.028392678151912,0.2292283574896187,0.2316358917876331,9.999995486434658,0.0497018952234655,1.0,True
CLIP,MHIST,PCam,MHIST->PCam,0.05,456,92,0.6279380499160455,0.3334282633902236,0.3033133442186526,0.2365673438847364,0.2365673438847364,2.11182070036892,0.2258816502300402,0.2258816502300402,9.999995874207482,0.0511222043964928,1.0,True
CLIP,MHIST,PCam,MHIST->PCam,0.1,42,184,0.4685252977823451,0.3334282633902236,0.3227029964490973,0.2661749846603147,0.2840821245784521,1.8092785659391717,0.3009348778306132,0.3021714871910109,9.999996247119586,0.0649072635390078,1.0,True
CLIP,MHIST,PCam,MHIST->PCam,0.1,123,184,0.5924539455407982,0.3334282633902236,0.3089145271991387,0.248390572121635,0.248390572121635,1.8566826897378992,0.2638328294426363,0.2637836262804292,9.999995860988705,0.0547533141195027,1.0,True
CLIP,MHIST,PCam,MHIST->PCam,0.1,456,184,0.4778700635419529,0.3334282633902236,0.3073378889818923,0.2389476861886864,0.2435042466934624,1.9240479878847376,0.2455928594275209,0.2503559192089066,9.999996145713988,0.0547293198603197,1.0,True
CLIP,MHIST,PCam,MHIST->PCam,0.25,42,461,0.5390855536430781,0.3334282633902236,0.3202798532564265,0.267573762344999,0.2645108292270176,1.642991257918298,0.3089283008435852,0.3037450713363386,9.999995999637338,0.0727485735934588,1.0,True
CLIP,MHIST,PCam,MHIST->PCam,0.25,123,461,0.6463209639106959,0.3334282633902236,0.3131233592379109,0.2663815153539075,0.2662482065628628,1.6023651734185314,0.3136474208459764,0.3135475114928669,9.999995556711006,0.0596486270023775,1.0,True
CLIP,MHIST,PCam,MHIST->PCam,0.25,456,461,0.599046764348788,0.3334282633902236,0.3075493223072026,0.2485760887834326,0.2485093724662193,1.6512641212877472,0.2886225450977752,0.2885829630293429,9.999995746054903,0.0546163563739088,1.0,True
CLIP,MHIST,PCam,MHIST->PCam,0.5,42,924,0.6327393949189422,0.3333740209541247,0.3249748082464717,0.2890848940656891,0.2884672111139545,1.5971856177723855,0.3359749867552438,0.3356448450452542,9.99999555618164,0.0675022692129724,0.9998779296875,True
CLIP,MHIST,PCam,MHIST->PCam,0.5,123,924,0.5770402747205401,0.3333604589656996,0.3358601451996609,0.2975182036206467,0.2951700471441173,1.5091860747337034,0.3559287746541284,0.3540747673925279,9.99999588320009,0.0770780907090283,0.999847412109375,True
CLIP,MHIST,PCam,MHIST->PCam,0.5,456,924,0.6324337571459044,0.3334282633902236,0.3284776003354558,0.2934251928627429,0.2929794682086861,1.5492930628592914,0.3474895321952329,0.3472569322670533,9.999995645693888,0.0691859811614583,1.0,True
CLIP,MHIST,PCam,MHIST->PCam,1.0,42,1849,0.6281318991574014,0.3336991348410004,0.339279921586925,0.3117107328497158,0.3107549352128494,1.507202076685831,0.3690910565960988,0.3677705440893787,9.99999563351291,0.1000831704445998,0.99932861328125,True
CLIP,MHIST,PCam,MHIST->PCam,1.0,123,1849,0.6281318991574014,0.3336991348410004,0.339279921586925,0.3117107328497158,0.3107549352128494,1.507202076685831,0.3690910565960988,0.3677705440893787,9.99999563351291,0.1000831704445998,0.99932861328125,True
CLIP,MHIST,PCam,MHIST->PCam,1.0,456,1849,0.6281318991574014,0.3336991348410004,0.339279921586925,0.3117107328497158,0.3107549352128494,1.507202076685831,0.3690910565960988,0.3677705440893787,9.99999563351291,0.1000831704445998,0.99932861328125,True
CLIP,PCam,MHIST,PCam->MHIST,0.01,42,2620,0.4690077435620385,0.4364489916214054,0.2990865014179931,0.2159478932478513,0.2107173306072757,1.2501508355858884,0.2672462413525294,0.2704787053690828,9.999994039026214,0.1466096498294961,0.7001023541453428,False
CLIP,PCam,MHIST,PCam->MHIST,0.01,123,2620,0.4588060507833604,0.4541230018669683,0.2968137930665396,0.2046810307417849,0.2061745138239817,1.2426105789191877,0.2593656876245575,0.2609987608709219,9.999994139860958,0.1432327593770968,0.6560900716479018,False
CLIP,PCam,MHIST,PCam->MHIST,0.01,456,2620,0.4331847649918963,0.4523686044014186,0.2983728389278595,0.2032342345491354,0.2073786996813734,1.2533385844846705,0.2548453952838307,0.2641083590230209,9.999994208799963,0.1423971482283595,0.6397134083930399,False
CLIP,PCam,MHIST,PCam->MHIST,0.05,42,13106,0.4637718350441203,0.4695864751170728,0.3024337364914538,0.2007439711796373,0.20225805366197,1.5873581036734403,0.2310065472324152,0.2341688178808073,9.999993286412645,0.1338214056817894,0.5312180143295804,False
CLIP,PCam,MHIST,PCam->MHIST,0.05,123,13106,0.4660633891590131,0.4664916719375922,0.3080062561194125,0.2042192625641524,0.2112120543033551,1.5990763587164707,0.2367706886215868,0.2395293340383754,9.999993416799882,0.1365663178175291,0.5527123848515865,False
CLIP,PCam,MHIST,PCam->MHIST,0.05,456,13106,0.4571132721051684,0.4594675110225898,0.3052229145820311,0.2038254252106077,0.2149945953417389,1.6307393829838728,0.2326597550784145,0.2425489960697403,9.999993262961022,0.1305404829620479,0.5076765609007164,False
CLIP,PCam,MHIST,PCam->MHIST,0.1,42,26214,0.4734152710246713,0.4793843232367597,0.3072212706525199,0.2182825771555699,0.2263285955337834,1.7802800114451065,0.2351111128057879,0.2431712190754265,9.999996211352547,0.1250528903915421,0.5322415557830092,False
CLIP,PCam,MHIST,PCam->MHIST,0.1,123,26214,0.4742796686475778,0.478391592671687,0.3069845181718726,0.2221911857758215,0.2218757005004563,1.7441313506552991,0.2438333143603022,0.2401356388230492,9.99999623556386,0.1268409627181539,0.5435005117707267,False
CLIP,PCam,MHIST,PCam->MHIST,0.1,456,26214,0.4728209976589231,0.465608441935408,0.2946577731747234,0.197279423486916,0.2060459277564277,1.6968812476324195,0.2330537887814057,0.2278922383665408,9.99999559788337,0.1142789555844341,0.6202661207778914,False
CLIP,PCam,MHIST,PCam->MHIST,0.25,42,65536,0.4653340536646857,0.4484121383203951,0.3074633536749011,0.234163322163104,0.2337979698714618,1.9078878436053484,0.239783298701068,0.2408725672318497,9.99999542508504,0.1046207462584602,0.6990788126919141,False
CLIP,PCam,MHIST,PCam->MHIST,0.25,123,65536,0.4768728615162975,0.4616325768189034,0.3016949904844952,0.227025092436899,0.226502429449594,1.9104712769067271,0.2349768259471839,0.2327387428031556,9.99999521021209,0.1005832838537635,0.6888433981576254,False
CLIP,PCam,MHIST,PCam->MHIST,0.25,456,65536,0.4641320007203314,0.4492824168388362,0.3069077334487302,0.2370956464654081,0.2395566457441829,1.8876069348053464,0.2439674435699872,0.2473439319455067,9.999995346475398,0.0975350833569995,0.7267144319344934,False
CLIP,PCam,MHIST,PCam->MHIST,0.5,42,131072,0.4667432018728615,0.4381872099020113,0.3144644705118123,0.261645422455886,0.2628604705187963,2.0761031623721147,0.2570723296903558,0.2581643905206837,9.999995342262824,0.0852940473665825,0.8014329580348004,False
CLIP,PCam,MHIST,PCam->MHIST,0.5,123,131072,0.4652485143165856,0.4374845558509849,0.3153726430954485,0.2619266825139141,0.2602081750943036,1.9947854788724373,0.2622945811690627,0.2605717152429482,9.999995426630171,0.0776009697133182,0.7584442169907881,False
CLIP,PCam,MHIST,PCam->MHIST,0.5,456,131072,0.4699486763911399,0.4577560769987354,0.317398608535541,0.2487795962911621,0.248377251599342,1.9801966908277788,0.2501839453854019,0.2498684413515912,9.999995640314648,0.0978225208304216,0.6929375639713409,False
CLIP,PCam,MHIST,PCam->MHIST,1.0,42,262144,0.4839366108409868,0.4658093560939585,0.3172580656146148,0.2509820835868923,0.2499385825177582,2.0840287328217446,0.2464218207701523,0.2438897438210992,9.999995596996053,0.0963713093062808,0.7072671443193449,False
CLIP,PCam,MHIST,PCam->MHIST,1.0,123,262144,0.4839366108409868,0.4658093560939585,0.3172580656146148,0.2509820835868923,0.2499385825177582,2.0840287328217446,0.2464218207701523,0.2438897438210992,9.999995596996053,0.0963713093062808,0.7072671443193449,False
CLIP,PCam,MHIST,PCam->MHIST,1.0,456,262144,0.4839366108409868,0.4658093560939585,0.3172580656146148,0.2509820835868923,0.2499385825177582,2.0840287328217446,0.2464218207701523,0.2438897438210992,9.999995596996053,0.0963713093062808,0.7072671443193449,False
CONCH,BRACS,CRC,BRACS->CRC,0.01,42,36,0.4973054893877017,0.4618254879448909,0.1656375945020734,0.2056650585884657,0.2056650585884657,1.0042519956417484,0.0850651630057754,0.0850651630057754,0.7268597834373139,0.0509849469114642,1.0,True
CONCH,BRACS,CRC,BRACS->CRC,0.01,123,36,0.2909600514259546,0.4618061784650712,0.1626607087956659,0.1807328685009958,0.1821956278816733,0.798254895120417,0.1405941246144752,0.1417717802416881,1.078809829630347,0.1402429876841205,0.9999333333333332,True
CONCH,BRACS,CRC,BRACS->CRC,0.01,456,36,0.5457545111613713,0.4665395380935643,0.1609082302871494,0.1970173157720906,0.1970173157720905,0.9513661555980883,0.0780056346500409,0.0766015855766253,0.7633111951825308,0.0600511973221843,0.9989333333333332,True
CONCH,BRACS,CRC,BRACS->CRC,0.05,42,181,0.3252971274130011,0.4330995282670804,0.2091434158447246,0.2467773026002254,0.246265335387727,1.443153676954377,0.2424850774803056,0.2450737355529083,1.6678874898763083,0.2415731382776721,0.8226,False
CONCH,BRACS,CRC,BRACS->CRC,0.05,123,181,0.2349093240793095,0.4370910379127825,0.2197738884285426,0.2855615574526398,0.2872153470339479,1.4007546368667747,0.2866741921692972,0.2889733939611588,2.2764574746445128,0.2889981634234882,0.8405333333333334,False
CONCH,BRACS,CRC,BRACS->CRC,0.05,456,181,0.2518330061285906,0.4578050204678093,0.180740963452839,0.2280890713433483,0.2298282350392615,1.4004504358203635,0.2114118318982202,0.2177505701108713,1.7178927637721737,0.2230426540628153,0.9628666666666666,False
CONCH,BRACS,CRC,BRACS->CRC,0.1,42,364,0.319142397440151,0.4601440388008863,0.1932312890627138,0.2313669256979121,0.2326841774276422,1.5455015559223175,0.2282421824589457,0.2296350932029234,1.8258106224558976,0.2315493149978318,0.898,False
CONCH,BRACS,CRC,BRACS->CRC,0.1,123,364,0.236327933335514,0.4090103057985438,0.2405808698130793,0.3186217495837911,0.3162642343248955,1.60114558716437,0.3225718439923927,0.3259084961288516,4.145203098416844,0.3020384929364642,0.7620666666666667,False
CONCH,BRACS,CRC,BRACS->CRC,0.1,456,364,0.2644143740916929,0.4365260822781682,0.2108072739098878,0.2602632710304904,0.2631173167191973,1.4127951972004598,0.2663671118261437,0.2665170438959792,2.425336291551905,0.2628726535254961,0.8520666666666666,False
CONCH,BRACS,CRC,BRACS->CRC,0.25,42,913,0.3187780523792389,0.4561903641802632,0.1819301586539583,0.2067035353267767,0.2112820697093443,1.589643164005183,0.2082296306818042,0.2085891539837809,2.752663445387246,0.2162942933578158,0.9107333333333332,False
CONCH,BRACS,CRC,BRACS->CRC,0.25,123,913,0.2430469235550031,0.4452737677541731,0.2069690585765192,0.2653638213432805,0.27038989392348,1.8008404572350334,0.268186396588576,0.2681101546420678,3.814795974245878,0.2726713609308531,0.8766,False
CONCH,BRACS,CRC,BRACS->CRC,0.25,456,913,0.1995751181675444,0.4313329017711443,0.2230511789994819,0.3014310800895334,0.3009318326491476,1.7599800401674115,0.299160598670706,0.3003755793498542,4.42802091023681,0.3049132385097113,0.8457333333333333,False
CONCH,BRACS,CRC,BRACS->CRC,0.5,42,1828,0.2866804937686042,0.4518947079993409,0.1933045424660029,0.2313153368509158,0.2350317488390804,1.864739833017329,0.2306472226915531,0.2346341850695708,3.445452637369343,0.2416011673817933,0.8960666666666667,False
CONCH,BRACS,CRC,BRACS->CRC,0.5,123,1828,0.2105826834021037,0.4256545734061515,0.2327635610803063,0.3024134816814256,0.3051734346072417,1.9033813753894155,0.3026546769571347,0.3050512549604324,5.392860272970149,0.3070508780909103,0.8244666666666667,False
CONCH,BRACS,CRC,BRACS->CRC,0.5,456,1828,0.2279016688902181,0.4344198075244379,0.2185154190538683,0.2828505545783962,0.2839125126157061,1.950621059707352,0.2838744182492759,0.2840683798970413,4.8924286997091935,0.2856492527086107,0.8584,False
CONCH,BRACS,CRC,BRACS->CRC,1.0,42,3657,0.2399745235914522,0.4421825435700983,0.2079584452890423,0.2608707703288418,0.2612200352338527,2.1081313658181564,0.2608235930706836,0.2615690278851644,4.768320401665398,0.2691894773946006,0.8783333333333333,False
CONCH,BRACS,CRC,BRACS->CRC,1.0,123,3657,0.2399745235914522,0.4421825435700983,0.2079584452890423,0.2608707703288418,0.2612200352338527,2.1081313658181564,0.2608235930706836,0.2615690278851644,4.768320401665398,0.2691894773946006,0.8783333333333333,False
CONCH,BRACS,CRC,BRACS->CRC,1.0,456,3657,0.2399745235914522,0.4421825435700983,0.2079584452890423,0.2608707703288418,0.2612200352338527,2.1081313658181564,0.2608235930706836,0.2615690278851644,4.768320401665398,0.2691894773946006,0.8783333333333333,False
CONCH,CRC,BRACS,CRC->BRACS,0.01,42,699,0.4106451222464294,0.4261573033707865,0.2786202109499499,0.2378290739971155,0.2372529776196584,0.9768919944866354,0.3085930204136449,0.3076523475666782,9.107758875949449,0.1483564995247566,0.8456140350877193,False
CONCH,CRC,BRACS,CRC->BRACS,0.01,123,699,0.3830640280803679,0.4015299235038247,0.2858375204675541,0.2592834757515498,0.2590007422245466,1.0833525964962178,0.3183521156938668,0.3213588109352274,9.641577194950882,0.1440312078118488,0.8701754385964913,False
CONCH,CRC,BRACS,CRC->BRACS,0.01,456,699,0.4376512950859356,0.4420557669789227,0.2686236518167559,0.2212265501410903,0.2237632057470341,0.9974398444028272,0.2833145949268025,0.2807299932534859,8.215407417169748,0.1457954882650232,0.856140350877193,False
CONCH,CRC,BRACS,CRC->BRACS,0.05,42,3499,0.4059095860566449,0.4225129308046427,0.3086935330461302,0.2866499540041359,0.2869987918061356,1.154471199915588,0.3262587771978084,0.3275981600463568,9.99999577594248,0.1651504916596762,0.8385964912280702,False
CONCH,CRC,BRACS,CRC->BRACS,0.05,123,3499,0.4015674170902928,0.4072226619300926,0.3103337788953749,0.2957084411508145,0.2890139077684036,1.203736622387084,0.3299657679141746,0.3276772277263176,9.99999565237044,0.1604912313910748,0.8596491228070176,False
CONCH,CRC,BRACS,CRC->BRACS,0.05,456,3499,0.4315692326313241,0.4291289526272481,0.2926137942544669,0.2652858677935514,0.2671250417232426,1.2120143438052358,0.3038540869786454,0.3008209519418992,9.999995487900362,0.1455934321632466,0.8719298245614036,False
CONCH,CRC,BRACS,CRC->BRACS,0.1,42,6999,0.4327947228274025,0.4560588544403573,0.3171058623276065,0.3060648048621647,0.3062583819299653,1.2881640469839155,0.3287904436127406,0.3330018295645641,9.999996125691554,0.1658042466493722,0.8017543859649123,False
CONCH,CRC,BRACS,CRC->BRACS,0.1,123,6999,0.4190117404986686,0.4210337078651685,0.3176723287073195,0.3038353801261546,0.2995933383733976,1.3005972964280224,0.3237900168304689,0.3245915653121393,9.999996170802088,0.1499228935304923,0.8456140350877193,False
CONCH,CRC,BRACS,CRC->BRACS,0.1,456,6999,0.4241709029290728,0.4331601927451675,0.3193582317849786,0.305453428887273,0.3039140341031079,1.3075230942110714,0.3336320589986973,0.3316562153852754,9.99999614013711,0.1640165707763155,0.8122807017543859,False
CONCH,CRC,BRACS,CRC->BRACS,0.25,42,17499,0.433914306463326,0.4505709153754368,0.328141408560469,0.3173703282376115,0.3164006655456756,1.4489839580438824,0.3344953147255763,0.3310091755751331,9.9999932217373,0.1795082668041633,0.8087719298245614,False
CONCH,CRC,BRACS,CRC->BRACS,0.25,123,17499,0.4219317356572258,0.4386486170692216,0.3364540964300379,0.3273225124225776,0.3260396770880965,1.469497205179661,0.3475235865670154,0.3416641866488121,9.999993247114364,0.1692133771555865,0.7964912280701755,False
CONCH,CRC,BRACS,CRC->BRACS,0.25,456,17499,0.4258654078915516,0.4398737942370148,0.3251911628637945,0.3112695229962945,0.3074461626082375,1.4684615265582146,0.330683458430018,0.3270637905426067,9.99999321257504,0.1741561140283202,0.8333333333333334,False
CONCH,CRC,BRACS,CRC->BRACS,0.5,42,35000,0.4297990801258775,0.4428913482345208,0.3341415899005658,0.3179264144218539,0.3176650337958883,1.579816003605544,0.3334439782088959,0.332185809234152,9.999993548137574,0.1845539616048695,0.8122807017543859,False
CONCH,CRC,BRACS,CRC->BRACS,0.5,123,35000,0.4257746308399903,0.4376381551833951,0.3437038234149139,0.335582381563018,0.333036428819175,1.606618769288101,0.3483760678772243,0.343251016095182,9.999993575920048,0.1952070340696434,0.7947368421052632,False
CONCH,CRC,BRACS,CRC->BRACS,0.5,456,35000,0.4374092229484386,0.4464739884393063,0.3341998296064232,0.320851429334157,0.3194118380910029,1.5701818346081369,0.3332779012405074,0.3321049779699777,9.999993457730474,0.1795051087568389,0.8017543859649123,False
CONCH,CRC,BRACS,CRC->BRACS,1.0,42,70000,0.4284979423868312,0.4406702898550724,0.3456252817465886,0.3375047992219981,0.3287631177221505,1.6905699468031037,0.3495719457867096,0.3401555320467146,9.999993754093694,0.1936922241584169,0.8,False
CONCH,CRC,BRACS,CRC->BRACS,1.0,123,70000,0.4284979423868312,0.4406702898550724,0.3456252817465886,0.3375047992219981,0.3287631177221505,1.6905699468031037,0.3495719457867096,0.3401555320467146,9.999993754093694,0.1936922241584169,0.8,False
CONCH,CRC,BRACS,CRC->BRACS,1.0,456,70000,0.4284979423868312,0.4406702898550724,0.3456252817465886,0.3375047992219981,0.3287631177221505,1.6905699468031037,0.3495719457867096,0.3401555320467146,9.999993754093694,0.1936922241584169,0.8,False
CONCH,MHIST,PCam,MHIST->PCam,0.01,42,18,0.6759175401924531,0.3334282633902236,0.2915817515311063,0.2201657528367884,0.2393659135561733,2.260303966311197,0.2193155951457409,0.2224945720523241,9.999995446384158,0.0471162940942133,1.0,True
CONCH,MHIST,PCam,MHIST->PCam,0.01,123,18,0.6433875841125534,0.3334282633902236,0.2724731667332756,0.2157767267661999,0.2178451995847367,2.5924951814850807,0.1890023773070318,0.1952328011930841,9.999994601569009,0.0375831743318068,1.0,True
CONCH,MHIST,PCam,MHIST->PCam,0.01,456,18,0.5343249782246497,0.3334282633902236,0.3143794826871707,0.250470941658411,0.2935111478635605,2.1680102412805597,0.2350922826563897,0.2855894188051067,9.999996083621657,0.0549638745084891,1.0,True
CONCH,MHIST,PCam,MHIST->PCam,0.05,42,92,0.7183210708116459,0.3334282633902236,0.3115994162177689,0.2739868107740724,0.2737905680121969,1.921849159510677,0.2822473046841277,0.2822473046841277,9.999995275009606,0.0617108826398873,1.0,True
CONCH,MHIST,PCam,MHIST->PCam,0.05,123,92,0.8369765878165245,0.3334282633902236,0.2801918173178797,0.2535150456190231,0.2792301261007993,1.9555653259684704,0.2631109836542113,0.2816219732175313,7.929237612217683,0.070954292898254,1.0,True
CONCH,MHIST,PCam,MHIST->PCam,0.05,456,92,0.6349803288058792,0.3334282633902236,0.3207951976832951,0.2831690565939327,0.2938458904366148,2.015753703604537,0.2813460822210977,0.292653988804293,9.999995532110432,0.0664976622146822,1.0,True
CONCH,MHIST,PCam,MHIST->PCam,0.1,42,184,0.7801959672182888,0.3334282633902236,0.3363101627173043,0.3313924735556391,0.3311455031166115,1.8185922365473848,0.351142703392509,0.3511427033925091,9.999995068961113,0.148074360514786,1.0,True
CONCH,MHIST,PCam,MHIST->PCam,0.1,123,184,0.7690548996764798,0.3334282633902236,0.3364280623298734,0.3281745968148127,0.3315538872270039,1.7781297556196516,0.3534672433299418,0.3536817880411581,9.999995110210689,0.167438703958007,1.0,True
CONCH,MHIST,PCam,MHIST->PCam,0.1,456,184,0.713159125092615,0.3334282633902236,0.3264587508505066,0.3031590891659416,0.3029099932306147,1.8536410315711616,0.319661314863881,0.3191418131517465,9.999995264985532,0.0857021675522091,1.0,True
CONCH,MHIST,PCam,MHIST->PCam,0.25,42,461,0.7851687724637607,0.3334282633902236,0.3895790750390214,0.4043403708816068,0.4043403708816068,1.80581025221704,0.4212208891309829,0.4212208891309829,9.999995526213528,0.1341698523979642,1.0,True
CONCH,MHIST,PCam,MHIST->PCam,0.25,123,461,0.7106683359397519,0.3334282633902236,0.3879276250885295,0.3932967159329514,0.3932967159329514,1.731640491176473,0.4180052430375822,0.4180052430375823,9.999995664051848,0.123617377420487,1.0,True
CONCH,MHIST,PCam,MHIST->PCam,0.25,456,461,0.660102730039633,0.3334147036087717,0.3966582472527488,0.3965528880495705,0.3964988271714901,1.729841151453975,0.4208554695912507,0.4208242637660499,9.999995877621345,0.1213960738235367,0.999969482421875,True
CONCH,MHIST,PCam,MHIST->PCam,0.5,42,924,0.7594580919051412,0.3334282633902236,0.4338545167439674,0.4470107324792905,0.4470107324792905,1.7873999384640034,0.4598772461698834,0.4598772461698833,9.999996031628786,0.1843656393078376,1.0,True
CONCH,MHIST,PCam,MHIST->PCam,0.5,123,924,0.6654350184139457,0.3334282633902236,0.4305435818049448,0.4371359439941829,0.4371359439941829,1.6941777586125333,0.4567592036983352,0.4567592036983351,9.9999961608537,0.1519090383017186,1.0,True
CONCH,MHIST,PCam,MHIST->PCam,0.5,456,924,0.6858564190825989,0.3337673931257743,0.423961260311206,0.4323720750829847,0.4323720750829848,1.746268006434379,0.4489405269114755,0.4489405269114754,9.99999608025588,0.1506111149368768,0.999847412109375,True
CONCH,MHIST,PCam,MHIST->PCam,1.0,42,1849,0.6955241265918397,0.3342418734822366,0.4452004226991732,0.4550380096691915,0.4550380096691914,1.75578790544987,0.466857186836618,0.466857186836618,9.999996355757563,0.19140439495091,0.9996337890625,True
CONCH,MHIST,PCam,MHIST->PCam,1.0,123,1849,0.6955241265918397,0.3342418734822366,0.4452004226991732,0.4550380096691915,0.4550380096691914,1.75578790544987,0.466857186836618,0.466857186836618,9.999996355757563,0.19140439495091,0.9996337890625,True
CONCH,MHIST,PCam,MHIST->PCam,1.0,456,1849,0.6955241265918397,0.3342418734822366,0.4452004226991732,0.4550380096691915,0.4550380096691914,1.75578790544987,0.466857186836618,0.466857186836618,9.999996355757563,0.19140439495091,0.9996337890625,True
CONCH,PCam,MHIST,PCam->MHIST,0.01,42,2620,0.6395867098865479,0.5458526548766308,0.2310051725791301,0.1026721620426338,0.1001933372592047,1.4346455682579264,0.1468023692089225,0.1487896085842327,3.4281954758838644,0.0564116624573789,0.7676560900716479,False
CONCH,PCam,MHIST,PCam->MHIST,0.01,123,2620,0.6679227444624528,0.5479865275001851,0.2219549793672251,0.0846823880001381,0.0887006160838094,1.463710703780501,0.1376918330720836,0.135142508648879,3.251626851704275,0.028551341397778,0.8239508700102354,False
CONCH,PCam,MHIST,PCam->MHIST,0.01,456,2620,0.6600531244372411,0.4680681380736132,0.2394291614394338,0.1498750188652121,0.1489751442201309,1.511743844686532,0.1929911137389267,0.1941572756451867,4.422701984543363,0.0418997258696071,0.9314227226202662,False
CONCH,PCam,MHIST,PCam->MHIST,0.05,42,13106,0.6424815415090942,0.5891538420112451,0.2393666556497251,0.1043113036118182,0.1159225902938742,1.672428356565378,0.1373276675167949,0.1339589901118049,4.202931310264054,0.069194209236425,0.661207778915046,False
CONCH,PCam,MHIST,PCam->MHIST,0.05,123,13106,0.6481991716189448,0.5488621868462678,0.2399766845839489,0.136702029086326,0.141779554602649,1.723996987776682,0.1599591485762657,0.1631247851629934,4.603860720603762,0.0313405634914365,0.7911975435005117,False
CONCH,PCam,MHIST,PCam->MHIST,0.05,456,13106,0.643143345939132,0.5652947719688542,0.2381246876527891,0.1197976512115873,0.1225804206805949,1.6880317829440894,0.1472438679930305,0.1449628863347633,4.3124235185100375,0.0479080469615083,0.7338792221084954,False
CONCH,PCam,MHIST,PCam->MHIST,0.1,42,26214,0.6371871060687915,0.5906110420407975,0.2462537001720849,0.135736512567812,0.1305781334199292,1.8086826310028803,0.1495639721846424,0.1432557433392612,4.850366048729469,0.0677704029513733,0.6683725690890481,False
CONCH,PCam,MHIST,PCam->MHIST,0.1,123,26214,0.6410093643075815,0.5686060694769711,0.2468484496516414,0.1511982044842808,0.145620330894978,1.8516513023444623,0.1560886757469512,0.1566981726458655,5.127755559331799,0.0447969890260776,0.744114636642784,False
CONCH,PCam,MHIST,PCam->MHIST,0.1,456,26214,0.6294120295335854,0.5614643119941134,0.2483556236034551,0.1422449069663229,0.1416244471754867,1.7898661852714133,0.1597610169384844,0.1577144527148798,5.133715094619835,0.0486137772537901,0.7502558853633572,False
CONCH,PCam,MHIST,PCam->MHIST,0.25,42,65536,0.6359985593372951,0.5889032325739126,0.2465291663563791,0.1424236347869624,0.1368691126271282,1.913393746228165,0.1532541126200858,0.14251093905609,5.200175570425643,0.0492535658226001,0.7164790174002047,False
CONCH,PCam,MHIST,PCam->MHIST,0.25,123,65536,0.623991536106609,0.5790173762353051,0.2527946406506559,0.1464229818273218,0.1453221216384684,1.9299207596275847,0.1508260223013711,0.1503171753253231,5.581946734970694,0.0584708008127811,0.6929375639713409,False
CONCH,PCam,MHIST,PCam->MHIST,0.25,456,65536,0.6350036016567622,0.5888709821828275,0.2495547877163211,0.1382033163822557,0.1418029953863381,1.9264763958788091,0.1457779946849172,0.146379274793075,5.293940606388688,0.0837483469021355,0.6212896622313203,False
CONCH,PCam,MHIST,PCam->MHIST,0.5,42,131072,0.6260444804610121,0.5848183431400019,0.2496763722144864,0.1399793267838672,0.1432514720603886,2.019430963781099,0.1401758273639858,0.1420328716137886,5.593231391956247,0.0639561596669968,0.6888433981576254,False
CONCH,PCam,MHIST,PCam->MHIST,0.5,123,131072,0.6205699621826041,0.562950444853124,0.2558028711224611,0.1614569605565892,0.157469355525977,1.980051474144349,0.1620186358929976,0.1588209103929565,6.17148629172104,0.0460048540965207,0.7645854657113613,False
CONCH,PCam,MHIST,PCam->MHIST,0.5,456,131072,0.6308031694579507,0.5702177993274419,0.2505069001245182,0.1474588714717084,0.149217093605145,1.9665985740525895,0.1480517369141238,0.1509831227222918,5.694538419985528,0.0503236138909476,0.7461617195496417,False
CONCH,PCam,MHIST,PCam->MHIST,1.0,42,262144,0.6332613001980911,0.5726621321433486,0.2529383471804188,0.1508491012776405,0.1494346077649837,2.0890805392965466,0.1443507267947839,0.1439850434832334,6.053250316960251,0.0427889678916045,0.7523029682702149,False
CONCH,PCam,MHIST,PCam->MHIST,1.0,123,262144,0.6332613001980911,0.5726621321433486,0.2529383471804188,0.1508491012776405,0.1494346077649837,2.0890805392965466,0.1443507267947839,0.1439850434832334,6.053250316960251,0.0427889678916045,0.7523029682702149,False
CONCH,PCam,MHIST,PCam->MHIST,1.0,456,262144,0.6332613001980911,0.5726621321433486,0.2529383471804188,0.1508491012776405,0.1494346077649837,2.0890805392965466,0.1443507267947839,0.1439850434832334,6.053250316960251,0.0427889678916045,0.7523029682702149,False
GigaPath,BRACS,CRC,BRACS->CRC,0.01,42,36,0.5483278168035066,0.4618254879448909,0.1694401065597801,0.2193305325381323,0.2193305325381322,1.0763325576878122,0.1164441102680101,0.1164441102680102,0.6312623952539619,0.0096178035612882,1.0,True
GigaPath,BRACS,CRC,BRACS->CRC,0.01,123,36,0.584096170156591,0.4618254879448909,0.1598653674649439,0.1980638380479028,0.1980638380479028,0.9359358731197857,0.0549447530450261,0.0576571653348216,0.7265276569938075,0.0247654605269585,1.0,True
GigaPath,BRACS,CRC,BRACS->CRC,0.01,456,36,0.61558222778824,0.4694850741026091,0.2013351702516582,0.2856032228789272,0.2856032228789272,0.958524238484808,0.2135445976089125,0.2112179869060993,0.3112560208399668,0.0251839777949123,0.9987333333333334,True
GigaPath,BRACS,CRC,BRACS->CRC,0.05,42,181,0.7299955942723496,0.5984262631384842,0.2196779690527613,0.3276482379572304,0.3256667908553521,1.248861206794956,0.309723302479686,0.3071274524964972,0.3004043101588671,0.2058394696966722,0.7194666666666667,False
GigaPath,BRACS,CRC,BRACS->CRC,0.05,123,181,0.6526827405874849,0.5159654346341421,0.179055435847222,0.2504987354601002,0.2490944059177148,1.2480208938154016,0.1912163880910152,0.1906183522660005,0.4687018910265043,0.0455914238660956,0.9813333333333332,False
GigaPath,BRACS,CRC,BRACS->CRC,0.05,456,181,0.4922411660560662,0.4816086147169358,0.1843547111899821,0.2472985090490337,0.2468503075730148,0.9246703176560792,0.1379069090501085,0.1372793523553259,0.5482913913946718,0.0892470166418338,0.9954,True
GigaPath,BRACS,CRC,BRACS->CRC,0.1,42,364,0.6958649318097917,0.5475617288525415,0.2263064711832084,0.3361208669174344,0.3351256019056462,1.0064719200988368,0.3151715897112485,0.3149203988858913,0.6552798336704461,0.2972935306824836,0.6189333333333333,False
GigaPath,BRACS,CRC,BRACS->CRC,0.1,123,364,0.5665733266704673,0.511293538858623,0.1692893579081233,0.2175942367099143,0.2174004911129304,1.1063948051522396,0.1280858178772546,0.1280365357555589,0.7024382685590216,0.0825068301933044,0.9702666666666668,False
GigaPath,BRACS,CRC,BRACS->CRC,0.1,456,364,0.5253269102487418,0.5227492210019904,0.1835174324232346,0.2443807678841131,0.2442745824044848,1.0747905620525051,0.1629542098387423,0.1636516005084702,0.6183546940983597,0.1101221004902865,0.9536666666666668,False
GigaPath,BRACS,CRC,BRACS->CRC,0.25,42,913,0.6068614571699603,0.558855156025011,0.2010992527665939,0.283540629804583,0.2834974554506034,1.115441790625107,0.2346890129712393,0.2346809358683496,0.6981601361829335,0.1927145139693788,0.7876,False
GigaPath,BRACS,CRC,BRACS->CRC,0.25,123,913,0.5679221335462646,0.539660694494532,0.1713237191457124,0.2174680369465954,0.2174680369465954,1.1771435321380408,0.1456667833201862,0.145149875945962,0.809880541232468,0.1162383276459308,0.9256666666666666,False
GigaPath,BRACS,CRC,BRACS->CRC,0.25,456,913,0.505779432655598,0.5053430657060036,0.1949480301157085,0.2520146393072648,0.2520146393072648,1.1634532075734545,0.2006946989030787,0.2004624209471306,0.9536724930995236,0.1897726179753182,0.8375333333333334,False
GigaPath,BRACS,CRC,BRACS->CRC,0.5,42,1828,0.6165096648551147,0.5481333068329127,0.1952580086695622,0.2655891583656986,0.2655891583656985,1.2519652835324588,0.2249801926969551,0.2249716810243444,1.0513557147785235,0.2088730555175907,0.7536666666666667,False
GigaPath,BRACS,CRC,BRACS->CRC,0.5,123,1828,0.620660095410216,0.5541273283373216,0.1961303896784364,0.2689720226329466,0.2689720226329467,1.3322891418833436,0.2351066731290575,0.2351066731290574,1.0176014306555834,0.2107236056129099,0.7575333333333333,False
GigaPath,BRACS,CRC,BRACS->CRC,0.5,456,1828,0.5805134315551153,0.5372720195858796,0.1916047126092758,0.2500968700699307,0.2500968700699307,1.375482150053956,0.2135979368220428,0.2135979368220428,1.1064672617552642,0.195735782110648,0.7904666666666667,False
GigaPath,BRACS,CRC,BRACS->CRC,1.0,42,3657,0.6020277153418039,0.5321394424533439,0.2085100341926096,0.2779494868076844,0.2778840723621625,1.5133672585644329,0.259583084553337,0.259115730143677,1.5909167597791076,0.2627592131262515,0.6958666666666666,False
GigaPath,BRACS,CRC,BRACS->CRC,1.0,123,3657,0.6020277153418039,0.5321394424533439,0.2085100341926096,0.2779494868076844,0.2778840723621625,1.5133672585644329,0.259583084553337,0.259115730143677,1.5909167597791076,0.2627592131262515,0.6958666666666666,False
GigaPath,BRACS,CRC,BRACS->CRC,1.0,456,3657,0.6020277153418039,0.5321394424533439,0.2085100341926096,0.2779494868076844,0.2778840723621625,1.5133672585644329,0.259583084553337,0.259115730143677,1.5909167597791076,0.2627592131262515,0.6958666666666666,False
GigaPath,CRC,BRACS,CRC->BRACS,0.01,42,699,0.702387436456064,0.4171779141104294,0.2359040850729865,0.2011073863981138,0.2013831518285554,0.9416961072867978,0.2765088244736749,0.2765088244736748,4.842706909575071,0.1012019293972646,1.0,True
GigaPath,CRC,BRACS,CRC->BRACS,0.01,123,699,0.6883169934640523,0.4171779141104294,0.2453330858080889,0.2188997843071725,0.2188997843071725,1.010116746068795,0.2779880304222994,0.2779880304222994,5.443049429802308,0.0902615858645357,1.0,True
GigaPath,CRC,BRACS,CRC->BRACS,0.01,456,699,0.6868645606390704,0.4171779141104294,0.2353245665309732,0.2004159021497316,0.2004159021497317,0.9351700131446792,0.2762267325088998,0.2762267325088998,4.846671149335463,0.0794610033357577,1.0,True
GigaPath,CRC,BRACS,CRC->BRACS,0.05,42,3499,0.6542453401113533,0.4171779141104294,0.2461995736810884,0.2236776928419945,0.2229663678063173,0.8924111489484791,0.2787920179745941,0.2787920179745941,5.787086605611924,0.0393963455040463,1.0,True
GigaPath,CRC,BRACS,CRC->BRACS,0.05,123,3499,0.6726428225611231,0.4171779141104294,0.2497110700770867,0.2322577405508968,0.2322577405508968,0.9328223391354314,0.2798657651990989,0.2798657651990989,6.070547212445533,0.0649727013391625,1.0,True
GigaPath,CRC,BRACS,CRC->BRACS,0.05,456,3499,0.6508563301863957,0.4171779141104294,0.2490676763304641,0.2294869504404736,0.2294869504404735,0.9398244041362942,0.2786070030395299,0.2786070030395299,6.06666583232723,0.0272490035691091,1.0,True
GigaPath,CRC,BRACS,CRC->BRACS,0.1,42,6999,0.661416727184701,0.4171779141104294,0.2485876242639914,0.2314399396989254,0.230729222085552,1.0117784156132792,0.2754940536603397,0.2754940536603397,6.198763197755813,0.0465135265084412,1.0,True
GigaPath,CRC,BRACS,CRC->BRACS,0.1,123,6999,0.6695261437908496,0.4171779141104294,0.2476277602221019,0.2322725298564153,0.2312767797287413,1.0174290414327058,0.275309058976754,0.2753090589767539,6.174956611183114,0.0505100399834128,1.0,True
GigaPath,CRC,BRACS,CRC->BRACS,0.1,456,6999,0.6528534253207456,0.4171779141104294,0.2544365102252927,0.2408663055697495,0.2408663055697495,1.010722673895316,0.2779231194193173,0.2779231194193173,6.738320154957804,0.0307585459557574,1.0,True
GigaPath,CRC,BRACS,CRC->BRACS,0.25,42,17499,0.6381475429678043,0.4165813715455476,0.2511524201023857,0.2344538969030525,0.2314959866705172,1.0329464048863295,0.2759815776403022,0.2724165465920525,6.594300584897084,0.0261032413710603,0.9982456140350876,True
GigaPath,CRC,BRACS,CRC->BRACS,0.25,123,17499,0.6513404744613895,0.4165813715455476,0.2468196008064966,0.2279306708895898,0.2260474697543311,1.058132682672429,0.2713926206550039,0.2693958788804486,6.285847922233047,0.0396446591812094,0.9982456140350876,True
GigaPath,CRC,BRACS,CRC->BRACS,0.25,456,17499,0.653730936819172,0.4171779141104294,0.2598624993810368,0.2528864392655911,0.2506679819722198,1.1909846060525653,0.2761035389637428,0.2761035389637429,7.544526197347218,0.0298253980108232,1.0,True
GigaPath,CRC,BRACS,CRC->BRACS,0.5,42,35000,0.6267247639796659,0.4231057576969212,0.2580263894190931,0.2474760260098809,0.2436508283030909,1.198136994740299,0.2743551337034245,0.2708892322300415,7.592543667547139,0.0273950857333374,0.9964912280701754,True
GigaPath,CRC,BRACS,CRC->BRACS,0.5,123,35000,0.6228213507625272,0.4224708624708624,0.2503195047251338,0.2297272095599059,0.2272000098083645,1.143564075085064,0.2684946877787106,0.2654100540708755,6.758539629225702,0.0255408550453649,0.9947368421052633,True
GigaPath,CRC,BRACS,CRC->BRACS,0.5,456,35000,0.6261498426531106,0.42183518468123,0.2527378333368396,0.2374496341772751,0.2311017336038783,1.1298627841851434,0.272652217906173,0.2673897822524236,6.944026548910403,0.0250739001834218,0.9929824561403509,True
GigaPath,CRC,BRACS,CRC->BRACS,1.0,42,70000,0.6024116436698136,0.4282144857253632,0.2523953827543397,0.2323974910924541,0.2252454124128972,1.220532801049223,0.2681362578268119,0.260179658031142,7.097180177849403,0.0299749023520792,0.9912280701754386,True
GigaPath,CRC,BRACS,CRC->BRACS,1.0,123,70000,0.6024116436698136,0.4282144857253632,0.2523953827543397,0.2323974910924541,0.2252454124128972,1.220532801049223,0.2681362578268119,0.260179658031142,7.097180177849403,0.0299749023520792,0.9912280701754386,True
GigaPath,CRC,BRACS,CRC->BRACS,1.0,456,70000,0.6024116436698136,0.4282144857253632,0.2523953827543397,0.2323974910924541,0.2252454124128972,1.220532801049223,0.2681362578268119,0.260179658031142,7.097180177849403,0.0299749023520792,0.9912280701754386,True
GigaPath,MHIST,PCam,MHIST->PCam,0.01,42,18,0.3333104674973074,0.3334282633902236,0.3079898228673916,0.2366198576402126,0.2407355535755442,2.2657321378776074,0.2125559769769677,0.2197634018982673,9.99999616462392,0.0510970761413185,1.0,True
GigaPath,MHIST,PCam,MHIST->PCam,0.01,123,18,0.4538655438997285,0.3334282633902236,0.3149157607945554,0.254256441665967,0.2536159668059094,2.472886554119296,0.2118037287477044,0.2118037287477045,9.999996089733395,0.0555239544406976,1.0,True
GigaPath,MHIST,PCam,MHIST->PCam,0.01,456,18,0.5198408643610863,0.3334282633902236,0.3074511971131925,0.2396583308858721,0.239658330885872,2.1691771812426937,0.2236749432745278,0.2236743270563152,9.999996050117984,0.0518808323429558,1.0,True
GigaPath,MHIST,PCam,MHIST->PCam,0.05,42,92,0.3202727909884108,0.3334282633902236,0.3441571463061745,0.2993849968605718,0.3059318630286634,1.8003083879161144,0.321266952825734,0.326274473715001,9.999996306571044,0.0680212380634629,1.0,True
GigaPath,MHIST,PCam,MHIST->PCam,0.05,123,92,0.4121042497199336,0.3334282633902236,0.339357977610427,0.2949198909134848,0.2937107010125439,1.8057151793363777,0.3165147892141539,0.3163394715247918,9.999996202398188,0.0669696911596543,1.0,True
GigaPath,MHIST,PCam,MHIST->PCam,0.05,456,92,0.5135226367511199,0.3334282633902236,0.3438560007665411,0.3060775642448079,0.305626762854029,1.8666712946463808,0.3210807479507702,0.3209905714550802,9.999996105771917,0.0705839633478319,1.0,True
GigaPath,MHIST,PCam,MHIST->PCam,0.1,42,184,0.331303597367839,0.3334282633902236,0.3760712666009014,0.3517379446991104,0.3516293313733771,1.5917477979652768,0.393302476136585,0.3932722727003012,9.999996384979047,0.0836337840495761,1.0,True
GigaPath,MHIST,PCam,MHIST->PCam,0.1,123,184,0.3919552088000075,0.3334282633902236,0.3658052475079085,0.3331675810466123,0.3325000459605669,1.6299160528794991,0.3787366729330611,0.3768399931098546,9.99999628022083,0.0798216543897967,1.0,True
GigaPath,MHIST,PCam,MHIST->PCam,0.1,456,184,0.4560470929231776,0.3334282633902236,0.3738005418940307,0.3509546232568044,0.3481954513669215,1.593777389304023,0.3963144861201116,0.3960058116714998,9.99999621066896,0.0854994875514429,1.0,True
GigaPath,MHIST,PCam,MHIST->PCam,0.25,42,461,0.4570766739426443,0.3334282633902236,0.3970360203920894,0.3810429673565987,0.377212812815172,1.4529383831310398,0.4366582383979352,0.4354718795834607,9.99999629796196,0.0990483773780632,1.0,True
GigaPath,MHIST,PCam,MHIST->PCam,0.25,123,461,0.4575860665057497,0.3334282633902236,0.4072024387741423,0.3946415896310357,0.3921613692442687,1.4334578476996525,0.4496734908117154,0.4487131683440312,9.999996299609917,0.1055426731386492,1.0,True
GigaPath,MHIST,PCam,MHIST->PCam,0.25,456,461,0.4775281079071659,0.3334282633902236,0.395378634310785,0.3792264072044641,0.3773570582513328,1.3690659871012003,0.4453478401042364,0.4447246068486592,9.999996254971563,0.0985311192132382,1.0,True
GigaPath,MHIST,PCam,MHIST->PCam,0.5,42,924,0.4692666381376433,0.3334282633902236,0.446807142151477,0.4422198202048124,0.440911783490037,1.3829631899534942,0.4810073122573511,0.4808023101203932,9.999996432788194,0.1484508089534363,1.0,True
GigaPath,MHIST,PCam,MHIST->PCam,0.5,123,924,0.4529879808292205,0.3334282633902236,0.4376881574705381,0.4300433573184871,0.4289161100654333,1.4106894081242851,0.4731941942230948,0.4727939384847963,9.999996420293682,0.1357973292724107,1.0,True
GigaPath,MHIST,PCam,MHIST->PCam,0.5,456,924,0.4537318022283103,0.3334282633902236,0.4446895010750777,0.4381480527560776,0.4373856454880847,1.3567874098916402,0.4803999805193744,0.4803448583396407,9.999996443857794,0.1478838195468637,1.0,True
GigaPath,MHIST,PCam,MHIST->PCam,1.0,42,1849,0.4865364389132168,0.3334282633902236,0.4643338069368159,0.4620518188702171,0.4611084968040531,1.3553410237485164,0.4902162215017854,0.4900851335725256,9.999993073003388,0.1662582763978553,1.0,True
GigaPath,MHIST,PCam,MHIST->PCam,1.0,123,1849,0.4865364389132168,0.3334282633902236,0.4643338069368159,0.4620518188702171,0.4611084968040531,1.3553410237485164,0.4902162215017854,0.4900851335725256,9.999993073003388,0.1662582763978553,1.0,True
GigaPath,MHIST,PCam,MHIST->PCam,1.0,456,1849,0.4865364389132168,0.3334282633902236,0.4643338069368159,0.4620518188702171,0.4611084968040531,1.3553410237485164,0.4902162215017854,0.4900851335725256,9.999993073003388,0.1662582763978553,1.0,True
GigaPath,PCam,MHIST,PCam->MHIST,0.01,42,2620,0.4650009004141905,0.3900896060152363,0.2517152341237895,0.1264795349841704,0.1288389262744191,1.3679951493503582,0.193181938167372,0.194149442017103,4.602037379737931,0.0497725347179183,0.9989764585465712,True
GigaPath,PCam,MHIST,PCam->MHIST,0.01,123,2620,0.4381505492526562,0.3900896060152363,0.257218557928711,0.140974846313055,0.1499420546767873,1.4735269401287865,0.1919537175932144,0.1972240748457316,5.153256648186071,0.0688832766164618,0.9989764585465712,True
GigaPath,PCam,MHIST,PCam->MHIST,0.01,456,2620,0.4497028633171259,0.3870765370138017,0.2732501825706037,0.1870715592135456,0.1901530771069889,1.4631533949243978,0.2462659626018949,0.2470459117477548,6.413014113589531,0.048157335478005,1.0,True
GigaPath,PCam,MHIST,PCam->MHIST,0.05,42,13106,0.4716819737079056,0.3900896060152363,0.271170234864819,0.1821352646056162,0.1826167421475718,1.9087077461040212,0.1884453399507809,0.1910530623053511,6.37959178468504,0.0406019708638423,0.9989764585465712,True
GigaPath,PCam,MHIST,PCam->MHIST,0.05,123,13106,0.4744327390599676,0.3870765370138017,0.2859142649609907,0.2215156455862438,0.2215156455862438,1.9730779636908455,0.2243121970529997,0.2243121970529997,7.336272765355982,0.0295027929817657,1.0,True
GigaPath,PCam,MHIST,PCam->MHIST,0.05,456,13106,0.4877903835764452,0.3870765370138017,0.2840367487080103,0.2175763056841405,0.2175763056841405,1.9712333285545276,0.2205304185497406,0.2205304185497406,7.260704281837168,0.0337940714523732,1.0,True
GigaPath,PCam,MHIST,PCam->MHIST,0.1,42,26214,0.5310012605798667,0.3960708738721423,0.2735568807786936,0.2009729944166548,0.2009729944166549,2.174124200296857,0.1840760681606349,0.184076068160635,6.459147936694546,0.0342673688068161,0.9969293756397134,True
GigaPath,PCam,MHIST,PCam->MHIST,0.1,123,26214,0.5301953898793446,0.3870765370138017,0.284260040896379,0.2278508696916103,0.2278508696916103,2.202107109101408,0.2084497101442283,0.2084497101442283,7.175866827707752,0.0177432863942082,1.0,True
GigaPath,PCam,MHIST,PCam->MHIST,0.1,456,26214,0.5198721411849451,0.3870765370138017,0.303135106414264,0.26604488647267,0.26604488647267,2.1399008317872297,0.2534000137935556,0.2534000137935556,8.65061700035052,0.0223610668155904,1.0,True
GigaPath,PCam,MHIST,PCam->MHIST,0.25,42,65536,0.5999594813614262,0.4049324854441095,0.2706432873381267,0.2145086150764463,0.2145086150764463,2.423494815387598,0.1782721627351833,0.1776955772483423,6.2875003357807415,0.0216642498325261,0.9938587512794268,True
GigaPath,PCam,MHIST,PCam->MHIST,0.25,123,65536,0.5454574104087881,0.3990393254544198,0.2876615682964438,0.2400067339659767,0.2371661058119993,2.4473574060286656,0.2041934273333611,0.1984039442729628,7.734749469896784,0.0189002490088738,0.9959058341862844,True
GigaPath,PCam,MHIST,PCam->MHIST,0.25,456,65536,0.555722132180803,0.3870765370138017,0.3080307190515312,0.2800240312036962,0.2800240312036962,2.432401839617558,0.2452792707319423,0.2452792707319423,9.158236264829371,0.0161587675468244,1.0,True
GigaPath,PCam,MHIST,PCam->MHIST,0.5,42,131072,0.6165090941833243,0.4078574384173865,0.2771604692317644,0.2327664515239839,0.2327664515239839,2.632870485223898,0.1821025760886303,0.1821025760886303,6.837317368870078,0.0296200267876953,0.992835209825998,True
GigaPath,PCam,MHIST,PCam->MHIST,0.5,123,131072,0.5836934990095444,0.3990393254544198,0.2917415128914152,0.2575273625361131,0.2546465510645232,2.633345465539522,0.204316959403471,0.204316959403471,8.03719314294738,0.0237752743274588,0.9959058341862844,True
GigaPath,PCam,MHIST,PCam->MHIST,0.5,456,131072,0.5583918602557176,0.3990393254544198,0.2961001978789511,0.2579231909330438,0.2579231909330438,2.6492321418759053,0.2105811273315598,0.2057079398483124,8.40008697242052,0.0162140787913176,0.9959058341862844,True
GigaPath,PCam,MHIST,PCam->MHIST,1.0,42,262144,0.5884296776517198,0.3900896060152363,0.3108485576663427,0.2882877951085638,0.2873011074134853,2.802328694211797,0.232126400951987,0.2321264009519871,9.89220650711384,0.0186952380893226,0.9989764585465712,True
GigaPath,PCam,MHIST,PCam->MHIST,1.0,123,262144,0.5884296776517198,0.3900896060152363,0.3108485576663427,0.2882877951085638,0.2873011074134853,2.802328694211797,0.232126400951987,0.2321264009519871,9.89220650711384,0.0186952380893226,0.9989764585465712,True
GigaPath,PCam,MHIST,PCam->MHIST,1.0,456,262144,0.5884296776517198,0.3900896060152363,0.3108485576663427,0.2882877951085638,0.2873011074134853,2.802328694211797,0.232126400951987,0.2321264009519871,9.89220650711384,0.0186952380893226,0.9989764585465712,True
H-Optimus-0,BRACS,CRC,BRACS->CRC,0.01,42,36,0.6088445457179307,0.4618254879448909,0.1699524196150951,0.2223999187090371,0.2223999187090371,1.0614267055454518,0.1180475125977357,0.1180475125977357,0.6063067860353428,0.0144912520034019,1.0,True
H-Optimus-0,BRACS,CRC,BRACS->CRC,0.01,123,36,0.6446283052449333,0.4618254879448909,0.1573548164574759,0.1941585611504047,0.194078902254504,0.8916116240033877,0.0465016572576926,0.0493702124391518,0.7347439851197325,0.0231044673877273,1.0,True
H-Optimus-0,BRACS,CRC,BRACS->CRC,0.01,456,36,0.5035062553447012,0.4618254879448909,0.1743545803904997,0.2296312218474621,0.2296312218474621,0.9413826817416572,0.1077789488575296,0.1056865793679889,0.584596908660983,0.0324462037075185,1.0,True
H-Optimus-0,BRACS,CRC,BRACS->CRC,0.05,42,181,0.6115125153623648,0.4948102886820471,0.1991333617430577,0.2819234351011693,0.2819234351011693,1.1486301196125497,0.2294831548554823,0.2294831548554822,0.3556584593358249,0.064645088304251,0.9656,False
H-Optimus-0,BRACS,CRC,BRACS->CRC,0.05,123,181,0.4901623912952051,0.4623117621395991,0.1591279520603625,0.1911000566084419,0.1905592442560914,1.148650536488531,0.0910960687845123,0.0943586364264812,0.7938410827822566,0.0509146847032273,0.9999333333333332,True
H-Optimus-0,BRACS,CRC,BRACS->CRC,0.05,456,181,0.520961048811432,0.4622922320431379,0.1602232993659146,0.1942297247084169,0.1941488031718796,0.8187310820702661,0.0461628083444521,0.0530232442161255,0.7733417993433129,0.0451850521971403,0.9998666666666668,True
H-Optimus-0,BRACS,CRC,BRACS->CRC,0.1,42,364,0.5198933863558834,0.488453040163379,0.1882138701045556,0.2543675218849691,0.2543675218849691,1.0555030933786351,0.1744408068124872,0.174396642046769,0.5377025681455101,0.096584881445619,0.9749333333333332,False
H-Optimus-0,BRACS,CRC,BRACS->CRC,0.1,123,364,0.5057070382411903,0.4704651963250285,0.1572556410313832,0.1850933890684026,0.1832619231293856,1.1521224328152109,0.0886026329871116,0.0889434485266576,0.8503033438919195,0.069224617986851,0.9986666666666668,True
H-Optimus-0,BRACS,CRC,BRACS->CRC,0.1,456,364,0.5040535030864919,0.4641912402778181,0.1533587374437837,0.1682162330704083,0.1681162663604278,0.9471354766881688,0.0607399267786204,0.0686252784275927,0.9526902091767072,0.0605042201407779,0.9994666666666666,True
H-Optimus-0,BRACS,CRC,BRACS->CRC,0.25,42,913,0.4705950171030435,0.485624981135189,0.1859792638580561,0.2331983920022271,0.2331636937098681,1.1777721410463684,0.1656935037328853,0.165573761790937,0.8695591880176933,0.154289912986878,0.9134666666666666,False
H-Optimus-0,BRACS,CRC,BRACS->CRC,0.25,123,913,0.5425335986018496,0.4997037899266753,0.1572257241867972,0.1809858798623504,0.1800246527345718,1.2858283306091087,0.1070615124060002,0.1060257955680777,0.9215660859374984,0.0807373541257766,0.9864,False
H-Optimus-0,BRACS,CRC,BRACS->CRC,0.25,456,913,0.4540603957064818,0.4570656730706197,0.1700443708337778,0.1835330748349799,0.1835330748349798,1.253616185476493,0.1276860444944964,0.1289154520211689,1.1477817221972224,0.128502131320556,0.9409333333333332,False
H-Optimus-0,BRACS,CRC,BRACS->CRC,0.5,42,1828,0.4773309468123385,0.4809096672335704,0.1762903096882508,0.1979287871183372,0.1979287871183372,1.3731440192468451,0.151310382990025,0.1520297158098588,1.1779024862942336,0.1497928662407658,0.9034666666666666,False
H-Optimus-0,BRACS,CRC,BRACS->CRC,0.5,123,1828,0.5191067222904995,0.4843274753892337,0.1742739984716008,0.1993922918046345,0.1993922918046345,1.4540549840721837,0.1566117085845078,0.1566117085845078,1.1419946200321835,0.1391199098938838,0.8948,False
H-Optimus-0,BRACS,CRC,BRACS->CRC,0.5,456,1828,0.4992576925727931,0.4645876752983701,0.1736516572074945,0.1855378054694667,0.1855378054694666,1.4812607285073585,0.1431842249623787,0.1431842249623786,1.3061135404617807,0.13397006082816,0.9017333333333334,False
H-Optimus-0,BRACS,CRC,BRACS->CRC,1.0,42,3657,0.5009205371453805,0.457130931901557,0.1989625632257898,0.2201482805864774,0.2195647850824424,1.6541304138703234,0.2004972749866284,0.2004972749866284,1.8503067286285289,0.2119186857730928,0.7708,False
H-Optimus-0,BRACS,CRC,BRACS->CRC,1.0,123,3657,0.5009205371453805,0.457130931901557,0.1989625632257898,0.2201482805864774,0.2195647850824424,1.6541304138703234,0.2004972749866284,0.2004972749866284,1.8503067286285289,0.2119186857730928,0.7708,False
H-Optimus-0,BRACS,CRC,BRACS->CRC,1.0,456,3657,0.5009205371453805,0.457130931901557,0.1989625632257898,0.2201482805864774,0.2195647850824424,1.6541304138703234,0.2004972749866284,0.2004972749866284,1.8503067286285289,0.2119186857730928,0.7708,False
H-Optimus-0,CRC,BRACS,CRC->BRACS,0.01,42,699,0.5924564270152506,0.4171779141104294,0.2449613229942857,0.2101980235329462,0.2101980235329462,0.927027369260228,0.279121465269309,0.279121465269309,5.416442564852661,0.0251349673773838,1.0,True
H-Optimus-0,CRC,BRACS,CRC->BRACS,0.01,123,699,0.5739227789881385,0.4171779141104294,0.250117788354772,0.2203011332378414,0.2187746687425399,0.979916528186054,0.2791379294118553,0.2791379294118553,5.7718828290516,0.0271533352181148,1.0,True
H-Optimus-0,CRC,BRACS,CRC->BRACS,0.01,456,699,0.5983871943839264,0.4171779141104294,0.240244479669989,0.2001759515086233,0.2001759515086233,0.8879706774842179,0.2785867042320945,0.2785867042320945,5.108126848383752,0.025533765757016,1.0,True
H-Optimus-0,CRC,BRACS,CRC->BRACS,0.05,42,3499,0.5733024691358025,0.4171779141104294,0.2612389735660491,0.2442968505686579,0.2422654744771306,0.8118244606759676,0.2834023519746736,0.2834023519746736,6.9789733585628415,0.0278831582841964,1.0,True
H-Optimus-0,CRC,BRACS,CRC->BRACS,0.05,123,3499,0.5819868070685065,0.4171779141104294,0.2617605686401372,0.245588340334394,0.2440395944401197,0.8348166135916798,0.2833394899907932,0.2833394899907932,7.0586115594448975,0.0328746051757774,1.0,True
H-Optimus-0,CRC,BRACS,CRC->BRACS,0.05,456,3499,0.5882352941176471,0.4171779141104294,0.2598201040661606,0.2428830819877219,0.2414183495823248,0.917025700742556,0.2825072445835727,0.2825072445835727,6.853252994605224,0.0259869549863142,1.0,True
H-Optimus-0,CRC,BRACS,CRC->BRACS,0.1,42,6999,0.5852850399419027,0.4171779141104294,0.265107335191539,0.2528596411921546,0.2508978438182732,0.8713467389003734,0.2833543745986028,0.2833543745986028,7.588577289323757,0.031172532678465,1.0,True
H-Optimus-0,CRC,BRACS,CRC->BRACS,0.1,123,6999,0.5833333333333334,0.4171779141104294,0.2649685616735083,0.2517777664479106,0.250195236978071,0.8245503292407858,0.2835868140154431,0.2835868140154431,7.506315560096731,0.0329771403179486,1.0,True
H-Optimus-0,CRC,BRACS,CRC->BRACS,0.1,456,6999,0.5862987170176713,0.4171779141104294,0.2659779090352809,0.2538928965129219,0.2529317042774234,0.9056907679262198,0.2832781150701939,0.2832781150701939,7.744502260463358,0.0248291442617409,1.0,True
H-Optimus-0,CRC,BRACS,CRC->BRACS,0.25,42,17499,0.566630355846042,0.4171779141104294,0.2714002411296786,0.2619991105944268,0.2609503164337021,0.956723312689286,0.2833801940522099,0.2833801940522099,8.667841749656802,0.0216645262139307,1.0,True
H-Optimus-0,CRC,BRACS,CRC->BRACS,0.25,123,17499,0.5911401597676107,0.4171779141104294,0.2700148890574614,0.2616293597303189,0.2611606166567894,1.0737535339148072,0.282572575949628,0.282572575949628,8.714094466837322,0.0225690003193329,1.0,True
H-Optimus-0,CRC,BRACS,CRC->BRACS,0.25,456,17499,0.5771302348099734,0.4171779141104294,0.2708895930252411,0.2616121484195202,0.2611330515881726,0.9642722174646856,0.2833391011225341,0.2833391011225342,8.701634375595765,0.0127882715450324,1.0,True
H-Optimus-0,CRC,BRACS,CRC->BRACS,0.5,42,35000,0.575526506899056,0.4171779141104294,0.2749754402591748,0.2688670872593755,0.2681049354956337,1.1179173471905677,0.2830494646259409,0.2830494646259409,9.728649149763076,0.0209464112797063,1.0,True
H-Optimus-0,CRC,BRACS,CRC->BRACS,0.5,123,35000,0.5579157588961511,0.4171779141104294,0.2739618729092646,0.2663510553462829,0.265205050060265,1.029484468302817,0.283205707684445,0.283205707684445,9.382336360843995,0.0125973918294519,1.0,True
H-Optimus-0,CRC,BRACS,CRC->BRACS,0.5,456,35000,0.5829702251270878,0.4171779141104294,0.2739444756671902,0.2682262211636504,0.2669770428496081,1.1157054283105698,0.2828799985248514,0.2828799985248514,9.642043600710515,0.0184835574848694,1.0,True
H-Optimus-0,CRC,BRACS,CRC->BRACS,1.0,42,70000,0.574210239651416,0.4171779141104294,0.2766158403039971,0.2748610725607751,0.2708160631375407,1.2290192734626124,0.2826033223245913,0.2826033223245913,9.9999959194049,0.0193880562946115,1.0,True
H-Optimus-0,CRC,BRACS,CRC->BRACS,1.0,123,70000,0.574210239651416,0.4171779141104294,0.2766158403039971,0.2748610725607751,0.2708160631375407,1.2290192734626124,0.2826033223245913,0.2826033223245913,9.9999959194049,0.0193880562946115,1.0,True
H-Optimus-0,CRC,BRACS,CRC->BRACS,1.0,456,70000,0.574210239651416,0.4171779141104294,0.2766158403039971,0.2748610725607751,0.2708160631375407,1.2290192734626124,0.2826033223245913,0.2826033223245913,9.9999959194049,0.0193880562946115,1.0,True
H-Optimus-0,MHIST,PCam,MHIST->PCam,0.01,42,18,0.544597620834721,0.3334282633902236,0.3056598422584928,0.236988902275385,0.236988902275385,2.200182693901568,0.2186137707773377,0.2184155157037484,9.999996017990837,0.0511915696917107,1.0,True
H-Optimus-0,MHIST,PCam,MHIST->PCam,0.01,123,18,0.7071004534062826,0.3334282633902236,0.3019610976136972,0.2352688554136869,0.2419342627508464,2.241294102567968,0.2177208145617555,0.2230666237714497,9.999995825509048,0.0507685667768801,1.0,True
H-Optimus-0,MHIST,PCam,MHIST->PCam,0.01,456,18,0.4746728362849689,0.3334282633902236,0.3002229702477665,0.2227970041214059,0.2227970041214058,2.1705576093746823,0.2083275101706687,0.2074615631134123,9.999996076260812,0.0476358186072697,1.0,True
H-Optimus-0,MHIST,PCam,MHIST->PCam,0.05,42,92,0.4938435822663289,0.3334282633902236,0.3301577621542703,0.2842499562899999,0.2820275367736311,1.6742921035999483,0.3213116922139091,0.3212619793609225,9.999996094294293,0.0635055710402427,1.0,True
H-Optimus-0,MHIST,PCam,MHIST->PCam,0.05,123,92,0.7356748955252389,0.3334282633902236,0.3139086271376962,0.2802107060196104,0.2866225950873848,1.7242053591066755,0.2995316137733078,0.3119732440562464,9.999995645427855,0.0592837455689265,1.0,True
H-Optimus-0,MHIST,PCam,MHIST->PCam,0.05,456,92,0.5288708504835951,0.3334282633902236,0.333158871741553,0.2897348737681925,0.2889015971580222,1.8327710160762007,0.3084447096424577,0.3081811152876744,9.999996059932204,0.0654892572833096,1.0,True
H-Optimus-0,MHIST,PCam,MHIST->PCam,0.1,42,184,0.4572154410315924,0.3334282633902236,0.3879532112584345,0.3707653687948318,0.3680233932254509,1.535390888285214,0.4229204415788618,0.420265886556419,9.99999623109418,0.0934588215499557,1.0,True
H-Optimus-0,MHIST,PCam,MHIST->PCam,0.1,123,184,0.6372229837772481,0.3334282633902236,0.3549487902133107,0.3332884580437076,0.330978412078491,1.5743045823873296,0.3832746859414732,0.3827004359281401,9.99999593192577,0.0874640555576408,1.0,True
H-Optimus-0,MHIST,PCam,MHIST->PCam,0.1,456,184,0.5568127307438246,0.3334282633902236,0.367684439443053,0.3452691778321626,0.3452184895231153,1.5295856919261974,0.4014143376141368,0.4013111399778659,9.999996071627905,0.0897698594206292,1.0,True
H-Optimus-0,MHIST,PCam,MHIST->PCam,0.25,42,461,0.5456094210403473,0.3334282633902236,0.4272391072168824,0.4218527728103323,0.4215776690673201,1.3700973199055992,0.4722463070189174,0.4721766947568774,9.999996267536291,0.1229191665078515,1.0,True
H-Optimus-0,MHIST,PCam,MHIST->PCam,0.25,123,461,0.5715045295794381,0.3334282633902236,0.4228692725963901,0.4180481479303513,0.4176956442360528,1.380245888323986,0.4695180088220934,0.4694140948870553,9.99999622055119,0.1201982914927967,1.0,True
H-Optimus-0,MHIST,PCam,MHIST->PCam,0.25,456,461,0.5266453355760181,0.3334282633902236,0.4308376986175911,0.4274975638343359,0.4247402254252806,1.337016950007934,0.4771232173010645,0.4761167274444527,9.999996297769112,0.1378877649382806,1.0,True
H-Optimus-0,MHIST,PCam,MHIST->PCam,0.5,42,924,0.554007784077456,0.3334282633902236,0.4702414541790468,0.4697246472697622,0.4695463945915141,1.3747853903402638,0.4929276941473708,0.4928684006245617,9.999993067034358,0.1721189502960717,1.0,True
H-Optimus-0,MHIST,PCam,MHIST->PCam,0.5,123,924,0.5649557995901785,0.3334282633902236,0.4650197149570022,0.4646380094580754,0.46418470702701,1.3459561686619637,0.4919533405446493,0.4918176746715291,9.999996487646028,0.1652405948626213,1.0,True
H-Optimus-0,MHIST,PCam,MHIST->PCam,0.5,456,924,0.5096920280713938,0.3334282633902236,0.4612688889112757,0.4594111951186057,0.4586279549749071,1.320619757994506,0.4908963254523816,0.4906823226046268,9.999996489876956,0.1594358658830567,1.0,True
H-Optimus-0,MHIST,PCam,MHIST->PCam,1.0,42,1849,0.5612062048133613,0.3334282633902236,0.4876040910471929,0.4878179837068306,0.4874664253691056,1.3543623242927207,0.4980293852785281,0.498029385278528,9.999993362669684,0.2206796340904672,1.0,True
H-Optimus-0,MHIST,PCam,MHIST->PCam,1.0,123,1849,0.5612062048133613,0.3334282633902236,0.4876040910471929,0.4878179837068306,0.4874664253691056,1.3543623242927207,0.4980293852785281,0.498029385278528,9.999993362669684,0.2206796340904672,1.0,True
H-Optimus-0,MHIST,PCam,MHIST->PCam,1.0,456,1849,0.5612062048133613,0.3334282633902236,0.4876040910471929,0.4878179837068306,0.4874664253691056,1.3543623242927207,0.4980293852785281,0.498029385278528,9.999993362669684,0.2206796340904672,1.0,True
H-Optimus-0,PCam,MHIST,PCam->MHIST,0.01,42,2620,0.6026472177201513,0.3870765370138017,0.2960030818985268,0.2604347282449744,0.2569146629399512,1.322209629484738,0.3243908138216078,0.3220976914752229,7.459009729553602,0.0561753567581118,1.0,True
H-Optimus-0,PCam,MHIST,PCam->MHIST,0.01,123,2620,0.5986358725013505,0.3870765370138017,0.292168295798346,0.2528393342393394,0.2480493166967303,1.4150629560882058,0.3097796852448531,0.3075739610414122,7.150882562614629,0.0578122240086259,1.0,True
H-Optimus-0,PCam,MHIST,PCam->MHIST,0.01,456,2620,0.6128534125697821,0.3870765370138017,0.2931229636435566,0.2561158010012051,0.254542902118558,1.4190627516287044,0.3150660679108109,0.3121527460166455,7.201808925215296,0.049160617432134,1.0,True
H-Optimus-0,PCam,MHIST,PCam->MHIST,0.05,42,13106,0.5983477399603818,0.3870765370138017,0.3265988480817527,0.3116193806010858,0.3092243566010292,1.8331680558070689,0.3222246340371534,0.3204531270406894,9.999993797093047,0.0698660171808069,1.0,True
H-Optimus-0,PCam,MHIST,PCam->MHIST,0.05,123,13106,0.6143616063389159,0.3870765370138017,0.3297670779773303,0.3172554508082774,0.3164364317913893,1.834068701061151,0.3276465761497442,0.3268454963973829,9.999996463510737,0.0504409307150394,1.0,True
H-Optimus-0,PCam,MHIST,PCam->MHIST,0.05,456,13106,0.6219746083198272,0.3896971043060607,0.3014766684260488,0.273661798249303,0.2721084583468229,1.8188766017433424,0.2896089408790978,0.2878344305038315,7.903907353735208,0.0503456356930754,0.9979529170931424,True
H-Optimus-0,PCam,MHIST,PCam->MHIST,0.1,42,26214,0.6068206374932468,0.3870765370138017,0.326989797642912,0.3129823741997295,0.311590154403326,2.038877887495884,0.3109887266151188,0.3090157835341242,9.999994565931468,0.0594693182830336,1.0,True
H-Optimus-0,PCam,MHIST,PCam->MHIST,0.1,123,26214,0.641599135602377,0.3870765370138017,0.3223812653259454,0.3093438115192111,0.3093438115192111,2.044967694701036,0.3066998497001375,0.3063105295564299,9.649553417018174,0.0671264595088166,1.0,True
H-Optimus-0,PCam,MHIST,PCam->MHIST,0.1,456,26214,0.6360300738339636,0.3896971043060607,0.3154838043279978,0.2996975940850942,0.2976343860217985,2.0242656863609976,0.2975505517469646,0.2958818166863825,9.094749806100758,0.0550123116468898,0.9979529170931424,True
H-Optimus-0,PCam,MHIST,PCam->MHIST,0.25,42,65536,0.638042499549793,0.386691776522285,0.3282746090718416,0.3188039919070166,0.3175534177581666,2.316435373639876,0.2999669620847691,0.2987465708697925,9.999993627315527,0.0612741014906271,0.9989764585465712,True
H-Optimus-0,PCam,MHIST,PCam->MHIST,0.25,123,65536,0.643517017828201,0.386691776522285,0.3251137217887043,0.3160554508299939,0.314252737939259,2.306965235177408,0.2972760931029722,0.2954410325840448,9.99999461044766,0.0614610795566367,0.9989764585465712,True
H-Optimus-0,PCam,MHIST,PCam->MHIST,0.25,456,65536,0.6475688816855754,0.3896971043060607,0.3219120056057966,0.3097019580678103,0.3085353030633003,2.3931951824805533,0.284885329320204,0.2833521167627393,9.891801592117163,0.0727126901667029,0.9979529170931424,True
H-Optimus-0,PCam,MHIST,PCam->MHIST,0.5,42,131072,0.6475103547631912,0.3896971043060607,0.3292018107948543,0.3212249194603643,0.3199552217386326,2.5375491479741794,0.2914648947931141,0.2894055894292066,9.999994308809214,0.0590632408505342,0.9979529170931424,True
H-Optimus-0,PCam,MHIST,PCam->MHIST,0.5,123,131072,0.6635962542769674,0.3896971043060607,0.3319772171146605,0.3244386033586841,0.3241838715367265,2.5845093299513167,0.2926969909529507,0.2919441391279412,9.999994550475556,0.0703374774876069,0.9979529170931424,True
H-Optimus-0,PCam,MHIST,PCam->MHIST,0.5,456,131072,0.6308887088060509,0.386691776522285,0.3310561483772011,0.3253627461004713,0.3216074795474472,2.527606259694944,0.2966869544463221,0.2930705962822579,9.999993388464365,0.0519036879450579,0.9989764585465712,True
H-Optimus-0,PCam,MHIST,PCam->MHIST,1.0,42,262144,0.6447956059787502,0.3926875174232468,0.3254595403591805,0.3160263547652373,0.3145052951114677,2.7490706558992173,0.2736396903181777,0.2722393635104189,9.999994317112884,0.0591433061047705,0.9969293756397134,True
H-Optimus-0,PCam,MHIST,PCam->MHIST,1.0,123,262144,0.6447956059787502,0.3926875174232468,0.3254595403591805,0.3160263547652373,0.3145052951114677,2.7490706558992173,0.2736396903181777,0.2722393635104189,9.999994317112884,0.0591433061047705,0.9969293756397134,True
H-Optimus-0,PCam,MHIST,PCam->MHIST,1.0,456,262144,0.6447956059787502,0.3926875174232468,0.3254595403591805,0.3160263547652373,0.3145052951114677,2.7490706558992173,0.2736396903181777,0.2722393635104189,9.999994317112884,0.0591433061047705,0.9969293756397134,True
MIDNIGHT,BRACS,CRC,BRACS->CRC,0.01,42,36,0.3812928014177769,0.4618254879448909,0.1577430426741481,0.1841304299185852,0.1860029111497852,1.4440279373566958,0.1261198004867522,0.1366080936248773,0.8352306208921443,0.0527457125457824,1.0,True
MIDNIGHT,BRACS,CRC,BRACS->CRC,0.01,123,36,0.4418513679514199,0.4618254879448909,0.1428085959426866,0.1381160356297721,0.1415183274736577,1.6651723887336605,0.1096315311479338,0.1103582689346119,1.087208612647789,0.0370439679688971,1.0,True
MIDNIGHT,BRACS,CRC,BRACS->CRC,0.01,456,36,0.3257367144749692,0.4618254879448909,0.1506974120009842,0.1663903953954029,0.1732764779139389,1.2702676522717635,0.1094382648365979,0.1115978578124948,0.958453691809565,0.0752322998804404,1.0,True
MIDNIGHT,BRACS,CRC,BRACS->CRC,0.05,42,181,0.4313673570774357,0.4614583707320576,0.1650994286025642,0.1977647436073642,0.1976571457893165,2.0247286660240165,0.1995531479134907,0.1994459148934258,0.8100456013450744,0.0891737759094467,0.9987333333333334,True
MIDNIGHT,BRACS,CRC,BRACS->CRC,0.05,123,181,0.5741480166778039,0.4617675553482364,0.153977249295153,0.181027832501946,0.1799129124849607,2.26763939195342,0.1995392126516173,0.1990512915937882,0.840034193853521,0.02679136981758,0.9998,True
MIDNIGHT,BRACS,CRC,BRACS->CRC,0.05,456,181,0.2272315003247709,0.4618254879448909,0.1461702754436989,0.1526042018458314,0.178484726049169,1.9683298601200856,0.152767599529733,0.1767209400345974,1.3214731234448194,0.1200009480733152,1.0,True
MIDNIGHT,BRACS,CRC,BRACS->CRC,0.1,42,364,0.5392680738515025,0.5285754171470798,0.193621427405637,0.2654632408408421,0.2652137743460495,2.0195548574175373,0.2663102171104792,0.2660624862885142,0.5446055224067241,0.1250481850642346,0.9156,False
MIDNIGHT,BRACS,CRC,BRACS->CRC,0.1,123,364,0.6043275796506493,0.5010503375933184,0.1587870431109397,0.1978823255620175,0.1978516146727152,2.1096018165291417,0.2055191210552274,0.2053448185446885,0.7527887973319396,0.0455629154884709,0.9854666666666668,False
MIDNIGHT,BRACS,CRC,BRACS->CRC,0.1,456,364,0.5233067300592998,0.4618254879448909,0.1331855305846739,0.1043994699792357,0.1081400599979596,2.111812107799812,0.1173639760982397,0.1175023274817787,1.2935851528258773,0.0399546550559824,1.0,True
MIDNIGHT,BRACS,CRC,BRACS->CRC,0.25,42,913,0.6538322529054146,0.5578416015739995,0.1747423470215054,0.2371789804396589,0.2370659610567131,1.9792642124794109,0.236038426289992,0.2359404978547785,0.7182397461367284,0.1085092299478188,0.8741333333333333,False
MIDNIGHT,BRACS,CRC,BRACS->CRC,0.25,123,913,0.6394393452361482,0.5503820666761308,0.1575176260101003,0.1974158139957015,0.1973436373341204,2.118566826385341,0.205324199243516,0.2051541943642963,0.7998469660177591,0.0674376597014837,0.9442666666666668,False
MIDNIGHT,BRACS,CRC,BRACS->CRC,0.25,456,913,0.4818729205315962,0.4645912438038353,0.1435804580348986,0.1242039750738788,0.1254488929365722,2.097758740318292,0.1320478681304241,0.1329075923086339,1.279336625844352,0.0698933182111214,0.9944,True
MIDNIGHT,BRACS,CRC,BRACS->CRC,0.5,42,1828,0.6222051302121059,0.5378383038428746,0.1728932985845476,0.2222724081101762,0.2222724081101762,1.9139051861371867,0.2171328391675949,0.2171328391675949,0.9251372196536356,0.127678914827847,0.8629333333333333,False
MIDNIGHT,BRACS,CRC,BRACS->CRC,0.5,123,1828,0.6471755080094581,0.5631934349649631,0.173546493076158,0.2307611334054307,0.2307611334054307,1.8752516551674976,0.2236698039844535,0.2236698039844535,0.8549436041795963,0.1284026452486059,0.8566,False
MIDNIGHT,BRACS,CRC,BRACS->CRC,0.5,456,1828,0.5824915550802114,0.5125009158925679,0.1502853071007773,0.1598660636485288,0.1598660636485288,1.996417052107248,0.1595782992332279,0.1595782992332279,1.081352256253185,0.0736683543073016,0.9535333333333332,False
MIDNIGHT,BRACS,CRC,BRACS->CRC,1.0,42,3657,0.6221818019061016,0.5436767280326481,0.1743704981324672,0.2178914495758373,0.2178914495758373,1.9176580977010655,0.2131131967096523,0.2131131967096523,1.1363510601321696,0.1497437280571213,0.8376666666666667,False
MIDNIGHT,BRACS,CRC,BRACS->CRC,1.0,123,3657,0.6221818019061016,0.5436767280326481,0.1743704981324672,0.2178914495758373,0.2178914495758373,1.9176580977010655,0.2131131967096523,0.2131131967096523,1.1363510601321696,0.1497437280571213,0.8376666666666667,False
MIDNIGHT,BRACS,CRC,BRACS->CRC,1.0,456,3657,0.6221818019061016,0.5436767280326481,0.1743704981324672,0.2178914495758373,0.2178914495758373,1.9176580977010655,0.2131131967096523,0.2131131967096523,1.1363510601321696,0.1497437280571213,0.8376666666666667,False
MIDNIGHT,CRC,BRACS,CRC->BRACS,0.01,42,699,0.4408133623819897,0.4171779141104294,0.258192354612865,0.2352262535491484,0.2297157474664295,1.0496847516978982,0.2782054222568442,0.2782054222568442,6.509809897153633,0.0314719080777285,1.0,True
MIDNIGHT,CRC,BRACS,CRC->BRACS,0.01,123,699,0.424821471798596,0.4171779141104294,0.2545841930633197,0.2258105080483102,0.221792784278177,1.04265856043056,0.2771370984277533,0.2758296157477349,6.170398270692637,0.0379011066464298,1.0,True
MIDNIGHT,CRC,BRACS,CRC->BRACS,0.01,456,699,0.4355936819172112,0.4171779141104294,0.252617520426935,0.2240715335178688,0.2188631847329072,1.0148551777633632,0.2773133415714764,0.275389277198422,5.985361141647295,0.0532084861083726,1.0,True
MIDNIGHT,CRC,BRACS,CRC->BRACS,0.05,42,3499,0.4592108448317598,0.4171779141104294,0.2635757529578499,0.2425960024086872,0.2381701501452829,1.0617194509872616,0.2827949732471346,0.2739328236442331,7.292977212251674,0.067135650278561,1.0,True
MIDNIGHT,CRC,BRACS,CRC->BRACS,0.05,123,3499,0.4002208908254659,0.4165813715455476,0.265877317709227,0.2458980138566212,0.2439295885694528,1.0868723924251185,0.2853763962034115,0.2772838680081205,7.541693635982288,0.0860453401721499,0.9982456140350876,True
MIDNIGHT,CRC,BRACS,CRC->BRACS,0.05,456,3499,0.4265159767610748,0.4171779141104294,0.2696472041617724,0.2569496369141861,0.2506565309017481,1.1612982421091993,0.2809333993758616,0.2780275985290218,8.200948567998552,0.0573035564245397,1.0,True
MIDNIGHT,CRC,BRACS,CRC->BRACS,0.1,42,6999,0.4488471314451706,0.4165813715455476,0.2695879874825082,0.2541477136446052,0.2520164587393651,1.203622205010827,0.2836563539459585,0.2730624001715332,8.24888598213167,0.0725514605704593,0.9982456140350876,True
MIDNIGHT,CRC,BRACS,CRC->BRACS,0.1,123,6999,0.4105543451948681,0.4165813715455476,0.2702521340496134,0.2564667029578005,0.2557787131612506,1.1955159643627409,0.2843228384076292,0.2748762189783448,8.33258565630279,0.0676486288880312,0.9982456140350876,True
MIDNIGHT,CRC,BRACS,CRC->BRACS,0.1,456,6999,0.4044420237230695,0.4165813715455476,0.2732957184558645,0.2672292180428706,0.2632059457645423,1.286423399004779,0.2845430545763341,0.280273499889733,8.914028718169561,0.083872617702293,0.9982456140350876,True
MIDNIGHT,CRC,BRACS,CRC->BRACS,0.25,42,17499,0.4561244250786734,0.415983606557377,0.2682593946606204,0.2512926354390423,0.2490931386187636,1.3393179500430852,0.2769352465290186,0.2699177499435606,8.36229021414673,0.062892884148987,0.9964912280701754,True
MIDNIGHT,CRC,BRACS,CRC->BRACS,0.25,123,17499,0.4269244734931009,0.415983606557377,0.2720596995922246,0.2593010351697678,0.2487242974591595,1.3611157120184536,0.2809374821714397,0.2680405470624215,8.90275550995384,0.0668002994704717,0.9964912280701754,True
MIDNIGHT,CRC,BRACS,CRC->BRACS,0.25,456,17499,0.4268790849673203,0.4165813715455476,0.2750915452367363,0.2681989048709592,0.2611263201375205,1.3357100409547245,0.2829436967081231,0.2746979066156425,9.537447891806467,0.0631688402399191,0.9982456140350876,True
MIDNIGHT,CRC,BRACS,CRC->BRACS,0.5,42,35000,0.4385893246187364,0.415983606557377,0.2731339785602433,0.2604107876046758,0.2602861916852131,1.4350588130386592,0.277788642697802,0.2740324245842498,9.51612790721571,0.0773392826402234,0.9964912280701754,True
MIDNIGHT,CRC,BRACS,CRC->BRACS,0.5,123,35000,0.4305858145727427,0.4147843942505133,0.2745136296155867,0.2614632322318423,0.2613450073605535,1.4469579470128917,0.279515655982663,0.2766841024562883,9.712159875045286,0.0783512887390762,0.9929824561403509,True
MIDNIGHT,CRC,BRACS,CRC->BRACS,0.5,456,35000,0.4277565964657468,0.4141829393627955,0.2770451052556229,0.2678463863210273,0.2676496062346695,1.5932689550806007,0.2797625886737445,0.2790435718047596,9.802890648418137,0.0608900248067265,0.9912280701754386,True
MIDNIGHT,CRC,BRACS,CRC->BRACS,1.0,42,70000,0.4535675381263616,0.415983606557377,0.2746578484002618,0.2679748152200725,0.2586826625953917,1.657414815320877,0.2765105362106737,0.2665995138232366,9.999995065545162,0.0756271903944558,0.9964912280701754,True
MIDNIGHT,CRC,BRACS,CRC->BRACS,1.0,123,70000,0.4535675381263616,0.415983606557377,0.2746578484002618,0.2679748152200725,0.2586826625953917,1.657414815320877,0.2765105362106737,0.2665995138232366,9.999995065545162,0.0756271903944558,0.9964912280701754,True
MIDNIGHT,CRC,BRACS,CRC->BRACS,1.0,456,70000,0.4535675381263616,0.415983606557377,0.2746578484002618,0.2679748152200725,0.2586826625953917,1.657414815320877,0.2765105362106737,0.2665995138232366,9.999995065545162,0.0756271903944558,0.9964912280701754,True
MIDNIGHT,MHIST,PCam,MHIST->PCam,0.01,42,18,0.4309370745566363,0.3334282633902236,0.3127286064926433,0.2530418395969679,0.2507564893670795,2.473192027452588,0.2070662323953256,0.2148031404271961,9.999996112637444,0.0541284390431812,1.0,True
MIDNIGHT,MHIST,PCam,MHIST->PCam,0.01,123,18,0.670914649497039,0.3334282633902236,0.2862323316710143,0.1971353419529503,0.2170885357624946,2.6349046325530097,0.1785873976409384,0.1801563122406871,9.999995789657294,0.0414375939539345,1.0,True
MIDNIGHT,MHIST,PCam,MHIST->PCam,0.01,456,18,0.397903108959095,0.3334282633902236,0.2928075675271989,0.203762051854156,0.2103925685861902,2.3704146570546354,0.1829529697717126,0.185052854442692,9.99999613877652,0.0431308992857659,1.0,True
MIDNIGHT,MHIST,PCam,MHIST->PCam,0.05,42,92,0.3977912421963023,0.3334282633902236,0.314190071978418,0.2425660572354071,0.2857475374951466,2.05289231821932,0.2383116036465914,0.2817666011735911,9.999996348497532,0.0538584791527232,1.0,True
MIDNIGHT,MHIST,PCam,MHIST->PCam,0.05,123,92,0.4154658740677976,0.3334282633902236,0.2986895174090583,0.2170521483194207,0.2285258976300136,2.140131137728421,0.2121889362330244,0.2176735919632564,9.999996267319691,0.0484072328056679,1.0,True
MIDNIGHT,MHIST,PCam,MHIST->PCam,0.05,456,92,0.3669567293706526,0.3334282633902236,0.284978265033307,0.1772469871405093,0.1971578196903164,2.29986398342527,0.1547828176487124,0.1807385087736313,9.999996367664956,0.0964969048964366,1.0,True
MIDNIGHT,MHIST,PCam,MHIST->PCam,0.1,42,184,0.4136729809268417,0.3334282633902236,0.3195737576461785,0.2706665455013151,0.2950214517562288,1.9029575052797327,0.2738346730147238,0.3029555124453201,9.99999644251947,0.0825085246508735,1.0,True
MIDNIGHT,MHIST,PCam,MHIST->PCam,0.1,123,184,0.3769639487237985,0.3334282633902236,0.3174315602107256,0.2485357642838282,0.2743060953039012,2.064199610166394,0.2428018304562026,0.2686606417086679,9.999996347740035,0.0550503956378035,1.0,True
MIDNIGHT,MHIST,PCam,MHIST->PCam,0.1,456,184,0.3486319783440491,0.3334282633902236,0.3046511205619975,0.2487583167785089,0.2525456196493598,1.9831540407393904,0.2484864309614832,0.2537740618368168,9.999993083748173,0.0917401038781918,1.0,True
MIDNIGHT,MHIST,PCam,MHIST->PCam,0.25,42,461,0.4283661655706991,0.3334282633902236,0.344479919203477,0.3244316888560636,0.3245547922182689,1.8659725733359869,0.3328237795381627,0.336061483127816,9.99999636364728,0.0721088734221302,1.0,True
MIDNIGHT,MHIST,PCam,MHIST->PCam,0.25,123,461,0.4489408954907353,0.3334282633902236,0.3151847612642702,0.2509620801969219,0.2510109163407301,1.7376935664214015,0.2776712994542852,0.2769795897989127,9.99999622547119,0.0581324441866352,1.0,True
MIDNIGHT,MHIST,PCam,MHIST->PCam,0.25,456,461,0.4092166202202975,0.3333740209541247,0.2832360885791356,0.1787479633675766,0.1831892568775873,1.9354413203095528,0.1820459535157861,0.1871962303080355,9.999993189724073,0.0587481143522213,0.9998779296875,True
MIDNIGHT,MHIST,PCam,MHIST->PCam,0.5,42,924,0.4363604425700816,0.3334147036087717,0.3383384231981789,0.2920397268138331,0.3000902148636055,1.860743921658008,0.3121945342739275,0.3138879159374607,9.999996356301278,0.0735849550793045,0.999969482421875,True
MIDNIGHT,MHIST,PCam,MHIST->PCam,0.5,123,924,0.4581921527214925,0.3334282633902236,0.3353749166972073,0.2924652847457021,0.3004671071922128,1.704886081876461,0.3308848649043761,0.3311515883645727,9.99999627168644,0.0726415708948847,1.0,True
MIDNIGHT,MHIST,PCam,MHIST->PCam,0.5,456,924,0.4285748563713132,0.3333197696893247,0.3044233586061105,0.2188845321644096,0.2206528471187904,1.7907021204613032,0.2387441489435723,0.2396910390949125,9.99999644102068,0.0760805744180681,0.999755859375,True
MIDNIGHT,MHIST,PCam,MHIST->PCam,1.0,42,1849,0.4304590824711883,0.3334011432756271,0.3481428441044781,0.3039692808201694,0.3099438997964306,1.712834489428288,0.3399740706117984,0.3395237871623152,9.999996387500044,0.0790021826360787,0.99993896484375,True
MIDNIGHT,MHIST,PCam,MHIST->PCam,1.0,123,1849,0.4304590824711883,0.3334011432756271,0.3481428441044781,0.3039692808201694,0.3099438997964306,1.712834489428288,0.3399740706117984,0.3395237871623152,9.999996387500044,0.0790021826360787,0.99993896484375,True
MIDNIGHT,MHIST,PCam,MHIST->PCam,1.0,456,1849,0.4304590824711883,0.3334011432756271,0.3481428441044781,0.3039692808201694,0.3099438997964306,1.712834489428288,0.3399740706117984,0.3395237871623152,9.999996387500044,0.0790021826360787,0.99993896484375,True
MIDNIGHT,PCam,MHIST,PCam->MHIST,0.01,42,2620,0.4367414010444804,0.3870765370138017,0.299337496157274,0.2495516163041705,0.2495516163041705,1.482960968906187,0.3033644728978434,0.3033644728978434,8.332048409794368,0.0152210003787632,1.0,True
MIDNIGHT,PCam,MHIST,PCam->MHIST,0.01,123,2620,0.4576265081937691,0.3870765370138017,0.3113570666856989,0.2752282583002497,0.2752282583002498,1.5938000996288662,0.3124946923504356,0.3124946923504357,9.224861167714616,0.0106099288857805,1.0,True
MIDNIGHT,PCam,MHIST,PCam->MHIST,0.01,456,2620,0.432766072393301,0.3870765370138017,0.2852524108000449,0.2180065543375087,0.2156776898524926,1.5836732294301192,0.2644548886189654,0.2636178899011439,7.256536047277153,0.0294161453777311,1.0,True
MIDNIGHT,PCam,MHIST,PCam->MHIST,0.05,42,13106,0.4585449306681073,0.3870765370138017,0.3429455180002903,0.3296618282763616,0.3296618282763616,1.8051986688572663,0.3399688912217146,0.3399688912217147,9.999995173549712,0.0526595652820429,1.0,True
MIDNIGHT,PCam,MHIST,PCam->MHIST,0.05,123,13106,0.4562668827660724,0.3870765370138017,0.3378851812904706,0.3210657828932612,0.3210657828932612,1.9145588866366348,0.3264447859025258,0.3264447859025258,9.999996230511206,0.0288748202566798,1.0,True
MIDNIGHT,PCam,MHIST,PCam->MHIST,0.05,456,13106,0.4325139564199531,0.3870765370138017,0.3322098511041223,0.3086125141809267,0.3086125141809268,1.858432207810743,0.3185394906335377,0.3185394906335378,9.99999508302118,0.0373471376297593,1.0,True
MIDNIGHT,PCam,MHIST,PCam->MHIST,0.1,42,26214,0.4628399063569242,0.3870765370138017,0.3498455517919673,0.3408684716512859,0.340868471651286,1.9592128123472272,0.3426338671609778,0.3426338671609779,9.999995479059656,0.0698231908221716,1.0,True
MIDNIGHT,PCam,MHIST,PCam->MHIST,0.1,123,26214,0.4559472357284351,0.3870765370138017,0.3514055030562382,0.3425961281057829,0.3425961281057829,2.0248106556494347,0.3415189977521104,0.3415189977521105,9.9999954806083,0.0718376854716025,1.0,True
MIDNIGHT,PCam,MHIST,PCam->MHIST,0.1,456,26214,0.4353052404105888,0.3870765370138017,0.3476383978523634,0.3355593103196007,0.3355593103196007,1.976723291506593,0.3367125089032384,0.3367125089032385,9.99999538662165,0.0718981346668683,1.0,True
MIDNIGHT,PCam,MHIST,PCam->MHIST,0.25,42,65536,0.4391094903655681,0.3870765370138017,0.3598387401251489,0.3552796281082179,0.3546079573512134,2.13960337574007,0.3514119724457209,0.3506791453476851,9.999996004296351,0.1008254613939119,1.0,True
MIDNIGHT,PCam,MHIST,PCam->MHIST,0.25,123,65536,0.4482396902575184,0.3870765370138017,0.357580470079899,0.3518161940576012,0.3507179456442112,2.11984228053256,0.3472334577987116,0.3467228264940351,9.999995835989402,0.0933632300821752,1.0,True
MIDNIGHT,PCam,MHIST,PCam->MHIST,0.25,456,65536,0.4471411849450747,0.3870765370138017,0.3588612175197543,0.3547011151150441,0.3532335010689686,2.200791053169566,0.3469054033051652,0.3469054033051653,9.99999590755111,0.0904992249497244,1.0,True
MIDNIGHT,PCam,MHIST,PCam->MHIST,0.5,42,131072,0.439820817576085,0.3870765370138017,0.3606994649239926,0.3560174152524064,0.3552688044078957,2.2892937050617674,0.3483683788980958,0.3469089130020144,9.999996055051971,0.1076162571070113,1.0,True
MIDNIGHT,PCam,MHIST,PCam->MHIST,0.5,123,131072,0.457216819737079,0.3870765370138017,0.3617918443920772,0.3581599398646941,0.3578681951169445,2.369102353156357,0.3486043618407109,0.3482354649189659,9.999996134116683,0.1044894273555516,1.0,True
MIDNIGHT,PCam,MHIST,PCam->MHIST,0.5,456,131072,0.4361381235368269,0.3870765370138017,0.3613684278260804,0.3571110776148244,0.3554615017110862,2.2586623893002544,0.3505399483007781,0.3484078034250001,9.999996121991696,0.1166881322216156,1.0,True
MIDNIGHT,PCam,MHIST,PCam->MHIST,1.0,42,262144,0.4445434900054025,0.3870765370138017,0.3645615395688707,0.3622809682613543,0.3606352809752715,2.379907452568899,0.3560193172867648,0.3533355077531496,9.999996474073471,0.1327164604045407,1.0,True
MIDNIGHT,PCam,MHIST,PCam->MHIST,1.0,123,262144,0.4445434900054025,0.3870765370138017,0.3645615395688707,0.3622809682613543,0.3606352809752715,2.379907452568899,0.3560193172867648,0.3533355077531496,9.999996474073471,0.1327164604045407,1.0,True
MIDNIGHT,PCam,MHIST,PCam->MHIST,1.0,456,262144,0.4445434900054025,0.3870765370138017,0.3645615395688707,0.3622809682613543,0.3606352809752715,2.379907452568899,0.3560193172867648,0.3533355077531496,9.999996474073471,0.1327164604045407,1.0,True
PLIP,BRACS,CRC,BRACS->CRC,0.01,42,36,0.5012970757183511,0.4618254879448909,0.1571525863255534,0.1856803604793492,0.1856803604793492,1.0146360111432506,0.0553719923778219,0.0766660926470226,0.812745346563964,0.043040393033568,1.0,True
PLIP,BRACS,CRC,BRACS->CRC,0.01,123,36,0.6631855893423738,0.4618254879448909,0.1445910741523671,0.1639860223723158,0.1639860223723158,0.8226135140193365,0.028654176065003,0.0324486350874576,0.8666746162357957,0.0153247976548495,1.0,True
PLIP,BRACS,CRC,BRACS->CRC,0.01,456,36,0.7107450688561054,0.4618254879448909,0.1548630422449614,0.1984966531919252,0.1983552272164938,0.8486712752699866,0.0487497831253634,0.0506011820536079,0.667228951585334,0.0212256986021486,1.0,True
PLIP,BRACS,CRC,BRACS->CRC,0.05,42,181,0.4868731001486002,0.4643033464584152,0.150853887573524,0.1704561415362862,0.1698675192789657,0.5983030991704177,0.0949256409818505,0.0953337237101865,1.0723482271991314,0.0975042790118407,0.9982,True
PLIP,BRACS,CRC,BRACS->CRC,0.05,123,181,0.4779961868624326,0.4912631722893115,0.1588750600131584,0.1793928140592237,0.1845718249803716,0.5777642668961621,0.1018919935596378,0.1048269955329732,1.1238362360389524,0.1359959055812298,0.9816,False
PLIP,BRACS,CRC,BRACS->CRC,0.05,456,181,0.3956058671383243,0.4714526257853382,0.1772460897869375,0.2311123215484665,0.2372253386901425,0.7287074304081329,0.1695131958061709,0.1700164627520808,1.0394306332285606,0.1877965337118088,0.9705333333333334,False
PLIP,BRACS,CRC,BRACS->CRC,0.1,42,364,0.4070355688397501,0.4788313559581839,0.167832949859179,0.2046042729475905,0.201822591568501,0.5406263541429902,0.1467385338075052,0.1492233917070092,1.3456963478070594,0.1781037013416907,0.9758666666666668,False
PLIP,BRACS,CRC,BRACS->CRC,0.1,123,364,0.3845048426496633,0.4818993758007293,0.1838250650116828,0.2359902688750457,0.2367075405482181,0.7132475976782297,0.2031580704742946,0.2070544472411684,1.8537931458667871,0.232656581372557,0.9152666666666668,False
PLIP,BRACS,CRC,BRACS->CRC,0.1,456,364,0.4868928507175334,0.5090673318575336,0.1577388889587746,0.176258753612439,0.1819326630182142,0.7570667024918545,0.1248239184781757,0.1278022696365858,1.37596752978799,0.1484436108058701,0.9624,False
PLIP,BRACS,CRC,BRACS->CRC,0.25,42,913,0.4083639680112337,0.488132216792399,0.1876888293447325,0.2380655167972184,0.2389313264806008,0.8175655353197283,0.225490192289759,0.2257704112615596,2.164554939575196,0.2413296599094167,0.887,False
PLIP,BRACS,CRC,BRACS->CRC,0.25,123,913,0.4374853239765043,0.4997930046982236,0.1870728350961494,0.2252759985065262,0.2268558679449455,0.8965143413021548,0.2200924423578624,0.2201493498735763,2.306965397413746,0.22955151261013,0.8712,False
PLIP,BRACS,CRC,BRACS->CRC,0.25,456,913,0.422026798272873,0.4908285237645432,0.1813760836296468,0.2201698559102112,0.2221893049828683,0.9060481182671206,0.2114576076938936,0.211811111746523,2.1836367908387384,0.2251686364908907,0.8948666666666667,False
PLIP,BRACS,CRC,BRACS->CRC,0.5,42,1828,0.4389730419702145,0.4966264204545454,0.1940250364112935,0.2347101199721595,0.2375620697018725,1.0430349928729692,0.2389633914415942,0.2392219152787377,2.6986405174328785,0.2399749499603988,0.8485333333333334,False
PLIP,BRACS,CRC,BRACS->CRC,0.5,123,1828,0.407568104050524,0.4662800224528531,0.2109000408323808,0.2606290781918274,0.2634467177771497,1.0933271019682935,0.269935566318662,0.2702425639564635,3.2556538718292973,0.263863316774656,0.7990666666666667,False
PLIP,BRACS,CRC,BRACS->CRC,0.5,456,1828,0.4356551654345622,0.4880136949562258,0.1954506271284458,0.23899330710528,0.2406209366547105,1.121324954613102,0.2400035922534322,0.2384435893849776,2.8211775633055054,0.2438780003750322,0.8347333333333333,False
PLIP,BRACS,CRC,BRACS->CRC,1.0,42,3657,0.434316799709809,0.4698773837308487,0.215382746669636,0.2610130446072705,0.2602602689555765,1.3126659139453671,0.2691838383363177,0.2701069061598221,3.6624082808594367,0.2583673271028111,0.7804666666666666,False
PLIP,BRACS,CRC,BRACS->CRC,1.0,123,3657,0.434316799709809,0.4698773837308487,0.215382746669636,0.2610130446072705,0.2602602689555765,1.3126659139453671,0.2691838383363177,0.2701069061598221,3.6624082808594367,0.2583673271028111,0.7804666666666666,False
PLIP,BRACS,CRC,BRACS->CRC,1.0,456,3657,0.434316799709809,0.4698773837308487,0.215382746669636,0.2610130446072705,0.2602602689555765,1.3126659139453671,0.2691838383363177,0.2701069061598221,3.6624082808594367,0.2583673271028111,0.7804666666666666,False
PLIP,CRC,BRACS,CRC->BRACS,0.01,42,699,0.6060427257322684,0.5096774193548387,0.2022246588145071,0.0696715751916785,0.0747217745758468,0.994645642539822,0.1517467283029397,0.1536072568360852,2.68432524174089,0.0450716795594395,0.9157894736842104,False
PLIP,CRC,BRACS,CRC->BRACS,0.01,123,699,0.5997488501573469,0.5177782885310356,0.2037956054655676,0.0695555060190412,0.0767750099736239,1.0522036256281253,0.1323273063645995,0.12552878698104,2.539924954063512,0.0686689990073616,0.8929824561403509,False
PLIP,CRC,BRACS,CRC->BRACS,0.01,456,699,0.6043330912611957,0.5380014533529598,0.2045815020355542,0.0806324306416275,0.0762284090172433,0.9191613119519574,0.1440527960924503,0.1491481922837059,2.4175888958833305,0.0708550631816038,0.8666666666666667,False
PLIP,CRC,BRACS,CRC->BRACS,0.05,42,3499,0.5983871943839265,0.5684864334749918,0.2166776991872788,0.1200765062986473,0.1252725817806289,1.0166581138773378,0.189232863922253,0.1848732979232072,3.870968705886447,0.1014437048807316,0.8175438596491228,False
PLIP,CRC,BRACS,CRC->BRACS,0.05,123,3499,0.6012315419995159,0.5731472249916916,0.2139687947606493,0.1105758262542019,0.1132148882744635,1.1072422851700687,0.1745260726489246,0.1712872081632491,3.78107876844058,0.0897477868633845,0.8368421052631579,False
PLIP,CRC,BRACS,CRC->BRACS,0.05,456,3499,0.6183430162188333,0.6004499217527386,0.215264285370567,0.130671261607212,0.1297539247656176,1.0075793867003615,0.1951211134172686,0.1902169672664982,3.6279949732574255,0.1057965036387603,0.7789473684210526,False
PLIP,CRC,BRACS,CRC->BRACS,0.1,42,6999,0.6112321471798596,0.5728353617116386,0.2176262725672833,0.1358706768894449,0.1268441553621154,1.0864735706487143,0.1985031112960052,0.1857732221641989,4.501445653473851,0.0885892760486747,0.8298245614035088,False
PLIP,CRC,BRACS,CRC->BRACS,0.1,123,6999,0.6094922536916001,0.595020464739189,0.2169974394545087,0.1373645440008113,0.1315617817956903,1.0984855923097705,0.1993686396391222,0.1902415849148973,4.386541758345798,0.0832292127565564,0.8263157894736842,False
PLIP,CRC,BRACS,CRC->BRACS,0.1,456,6999,0.6036825223916726,0.5823560270712028,0.219402934250893,0.1378340660319816,0.1354538050655118,1.1063116024270212,0.1919030260357925,0.1918426189671172,4.474896931232864,0.0876825500532545,0.8228070175438597,False
PLIP,CRC,BRACS,CRC->BRACS,0.25,42,17499,0.6140159767610748,0.5781987371219675,0.2213601510382605,0.1472645730861627,0.1493818679222771,1.1538917032609557,0.2122840815594473,0.2006607276177447,5.417570518642328,0.0723494238748319,0.8368421052631579,False
PLIP,CRC,BRACS,CRC->BRACS,0.25,123,17499,0.6229423868312757,0.6118402230719947,0.2295705392240193,0.1653439501227465,0.1698567552877199,1.2877404268138188,0.2125812231408025,0.2126385583347459,5.409528301447538,0.1131141947944786,0.7701754385964912,False
PLIP,CRC,BRACS,CRC->BRACS,0.25,456,17499,0.6104151537158073,0.5814685314685315,0.2223818090252029,0.1557324550507012,0.1485225046531798,1.196680792763206,0.2012783870254902,0.1985370725378177,5.364406978822269,0.0838711450856002,0.8280701754385965,False
PLIP,CRC,BRACS,CRC->BRACS,0.5,42,35000,0.60770697167756,0.5645768538222296,0.2282856407347999,0.1663726941480412,0.1661498395575992,1.25209532914896,0.2214359111214415,0.2122314174352043,6.457671303897439,0.073950423521148,0.8526315789473684,False
PLIP,CRC,BRACS,CRC->BRACS,0.5,123,35000,0.6171477850399419,0.5768523755656109,0.2258213912871784,0.1647126682512378,0.1604404450774831,1.256997179843635,0.2153938630881818,0.202486152815298,6.061438622952158,0.0806090505101182,0.8350877192982457,False
PLIP,CRC,BRACS,CRC->BRACS,0.5,456,35000,0.6114137012829823,0.589477088948787,0.2255508870841406,0.1616907198479659,0.1622347997191905,1.2521110186196382,0.2110815203219243,0.2005398668887409,5.924044014402577,0.0851099742254119,0.8192982456140351,False
PLIP,CRC,BRACS,CRC->BRACS,1.0,42,70000,0.6132141128056161,0.5605366079313681,0.2288435784043021,0.1786527894979636,0.17413858511914,1.3426362834415535,0.2188427224521421,0.2111531492824198,7.131558413711443,0.0627365671431746,0.868421052631579,False
PLIP,CRC,BRACS,CRC->BRACS,1.0,123,70000,0.6132141128056161,0.5605366079313681,0.2288435784043021,0.1786527894979636,0.17413858511914,1.3426362834415535,0.2188427224521421,0.2111531492824198,7.131558413711443,0.0627365671431746,0.868421052631579,False
PLIP,CRC,BRACS,CRC->BRACS,1.0,456,70000,0.6132141128056161,0.5605366079313681,0.2288435784043021,0.1786527894979636,0.17413858511914,1.3426362834415535,0.2188427224521421,0.2111531492824198,7.131558413711443,0.0627365671431746,0.868421052631579,False
PLIP,MHIST,PCam,MHIST->PCam,0.01,42,18,0.5166152131339365,0.3334282633902236,0.2866914012853371,0.1969288765882075,0.2104341212449197,2.098808954572708,0.1850919784784953,0.2038385607027421,9.999995946010753,0.0419358226253586,1.0,True
PLIP,MHIST,PCam,MHIST->PCam,0.01,123,18,0.5463293745001381,0.3334282633902236,0.2836900348016477,0.2297765176046129,0.2512431726838997,2.320374165616052,0.1672671383228587,0.238967097578746,9.999995666241924,0.0776704748137591,1.0,True
PLIP,MHIST,PCam,MHIST->PCam,0.01,456,18,0.4281650147590254,0.3334282633902236,0.3001056995356946,0.2207220445088058,0.2207220445088059,2.2694703670677883,0.1975157884893711,0.1975157884893711,9.99999612883468,0.0471240764203344,1.0,True
PLIP,MHIST,PCam,MHIST->PCam,0.05,42,92,0.451131344234332,0.3334282633902236,0.2920866580938412,0.2014630073610934,0.2014630073610935,1.8844893883851437,0.2122902619890799,0.2122902619890799,9.999996133499044,0.0426004924357409,1.0,True
PLIP,MHIST,PCam,MHIST->PCam,0.05,123,92,0.5624698756673333,0.3334282633902236,0.2767561830745859,0.1764920196095533,0.1725560354975293,1.811560030966412,0.1941307043025972,0.1885159086989456,9.999995424942018,0.0360850517213546,1.0,True
PLIP,MHIST,PCam,MHIST->PCam,0.05,456,92,0.624303082342636,0.3334282633902236,0.2860066688458166,0.2002393635157425,0.2002393635157425,1.8880457977006249,0.2106467595946177,0.2106467595946178,9.999995632267652,0.0422589563570192,1.0,True
PLIP,MHIST,PCam,MHIST->PCam,0.1,42,184,0.5070035675286308,0.3334282633902236,0.2923244455874319,0.2045348259618981,0.2045184322216856,1.716049110269757,0.2332030044503826,0.2332030044503826,9.999996009441398,0.043406770184741,1.0,True
PLIP,MHIST,PCam,MHIST->PCam,0.1,123,184,0.5639650025750887,0.3333604589656996,0.2677138625820415,0.1461780748498867,0.1444646903738947,1.6722500603251946,0.1717407567443864,0.1699371798792913,9.999995016440328,0.0391475977556456,0.999847412109375,True
PLIP,MHIST,PCam,MHIST->PCam,0.1,456,184,0.5025692307423514,0.3334282633902236,0.2965783236018437,0.212612491567075,0.212612491567075,1.767518020688878,0.2360813982605526,0.2360813982605527,9.99999606222523,0.0454358942351314,1.0,True
PLIP,MHIST,PCam,MHIST->PCam,0.25,42,461,0.5583161240722614,0.3351290237281548,0.2812388271265399,0.1817668626640531,0.1817130577181882,1.5730755162526435,0.2224290164264463,0.2223365875398024,9.999995495360212,0.0475127136618728,0.997802734375,True
PLIP,MHIST,PCam,MHIST->PCam,0.25,123,461,0.5800502166988724,0.3944347462326698,0.2620238453003605,0.12918453866236,0.1276808033018388,1.505155549506465,0.1648198476771054,0.1639718953015988,9.044787908995952,0.0420798859626966,0.941131591796875,False
PLIP,MHIST,PCam,MHIST->PCam,0.25,456,461,0.5877282127688915,0.3386343336854504,0.2794158451205745,0.1860800894659279,0.1860431854392395,1.5879392917167294,0.2260246040979623,0.2260099821865634,9.999995182942394,0.0554228657834992,0.99676513671875,True
PLIP,MHIST,PCam,MHIST->PCam,0.5,42,924,0.6209878080651261,0.3477768675953965,0.2827768671822259,0.2076325293427115,0.2072853268764802,1.5872297914294449,0.2477588583466111,0.2475160201686291,9.999995419226137,0.0610552926860354,0.986846923828125,False
PLIP,MHIST,PCam,MHIST->PCam,0.5,123,924,0.5579947581207124,0.3663269127690066,0.2773164654081687,0.1680948626482032,0.1665175993113105,1.5091218621438456,0.211726865167255,0.2100456926350532,9.999995331224246,0.0356805681541247,0.967803955078125,False
PLIP,MHIST,PCam,MHIST->PCam,0.5,456,924,0.5865896595377226,0.337813959893559,0.2949705596022326,0.2241004504506799,0.2240385133168738,1.495047817480584,0.2796177601700362,0.27956846094901,9.999995418225511,0.0494224832440193,0.997100830078125,True
PLIP,MHIST,PCam,MHIST->PCam,1.0,42,1849,0.5750009498560672,0.3680351510425262,0.2906470789983329,0.2067550421375808,0.2059630883501051,1.4400670641601865,0.2631290515328351,0.261977094027126,9.999995384129305,0.0461972860953968,0.968231201171875,False
PLIP,MHIST,PCam,MHIST->PCam,1.0,123,1849,0.5750009498560672,0.3680351510425262,0.2906470789983329,0.2067550421375808,0.2059630883501051,1.4400670641601865,0.2631290515328351,0.261977094027126,9.999995384129305,0.0461972860953968,0.968231201171875,False
PLIP,MHIST,PCam,MHIST->PCam,1.0,456,1849,0.5750009498560672,0.3680351510425262,0.2906470789983329,0.2067550421375808,0.2059630883501051,1.4400670641601865,0.2631290515328351,0.261977094027126,9.999995384129305,0.0461972860953968,0.968231201171875,False
PLIP,PCam,MHIST,PCam->MHIST,0.01,42,2620,0.4103457590491626,0.3128384886776214,0.3766725050670768,0.352700355658106,0.3489868825917575,1.2673911073247646,0.4260435194920756,0.4279451175194809,9.999994273010396,0.1822667465331648,0.9160696008188332,False
PLIP,PCam,MHIST,PCam->MHIST,0.01,123,2620,0.4449171618944714,0.3322674470716885,0.3469415731287771,0.3092658205098739,0.3099523061520701,1.2850451698902154,0.3797287156013705,0.3791764102630048,9.999994276426904,0.1687576441576151,0.8863868986693961,False
PLIP,PCam,MHIST,PCam->MHIST,0.01,456,2620,0.4133171258779038,0.3366022529943452,0.3489512011857185,0.3107953774584011,0.3089576524618884,1.2581344360841555,0.3810364944119739,0.3798167901275916,9.99999440746137,0.1741019063509949,0.8741044012282497,False
PLIP,PCam,MHIST,PCam->MHIST,0.05,42,13106,0.4534035656401944,0.3167855473800191,0.4307060195043282,0.4175988785618699,0.4153832407916792,1.6350012974429775,0.4505199817614311,0.4492731489373479,9.99999395273501,0.2021871226708881,0.9119754350051176,False
PLIP,PCam,MHIST,PCam->MHIST,0.05,123,13106,0.4706059787502251,0.3722011822136978,0.3679188204842398,0.3412168567836616,0.333859727245053,1.6893939823349156,0.3614408682161391,0.3596528351634384,9.999993936968032,0.1783058042305843,0.8137154554759468,False
PLIP,PCam,MHIST,PCam->MHIST,0.05,456,13106,0.4528318026292094,0.3932163530147463,0.3690017102492255,0.3368763173448945,0.3352285070611635,1.634306646020026,0.3632245392040226,0.3646608135784134,9.999993975408676,0.1745566108364646,0.7727737973387923,False
PLIP,PCam,MHIST,PCam->MHIST,0.1,42,26214,0.4782549972987574,0.3984970954428055,0.3879097133067051,0.3561048513492474,0.3577228770060688,1.7575115671274433,0.3755865423449744,0.3768202134894476,9.999993802108875,0.1835667800838328,0.7840327533265097,False
PLIP,PCam,MHIST,PCam->MHIST,0.1,123,26214,0.4802989375112552,0.3980206019418932,0.3805406785036909,0.3505709380760011,0.3468778135673588,1.7925181294985597,0.3662118627636614,0.3630062307799148,9.99999378830739,0.1774122765183768,0.7809621289662231,False
PLIP,PCam,MHIST,PCam->MHIST,0.1,456,26214,0.4669142805690617,0.4350072945030521,0.3680594678439404,0.321225093627235,0.3198109859749188,1.7701768169712582,0.3407267336370672,0.3360488273394981,9.999993768665188,0.1663163336718459,0.7052200614124872,False
PLIP,PCam,MHIST,PCam->MHIST,0.25,42,65536,0.5000810372771475,0.4408333886691267,0.3747533002689712,0.3357831898265633,0.3302409041604266,1.9372281830966167,0.3409273705783001,0.3344767754791011,9.999993562681214,0.1804300120223333,0.7093142272262026,False
PLIP,PCam,MHIST,PCam->MHIST,0.25,123,65536,0.5026652260039618,0.4748682196370815,0.3524765937646847,0.3003935417707159,0.3025559527580683,1.977919027440018,0.3005880806134895,0.3041649175786844,9.999993339096688,0.1670801982868255,0.6417604912998977,False
PLIP,PCam,MHIST,PCam->MHIST,0.25,456,65536,0.4914820817576085,0.4820610691029642,0.3449310456246158,0.2858529411180892,0.2858529411180892,1.9377591828661287,0.2906340828815874,0.2899407914010168,9.999993249355152,0.1555275972493794,0.586489252814739,False
PLIP,PCam,MHIST,PCam->MHIST,0.5,42,131072,0.5145236808932109,0.4964197721377335,0.3497687551539327,0.2979114078192613,0.2998689152859141,2.125181832834346,0.2906924031419606,0.2920499669232011,9.999993093383807,0.1577245398633919,0.586489252814739,False
PLIP,PCam,MHIST,PCam->MHIST,0.5,123,131072,0.5221591932288853,0.5263296463373521,0.3237492136528843,0.2502337795709931,0.2530075838095323,2.0756232763157807,0.2457728554399529,0.2484987315876242,9.999995988734396,0.1390181170898099,0.5138178096212896,False
PLIP,PCam,MHIST,PCam->MHIST,0.5,456,131072,0.5068161354222943,0.5158469875623161,0.3368076197947776,0.2703282180672409,0.2699134326191499,2.075868838998928,0.2634829261157168,0.2659109162115182,9.999996360516306,0.1447350309704784,0.5097236438075742,False
PLIP,PCam,MHIST,PCam->MHIST,1.0,42,262144,0.5479335494327391,0.5449008415543439,0.3224590564151021,0.2607234765022952,0.2598305114098481,2.141662968994923,0.2501697559018983,0.2501102414523328,9.99999577362136,0.1374570695965184,0.5005117707267144,False
PLIP,PCam,MHIST,PCam->MHIST,1.0,123,262144,0.5479335494327391,0.5449008415543439,0.3224590564151021,0.2607234765022952,0.2598305114098481,2.141662968994923,0.2501697559018983,0.2501102414523328,9.99999577362136,0.1374570695965184,0.5005117707267144,False
PLIP,PCam,MHIST,PCam->MHIST,1.0,456,262144,0.5479335494327391,0.5449008415543439,0.3224590564151021,0.2607234765022952,0.2598305114098481,2.141662968994923,0.2501697559018983,0.2501102414523328,9.99999577362136,0.1374570695965184,0.5005117707267144,False
UNI,BRACS,CRC,BRACS->CRC,0.01,42,36,0.4920610744543148,0.4618254879448909,0.154963667928539,0.1807539889395953,0.1807539889395953,1.0541548785856572,0.0558372426790067,0.0557822502154664,0.8323704013923379,0.0196607204440738,1.0,True
UNI,BRACS,CRC,BRACS->CRC,0.01,123,36,0.4571946394108328,0.4618254879448909,0.1454790866909958,0.1511192993670446,0.1511192993670445,0.7961920787895943,0.0437145839208227,0.0475431251148412,0.9914097463832804,0.031515405518396,1.0,True
UNI,BRACS,CRC,BRACS->CRC,0.01,456,36,0.7777015784683898,0.4618254879448909,0.1631256017939848,0.2332017476533701,0.2351028742696225,0.8909730198390168,0.1098834372585065,0.1129282863997951,0.5918292483179439,0.0663142718758661,1.0,True
UNI,BRACS,CRC,BRACS->CRC,0.05,42,181,0.4826105184885769,0.4619432528174831,0.1728909213920992,0.2178459981238923,0.21783964798371,0.8869577940073794,0.0888555529796875,0.0900687196280616,0.7129078353592052,0.0842136490252672,0.9953333333333332,True
UNI,BRACS,CRC,BRACS->CRC,0.05,123,181,0.5180365408159927,0.4684872580815655,0.1628364268410643,0.1990308490225596,0.1986141034992222,0.8341182841498315,0.0655677739685854,0.0667333384318041,0.7759160763012264,0.0634562335075059,0.9972666666666666,True
UNI,BRACS,CRC,BRACS->CRC,0.05,456,181,0.3680064002065449,0.4638850589598729,0.1687273728976882,0.1932830113765961,0.1932830113765961,0.7569375969556328,0.1322388085430758,0.1323256182015408,0.9156774992996606,0.1283893461116448,0.9984666666666666,True
UNI,BRACS,CRC,BRACS->CRC,0.1,42,364,0.4601213013500189,0.4719431743316118,0.1684749431465504,0.2000179050096968,0.1999008447254246,0.8199877109936073,0.1036654625534431,0.1093732569885925,0.8638022744001684,0.1038102119717264,0.9855333333333334,False
UNI,BRACS,CRC,BRACS->CRC,0.1,123,364,0.3924711488361986,0.4732588229225861,0.1641582216497376,0.1740824218025357,0.1774842056738902,0.910835660042022,0.1321967084951101,0.130837603612815,1.092819380413697,0.1333646883523697,0.989,False
UNI,BRACS,CRC,BRACS->CRC,0.1,456,364,0.428228549932943,0.4704243505209592,0.1608343405357503,0.170955122192453,0.1710304447187003,0.8565677174785578,0.1212276358456395,0.1207468589083216,1.0558809670662102,0.1180470279524587,0.9943333333333332,True
UNI,BRACS,CRC,BRACS->CRC,0.25,42,913,0.4096815974639831,0.4684317988696325,0.1719246637509513,0.1800509797724593,0.1819039576546567,0.9808891574909626,0.1540749395509372,0.1601388803502789,1.232250556203452,0.1642254514813716,0.9547333333333332,False
UNI,BRACS,CRC,BRACS->CRC,0.25,123,913,0.4002151972340734,0.4693826886746759,0.1564487934644699,0.1566190665233802,0.1573463384786977,1.034568864240838,0.1345427824796525,0.1357626916115271,1.4980073235316715,0.1381236998555424,0.9775333333333334,False
UNI,BRACS,CRC,BRACS->CRC,0.25,456,913,0.3821632867516834,0.4641827994048287,0.163663653426211,0.1659502103536889,0.1745611331374447,1.0183723584406914,0.1631928054674465,0.1632664485665069,1.5382087877727024,0.1718218430621339,0.9740666666666666,False
UNI,BRACS,CRC,BRACS->CRC,0.5,42,1828,0.4286372516320321,0.465267278459501,0.1636183172166071,0.1577732663299282,0.1621280031548109,1.1039466170133962,0.1532377961879272,0.1560207236389579,1.6155874974726645,0.1587418165254004,0.9506666666666668,False
UNI,BRACS,CRC,BRACS->CRC,0.5,123,1828,0.3829298716804441,0.463664349960347,0.1796662269942054,0.189109656618433,0.1938096319598369,1.166920026001961,0.1867802296824303,0.190161756604659,1.673053205212583,0.1921280461977801,0.9200666666666668,False
UNI,BRACS,CRC,BRACS->CRC,0.5,456,1828,0.4068378075977701,0.4683785233870578,0.1653558009375141,0.1696082655260377,0.1724908974502513,1.22946199182947,0.1644552468300471,0.1655329230500331,1.6947092950727147,0.1712145394627967,0.9507333333333332,False
UNI,BRACS,CRC,BRACS->CRC,1.0,42,3657,0.401307538773908,0.4601161479854604,0.1774401508975375,0.1880210433383179,0.1888914474506516,1.3379204757530527,0.1854041628189721,0.1908676757234527,2.038216073149549,0.1884853163418966,0.9092,False
UNI,BRACS,CRC,BRACS->CRC,1.0,123,3657,0.401307538773908,0.4601161479854604,0.1774401508975375,0.1880210433383179,0.1888914474506516,1.3379204757530527,0.1854041628189721,0.1908676757234527,2.038216073149549,0.1884853163418966,0.9092,False
UNI,BRACS,CRC,BRACS->CRC,1.0,456,3657,0.401307538773908,0.4601161479854604,0.1774401508975375,0.1880210433383179,0.1888914474506516,1.3379204757530527,0.1854041628189721,0.1908676757234527,2.038216073149549,0.1884853163418966,0.9092,False
UNI,CRC,BRACS,CRC->BRACS,0.01,42,699,0.5856027596223675,0.4171779141104294,0.2427725887751733,0.2063567446089239,0.206356744608924,0.914859512051176,0.2782180088255866,0.2782180088255865,5.314821122148942,0.0126315159887956,1.0,True
UNI,CRC,BRACS,CRC->BRACS,0.01,123,699,0.5804889857177439,0.4171779141104294,0.2467523997494419,0.214993681575021,0.214993681575021,0.9212893743546582,0.2796598260248424,0.2796598260248424,5.577145221069589,0.0199215290900275,1.0,True
UNI,CRC,BRACS,CRC->BRACS,0.01,456,699,0.6047567175018156,0.4171779141104294,0.2366284321079927,0.193738343744176,0.1937383437441759,0.8436604662771717,0.2780910600025431,0.2780910600025431,4.910171933761628,0.0191529107957478,1.0,True
UNI,CRC,BRACS,CRC->BRACS,0.05,42,3499,0.5560396998305496,0.4171779141104294,0.2555426779892832,0.231706173605196,0.231706173605196,0.8558568920023113,0.2812995805583944,0.2812995805583944,6.59598191344287,0.0252691835376377,1.0,True
UNI,CRC,BRACS,CRC->BRACS,0.05,123,3499,0.5462206487533285,0.4171779141104294,0.2606607779911465,0.2416400215647018,0.2416400215647018,0.8458917513145042,0.2827417525790813,0.2827417525790813,7.073432248281242,0.0151391800211979,1.0,True
UNI,CRC,BRACS,CRC->BRACS,0.05,456,3499,0.580141007020092,0.4171779141104294,0.2567030108898069,0.2369960161682428,0.2369960161682427,0.9399399280673502,0.2808341516063821,0.2808341516063821,6.698372919365651,0.0189349462758539,1.0,True
UNI,CRC,BRACS,CRC->BRACS,0.1,42,6999,0.5563725490196078,0.4171779141104294,0.2611058107666518,0.242651139030692,0.242651139030692,0.9341477172267846,0.2809011246406362,0.2809011246406362,7.384017948708095,0.0248319181434092,1.0,True
UNI,CRC,BRACS,CRC->BRACS,0.1,123,6999,0.552817114500121,0.4171779141104294,0.2639305549779435,0.2486257984825482,0.2486257984825481,0.9520026871104316,0.2817064419718267,0.2817064419718266,7.703702325806439,0.0168862451770367,1.0,True
UNI,CRC,BRACS,CRC->BRACS,0.1,456,6999,0.5727578068264343,0.4171779141104294,0.2632073208809092,0.2489200398848062,0.2489200398848062,0.9390632066302516,0.2817798450455368,0.2817798450455368,7.609468794591233,0.0194772668709153,1.0,True
UNI,CRC,BRACS,CRC->BRACS,0.25,42,17499,0.5287158073105785,0.4171779141104294,0.2696533329714086,0.2570107101307742,0.2560337744693103,1.0704816148974137,0.2813810012252974,0.2808743106204375,8.815692146254097,0.0346029520207551,1.0,True
UNI,CRC,BRACS,CRC->BRACS,0.25,123,17499,0.5521362866134107,0.4171779141104294,0.2700325284405123,0.2593960023826189,0.2593960023826189,1.076895666745348,0.2814419194306474,0.2814419194306474,8.905965039881488,0.0286579371674864,1.0,True
UNI,CRC,BRACS,CRC->BRACS,0.25,456,17499,0.5386861534737352,0.4171779141104294,0.2714751378118456,0.2613511681050243,0.2613511681050243,1.074266220814388,0.2818099684713222,0.2818099684713221,9.200980027031395,0.0216846577958686,1.0,True
UNI,CRC,BRACS,CRC->BRACS,0.5,42,35000,0.5197440087145969,0.4171779141104294,0.2753605277752433,0.2669664745814618,0.2669664745814618,1.1932931067530197,0.2815690936931432,0.2815690936931432,9.99999402111218,0.0431840246962948,1.0,True
UNI,CRC,BRACS,CRC->BRACS,0.5,123,35000,0.5229817235536189,0.4171779141104294,0.274994443185688,0.2664013351739184,0.2664013351739184,1.232685292025028,0.2826039006473674,0.2807769049457569,9.999993793643643,0.0382223793640175,1.0,True
UNI,CRC,BRACS,CRC->BRACS,0.5,456,35000,0.5334059549745824,0.4171779141104294,0.2747538979709671,0.2663626127115571,0.2663626127115571,1.2356139847600842,0.282513831385778,0.2807421698795914,9.999996263965008,0.0348666821978642,1.0,True
UNI,CRC,BRACS,CRC->BRACS,1.0,42,70000,0.5232540547083031,0.4171779141104294,0.2781317555281109,0.2718966452663764,0.2715513083329377,1.3661174656868549,0.2816731488032825,0.2806217499010034,9.999995421114011,0.0641116910902025,1.0,True
UNI,CRC,BRACS,CRC->BRACS,1.0,123,70000,0.5232540547083031,0.4171779141104294,0.2781317555281109,0.2718966452663764,0.2715513083329377,1.3661174656868549,0.2816731488032825,0.2806217499010034,9.999995421114011,0.0641116910902025,1.0,True
UNI,CRC,BRACS,CRC->BRACS,1.0,456,70000,0.5232540547083031,0.4171779141104294,0.2781317555281109,0.2718966452663764,0.2715513083329377,1.3661174656868549,0.2816731488032825,0.2806217499010034,9.999995421114011,0.0641116910902025,1.0,True
UNI,MHIST,PCam,MHIST->PCam,0.01,42,18,0.4446465923923366,0.3334282633902236,0.2991913594301605,0.2201774528100705,0.2201565648241248,2.0864933110037587,0.2122528967133083,0.2121908050839973,9.9999960884004,0.047001950641626,1.0,True
UNI,MHIST,PCam,MHIST->PCam,0.01,123,18,0.558528186261211,0.3334282633902236,0.3005041229903534,0.2265909414424964,0.2265909414424964,2.34346070691579,0.197232160170749,0.197232160170749,9.999995985224569,0.048575980704801,1.0,True
UNI,MHIST,PCam,MHIST->PCam,0.01,456,18,0.5107151792386315,0.3334282633902236,0.3016747081283779,0.2271253780237394,0.2271253780237395,2.262456740401722,0.2040187507816824,0.2039980363211622,9.999996046559865,0.0487115346035068,1.0,True
UNI,MHIST,PCam,MHIST->PCam,0.05,42,92,0.4483273959459454,0.3334282633902236,0.3135844749732528,0.2498935675127979,0.2480795230641619,1.7338365923282095,0.2797742803266954,0.2781270280527852,9.999996147934048,0.0562581192147835,1.0,True
UNI,MHIST,PCam,MHIST->PCam,0.05,123,92,0.52718010854656,0.3334282633902236,0.3040147401499523,0.2330493942993078,0.2330239857192468,1.737931678180565,0.2617636077989044,0.2615901143355844,9.999996007919687,0.0506673926785113,1.0,True
UNI,MHIST,PCam,MHIST->PCam,0.05,456,92,0.5696913336026496,0.3334282633902236,0.3009928788544045,0.2308682542890299,0.2298972819214901,1.9110545463198851,0.2398053568227986,0.2388797074639317,9.999995897614824,0.0506987682467153,1.0,True
UNI,MHIST,PCam,MHIST->PCam,0.1,42,184,0.4577639416993899,0.3334147036087717,0.3500658488427428,0.3147971736011634,0.3110365461246638,1.5907360609625212,0.3635697399204122,0.36119143409792,9.999996196592033,0.0747661277141898,0.999969482421875,True
UNI,MHIST,PCam,MHIST->PCam,0.1,123,184,0.5121534023266908,0.3334282633902236,0.3285193953754388,0.2794563708989773,0.2790268035926059,1.5309006558119838,0.337748942801342,0.3375448722631809,9.999996083250233,0.0632978391358547,1.0,True
UNI,MHIST,PCam,MHIST->PCam,0.1,456,184,0.5473064177409354,0.3334282633902236,0.3193485726345578,0.2672650528001346,0.2649791048326447,1.5614999793253683,0.3190458674587645,0.3184112707739966,9.999995980819593,0.0614340036389837,1.0,True
UNI,MHIST,PCam,MHIST->PCam,0.25,42,461,0.5606544184389207,0.3334282633902236,0.3880061687169117,0.3749890923384358,0.3741299940990002,1.461196553241426,0.4328107226128064,0.4322623988262821,9.999996106204032,0.0974740357351587,1.0,True
UNI,MHIST,PCam,MHIST->PCam,0.25,123,461,0.5421250669811974,0.3334282633902236,0.3785599475078654,0.3603201768257398,0.3599117335681057,1.449681989451734,0.4225900554208923,0.422164628719836,9.99999611833195,0.091712079599545,1.0,True
UNI,MHIST,PCam,MHIST->PCam,0.25,456,461,0.5598970109036324,0.3334147036087717,0.3574252540227813,0.3312684464766267,0.3296484517597808,1.4118546241935122,0.4029018326029518,0.4013640394960747,9.999996027921473,0.0814386066965436,0.999969482421875,True
UNI,MHIST,PCam,MHIST->PCam,0.5,42,924,0.5805831605515438,0.3334282633902236,0.414083670258159,0.4093503156970905,0.4091744466227619,1.409568330990958,0.4612625691569485,0.4611193355190405,9.99999617221812,0.1162077783035955,1.0,True
UNI,MHIST,PCam,MHIST->PCam,0.5,123,924,0.5525697882321463,0.3334147036087717,0.3899329527672385,0.3769442095211029,0.3764164019751331,1.388340838737629,0.4403835731346474,0.4399010164025991,9.999996124819528,0.1004989587161492,0.999969482421875,True
UNI,MHIST,PCam,MHIST->PCam,0.5,456,924,0.5703431999192268,0.3334147036087717,0.4070592802216033,0.4001652246140181,0.3994067288774564,1.39266008547626,0.4564813223404785,0.455851261277274,9.999996162196648,0.1114003789377811,0.999969482421875,True
UNI,MHIST,PCam,MHIST->PCam,1.0,42,1849,0.5893857809897634,0.3334282633902236,0.4389767229004354,0.4390379408458358,0.4388649408798177,1.3695925677556275,0.4796353757241793,0.4794584076672391,9.99999630158549,0.1391246539904605,1.0,True
UNI,MHIST,PCam,MHIST->PCam,1.0,123,1849,0.5893857809897634,0.3334282633902236,0.4389767229004354,0.4390379408458358,0.4388649408798177,1.3695925677556275,0.4796353757241793,0.4794584076672391,9.99999630158549,0.1391246539904605,1.0,True
UNI,MHIST,PCam,MHIST->PCam,1.0,456,1849,0.5893857809897634,0.3334282633902236,0.4389767229004354,0.4390379408458358,0.4388649408798177,1.3695925677556275,0.4796353757241793,0.4794584076672391,9.99999630158549,0.1391246539904605,1.0,True
UNI,PCam,MHIST,PCam->MHIST,0.01,42,2620,0.4606969205834683,0.471305050401141,0.270877334981276,0.1818055732146425,0.1805462610741541,1.3077635578699638,0.2127177725880603,0.216698642708627,9.999993100429778,0.1290960050104443,0.5179119754350051,False
UNI,PCam,MHIST,PCam->MHIST,0.01,123,2620,0.4554520079236449,0.4821313990793695,0.2627654066814215,0.162860873164925,0.1633992005573109,1.39795016820424,0.1907972674676704,0.1873834058308585,9.7716014550807,0.1151929821431815,0.6827021494370522,False
UNI,PCam,MHIST,PCam->MHIST,0.01,456,2620,0.449900954439042,0.4688613711869526,0.2633914399317836,0.1598253554207999,0.1565885077020448,1.3976759153121383,0.1853765972818469,0.1843067463701488,9.228646987976257,0.1124577747327173,0.7082906857727738,False
UNI,PCam,MHIST,PCam->MHIST,0.05,42,13106,0.4448766432558977,0.4644243161314915,0.2821882935189345,0.1927266264291042,0.1938587017846011,1.8731826097794648,0.2013854862645382,0.2012166140586585,9.999994871845992,0.1207367389535981,0.7349027635619243,False
UNI,PCam,MHIST,PCam->MHIST,0.05,123,13106,0.4475373671889069,0.4575524794645573,0.2821799874552119,0.1872497515006401,0.1937573594970384,1.920001525908655,0.1961954471330669,0.1971568058475127,9.999994614570292,0.1071259685654402,0.7850562947799385,False
UNI,PCam,MHIST,PCam->MHIST,0.05,456,13106,0.4584188726814334,0.4643420782947325,0.2788097025540371,0.1892691594636338,0.1876702618543922,1.8958365069180116,0.1936638993523602,0.1933899714043268,9.999996144986822,0.1060376502819503,0.7952917093142272,False
UNI,PCam,MHIST,PCam->MHIST,0.1,42,26214,0.4483657482441923,0.4419000610060452,0.2889355697291292,0.2101867256181243,0.2051124213204886,2.1175555035946503,0.2004435739719234,0.1981501059272464,9.99999523442385,0.1030494031902878,0.8628454452405322,False
UNI,PCam,MHIST,PCam->MHIST,0.1,123,26214,0.4549702863317126,0.4510531047325499,0.2913496474832362,0.2029610837929716,0.2094757190879028,2.1527812349541318,0.1987455464156059,0.2013825587102102,9.999993712841642,0.1248866726871463,0.834186284544524,False
UNI,PCam,MHIST,PCam->MHIST,0.1,456,26214,0.4554204934269764,0.4493661580684157,0.2858260595419993,0.1992426334104092,0.2015525969088471,2.030144250509559,0.197561584045202,0.1999209417857368,9.999993279464771,0.1117739718810615,0.8485158648925282,False
UNI,PCam,MHIST,PCam->MHIST,0.25,42,65536,0.4387988474698361,0.4241665063670988,0.3091883394053105,0.2473509065564406,0.2491714832382038,2.3443895910257604,0.2300762163508735,0.2287053273326082,9.99999529237656,0.0948291117729701,0.933469805527124,False
UNI,PCam,MHIST,PCam->MHIST,0.25,123,65536,0.4451782820097245,0.4307431537687377,0.305139945980593,0.2369053415206333,0.2440700632949212,2.318907770985557,0.2236375280421407,0.2242829401992798,9.999995164807032,0.0951558517901782,0.9232343909928352,False
UNI,PCam,MHIST,PCam->MHIST,0.25,456,65536,0.4520079236448766,0.4358860531782784,0.3038569096388457,0.2385077579408482,0.2352505103020267,2.3298539303648345,0.2169208257412239,0.2200525320919076,9.999995083733909,0.0916934172618813,0.8955987717502559,False
UNI,PCam,MHIST,PCam->MHIST,0.5,42,131072,0.4387673329731676,0.4432110062287292,0.3209371222708708,0.2749373441064685,0.2730490259851171,2.569028991619506,0.2309437700939345,0.2442243182689905,9.99999569111286,0.1151910568452606,0.834186284544524,False
UNI,PCam,MHIST,PCam->MHIST,0.5,123,131072,0.4506032775076535,0.4375636426753067,0.3134074228337092,0.2510308395971983,0.2515607144311712,2.529175101873435,0.2185751112609416,0.2196748201908211,9.999995454676386,0.1060912988244413,0.8935516888433982,False
UNI,PCam,MHIST,PCam->MHIST,0.5,456,131072,0.4390104448046101,0.4428569973829187,0.3130618221586373,0.2500290060710578,0.2498779912958582,2.424941031885518,0.2302054248284511,0.2270703195265067,9.999995579726374,0.1220375603598443,0.789150460593654,False
UNI,PCam,MHIST,PCam->MHIST,1.0,42,262144,0.4419322888528723,0.4212418275248186,0.327252747672626,0.2845572668611981,0.2860156016351161,2.663506799211665,0.2485129091804119,0.2497402415888348,9.99999585848511,0.1039444676336493,0.9396110542476972,False
UNI,PCam,MHIST,PCam->MHIST,1.0,123,262144,0.4419322888528723,0.4212418275248186,0.327252747672626,0.2845572668611981,0.2860156016351161,2.663506799211665,0.2485129091804119,0.2497402415888348,9.99999585848511,0.1039444676336493,0.9396110542476972,False
UNI,PCam,MHIST,PCam->MHIST,1.0,456,262144,0.4419322888528723,0.4212418275248186,0.327252747672626,0.2845572668611981,0.2860156016351161,2.663506799211665,0.2485129091804119,0.2497402415888348,9.99999585848511,0.1039444676336493,0.9396110542476972,False
VIRCHOW2,BRACS,CRC,BRACS->CRC,0.01,42,36,0.4854937729851353,0.4617868675995694,0.1602017131776339,0.1815824758400086,0.1816872738924943,1.133017661338054,0.1115331730905292,0.1427870402302408,0.9143465665283032,0.1015474686639858,0.9998666666666668,True
VIRCHOW2,BRACS,CRC,BRACS->CRC,0.01,123,36,0.5413832101034126,0.4618254879448909,0.156470267936885,0.1754567921979453,0.1778403370513466,0.9456530283422272,0.1114453968751834,0.1237684765289121,0.925526428120138,0.1016225652567145,1.0,True
VIRCHOW2,BRACS,CRC,BRACS->CRC,0.01,456,36,0.5090416717290429,0.4618254879448909,0.1635807707001977,0.1974468637937622,0.1974389066513084,0.995848734287906,0.0707800821614268,0.1121535196579998,0.7886204213745742,0.0749084462673362,1.0,True
VIRCHOW2,BRACS,CRC,BRACS->CRC,0.05,42,181,0.8601212137319683,0.4703582804722024,0.1417789541114659,0.1910503746107813,0.2021335641563982,1.3858275870946482,0.1483058770848988,0.1466438385043881,0.5814283928359013,0.0503791450274731,0.9969333333333332,True
VIRCHOW2,BRACS,CRC,BRACS->CRC,0.05,123,181,0.8587781020294677,0.4656402126102567,0.1280543600832596,0.1669305294617376,0.1761762449008981,1.1274363914369443,0.0897027117726997,0.0945040329344675,0.8261363123297593,0.0707767017857282,0.9992666666666666,True
VIRCHOW2,BRACS,CRC,BRACS->CRC,0.05,456,181,0.3173908395912093,0.4618061784650712,0.1499822293464668,0.1462957432246572,0.1591733863321335,1.2678845578554825,0.1175941126023012,0.1249607362668086,1.251016615353929,0.1204573620810925,0.9999333333333332,True
VIRCHOW2,BRACS,CRC,BRACS->CRC,0.1,42,364,0.848764965163063,0.5627827604135642,0.1428754784921927,0.206788549449699,0.2076809291833972,1.4137808051697518,0.1542668527673036,0.1549020213373735,0.5321880412036953,0.0269905722569244,0.9718,False
VIRCHOW2,BRACS,CRC,BRACS->CRC,0.1,123,364,0.7638685866507474,0.490869563168875,0.1303304421707982,0.1410213100390559,0.140594769875656,1.234812589478715,0.0499513081147905,0.0544141714883784,0.9263149206392188,0.0340858654399704,0.9864,False
VIRCHOW2,BRACS,CRC,BRACS->CRC,0.1,456,364,0.592074998422875,0.4637679481210132,0.1323342180634595,0.121834987670166,0.1191581652789074,1.3794083327165534,0.0542384696686671,0.0558655399056014,1.1469204679487277,0.0238715878943757,0.9997333333333334,True
VIRCHOW2,BRACS,CRC,BRACS->CRC,0.25,42,913,0.8142555371687454,0.5765716995463568,0.1292968855810166,0.1670998163854303,0.1672627876810959,1.5472373646354225,0.1229899312414869,0.1238049498813951,0.7390849157636934,0.0117933699481842,0.9678666666666668,False
VIRCHOW2,BRACS,CRC,BRACS->CRC,0.25,123,913,0.7990827558330257,0.5242290948034742,0.1182973944156986,0.1169007261698363,0.1151614151594861,1.495144117137255,0.0646843322661314,0.0649932810757205,1.0260131331104687,0.028244575602285,0.9815333333333334,False
VIRCHOW2,BRACS,CRC,BRACS->CRC,0.25,456,913,0.6332116732360734,0.4912725408376006,0.1371582711957807,0.1389577749263619,0.1373780821069861,1.568179429885409,0.0940016319985229,0.09258203900605,1.0472577132729404,0.038656879234436,0.9930666666666668,True
VIRCHOW2,BRACS,CRC,BRACS->CRC,0.5,42,1828,0.7494319064636421,0.571526119582155,0.1240139296504772,0.1285959187707566,0.1272701014983001,1.5732080737098022,0.085207604418478,0.0844008683356143,0.9996988260212332,0.0103391351051264,0.9674,False
VIRCHOW2,BRACS,CRC,BRACS->CRC,0.5,123,1828,0.7541023866572896,0.5550618504356716,0.1232650677180968,0.1234440642959189,0.1228709437815893,1.5243926262347365,0.0736767378643225,0.0732987505919303,1.0348555383531794,0.0138653293140213,0.9667333333333332,False
VIRCHOW2,BRACS,CRC,BRACS->CRC,0.5,456,1828,0.6379711952737654,0.5346281969632651,0.1368697194482535,0.1337514543950188,0.1332215964110519,1.6538944222757623,0.1003760923314882,0.0999680763591984,1.1338507465749177,0.0531130362292567,0.9656,False
VIRCHOW2,BRACS,CRC,BRACS->CRC,1.0,42,3657,0.7456394321532545,0.5999319033026899,0.128078920043529,0.1377773467802993,0.1371723064855517,1.601558032252935,0.1018906252985075,0.1015292760525794,1.0515693212410262,0.0420506890674363,0.9218666666666666,False
VIRCHOW2,BRACS,CRC,BRACS->CRC,1.0,123,3657,0.7456394321532545,0.5999319033026899,0.128078920043529,0.1377773467802993,0.1371723064855517,1.601558032252935,0.1018906252985075,0.1015292760525794,1.0515693212410262,0.0420506890674363,0.9218666666666666,False
VIRCHOW2,BRACS,CRC,BRACS->CRC,1.0,456,3657,0.7456394321532545,0.5999319033026899,0.128078920043529,0.1377773467802993,0.1371723064855517,1.601558032252935,0.1018906252985075,0.1015292760525794,1.0515693212410262,0.0420506890674363,0.9218666666666666,False
VIRCHOW2,CRC,BRACS,CRC->BRACS,0.01,42,699,0.6460451464536432,0.4171779141104294,0.238402447515108,0.2053047860605841,0.2045507313067117,0.8308517119763623,0.2797371096210962,0.2797371096210962,5.1802167436901705,0.0470908494430316,1.0,True
VIRCHOW2,CRC,BRACS,CRC->BRACS,0.01,123,699,0.6281620672960542,0.4171779141104294,0.2478925997077042,0.2213746753569334,0.2198249051330399,0.8382766880675798,0.2818511887047146,0.2818511887047147,5.670649321759963,0.0562648199550627,1.0,True
VIRCHOW2,CRC,BRACS,CRC->BRACS,0.01,456,699,0.6315662067296054,0.4171779141104294,0.2397717873726298,0.2059578900833847,0.2059578900833847,0.8529312649772015,0.2793032577155175,0.2793032577155175,5.290808138715358,0.0435270240975434,1.0,True
VIRCHOW2,CRC,BRACS,CRC->BRACS,0.05,42,3499,0.6278746066327766,0.4171779141104294,0.2521089891593961,0.2319427694517416,0.2304653937975609,0.9859509662966672,0.2792523386080457,0.2792523386080457,6.324470442232727,0.04547773449626,1.0,True
VIRCHOW2,CRC,BRACS,CRC->BRACS,0.05,123,3499,0.6402808036794965,0.4171779141104294,0.2575372553524699,0.2412459458919362,0.2412459458919361,0.995005885768672,0.2811795731860994,0.2811795731860994,6.705427497761455,0.0483049996519214,1.0,True
VIRCHOW2,CRC,BRACS,CRC->BRACS,0.05,456,3499,0.6605997337206487,0.4171779141104294,0.2551786445673155,0.2398354833478816,0.2398354833478816,1.0350128923652862,0.2801581590751856,0.2801581590751856,6.541649278811684,0.0560667859332929,1.0,True
VIRCHOW2,CRC,BRACS,CRC->BRACS,0.1,42,6999,0.6540940450254176,0.4171779141104294,0.2570072112518411,0.2431854376032211,0.2431854376032211,1.1094418655938665,0.2789047780151097,0.2789047780151097,6.855057385757637,0.045134397033164,1.0,True
VIRCHOW2,CRC,BRACS,CRC->BRACS,0.1,123,6999,0.6417029774872911,0.4171779141104294,0.2619330368228086,0.2494545884184589,0.2494545884184589,1.1204474962823847,0.2802116658972707,0.2802116658972707,7.299851728827291,0.0549975766336731,1.0,True
VIRCHOW2,CRC,BRACS,CRC->BRACS,0.1,456,6999,0.6626119583635923,0.4171779141104294,0.2598000620530691,0.247948162722105,0.247948162722105,1.109503692450822,0.2801019816427431,0.2801019816427431,7.052492496397215,0.0522673820083615,1.0,True
VIRCHOW2,CRC,BRACS,CRC->BRACS,0.25,42,17499,0.6558036794964899,0.4171779141104294,0.2650483400382612,0.2558526240148999,0.2558526240148999,1.2480815461361352,0.2791342953207882,0.2791342953207882,7.769692152734199,0.050948957115877,1.0,True
VIRCHOW2,CRC,BRACS,CRC->BRACS,0.25,123,17499,0.6541545630597919,0.4171779141104294,0.2657204752766325,0.2569585030304892,0.2569585030304893,1.2784539292453097,0.2788876381070441,0.2788876381070441,7.913534595915538,0.0473155585521609,1.0,True
VIRCHOW2,CRC,BRACS,CRC->BRACS,0.25,456,17499,0.6457122972645848,0.4171779141104294,0.2662159725197036,0.2566240466426804,0.2566240466426804,1.232106480711991,0.2804763217433811,0.2796788720873049,7.910187841791836,0.050451630175687,1.0,True
VIRCHOW2,CRC,BRACS,CRC->BRACS,0.5,42,35000,0.6429435971919633,0.4171779141104294,0.270213101417795,0.263532430859429,0.2627191020927008,1.3533786210142815,0.2797263988667233,0.2792160092445575,8.604288244264884,0.0491524260245505,1.0,True
VIRCHOW2,CRC,BRACS,CRC->BRACS,0.5,123,35000,0.6486928104575163,0.4171779141104294,0.2685890384433412,0.2621803494994814,0.2605434207818214,1.3745317523094198,0.2784781989077219,0.2778687671093081,8.43171262721716,0.0535624571380951,1.0,True
VIRCHOW2,CRC,BRACS,CRC->BRACS,0.5,456,35000,0.6497821350762527,0.4171779141104294,0.2683628606102533,0.2615044793508963,0.2597904022266048,1.3722892532573177,0.2783760870807225,0.2776848151839395,8.31349750469983,0.0492525547706821,1.0,True
VIRCHOW2,CRC,BRACS,CRC->BRACS,1.0,42,70000,0.6347282740256596,0.4171779141104294,0.2729244367030246,0.2676149925919617,0.2653552412407994,1.4760605612318152,0.2793944200000086,0.2775068328037144,9.27708418335815,0.054938001629382,1.0,True
VIRCHOW2,CRC,BRACS,CRC->BRACS,1.0,123,70000,0.6347282740256596,0.4171779141104294,0.2729244367030246,0.2676149925919617,0.2653552412407994,1.4760605612318152,0.2793944200000086,0.2775068328037144,9.27708418335815,0.054938001629382,1.0,True
VIRCHOW2,CRC,BRACS,CRC->BRACS,1.0,456,70000,0.6347282740256596,0.4171779141104294,0.2729244367030246,0.2676149925919617,0.2653552412407994,1.4760605612318152,0.2793944200000086,0.2775068328037144,9.27708418335815,0.054938001629382,1.0,True
VIRCHOW2,MHIST,PCam,MHIST->PCam,0.01,42,18,0.3713490672264408,0.3334282633902236,0.3031487553524321,0.2252815925037982,0.2252815925037981,2.310133527486641,0.198575789675257,0.1992064931431533,9.999996189683053,0.0482580965722428,1.0,True
VIRCHOW2,MHIST,PCam,MHIST->PCam,0.01,123,18,0.7376433318276825,0.3334282633902236,0.3002489631876039,0.2380168089974577,0.251144899564355,2.3142148654723003,0.2195067666511233,0.2310882936398869,9.999995609818711,0.051518437620415,1.0,True
VIRCHOW2,MHIST,PCam,MHIST->PCam,0.01,456,18,0.3838131755845457,0.3334282633902236,0.3103750099460673,0.228670247093802,0.2284097125201538,2.361291674185423,0.197861617484694,0.1995623875946259,9.999996440482706,0.0529701002683337,1.0,True
VIRCHOW2,MHIST,PCam,MHIST->PCam,0.05,42,92,0.5732569139062941,0.3334282633902236,0.3339943782222829,0.2922318767678237,0.2921952716145928,1.5788891486990322,0.344681462235939,0.344681462235939,9.999996019369176,0.0664862602276588,1.0,True
VIRCHOW2,MHIST,PCam,MHIST->PCam,0.05,123,92,0.6731548904798539,0.3334282633902236,0.3273705055182382,0.2890371697705305,0.2890371697705305,1.6984066906463888,0.3251039038494558,0.3251039038494558,9.999995786338667,0.0656857028606338,1.0,True
VIRCHOW2,MHIST,PCam,MHIST->PCam,0.05,456,92,0.5153038362036942,0.3334282633902236,0.3639115041737353,0.3378425600030105,0.3378425600030105,1.7160269143013402,0.3709154290618991,0.370915429061899,9.999996108495514,0.0819206563830364,1.0,True
VIRCHOW2,MHIST,PCam,MHIST->PCam,0.1,42,184,0.6176742660479211,0.3334282633902236,0.3693450905773784,0.3520015480394514,0.3519960727379873,1.407369544518935,0.4219036909860469,0.4218914321720526,9.999995981376216,0.1107076283320186,1.0,True
VIRCHOW2,MHIST,PCam,MHIST->PCam,0.1,123,184,0.6216094808983228,0.3334282633902236,0.3901971766502919,0.3807008930394177,0.3806969503141817,1.4124254876455842,0.4432650640296142,0.4432650640296143,9.999996043363206,0.0994390245402559,1.0,True
VIRCHOW2,MHIST,PCam,MHIST->PCam,0.1,456,184,0.4597347323857318,0.3334282633902236,0.3959639743663025,0.3784848634002987,0.3784682631459882,1.484262418962803,0.4336741892414498,0.4336613901148115,9.999996256397464,0.0987085559423679,1.0,True
VIRCHOW2,MHIST,PCam,MHIST->PCam,0.25,42,461,0.5787626890814743,0.3334282633902236,0.422440197454546,0.4194593786957737,0.4194593786957736,1.179308258964842,0.48178618418919,0.4817861841891899,9.999996203563471,0.1227582404679402,1.0,True
VIRCHOW2,MHIST,PCam,MHIST->PCam,0.25,123,461,0.6600341399821372,0.3334282633902236,0.4080611463376831,0.4070807177975761,0.4070807177975761,1.2000989993806943,0.4760345156661811,0.4760345156661811,9.99999603081996,0.1141297818630591,1.0,True
VIRCHOW2,MHIST,PCam,MHIST->PCam,0.25,456,461,0.616372198619834,0.3334282633902236,0.4035624996057286,0.3993086642531233,0.3993086642531232,1.1954999038605227,0.4723518272675322,0.4723518272675321,9.9999960653071,0.1100673333477006,1.0,True
VIRCHOW2,MHIST,PCam,MHIST->PCam,0.5,42,924,0.655839968979949,0.3334282633902236,0.4429856614428106,0.4466816102186644,0.4466816102186645,1.2007264233220225,0.4900854746641056,0.4900769870265999,9.999996239027933,0.1645044591722968,1.0,True
VIRCHOW2,MHIST,PCam,MHIST->PCam,0.5,123,924,0.6676400442211411,0.3334282633902236,0.4217907453199667,0.4255404175178346,0.4255404175178346,1.1068581691581771,0.4863462884684996,0.4863462884684995,9.999996071826702,0.1378179374479658,1.0,True
VIRCHOW2,MHIST,PCam,MHIST->PCam,0.5,456,924,0.6465403798240371,0.3334282633902236,0.4295598799070625,0.4331720972449316,0.4331720972449316,1.2356042813040515,0.4830963878188983,0.4830963878188983,9.99999615090324,0.1572796885511915,1.0,True
VIRCHOW2,MHIST,PCam,MHIST->PCam,1.0,42,1849,0.6847770905274055,0.3334282633902236,0.4461163846043263,0.4527512617160663,0.4527512617160664,1.2128027347839017,0.4902114726581751,0.4901940822395261,9.999996247597474,0.1551939761408696,1.0,True
VIRCHOW2,MHIST,PCam,MHIST->PCam,1.0,123,1849,0.6847770905274055,0.3334282633902236,0.4461163846043263,0.4527512617160663,0.4527512617160664,1.2128027347839017,0.4902114726581751,0.4901940822395261,9.999996247597474,0.1551939761408696,1.0,True
VIRCHOW2,MHIST,PCam,MHIST->PCam,1.0,456,1849,0.6847770905274055,0.3334282633902236,0.4461163846043263,0.4527512617160663,0.4527512617160664,1.2128027347839017,0.4902114726581751,0.4901940822395261,9.999996247597474,0.1551939761408696,1.0,True
VIRCHOW2,PCam,MHIST,PCam->MHIST,0.01,42,2620,0.5548262200612282,0.4314517509328039,0.2412050710158119,0.0999467448662048,0.1066059028910459,1.3201162697105742,0.1679564317616217,0.1681336153757877,3.836718318021843,0.0393615535889964,0.9662231320368476,False
VIRCHOW2,PCam,MHIST,PCam->MHIST,0.01,123,2620,0.5653250495227805,0.3918859970516478,0.2514950396916479,0.1435518319950425,0.1401984716879172,1.3538951547080766,0.2191682195514454,0.2156815808958282,4.656558212733074,0.0382590220796401,0.9948822927328556,True
VIRCHOW2,PCam,MHIST,PCam->MHIST,0.01,456,2620,0.5754727174500269,0.4114059432748934,0.2352365991148568,0.0767790413136151,0.0830554320111823,1.3410243621246298,0.1489573820430049,0.1489573820430049,3.3062859020703024,0.0238523430123512,0.985670419651996,False
VIRCHOW2,PCam,MHIST,PCam->MHIST,0.05,42,13106,0.5577480641094903,0.3977926923281636,0.2629324795098775,0.175026484046943,0.1733186577869534,1.7857797846719357,0.1967212780490474,0.1947521402201619,5.618047185993525,0.0400533899097866,0.992835209825998,True
VIRCHOW2,PCam,MHIST,PCam->MHIST,0.05,123,13106,0.5964973887988474,0.4245394309818074,0.247677509899131,0.1440351561713666,0.1379328091230329,1.7969599308341613,0.1684802327567586,0.1579319178662488,4.516063321694622,0.0570631585929587,0.978505629477994,False
VIRCHOW2,PCam,MHIST,PCam->MHIST,0.05,456,13106,0.5621916081397442,0.4109537682077264,0.2536798338658556,0.1518312514468371,0.1447009232917973,1.7668612177731773,0.1759688000991569,0.1673728889482947,4.951145787147705,0.045328771000554,0.984646878198567,False
VIRCHOW2,PCam,MHIST,PCam->MHIST,0.1,42,26214,0.5746578426075996,0.3973765009046549,0.2715253334899986,0.2027289305073367,0.1998644438400785,1.9622727067335348,0.2064744315360377,0.2035955956708885,6.204270943832968,0.0426425499510756,0.9918116683725692,True
VIRCHOW2,PCam,MHIST,PCam->MHIST,0.1,123,26214,0.6167522060147668,0.4393894681618466,0.245945969216578,0.1485615849316641,0.1390944562955698,1.9668216824946736,0.1509590623256338,0.1421556841196847,4.456306095670548,0.069975088039723,0.969293756397134,False
VIRCHOW2,PCam,MHIST,PCam->MHIST,0.1,456,26214,0.5740275526742301,0.4243558346828876,0.2526268528568683,0.1554088748880461,0.146806115486514,1.9207388100722376,0.1599015893985763,0.1537344236037672,4.94456274668589,0.0413887832155153,0.9713408393039918,False
VIRCHOW2,PCam,MHIST,PCam->MHIST,0.25,42,65536,0.5979200432198811,0.4467438867438867,0.2511924631696715,0.1554477744823864,0.1470852039497354,2.153360717816035,0.1412266045465366,0.1348886790509867,4.9498582834260985,0.0484103327808845,0.9590583418628454,False
VIRCHOW2,PCam,MHIST,PCam->MHIST,0.25,123,65536,0.6157257338375652,0.4734508396516456,0.2379067686189134,0.1214404426888775,0.1120108292783777,2.2026068622898607,0.1057453762440152,0.0969969681827353,3.96484260522513,0.045454800791159,0.9303991811668372,False
VIRCHOW2,PCam,MHIST,PCam->MHIST,0.25,456,65536,0.5787097064649739,0.4656674778162869,0.2447452626258282,0.1150869576622212,0.1147782842693646,2.1599738517140947,0.1002678323758322,0.1032208499763095,4.440229343794414,0.0374272493319318,0.932446264073695,False
VIRCHOW2,PCam,MHIST,PCam->MHIST,0.5,42,131072,0.6017468035296236,0.4882137244630696,0.2411960686557993,0.1171162921726914,0.1143589021799237,2.3288042140241987,0.0929430754680079,0.0893380800913337,4.327271414772681,0.0449366455175994,0.8976458546571137,False
VIRCHOW2,PCam,MHIST,PCam->MHIST,0.5,123,131072,0.596663965424095,0.4530908758335659,0.2497125665273714,0.1541111425320079,0.1494533576417372,2.3527341691512764,0.1276021827709872,0.1219518573764193,4.957535848770965,0.0302840787865811,0.947799385875128,False
VIRCHOW2,PCam,MHIST,PCam->MHIST,0.5,456,131072,0.5771339816315505,0.4758897810208309,0.2456170156626598,0.1198055589333242,0.1168491463318459,2.317560944745573,0.0918662158437256,0.0956568729444312,4.60888187531471,0.04951921886729,0.9007164790174002,False
VIRCHOW2,PCam,MHIST,PCam->MHIST,1.0,42,262144,0.584508373851972,0.5319250871080139,0.2453091523032785,0.1225926215762487,0.1225926215762487,2.480989861595308,0.0941318457506083,0.0953843156826816,4.625925891370637,0.0624455055644425,0.7952917093142272,False
VIRCHOW2,PCam,MHIST,PCam->MHIST,1.0,123,262144,0.584508373851972,0.5319250871080139,0.2453091523032785,0.1225926215762487,0.1225926215762487,2.480989861595308,0.0941318457506083,0.0953843156826816,4.625925891370637,0.0624455055644425,0.7952917093142272,False
VIRCHOW2,PCam,MHIST,PCam->MHIST,1.0,456,262144,0.584508373851972,0.5319250871080139,0.2453091523032785,0.1225926215762487,0.1225926215762487,2.480989861595308,0.0941318457506083,0.0953843156826816,4.625925891370637,0.0624455055644425,0.7952917093142272,False
