probe,model,pair,fraction,seed,auroc,ece_fixed,ece_scaled_fixed,degeneracy_share
linear,CLIP,BRACS->CRC,0.01,42,0.7304068880054395,0.215404732815681,0.1274376744725763,1.0
linear,CLIP,BRACS->CRC,0.01,123,0.7447773800567297,0.2168218018267817,0.1125865972193369,1.0
linear,CLIP,BRACS->CRC,0.01,456,0.5266452698519138,0.212187158282134,0.1139538961290851,1.0
linear,CLIP,BRACS->CRC,0.05,42,0.5080332609802941,0.274484810865511,0.1994784944945507,0.9577333333333332
linear,CLIP,BRACS->CRC,0.05,123,0.5480676642079094,0.2416021138832463,0.1202713195216354,0.9840666666666666
linear,CLIP,BRACS->CRC,0.05,456,0.433651596167236,0.2556147392643079,0.1775567760601039,0.9148
linear,CLIP,BRACS->CRC,0.1,42,0.4759271961172353,0.3102315170641346,0.2634449435781524,0.706
linear,CLIP,BRACS->CRC,0.1,123,0.4769551748973117,0.279717384001505,0.2250708214507673,0.7116666666666667
linear,CLIP,BRACS->CRC,0.1,456,0.4846166067748613,0.2546946912404261,0.1745076838921202,0.8576666666666667
linear,CLIP,BRACS->CRC,0.25,42,0.4727252674687028,0.3159799205878613,0.2888542200008155,0.5765333333333333
linear,CLIP,BRACS->CRC,0.25,123,0.5282954828221891,0.2757161513028598,0.2306558022621101,0.6746666666666666
linear,CLIP,BRACS->CRC,0.25,456,0.4749627769314523,0.2763001106672645,0.2590154484747436,0.6637333333333333
linear,CLIP,BRACS->CRC,0.5,42,0.5120042205615032,0.2955530079825569,0.2754886060031683,0.6016
linear,CLIP,BRACS->CRC,0.5,123,0.5154498004060805,0.2932359152724876,0.2728199780437581,0.6000666666666666
linear,CLIP,BRACS->CRC,0.5,456,0.5070571228802273,0.2912525723588847,0.2743200596989565,0.6078
linear,CLIP,BRACS->CRC,1.0,42,0.5265005905456619,0.2999201632964821,0.2876526874006734,0.5762666666666667
linear,CLIP,BRACS->CRC,1.0,123,0.5265005905456619,0.2999201632964821,0.2876526874006734,0.5762666666666667
linear,CLIP,BRACS->CRC,1.0,456,0.5265005905456619,0.2999201632964821,0.2876526874006734,0.5762666666666667
linear,CLIP,CRC->BRACS,0.01,42,0.5599431130476883,0.071756651351698,0.0556523827303408,0.9947368421052633
linear,CLIP,CRC->BRACS,0.01,123,0.5581124425078674,0.0791774928594348,0.0583835154434367,0.9736842105263158
linear,CLIP,CRC->BRACS,0.01,456,0.5327856451222464,0.0820682821296592,0.0779590982647322,0.9824561403508772
linear,CLIP,CRC->BRACS,0.05,42,0.6062394093439845,0.1717579597378843,0.1782179384352285,0.6017543859649123
linear,CLIP,CRC->BRACS,0.05,123,0.5956487533284919,0.1980120556854482,0.22048645941707,0.5
linear,CLIP,CRC->BRACS,0.05,456,0.6193566932946017,0.2065977917165662,0.227000762806121,0.5210526315789473
linear,CLIP,CRC->BRACS,0.1,42,0.6333817477608327,0.1994955485783968,0.2160678028931395,0.5017543859649123
linear,CLIP,CRC->BRACS,0.1,123,0.6326555313483417,0.2161339765967536,0.2356853204941015,0.5508771929824562
linear,CLIP,CRC->BRACS,0.1,456,0.6307643427741467,0.222464935088624,0.2412109408084237,0.5631578947368421
linear,CLIP,CRC->BRACS,0.25,42,0.6552741466957153,0.1972612649500099,0.2298288880748938,0.5210526315789473
linear,CLIP,CRC->BRACS,0.25,123,0.6551682401355603,0.2307564802606402,0.2641171707230974,0.5631578947368421
linear,CLIP,CRC->BRACS,0.25,456,0.6575133139675623,0.2298119798103096,0.2532025098338263,0.5614035087719298
linear,CLIP,CRC->BRACS,0.5,42,0.6567870975550715,0.2016994466116183,0.2463026602093258,0.5210526315789473
linear,CLIP,CRC->BRACS,0.5,123,0.657936940208182,0.2285563660709831,0.2596516369183577,0.5263157894736842
linear,CLIP,CRC->BRACS,0.5,456,0.6679375453885258,0.2028746797556512,0.2365418450200486,0.5157894736842106
linear,CLIP,CRC->BRACS,1.0,42,0.6608115468409586,0.2044353178610055,0.2507175096256971,0.5298245614035088
linear,CLIP,CRC->BRACS,1.0,123,0.6608115468409586,0.2044353178610055,0.2507175096256971,0.5298245614035088
linear,CLIP,CRC->BRACS,1.0,456,0.6608115468409586,0.2044353178610055,0.2507175096256971,0.5298245614035088
linear,CLIP,MHIST->PCam,0.01,42,0.657166615877912,0.2104078697032808,0.1746206674917361,1.0
linear,CLIP,MHIST->PCam,0.01,123,0.6923560497367621,0.2384641388766032,0.1787202959889722,1.0
linear,CLIP,MHIST->PCam,0.01,456,0.378979461528337,0.2537205198270457,0.2246984833837223,1.0
linear,CLIP,MHIST->PCam,0.05,42,0.4806156886747805,0.2365149959710938,0.2346461118491234,1.0
linear,CLIP,MHIST->PCam,0.05,123,0.6714162226743807,0.2325962884017986,0.2292283574896187,1.0
linear,CLIP,MHIST->PCam,0.05,456,0.6279380499160455,0.2365673438847364,0.2258816502300402,1.0
linear,CLIP,MHIST->PCam,0.1,42,0.4685252977823451,0.2661749846603147,0.3009348778306132,1.0
linear,CLIP,MHIST->PCam,0.1,123,0.5924539455407982,0.248390572121635,0.2638328294426363,1.0
linear,CLIP,MHIST->PCam,0.1,456,0.4778700635419529,0.2389476861886864,0.2455928594275209,1.0
linear,CLIP,MHIST->PCam,0.25,42,0.5390855536430781,0.267573762344999,0.3089283008435852,1.0
linear,CLIP,MHIST->PCam,0.25,123,0.6463209639106959,0.2663815153539075,0.3136474208459764,1.0
linear,CLIP,MHIST->PCam,0.25,456,0.599046764348788,0.2485760887834326,0.2886225450977752,1.0
linear,CLIP,MHIST->PCam,0.5,42,0.6327393949189422,0.2890848940656891,0.3359749867552438,0.9998779296875
linear,CLIP,MHIST->PCam,0.5,123,0.5770402747205401,0.2975182036206467,0.3559287746541284,0.999847412109375
linear,CLIP,MHIST->PCam,0.5,456,0.6324337571459044,0.2934251928627429,0.3474895321952329,1.0
linear,CLIP,MHIST->PCam,1.0,42,0.6281318991574014,0.3117107328497158,0.3690910565960988,0.99932861328125
linear,CLIP,MHIST->PCam,1.0,123,0.6281318991574014,0.3117107328497158,0.3690910565960988,0.99932861328125
linear,CLIP,MHIST->PCam,1.0,456,0.6281318991574014,0.3117107328497158,0.3690910565960988,0.99932861328125
linear,CLIP,PCam->MHIST,0.01,42,0.4690077435620385,0.2159478932478513,0.2672462413525294,0.7001023541453428
linear,CLIP,PCam->MHIST,0.01,123,0.4588060507833604,0.2046810307417849,0.2593656876245575,0.6560900716479018
linear,CLIP,PCam->MHIST,0.01,456,0.4331847649918963,0.2032342345491354,0.2548453952838307,0.6397134083930399
linear,CLIP,PCam->MHIST,0.05,42,0.4637718350441203,0.2007439711796373,0.2310065472324152,0.5312180143295804
linear,CLIP,PCam->MHIST,0.05,123,0.4660633891590131,0.2042192625641524,0.2367706886215868,0.5527123848515865
linear,CLIP,PCam->MHIST,0.05,456,0.4571132721051684,0.2038254252106077,0.2326597550784145,0.5076765609007164
linear,CLIP,PCam->MHIST,0.1,42,0.4734152710246713,0.2182825771555699,0.2351111128057879,0.5322415557830092
linear,CLIP,PCam->MHIST,0.1,123,0.4742796686475778,0.2221911857758215,0.2438333143603022,0.5435005117707267
linear,CLIP,PCam->MHIST,0.1,456,0.4728209976589231,0.197279423486916,0.2330537887814057,0.6202661207778914
linear,CLIP,PCam->MHIST,0.25,42,0.4653340536646857,0.234163322163104,0.239783298701068,0.6990788126919141
linear,CLIP,PCam->MHIST,0.25,123,0.4768728615162975,0.227025092436899,0.2349768259471839,0.6888433981576254
linear,CLIP,PCam->MHIST,0.25,456,0.4641320007203314,0.2370956464654081,0.2439674435699872,0.7267144319344934
linear,CLIP,PCam->MHIST,0.5,42,0.4667432018728615,0.261645422455886,0.2570723296903558,0.8014329580348004
linear,CLIP,PCam->MHIST,0.5,123,0.4652485143165856,0.2619266825139141,0.2622945811690627,0.7584442169907881
linear,CLIP,PCam->MHIST,0.5,456,0.4699486763911399,0.2487795962911621,0.2501839453854019,0.6929375639713409
linear,CLIP,PCam->MHIST,1.0,42,0.4839366108409868,0.2509820835868923,0.2464218207701523,0.7072671443193449
linear,CLIP,PCam->MHIST,1.0,123,0.4839366108409868,0.2509820835868923,0.2464218207701523,0.7072671443193449
linear,CLIP,PCam->MHIST,1.0,456,0.4839366108409868,0.2509820835868923,0.2464218207701523,0.7072671443193449
linear,CONCH,BRACS->CRC,0.01,42,0.4973054893877017,0.2056650585884657,0.0850651630057754,1.0
linear,CONCH,BRACS->CRC,0.01,123,0.2909600514259546,0.1807328685009958,0.1405941246144752,0.9999333333333332
linear,CONCH,BRACS->CRC,0.01,456,0.5457545111613713,0.1970173157720906,0.0780056346500409,0.9989333333333332
linear,CONCH,BRACS->CRC,0.05,42,0.3252971274130011,0.2467773026002254,0.2424850774803056,0.8226
linear,CONCH,BRACS->CRC,0.05,123,0.2349093240793095,0.2855615574526398,0.2866741921692972,0.8405333333333334
linear,CONCH,BRACS->CRC,0.05,456,0.2518330061285906,0.2280890713433483,0.2114118318982202,0.9628666666666666
linear,CONCH,BRACS->CRC,0.1,42,0.319142397440151,0.2313669256979121,0.2282421824589457,0.898
linear,CONCH,BRACS->CRC,0.1,123,0.236327933335514,0.3186217495837911,0.3225718439923927,0.7620666666666667
linear,CONCH,BRACS->CRC,0.1,456,0.2644143740916929,0.2602632710304904,0.2663671118261437,0.8520666666666666
linear,CONCH,BRACS->CRC,0.25,42,0.3187780523792389,0.2067035353267767,0.2082296306818042,0.9107333333333332
linear,CONCH,BRACS->CRC,0.25,123,0.2430469235550031,0.2653638213432805,0.268186396588576,0.8766
linear,CONCH,BRACS->CRC,0.25,456,0.1995751181675444,0.3014310800895334,0.299160598670706,0.8457333333333333
linear,CONCH,BRACS->CRC,0.5,42,0.2866804937686042,0.2313153368509158,0.2306472226915531,0.8960666666666667
linear,CONCH,BRACS->CRC,0.5,123,0.2105826834021037,0.3024134816814256,0.3026546769571347,0.8244666666666667
linear,CONCH,BRACS->CRC,0.5,456,0.2279016688902181,0.2828505545783962,0.2838744182492759,0.8584
linear,CONCH,BRACS->CRC,1.0,42,0.2399745235914522,0.2608707703288418,0.2608235930706836,0.8783333333333333
linear,CONCH,BRACS->CRC,1.0,123,0.2399745235914522,0.2608707703288418,0.2608235930706836,0.8783333333333333
linear,CONCH,BRACS->CRC,1.0,456,0.2399745235914522,0.2608707703288418,0.2608235930706836,0.8783333333333333
linear,CONCH,CRC->BRACS,0.01,42,0.4106451222464294,0.2378290739971155,0.3085930204136449,0.8456140350877193
linear,CONCH,CRC->BRACS,0.01,123,0.3830640280803679,0.2592834757515498,0.3183521156938668,0.8701754385964913
linear,CONCH,CRC->BRACS,0.01,456,0.4376512950859356,0.2212265501410903,0.2833145949268025,0.856140350877193
linear,CONCH,CRC->BRACS,0.05,42,0.4059095860566449,0.2866499540041359,0.3262587771978084,0.8385964912280702
linear,CONCH,CRC->BRACS,0.05,123,0.4015674170902928,0.2957084411508145,0.3299657679141746,0.8596491228070176
linear,CONCH,CRC->BRACS,0.05,456,0.4315692326313241,0.2652858677935514,0.3038540869786454,0.8719298245614036
linear,CONCH,CRC->BRACS,0.1,42,0.4327947228274025,0.3060648048621647,0.3287904436127406,0.8017543859649123
linear,CONCH,CRC->BRACS,0.1,123,0.4190117404986686,0.3038353801261546,0.3237900168304689,0.8456140350877193
linear,CONCH,CRC->BRACS,0.1,456,0.4241709029290728,0.305453428887273,0.3336320589986973,0.8122807017543859
linear,CONCH,CRC->BRACS,0.25,42,0.433914306463326,0.3173703282376115,0.3344953147255763,0.8087719298245614
linear,CONCH,CRC->BRACS,0.25,123,0.4219317356572258,0.3273225124225776,0.3475235865670154,0.7964912280701755
linear,CONCH,CRC->BRACS,0.25,456,0.4258654078915516,0.3112695229962945,0.330683458430018,0.8333333333333334
linear,CONCH,CRC->BRACS,0.5,42,0.4297990801258775,0.3179264144218539,0.3334439782088959,0.8122807017543859
linear,CONCH,CRC->BRACS,0.5,123,0.4257746308399903,0.335582381563018,0.3483760678772243,0.7947368421052632
linear,CONCH,CRC->BRACS,0.5,456,0.4374092229484386,0.320851429334157,0.3332779012405074,0.8017543859649123
linear,CONCH,CRC->BRACS,1.0,42,0.4284979423868312,0.3375047992219981,0.3495719457867096,0.8
linear,CONCH,CRC->BRACS,1.0,123,0.4284979423868312,0.3375047992219981,0.3495719457867096,0.8
linear,CONCH,CRC->BRACS,1.0,456,0.4284979423868312,0.3375047992219981,0.3495719457867096,0.8
linear,CONCH,MHIST->PCam,0.01,42,0.6759175401924531,0.2201657528367884,0.2193155951457409,1.0
linear,CONCH,MHIST->PCam,0.01,123,0.6433875841125534,0.2157767267661999,0.1890023773070318,1.0
linear,CONCH,MHIST->PCam,0.01,456,0.5343249782246497,0.250470941658411,0.2350922826563897,1.0
linear,CONCH,MHIST->PCam,0.05,42,0.7183210708116459,0.2739868107740724,0.2822473046841277,1.0
linear,CONCH,MHIST->PCam,0.05,123,0.8369765878165245,0.2535150456190231,0.2631109836542113,1.0
linear,CONCH,MHIST->PCam,0.05,456,0.6349803288058792,0.2831690565939327,0.2813460822210977,1.0
linear,CONCH,MHIST->PCam,0.1,42,0.7801959672182888,0.3313924735556391,0.351142703392509,1.0
linear,CONCH,MHIST->PCam,0.1,123,0.7690548996764798,0.3281745968148127,0.3534672433299418,1.0
linear,CONCH,MHIST->PCam,0.1,456,0.713159125092615,0.3031590891659416,0.319661314863881,1.0
linear,CONCH,MHIST->PCam,0.25,42,0.7851687724637607,0.4043403708816068,0.4212208891309829,1.0
linear,CONCH,MHIST->PCam,0.25,123,0.7106683359397519,0.3932967159329514,0.4180052430375822,1.0
linear,CONCH,MHIST->PCam,0.25,456,0.660102730039633,0.3965528880495705,0.4208554695912507,0.999969482421875
linear,CONCH,MHIST->PCam,0.5,42,0.7594580919051412,0.4470107324792905,0.4598772461698834,1.0
linear,CONCH,MHIST->PCam,0.5,123,0.6654350184139457,0.4371359439941829,0.4567592036983352,1.0
linear,CONCH,MHIST->PCam,0.5,456,0.6858564190825989,0.4323720750829847,0.4489405269114755,0.999847412109375
linear,CONCH,MHIST->PCam,1.0,42,0.6955241265918397,0.4550380096691915,0.466857186836618,0.9996337890625
linear,CONCH,MHIST->PCam,1.0,123,0.6955241265918397,0.4550380096691915,0.466857186836618,0.9996337890625
linear,CONCH,MHIST->PCam,1.0,456,0.6955241265918397,0.4550380096691915,0.466857186836618,0.9996337890625
linear,CONCH,PCam->MHIST,0.01,42,0.6395867098865479,0.1026721620426338,0.1468023692089225,0.7676560900716479
linear,CONCH,PCam->MHIST,0.01,123,0.6679227444624528,0.0846823880001381,0.1376918330720836,0.8239508700102354
linear,CONCH,PCam->MHIST,0.01,456,0.6600531244372411,0.1498750188652121,0.1929911137389267,0.9314227226202662
linear,CONCH,PCam->MHIST,0.05,42,0.6424815415090942,0.1043113036118182,0.1373276675167949,0.661207778915046
linear,CONCH,PCam->MHIST,0.05,123,0.6481991716189448,0.136702029086326,0.1599591485762657,0.7911975435005117
linear,CONCH,PCam->MHIST,0.05,456,0.643143345939132,0.1197976512115873,0.1472438679930305,0.7338792221084954
linear,CONCH,PCam->MHIST,0.1,42,0.6371871060687915,0.135736512567812,0.1495639721846424,0.6683725690890481
linear,CONCH,PCam->MHIST,0.1,123,0.6410093643075815,0.1511982044842808,0.1560886757469512,0.744114636642784
linear,CONCH,PCam->MHIST,0.1,456,0.6294120295335854,0.1422449069663229,0.1597610169384844,0.7502558853633572
linear,CONCH,PCam->MHIST,0.25,42,0.6359985593372951,0.1424236347869624,0.1532541126200858,0.7164790174002047
linear,CONCH,PCam->MHIST,0.25,123,0.623991536106609,0.1464229818273218,0.1508260223013711,0.6929375639713409
linear,CONCH,PCam->MHIST,0.25,456,0.6350036016567622,0.1382033163822557,0.1457779946849172,0.6212896622313203
linear,CONCH,PCam->MHIST,0.5,42,0.6260444804610121,0.1399793267838672,0.1401758273639858,0.6888433981576254
linear,CONCH,PCam->MHIST,0.5,123,0.6205699621826041,0.1614569605565892,0.1620186358929976,0.7645854657113613
linear,CONCH,PCam->MHIST,0.5,456,0.6308031694579507,0.1474588714717084,0.1480517369141238,0.7461617195496417
linear,CONCH,PCam->MHIST,1.0,42,0.6332613001980911,0.1508491012776405,0.1443507267947839,0.7523029682702149
linear,CONCH,PCam->MHIST,1.0,123,0.6332613001980911,0.1508491012776405,0.1443507267947839,0.7523029682702149
linear,CONCH,PCam->MHIST,1.0,456,0.6332613001980911,0.1508491012776405,0.1443507267947839,0.7523029682702149
linear,GigaPath,BRACS->CRC,0.01,42,0.5483278168035066,0.2193305325381323,0.1164441102680101,1.0
linear,GigaPath,BRACS->CRC,0.01,123,0.584096170156591,0.1980638380479028,0.0549447530450261,1.0
linear,GigaPath,BRACS->CRC,0.01,456,0.61558222778824,0.2856032228789272,0.2135445976089125,0.9987333333333334
linear,GigaPath,BRACS->CRC,0.05,42,0.7299955942723496,0.3276482379572304,0.309723302479686,0.7194666666666667
linear,GigaPath,BRACS->CRC,0.05,123,0.6526827405874849,0.2504987354601002,0.1912163880910152,0.9813333333333332
linear,GigaPath,BRACS->CRC,0.05,456,0.4922411660560662,0.2472985090490337,0.1379069090501085,0.9954
linear,GigaPath,BRACS->CRC,0.1,42,0.6958649318097917,0.3361208669174344,0.3151715897112485,0.6189333333333333
linear,GigaPath,BRACS->CRC,0.1,123,0.5665733266704673,0.2175942367099143,0.1280858178772546,0.9702666666666668
linear,GigaPath,BRACS->CRC,0.1,456,0.5253269102487418,0.2443807678841131,0.1629542098387423,0.9536666666666668
linear,GigaPath,BRACS->CRC,0.25,42,0.6068614571699603,0.283540629804583,0.2346890129712393,0.7876
linear,GigaPath,BRACS->CRC,0.25,123,0.5679221335462646,0.2174680369465954,0.1456667833201862,0.9256666666666666
linear,GigaPath,BRACS->CRC,0.25,456,0.505779432655598,0.2520146393072648,0.2006946989030787,0.8375333333333334
linear,GigaPath,BRACS->CRC,0.5,42,0.6165096648551147,0.2655891583656986,0.2249801926969551,0.7536666666666667
linear,GigaPath,BRACS->CRC,0.5,123,0.620660095410216,0.2689720226329466,0.2351066731290575,0.7575333333333333
linear,GigaPath,BRACS->CRC,0.5,456,0.5805134315551153,0.2500968700699307,0.2135979368220428,0.7904666666666667
linear,GigaPath,BRACS->CRC,1.0,42,0.6020277153418039,0.2779494868076844,0.259583084553337,0.6958666666666666
linear,GigaPath,BRACS->CRC,1.0,123,0.6020277153418039,0.2779494868076844,0.259583084553337,0.6958666666666666
linear,GigaPath,BRACS->CRC,1.0,456,0.6020277153418039,0.2779494868076844,0.259583084553337,0.6958666666666666
linear,GigaPath,CRC->BRACS,0.01,42,0.702387436456064,0.2011073863981138,0.2765088244736749,1.0
linear,GigaPath,CRC->BRACS,0.01,123,0.6883169934640523,0.2188997843071725,0.2779880304222994,1.0
linear,GigaPath,CRC->BRACS,0.01,456,0.6868645606390704,0.2004159021497316,0.2762267325088998,1.0
linear,GigaPath,CRC->BRACS,0.05,42,0.6542453401113533,0.2236776928419945,0.2787920179745941,1.0
linear,GigaPath,CRC->BRACS,0.05,123,0.6726428225611231,0.2322577405508968,0.2798657651990989,1.0
linear,GigaPath,CRC->BRACS,0.05,456,0.6508563301863957,0.2294869504404736,0.2786070030395299,1.0
linear,GigaPath,CRC->BRACS,0.1,42,0.661416727184701,0.2314399396989254,0.2754940536603397,1.0
linear,GigaPath,CRC->BRACS,0.1,123,0.6695261437908496,0.2322725298564153,0.275309058976754,1.0
linear,GigaPath,CRC->BRACS,0.1,456,0.6528534253207456,0.2408663055697495,0.2779231194193173,1.0
linear,GigaPath,CRC->BRACS,0.25,42,0.6381475429678043,0.2344538969030525,0.2759815776403022,0.9982456140350876
linear,GigaPath,CRC->BRACS,0.25,123,0.6513404744613895,0.2279306708895898,0.2713926206550039,0.9982456140350876
linear,GigaPath,CRC->BRACS,0.25,456,0.653730936819172,0.2528864392655911,0.2761035389637428,1.0
linear,GigaPath,CRC->BRACS,0.5,42,0.6267247639796659,0.2474760260098809,0.2743551337034245,0.9964912280701754
linear,GigaPath,CRC->BRACS,0.5,123,0.6228213507625272,0.2297272095599059,0.2684946877787106,0.9947368421052633
linear,GigaPath,CRC->BRACS,0.5,456,0.6261498426531106,0.2374496341772751,0.272652217906173,0.9929824561403509
linear,GigaPath,CRC->BRACS,1.0,42,0.6024116436698136,0.2323974910924541,0.2681362578268119,0.9912280701754386
linear,GigaPath,CRC->BRACS,1.0,123,0.6024116436698136,0.2323974910924541,0.2681362578268119,0.9912280701754386
linear,GigaPath,CRC->BRACS,1.0,456,0.6024116436698136,0.2323974910924541,0.2681362578268119,0.9912280701754386
linear,GigaPath,MHIST->PCam,0.01,42,0.3333104674973074,0.2366198576402126,0.2125559769769677,1.0
linear,GigaPath,MHIST->PCam,0.01,123,0.4538655438997285,0.254256441665967,0.2118037287477044,1.0
linear,GigaPath,MHIST->PCam,0.01,456,0.5198408643610863,0.2396583308858721,0.2236749432745278,1.0
linear,GigaPath,MHIST->PCam,0.05,42,0.3202727909884108,0.2993849968605718,0.321266952825734,1.0
linear,GigaPath,MHIST->PCam,0.05,123,0.4121042497199336,0.2949198909134848,0.3165147892141539,1.0
linear,GigaPath,MHIST->PCam,0.05,456,0.5135226367511199,0.3060775642448079,0.3210807479507702,1.0
linear,GigaPath,MHIST->PCam,0.1,42,0.331303597367839,0.3517379446991104,0.393302476136585,1.0
linear,GigaPath,MHIST->PCam,0.1,123,0.3919552088000075,0.3331675810466123,0.3787366729330611,1.0
linear,GigaPath,MHIST->PCam,0.1,456,0.4560470929231776,0.3509546232568044,0.3963144861201116,1.0
linear,GigaPath,MHIST->PCam,0.25,42,0.4570766739426443,0.3810429673565987,0.4366582383979352,1.0
linear,GigaPath,MHIST->PCam,0.25,123,0.4575860665057497,0.3946415896310357,0.4496734908117154,1.0
linear,GigaPath,MHIST->PCam,0.25,456,0.4775281079071659,0.3792264072044641,0.4453478401042364,1.0
linear,GigaPath,MHIST->PCam,0.5,42,0.4692666381376433,0.4422198202048124,0.4810073122573511,1.0
linear,GigaPath,MHIST->PCam,0.5,123,0.4529879808292205,0.4300433573184871,0.4731941942230948,1.0
linear,GigaPath,MHIST->PCam,0.5,456,0.4537318022283103,0.4381480527560776,0.4803999805193744,1.0
linear,GigaPath,MHIST->PCam,1.0,42,0.4865364389132168,0.4620518188702171,0.4902162215017854,1.0
linear,GigaPath,MHIST->PCam,1.0,123,0.4865364389132168,0.4620518188702171,0.4902162215017854,1.0
linear,GigaPath,MHIST->PCam,1.0,456,0.4865364389132168,0.4620518188702171,0.4902162215017854,1.0
linear,GigaPath,PCam->MHIST,0.01,42,0.4650009004141905,0.1264795349841704,0.193181938167372,0.9989764585465712
linear,GigaPath,PCam->MHIST,0.01,123,0.4381505492526562,0.140974846313055,0.1919537175932144,0.9989764585465712
linear,GigaPath,PCam->MHIST,0.01,456,0.4497028633171259,0.1870715592135456,0.2462659626018949,1.0
linear,GigaPath,PCam->MHIST,0.05,42,0.4716819737079056,0.1821352646056162,0.1884453399507809,0.9989764585465712
linear,GigaPath,PCam->MHIST,0.05,123,0.4744327390599676,0.2215156455862438,0.2243121970529997,1.0
linear,GigaPath,PCam->MHIST,0.05,456,0.4877903835764452,0.2175763056841405,0.2205304185497406,1.0
linear,GigaPath,PCam->MHIST,0.1,42,0.5310012605798667,0.2009729944166548,0.1840760681606349,0.9969293756397134
linear,GigaPath,PCam->MHIST,0.1,123,0.5301953898793446,0.2278508696916103,0.2084497101442283,1.0
linear,GigaPath,PCam->MHIST,0.1,456,0.5198721411849451,0.26604488647267,0.2534000137935556,1.0
linear,GigaPath,PCam->MHIST,0.25,42,0.5999594813614262,0.2145086150764463,0.1782721627351833,0.9938587512794268
linear,GigaPath,PCam->MHIST,0.25,123,0.5454574104087881,0.2400067339659767,0.2041934273333611,0.9959058341862844
linear,GigaPath,PCam->MHIST,0.25,456,0.555722132180803,0.2800240312036962,0.2452792707319423,1.0
linear,GigaPath,PCam->MHIST,0.5,42,0.6165090941833243,0.2327664515239839,0.1821025760886303,0.992835209825998
linear,GigaPath,PCam->MHIST,0.5,123,0.5836934990095444,0.2575273625361131,0.204316959403471,0.9959058341862844
linear,GigaPath,PCam->MHIST,0.5,456,0.5583918602557176,0.2579231909330438,0.2105811273315598,0.9959058341862844
linear,GigaPath,PCam->MHIST,1.0,42,0.5884296776517198,0.2882877951085638,0.232126400951987,0.9989764585465712
linear,GigaPath,PCam->MHIST,1.0,123,0.5884296776517198,0.2882877951085638,0.232126400951987,0.9989764585465712
linear,GigaPath,PCam->MHIST,1.0,456,0.5884296776517198,0.2882877951085638,0.232126400951987,0.9989764585465712
linear,H-Optimus-0,BRACS->CRC,0.01,42,0.6088445457179307,0.2223999187090371,0.1180475125977357,1.0
linear,H-Optimus-0,BRACS->CRC,0.01,123,0.6446283052449333,0.1941585611504047,0.0465016572576926,1.0
linear,H-Optimus-0,BRACS->CRC,0.01,456,0.5035062553447012,0.2296312218474621,0.1077789488575296,1.0
linear,H-Optimus-0,BRACS->CRC,0.05,42,0.6115125153623648,0.2819234351011693,0.2294831548554823,0.9656
linear,H-Optimus-0,BRACS->CRC,0.05,123,0.4901623912952051,0.1911000566084419,0.0910960687845123,0.9999333333333332
linear,H-Optimus-0,BRACS->CRC,0.05,456,0.520961048811432,0.1942297247084169,0.0461628083444521,0.9998666666666668
linear,H-Optimus-0,BRACS->CRC,0.1,42,0.5198933863558834,0.2543675218849691,0.1744408068124872,0.9749333333333332
linear,H-Optimus-0,BRACS->CRC,0.1,123,0.5057070382411903,0.1850933890684026,0.0886026329871116,0.9986666666666668
linear,H-Optimus-0,BRACS->CRC,0.1,456,0.5040535030864919,0.1682162330704083,0.0607399267786204,0.9994666666666666
linear,H-Optimus-0,BRACS->CRC,0.25,42,0.4705950171030435,0.2331983920022271,0.1656935037328853,0.9134666666666666
linear,H-Optimus-0,BRACS->CRC,0.25,123,0.5425335986018496,0.1809858798623504,0.1070615124060002,0.9864
linear,H-Optimus-0,BRACS->CRC,0.25,456,0.4540603957064818,0.1835330748349799,0.1276860444944964,0.9409333333333332
linear,H-Optimus-0,BRACS->CRC,0.5,42,0.4773309468123385,0.1979287871183372,0.151310382990025,0.9034666666666666
linear,H-Optimus-0,BRACS->CRC,0.5,123,0.5191067222904995,0.1993922918046345,0.1566117085845078,0.8948
linear,H-Optimus-0,BRACS->CRC,0.5,456,0.4992576925727931,0.1855378054694667,0.1431842249623787,0.9017333333333334
linear,H-Optimus-0,BRACS->CRC,1.0,42,0.5009205371453805,0.2201482805864774,0.2004972749866284,0.7708
linear,H-Optimus-0,BRACS->CRC,1.0,123,0.5009205371453805,0.2201482805864774,0.2004972749866284,0.7708
linear,H-Optimus-0,BRACS->CRC,1.0,456,0.5009205371453805,0.2201482805864774,0.2004972749866284,0.7708
linear,H-Optimus-0,CRC->BRACS,0.01,42,0.5924564270152506,0.2101980235329462,0.279121465269309,1.0
linear,H-Optimus-0,CRC->BRACS,0.01,123,0.5739227789881385,0.2203011332378414,0.2791379294118553,1.0
linear,H-Optimus-0,CRC->BRACS,0.01,456,0.5983871943839264,0.2001759515086233,0.2785867042320945,1.0
linear,H-Optimus-0,CRC->BRACS,0.05,42,0.5733024691358025,0.2442968505686579,0.2834023519746736,1.0
linear,H-Optimus-0,CRC->BRACS,0.05,123,0.5819868070685065,0.245588340334394,0.2833394899907932,1.0
linear,H-Optimus-0,CRC->BRACS,0.05,456,0.5882352941176471,0.2428830819877219,0.2825072445835727,1.0
linear,H-Optimus-0,CRC->BRACS,0.1,42,0.5852850399419027,0.2528596411921546,0.2833543745986028,1.0
linear,H-Optimus-0,CRC->BRACS,0.1,123,0.5833333333333334,0.2517777664479106,0.2835868140154431,1.0
linear,H-Optimus-0,CRC->BRACS,0.1,456,0.5862987170176713,0.2538928965129219,0.2832781150701939,1.0
linear,H-Optimus-0,CRC->BRACS,0.25,42,0.566630355846042,0.2619991105944268,0.2833801940522099,1.0
linear,H-Optimus-0,CRC->BRACS,0.25,123,0.5911401597676107,0.2616293597303189,0.282572575949628,1.0
linear,H-Optimus-0,CRC->BRACS,0.25,456,0.5771302348099734,0.2616121484195202,0.2833391011225341,1.0
linear,H-Optimus-0,CRC->BRACS,0.5,42,0.575526506899056,0.2688670872593755,0.2830494646259409,1.0
linear,H-Optimus-0,CRC->BRACS,0.5,123,0.5579157588961511,0.2663510553462829,0.283205707684445,1.0
linear,H-Optimus-0,CRC->BRACS,0.5,456,0.5829702251270878,0.2682262211636504,0.2828799985248514,1.0
linear,H-Optimus-0,CRC->BRACS,1.0,42,0.574210239651416,0.2748610725607751,0.2826033223245913,1.0
linear,H-Optimus-0,CRC->BRACS,1.0,123,0.574210239651416,0.2748610725607751,0.2826033223245913,1.0
linear,H-Optimus-0,CRC->BRACS,1.0,456,0.574210239651416,0.2748610725607751,0.2826033223245913,1.0
linear,H-Optimus-0,MHIST->PCam,0.01,42,0.544597620834721,0.236988902275385,0.2186137707773377,1.0
linear,H-Optimus-0,MHIST->PCam,0.01,123,0.7071004534062826,0.2352688554136869,0.2177208145617555,1.0
linear,H-Optimus-0,MHIST->PCam,0.01,456,0.4746728362849689,0.2227970041214059,0.2083275101706687,1.0
linear,H-Optimus-0,MHIST->PCam,0.05,42,0.4938435822663289,0.2842499562899999,0.3213116922139091,1.0
linear,H-Optimus-0,MHIST->PCam,0.05,123,0.7356748955252389,0.2802107060196104,0.2995316137733078,1.0
linear,H-Optimus-0,MHIST->PCam,0.05,456,0.5288708504835951,0.2897348737681925,0.3084447096424577,1.0
linear,H-Optimus-0,MHIST->PCam,0.1,42,0.4572154410315924,0.3707653687948318,0.4229204415788618,1.0
linear,H-Optimus-0,MHIST->PCam,0.1,123,0.6372229837772481,0.3332884580437076,0.3832746859414732,1.0
linear,H-Optimus-0,MHIST->PCam,0.1,456,0.5568127307438246,0.3452691778321626,0.4014143376141368,1.0
linear,H-Optimus-0,MHIST->PCam,0.25,42,0.5456094210403473,0.4218527728103323,0.4722463070189174,1.0
linear,H-Optimus-0,MHIST->PCam,0.25,123,0.5715045295794381,0.4180481479303513,0.4695180088220934,1.0
linear,H-Optimus-0,MHIST->PCam,0.25,456,0.5266453355760181,0.4274975638343359,0.4771232173010645,1.0
linear,H-Optimus-0,MHIST->PCam,0.5,42,0.554007784077456,0.4697246472697622,0.4929276941473708,1.0
linear,H-Optimus-0,MHIST->PCam,0.5,123,0.5649557995901785,0.4646380094580754,0.4919533405446493,1.0
linear,H-Optimus-0,MHIST->PCam,0.5,456,0.5096920280713938,0.4594111951186057,0.4908963254523816,1.0
linear,H-Optimus-0,MHIST->PCam,1.0,42,0.5612062048133613,0.4878179837068306,0.4980293852785281,1.0
linear,H-Optimus-0,MHIST->PCam,1.0,123,0.5612062048133613,0.4878179837068306,0.4980293852785281,1.0
linear,H-Optimus-0,MHIST->PCam,1.0,456,0.5612062048133613,0.4878179837068306,0.4980293852785281,1.0
linear,H-Optimus-0,PCam->MHIST,0.01,42,0.6026472177201513,0.2604347282449744,0.3243908138216078,1.0
linear,H-Optimus-0,PCam->MHIST,0.01,123,0.5986358725013505,0.2528393342393394,0.3097796852448531,1.0
linear,H-Optimus-0,PCam->MHIST,0.01,456,0.6128534125697821,0.2561158010012051,0.3150660679108109,1.0
linear,H-Optimus-0,PCam->MHIST,0.05,42,0.5983477399603818,0.3116193806010858,0.3222246340371534,1.0
linear,H-Optimus-0,PCam->MHIST,0.05,123,0.6143616063389159,0.3172554508082774,0.3276465761497442,1.0
linear,H-Optimus-0,PCam->MHIST,0.05,456,0.6219746083198272,0.273661798249303,0.2896089408790978,0.9979529170931424
linear,H-Optimus-0,PCam->MHIST,0.1,42,0.6068206374932468,0.3129823741997295,0.3109887266151188,1.0
linear,H-Optimus-0,PCam->MHIST,0.1,123,0.641599135602377,0.3093438115192111,0.3066998497001375,1.0
linear,H-Optimus-0,PCam->MHIST,0.1,456,0.6360300738339636,0.2996975940850942,0.2975505517469646,0.9979529170931424
linear,H-Optimus-0,PCam->MHIST,0.25,42,0.638042499549793,0.3188039919070166,0.2999669620847691,0.9989764585465712
linear,H-Optimus-0,PCam->MHIST,0.25,123,0.643517017828201,0.3160554508299939,0.2972760931029722,0.9989764585465712
linear,H-Optimus-0,PCam->MHIST,0.25,456,0.6475688816855754,0.3097019580678103,0.284885329320204,0.9979529170931424
linear,H-Optimus-0,PCam->MHIST,0.5,42,0.6475103547631912,0.3212249194603643,0.2914648947931141,0.9979529170931424
linear,H-Optimus-0,PCam->MHIST,0.5,123,0.6635962542769674,0.3244386033586841,0.2926969909529507,0.9979529170931424
linear,H-Optimus-0,PCam->MHIST,0.5,456,0.6308887088060509,0.3253627461004713,0.2966869544463221,0.9989764585465712
linear,H-Optimus-0,PCam->MHIST,1.0,42,0.6447956059787502,0.3160263547652373,0.2736396903181777,0.9969293756397134
linear,H-Optimus-0,PCam->MHIST,1.0,123,0.6447956059787502,0.3160263547652373,0.2736396903181777,0.9969293756397134
linear,H-Optimus-0,PCam->MHIST,1.0,456,0.6447956059787502,0.3160263547652373,0.2736396903181777,0.9969293756397134
linear,MIDNIGHT,BRACS->CRC,0.01,42,0.3812928014177769,0.1841304299185852,0.1261198004867522,1.0
linear,MIDNIGHT,BRACS->CRC,0.01,123,0.4418513679514199,0.1381160356297721,0.1096315311479338,1.0
linear,MIDNIGHT,BRACS->CRC,0.01,456,0.3257367144749692,0.1663903953954029,0.1094382648365979,1.0
linear,MIDNIGHT,BRACS->CRC,0.05,42,0.4313673570774357,0.1977647436073642,0.1995531479134907,0.9987333333333334
linear,MIDNIGHT,BRACS->CRC,0.05,123,0.5741480166778039,0.181027832501946,0.1995392126516173,0.9998
linear,MIDNIGHT,BRACS->CRC,0.05,456,0.2272315003247709,0.1526042018458314,0.152767599529733,1.0
linear,MIDNIGHT,BRACS->CRC,0.1,42,0.5392680738515025,0.2654632408408421,0.2663102171104792,0.9156
linear,MIDNIGHT,BRACS->CRC,0.1,123,0.6043275796506493,0.1978823255620175,0.2055191210552274,0.9854666666666668
linear,MIDNIGHT,BRACS->CRC,0.1,456,0.5233067300592998,0.1043994699792357,0.1173639760982397,1.0
linear,MIDNIGHT,BRACS->CRC,0.25,42,0.6538322529054146,0.2371789804396589,0.236038426289992,0.8741333333333333
linear,MIDNIGHT,BRACS->CRC,0.25,123,0.6394393452361482,0.1974158139957015,0.205324199243516,0.9442666666666668
linear,MIDNIGHT,BRACS->CRC,0.25,456,0.4818729205315962,0.1242039750738788,0.1320478681304241,0.9944
linear,MIDNIGHT,BRACS->CRC,0.5,42,0.6222051302121059,0.2222724081101762,0.2171328391675949,0.8629333333333333
linear,MIDNIGHT,BRACS->CRC,0.5,123,0.6471755080094581,0.2307611334054307,0.2236698039844535,0.8566
linear,MIDNIGHT,BRACS->CRC,0.5,456,0.5824915550802114,0.1598660636485288,0.1595782992332279,0.9535333333333332
linear,MIDNIGHT,BRACS->CRC,1.0,42,0.6221818019061016,0.2178914495758373,0.2131131967096523,0.8376666666666667
linear,MIDNIGHT,BRACS->CRC,1.0,123,0.6221818019061016,0.2178914495758373,0.2131131967096523,0.8376666666666667
linear,MIDNIGHT,BRACS->CRC,1.0,456,0.6221818019061016,0.2178914495758373,0.2131131967096523,0.8376666666666667
linear,MIDNIGHT,CRC->BRACS,0.01,42,0.4408133623819897,0.2352262535491484,0.2782054222568442,1.0
linear,MIDNIGHT,CRC->BRACS,0.01,123,0.424821471798596,0.2258105080483102,0.2771370984277533,1.0
linear,MIDNIGHT,CRC->BRACS,0.01,456,0.4355936819172112,0.2240715335178688,0.2773133415714764,1.0
linear,MIDNIGHT,CRC->BRACS,0.05,42,0.4592108448317598,0.2425960024086872,0.2827949732471346,1.0
linear,MIDNIGHT,CRC->BRACS,0.05,123,0.4002208908254659,0.2458980138566212,0.2853763962034115,0.9982456140350876
linear,MIDNIGHT,CRC->BRACS,0.05,456,0.4265159767610748,0.2569496369141861,0.2809333993758616,1.0
linear,MIDNIGHT,CRC->BRACS,0.1,42,0.4488471314451706,0.2541477136446052,0.2836563539459585,0.9982456140350876
linear,MIDNIGHT,CRC->BRACS,0.1,123,0.4105543451948681,0.2564667029578005,0.2843228384076292,0.9982456140350876
linear,MIDNIGHT,CRC->BRACS,0.1,456,0.4044420237230695,0.2672292180428706,0.2845430545763341,0.9982456140350876
linear,MIDNIGHT,CRC->BRACS,0.25,42,0.4561244250786734,0.2512926354390423,0.2769352465290186,0.9964912280701754
linear,MIDNIGHT,CRC->BRACS,0.25,123,0.4269244734931009,0.2593010351697678,0.2809374821714397,0.9964912280701754
linear,MIDNIGHT,CRC->BRACS,0.25,456,0.4268790849673203,0.2681989048709592,0.2829436967081231,0.9982456140350876
linear,MIDNIGHT,CRC->BRACS,0.5,42,0.4385893246187364,0.2604107876046758,0.277788642697802,0.9964912280701754
linear,MIDNIGHT,CRC->BRACS,0.5,123,0.4305858145727427,0.2614632322318423,0.279515655982663,0.9929824561403509
linear,MIDNIGHT,CRC->BRACS,0.5,456,0.4277565964657468,0.2678463863210273,0.2797625886737445,0.9912280701754386
linear,MIDNIGHT,CRC->BRACS,1.0,42,0.4535675381263616,0.2679748152200725,0.2765105362106737,0.9964912280701754
linear,MIDNIGHT,CRC->BRACS,1.0,123,0.4535675381263616,0.2679748152200725,0.2765105362106737,0.9964912280701754
linear,MIDNIGHT,CRC->BRACS,1.0,456,0.4535675381263616,0.2679748152200725,0.2765105362106737,0.9964912280701754
linear,MIDNIGHT,MHIST->PCam,0.01,42,0.4309370745566363,0.2530418395969679,0.2070662323953256,1.0
linear,MIDNIGHT,MHIST->PCam,0.01,123,0.670914649497039,0.1971353419529503,0.1785873976409384,1.0
linear,MIDNIGHT,MHIST->PCam,0.01,456,0.397903108959095,0.203762051854156,0.1829529697717126,1.0
linear,MIDNIGHT,MHIST->PCam,0.05,42,0.3977912421963023,0.2425660572354071,0.2383116036465914,1.0
linear,MIDNIGHT,MHIST->PCam,0.05,123,0.4154658740677976,0.2170521483194207,0.2121889362330244,1.0
linear,MIDNIGHT,MHIST->PCam,0.05,456,0.3669567293706526,0.1772469871405093,0.1547828176487124,1.0
linear,MIDNIGHT,MHIST->PCam,0.1,42,0.4136729809268417,0.2706665455013151,0.2738346730147238,1.0
linear,MIDNIGHT,MHIST->PCam,0.1,123,0.3769639487237985,0.2485357642838282,0.2428018304562026,1.0
linear,MIDNIGHT,MHIST->PCam,0.1,456,0.3486319783440491,0.2487583167785089,0.2484864309614832,1.0
linear,MIDNIGHT,MHIST->PCam,0.25,42,0.4283661655706991,0.3244316888560636,0.3328237795381627,1.0
linear,MIDNIGHT,MHIST->PCam,0.25,123,0.4489408954907353,0.2509620801969219,0.2776712994542852,1.0
linear,MIDNIGHT,MHIST->PCam,0.25,456,0.4092166202202975,0.1787479633675766,0.1820459535157861,0.9998779296875
linear,MIDNIGHT,MHIST->PCam,0.5,42,0.4363604425700816,0.2920397268138331,0.3121945342739275,0.999969482421875
linear,MIDNIGHT,MHIST->PCam,0.5,123,0.4581921527214925,0.2924652847457021,0.3308848649043761,1.0
linear,MIDNIGHT,MHIST->PCam,0.5,456,0.4285748563713132,0.2188845321644096,0.2387441489435723,0.999755859375
linear,MIDNIGHT,MHIST->PCam,1.0,42,0.4304590824711883,0.3039692808201694,0.3399740706117984,0.99993896484375
linear,MIDNIGHT,MHIST->PCam,1.0,123,0.4304590824711883,0.3039692808201694,0.3399740706117984,0.99993896484375
linear,MIDNIGHT,MHIST->PCam,1.0,456,0.4304590824711883,0.3039692808201694,0.3399740706117984,0.99993896484375
linear,MIDNIGHT,PCam->MHIST,0.01,42,0.4367414010444804,0.2495516163041705,0.3033644728978434,1.0
linear,MIDNIGHT,PCam->MHIST,0.01,123,0.4576265081937691,0.2752282583002497,0.3124946923504356,1.0
linear,MIDNIGHT,PCam->MHIST,0.01,456,0.432766072393301,0.2180065543375087,0.2644548886189654,1.0
linear,MIDNIGHT,PCam->MHIST,0.05,42,0.4585449306681073,0.3296618282763616,0.3399688912217146,1.0
linear,MIDNIGHT,PCam->MHIST,0.05,123,0.4562668827660724,0.3210657828932612,0.3264447859025258,1.0
linear,MIDNIGHT,PCam->MHIST,0.05,456,0.4325139564199531,0.3086125141809267,0.3185394906335377,1.0
linear,MIDNIGHT,PCam->MHIST,0.1,42,0.4628399063569242,0.3408684716512859,0.3426338671609778,1.0
linear,MIDNIGHT,PCam->MHIST,0.1,123,0.4559472357284351,0.3425961281057829,0.3415189977521104,1.0
linear,MIDNIGHT,PCam->MHIST,0.1,456,0.4353052404105888,0.3355593103196007,0.3367125089032384,1.0
linear,MIDNIGHT,PCam->MHIST,0.25,42,0.4391094903655681,0.3552796281082179,0.3514119724457209,1.0
linear,MIDNIGHT,PCam->MHIST,0.25,123,0.4482396902575184,0.3518161940576012,0.3472334577987116,1.0
linear,MIDNIGHT,PCam->MHIST,0.25,456,0.4471411849450747,0.3547011151150441,0.3469054033051652,1.0
linear,MIDNIGHT,PCam->MHIST,0.5,42,0.439820817576085,0.3560174152524064,0.3483683788980958,1.0
linear,MIDNIGHT,PCam->MHIST,0.5,123,0.457216819737079,0.3581599398646941,0.3486043618407109,1.0
linear,MIDNIGHT,PCam->MHIST,0.5,456,0.4361381235368269,0.3571110776148244,0.3505399483007781,1.0
linear,MIDNIGHT,PCam->MHIST,1.0,42,0.4445434900054025,0.3622809682613543,0.3560193172867648,1.0
linear,MIDNIGHT,PCam->MHIST,1.0,123,0.4445434900054025,0.3622809682613543,0.3560193172867648,1.0
linear,MIDNIGHT,PCam->MHIST,1.0,456,0.4445434900054025,0.3622809682613543,0.3560193172867648,1.0
linear,PLIP,BRACS->CRC,0.01,42,0.5012970757183511,0.1856803604793492,0.0553719923778219,1.0
linear,PLIP,BRACS->CRC,0.01,123,0.6631855893423738,0.1639860223723158,0.028654176065003,1.0
linear,PLIP,BRACS->CRC,0.01,456,0.7107450688561054,0.1984966531919252,0.0487497831253634,1.0
linear,PLIP,BRACS->CRC,0.05,42,0.4868731001486002,0.1704561415362862,0.0949256409818505,0.9982
linear,PLIP,BRACS->CRC,0.05,123,0.4779961868624326,0.1793928140592237,0.1018919935596378,0.9816
linear,PLIP,BRACS->CRC,0.05,456,0.3956058671383243,0.2311123215484665,0.1695131958061709,0.9705333333333334
linear,PLIP,BRACS->CRC,0.1,42,0.4070355688397501,0.2046042729475905,0.1467385338075052,0.9758666666666668
linear,PLIP,BRACS->CRC,0.1,123,0.3845048426496633,0.2359902688750457,0.2031580704742946,0.9152666666666668
linear,PLIP,BRACS->CRC,0.1,456,0.4868928507175334,0.176258753612439,0.1248239184781757,0.9624
linear,PLIP,BRACS->CRC,0.25,42,0.4083639680112337,0.2380655167972184,0.225490192289759,0.887
linear,PLIP,BRACS->CRC,0.25,123,0.4374853239765043,0.2252759985065262,0.2200924423578624,0.8712
linear,PLIP,BRACS->CRC,0.25,456,0.422026798272873,0.2201698559102112,0.2114576076938936,0.8948666666666667
linear,PLIP,BRACS->CRC,0.5,42,0.4389730419702145,0.2347101199721595,0.2389633914415942,0.8485333333333334
linear,PLIP,BRACS->CRC,0.5,123,0.407568104050524,0.2606290781918274,0.269935566318662,0.7990666666666667
linear,PLIP,BRACS->CRC,0.5,456,0.4356551654345622,0.23899330710528,0.2400035922534322,0.8347333333333333
linear,PLIP,BRACS->CRC,1.0,42,0.434316799709809,0.2610130446072705,0.2691838383363177,0.7804666666666666
linear,PLIP,BRACS->CRC,1.0,123,0.434316799709809,0.2610130446072705,0.2691838383363177,0.7804666666666666
linear,PLIP,BRACS->CRC,1.0,456,0.434316799709809,0.2610130446072705,0.2691838383363177,0.7804666666666666
linear,PLIP,CRC->BRACS,0.01,42,0.6060427257322684,0.0696715751916785,0.1517467283029397,0.9157894736842104
linear,PLIP,CRC->BRACS,0.01,123,0.5997488501573469,0.0695555060190412,0.1323273063645995,0.8929824561403509
linear,PLIP,CRC->BRACS,0.01,456,0.6043330912611957,0.0806324306416275,0.1440527960924503,0.8666666666666667
linear,PLIP,CRC->BRACS,0.05,42,0.5983871943839265,0.1200765062986473,0.189232863922253,0.8175438596491228
linear,PLIP,CRC->BRACS,0.05,123,0.6012315419995159,0.1105758262542019,0.1745260726489246,0.8368421052631579
linear,PLIP,CRC->BRACS,0.05,456,0.6183430162188333,0.130671261607212,0.1951211134172686,0.7789473684210526
linear,PLIP,CRC->BRACS,0.1,42,0.6112321471798596,0.1358706768894449,0.1985031112960052,0.8298245614035088
linear,PLIP,CRC->BRACS,0.1,123,0.6094922536916001,0.1373645440008113,0.1993686396391222,0.8263157894736842
linear,PLIP,CRC->BRACS,0.1,456,0.6036825223916726,0.1378340660319816,0.1919030260357925,0.8228070175438597
linear,PLIP,CRC->BRACS,0.25,42,0.6140159767610748,0.1472645730861627,0.2122840815594473,0.8368421052631579
linear,PLIP,CRC->BRACS,0.25,123,0.6229423868312757,0.1653439501227465,0.2125812231408025,0.7701754385964912
linear,PLIP,CRC->BRACS,0.25,456,0.6104151537158073,0.1557324550507012,0.2012783870254902,0.8280701754385965
linear,PLIP,CRC->BRACS,0.5,42,0.60770697167756,0.1663726941480412,0.2214359111214415,0.8526315789473684
linear,PLIP,CRC->BRACS,0.5,123,0.6171477850399419,0.1647126682512378,0.2153938630881818,0.8350877192982457
linear,PLIP,CRC->BRACS,0.5,456,0.6114137012829823,0.1616907198479659,0.2110815203219243,0.8192982456140351
linear,PLIP,CRC->BRACS,1.0,42,0.6132141128056161,0.1786527894979636,0.2188427224521421,0.868421052631579
linear,PLIP,CRC->BRACS,1.0,123,0.6132141128056161,0.1786527894979636,0.2188427224521421,0.868421052631579
linear,PLIP,CRC->BRACS,1.0,456,0.6132141128056161,0.1786527894979636,0.2188427224521421,0.868421052631579
linear,PLIP,MHIST->PCam,0.01,42,0.5166152131339365,0.1969288765882075,0.1850919784784953,1.0
linear,PLIP,MHIST->PCam,0.01,123,0.5463293745001381,0.2297765176046129,0.1672671383228587,1.0
linear,PLIP,MHIST->PCam,0.01,456,0.4281650147590254,0.2207220445088058,0.1975157884893711,1.0
linear,PLIP,MHIST->PCam,0.05,42,0.451131344234332,0.2014630073610934,0.2122902619890799,1.0
linear,PLIP,MHIST->PCam,0.05,123,0.5624698756673333,0.1764920196095533,0.1941307043025972,1.0
linear,PLIP,MHIST->PCam,0.05,456,0.624303082342636,0.2002393635157425,0.2106467595946177,1.0
linear,PLIP,MHIST->PCam,0.1,42,0.5070035675286308,0.2045348259618981,0.2332030044503826,1.0
linear,PLIP,MHIST->PCam,0.1,123,0.5639650025750887,0.1461780748498867,0.1717407567443864,0.999847412109375
linear,PLIP,MHIST->PCam,0.1,456,0.5025692307423514,0.212612491567075,0.2360813982605526,1.0
linear,PLIP,MHIST->PCam,0.25,42,0.5583161240722614,0.1817668626640531,0.2224290164264463,0.997802734375
linear,PLIP,MHIST->PCam,0.25,123,0.5800502166988724,0.12918453866236,0.1648198476771054,0.941131591796875
linear,PLIP,MHIST->PCam,0.25,456,0.5877282127688915,0.1860800894659279,0.2260246040979623,0.99676513671875
linear,PLIP,MHIST->PCam,0.5,42,0.6209878080651261,0.2076325293427115,0.2477588583466111,0.986846923828125
linear,PLIP,MHIST->PCam,0.5,123,0.5579947581207124,0.1680948626482032,0.211726865167255,0.967803955078125
linear,PLIP,MHIST->PCam,0.5,456,0.5865896595377226,0.2241004504506799,0.2796177601700362,0.997100830078125
linear,PLIP,MHIST->PCam,1.0,42,0.5750009498560672,0.2067550421375808,0.2631290515328351,0.968231201171875
linear,PLIP,MHIST->PCam,1.0,123,0.5750009498560672,0.2067550421375808,0.2631290515328351,0.968231201171875
linear,PLIP,MHIST->PCam,1.0,456,0.5750009498560672,0.2067550421375808,0.2631290515328351,0.968231201171875
linear,PLIP,PCam->MHIST,0.01,42,0.4103457590491626,0.352700355658106,0.4260435194920756,0.9160696008188332
linear,PLIP,PCam->MHIST,0.01,123,0.4449171618944714,0.3092658205098739,0.3797287156013705,0.8863868986693961
linear,PLIP,PCam->MHIST,0.01,456,0.4133171258779038,0.3107953774584011,0.3810364944119739,0.8741044012282497
linear,PLIP,PCam->MHIST,0.05,42,0.4534035656401944,0.4175988785618699,0.4505199817614311,0.9119754350051176
linear,PLIP,PCam->MHIST,0.05,123,0.4706059787502251,0.3412168567836616,0.3614408682161391,0.8137154554759468
linear,PLIP,PCam->MHIST,0.05,456,0.4528318026292094,0.3368763173448945,0.3632245392040226,0.7727737973387923
linear,PLIP,PCam->MHIST,0.1,42,0.4782549972987574,0.3561048513492474,0.3755865423449744,0.7840327533265097
linear,PLIP,PCam->MHIST,0.1,123,0.4802989375112552,0.3505709380760011,0.3662118627636614,0.7809621289662231
linear,PLIP,PCam->MHIST,0.1,456,0.4669142805690617,0.321225093627235,0.3407267336370672,0.7052200614124872
linear,PLIP,PCam->MHIST,0.25,42,0.5000810372771475,0.3357831898265633,0.3409273705783001,0.7093142272262026
linear,PLIP,PCam->MHIST,0.25,123,0.5026652260039618,0.3003935417707159,0.3005880806134895,0.6417604912998977
linear,PLIP,PCam->MHIST,0.25,456,0.4914820817576085,0.2858529411180892,0.2906340828815874,0.586489252814739
linear,PLIP,PCam->MHIST,0.5,42,0.5145236808932109,0.2979114078192613,0.2906924031419606,0.586489252814739
linear,PLIP,PCam->MHIST,0.5,123,0.5221591932288853,0.2502337795709931,0.2457728554399529,0.5138178096212896
linear,PLIP,PCam->MHIST,0.5,456,0.5068161354222943,0.2703282180672409,0.2634829261157168,0.5097236438075742
linear,PLIP,PCam->MHIST,1.0,42,0.5479335494327391,0.2607234765022952,0.2501697559018983,0.5005117707267144
linear,PLIP,PCam->MHIST,1.0,123,0.5479335494327391,0.2607234765022952,0.2501697559018983,0.5005117707267144
linear,PLIP,PCam->MHIST,1.0,456,0.5479335494327391,0.2607234765022952,0.2501697559018983,0.5005117707267144
linear,UNI,BRACS->CRC,0.01,42,0.4920610744543148,0.1807539889395953,0.0558372426790067,1.0
linear,UNI,BRACS->CRC,0.01,123,0.4571946394108328,0.1511192993670446,0.0437145839208227,1.0
linear,UNI,BRACS->CRC,0.01,456,0.7777015784683898,0.2332017476533701,0.1098834372585065,1.0
linear,UNI,BRACS->CRC,0.05,42,0.4826105184885769,0.2178459981238923,0.0888555529796875,0.9953333333333332
linear,UNI,BRACS->CRC,0.05,123,0.5180365408159927,0.1990308490225596,0.0655677739685854,0.9972666666666666
linear,UNI,BRACS->CRC,0.05,456,0.3680064002065449,0.1932830113765961,0.1322388085430758,0.9984666666666666
linear,UNI,BRACS->CRC,0.1,42,0.4601213013500189,0.2000179050096968,0.1036654625534431,0.9855333333333334
linear,UNI,BRACS->CRC,0.1,123,0.3924711488361986,0.1740824218025357,0.1321967084951101,0.989
linear,UNI,BRACS->CRC,0.1,456,0.428228549932943,0.170955122192453,0.1212276358456395,0.9943333333333332
linear,UNI,BRACS->CRC,0.25,42,0.4096815974639831,0.1800509797724593,0.1540749395509372,0.9547333333333332
linear,UNI,BRACS->CRC,0.25,123,0.4002151972340734,0.1566190665233802,0.1345427824796525,0.9775333333333334
linear,UNI,BRACS->CRC,0.25,456,0.3821632867516834,0.1659502103536889,0.1631928054674465,0.9740666666666666
linear,UNI,BRACS->CRC,0.5,42,0.4286372516320321,0.1577732663299282,0.1532377961879272,0.9506666666666668
linear,UNI,BRACS->CRC,0.5,123,0.3829298716804441,0.189109656618433,0.1867802296824303,0.9200666666666668
linear,UNI,BRACS->CRC,0.5,456,0.4068378075977701,0.1696082655260377,0.1644552468300471,0.9507333333333332
linear,UNI,BRACS->CRC,1.0,42,0.401307538773908,0.1880210433383179,0.1854041628189721,0.9092
linear,UNI,BRACS->CRC,1.0,123,0.401307538773908,0.1880210433383179,0.1854041628189721,0.9092
linear,UNI,BRACS->CRC,1.0,456,0.401307538773908,0.1880210433383179,0.1854041628189721,0.9092
linear,UNI,CRC->BRACS,0.01,42,0.5856027596223675,0.2063567446089239,0.2782180088255866,1.0
linear,UNI,CRC->BRACS,0.01,123,0.5804889857177439,0.214993681575021,0.2796598260248424,1.0
linear,UNI,CRC->BRACS,0.01,456,0.6047567175018156,0.193738343744176,0.2780910600025431,1.0
linear,UNI,CRC->BRACS,0.05,42,0.5560396998305496,0.231706173605196,0.2812995805583944,1.0
linear,UNI,CRC->BRACS,0.05,123,0.5462206487533285,0.2416400215647018,0.2827417525790813,1.0
linear,UNI,CRC->BRACS,0.05,456,0.580141007020092,0.2369960161682428,0.2808341516063821,1.0
linear,UNI,CRC->BRACS,0.1,42,0.5563725490196078,0.242651139030692,0.2809011246406362,1.0
linear,UNI,CRC->BRACS,0.1,123,0.552817114500121,0.2486257984825482,0.2817064419718267,1.0
linear,UNI,CRC->BRACS,0.1,456,0.5727578068264343,0.2489200398848062,0.2817798450455368,1.0
linear,UNI,CRC->BRACS,0.25,42,0.5287158073105785,0.2570107101307742,0.2813810012252974,1.0
linear,UNI,CRC->BRACS,0.25,123,0.5521362866134107,0.2593960023826189,0.2814419194306474,1.0
linear,UNI,CRC->BRACS,0.25,456,0.5386861534737352,0.2613511681050243,0.2818099684713222,1.0
linear,UNI,CRC->BRACS,0.5,42,0.5197440087145969,0.2669664745814618,0.2815690936931432,1.0
linear,UNI,CRC->BRACS,0.5,123,0.5229817235536189,0.2664013351739184,0.2826039006473674,1.0
linear,UNI,CRC->BRACS,0.5,456,0.5334059549745824,0.2663626127115571,0.282513831385778,1.0
linear,UNI,CRC->BRACS,1.0,42,0.5232540547083031,0.2718966452663764,0.2816731488032825,1.0
linear,UNI,CRC->BRACS,1.0,123,0.5232540547083031,0.2718966452663764,0.2816731488032825,1.0
linear,UNI,CRC->BRACS,1.0,456,0.5232540547083031,0.2718966452663764,0.2816731488032825,1.0
linear,UNI,MHIST->PCam,0.01,42,0.4446465923923366,0.2201774528100705,0.2122528967133083,1.0
linear,UNI,MHIST->PCam,0.01,123,0.558528186261211,0.2265909414424964,0.197232160170749,1.0
linear,UNI,MHIST->PCam,0.01,456,0.5107151792386315,0.2271253780237394,0.2040187507816824,1.0
linear,UNI,MHIST->PCam,0.05,42,0.4483273959459454,0.2498935675127979,0.2797742803266954,1.0
linear,UNI,MHIST->PCam,0.05,123,0.52718010854656,0.2330493942993078,0.2617636077989044,1.0
linear,UNI,MHIST->PCam,0.05,456,0.5696913336026496,0.2308682542890299,0.2398053568227986,1.0
linear,UNI,MHIST->PCam,0.1,42,0.4577639416993899,0.3147971736011634,0.3635697399204122,0.999969482421875
linear,UNI,MHIST->PCam,0.1,123,0.5121534023266908,0.2794563708989773,0.337748942801342,1.0
linear,UNI,MHIST->PCam,0.1,456,0.5473064177409354,0.2672650528001346,0.3190458674587645,1.0
linear,UNI,MHIST->PCam,0.25,42,0.5606544184389207,0.3749890923384358,0.4328107226128064,1.0
linear,UNI,MHIST->PCam,0.25,123,0.5421250669811974,0.3603201768257398,0.4225900554208923,1.0
linear,UNI,MHIST->PCam,0.25,456,0.5598970109036324,0.3312684464766267,0.4029018326029518,0.999969482421875
linear,UNI,MHIST->PCam,0.5,42,0.5805831605515438,0.4093503156970905,0.4612625691569485,1.0
linear,UNI,MHIST->PCam,0.5,123,0.5525697882321463,0.3769442095211029,0.4403835731346474,0.999969482421875
linear,UNI,MHIST->PCam,0.5,456,0.5703431999192268,0.4001652246140181,0.4564813223404785,0.999969482421875
linear,UNI,MHIST->PCam,1.0,42,0.5893857809897634,0.4390379408458358,0.4796353757241793,1.0
linear,UNI,MHIST->PCam,1.0,123,0.5893857809897634,0.4390379408458358,0.4796353757241793,1.0
linear,UNI,MHIST->PCam,1.0,456,0.5893857809897634,0.4390379408458358,0.4796353757241793,1.0
linear,UNI,PCam->MHIST,0.01,42,0.4606969205834683,0.1818055732146425,0.2127177725880603,0.5179119754350051
linear,UNI,PCam->MHIST,0.01,123,0.4554520079236449,0.162860873164925,0.1907972674676704,0.6827021494370522
linear,UNI,PCam->MHIST,0.01,456,0.449900954439042,0.1598253554207999,0.1853765972818469,0.7082906857727738
linear,UNI,PCam->MHIST,0.05,42,0.4448766432558977,0.1927266264291042,0.2013854862645382,0.7349027635619243
linear,UNI,PCam->MHIST,0.05,123,0.4475373671889069,0.1872497515006401,0.1961954471330669,0.7850562947799385
linear,UNI,PCam->MHIST,0.05,456,0.4584188726814334,0.1892691594636338,0.1936638993523602,0.7952917093142272
linear,UNI,PCam->MHIST,0.1,42,0.4483657482441923,0.2101867256181243,0.2004435739719234,0.8628454452405322
linear,UNI,PCam->MHIST,0.1,123,0.4549702863317126,0.2029610837929716,0.1987455464156059,0.834186284544524
linear,UNI,PCam->MHIST,0.1,456,0.4554204934269764,0.1992426334104092,0.197561584045202,0.8485158648925282
linear,UNI,PCam->MHIST,0.25,42,0.4387988474698361,0.2473509065564406,0.2300762163508735,0.933469805527124
linear,UNI,PCam->MHIST,0.25,123,0.4451782820097245,0.2369053415206333,0.2236375280421407,0.9232343909928352
linear,UNI,PCam->MHIST,0.25,456,0.4520079236448766,0.2385077579408482,0.2169208257412239,0.8955987717502559
linear,UNI,PCam->MHIST,0.5,42,0.4387673329731676,0.2749373441064685,0.2309437700939345,0.834186284544524
linear,UNI,PCam->MHIST,0.5,123,0.4506032775076535,0.2510308395971983,0.2185751112609416,0.8935516888433982
linear,UNI,PCam->MHIST,0.5,456,0.4390104448046101,0.2500290060710578,0.2302054248284511,0.789150460593654
linear,UNI,PCam->MHIST,1.0,42,0.4419322888528723,0.2845572668611981,0.2485129091804119,0.9396110542476972
linear,UNI,PCam->MHIST,1.0,123,0.4419322888528723,0.2845572668611981,0.2485129091804119,0.9396110542476972
linear,UNI,PCam->MHIST,1.0,456,0.4419322888528723,0.2845572668611981,0.2485129091804119,0.9396110542476972
linear,VIRCHOW2,BRACS->CRC,0.01,42,0.4854937729851353,0.1815824758400086,0.1115331730905292,0.9998666666666668
linear,VIRCHOW2,BRACS->CRC,0.01,123,0.5413832101034126,0.1754567921979453,0.1114453968751834,1.0
linear,VIRCHOW2,BRACS->CRC,0.01,456,0.5090416717290429,0.1974468637937622,0.0707800821614268,1.0
linear,VIRCHOW2,BRACS->CRC,0.05,42,0.8601212137319683,0.1910503746107813,0.1483058770848988,0.9969333333333332
linear,VIRCHOW2,BRACS->CRC,0.05,123,0.8587781020294677,0.1669305294617376,0.0897027117726997,0.9992666666666666
linear,VIRCHOW2,BRACS->CRC,0.05,456,0.3173908395912093,0.1462957432246572,0.1175941126023012,0.9999333333333332
linear,VIRCHOW2,BRACS->CRC,0.1,42,0.848764965163063,0.206788549449699,0.1542668527673036,0.9718
linear,VIRCHOW2,BRACS->CRC,0.1,123,0.7638685866507474,0.1410213100390559,0.0499513081147905,0.9864
linear,VIRCHOW2,BRACS->CRC,0.1,456,0.592074998422875,0.121834987670166,0.0542384696686671,0.9997333333333334
linear,VIRCHOW2,BRACS->CRC,0.25,42,0.8142555371687454,0.1670998163854303,0.1229899312414869,0.9678666666666668
linear,VIRCHOW2,BRACS->CRC,0.25,123,0.7990827558330257,0.1169007261698363,0.0646843322661314,0.9815333333333334
linear,VIRCHOW2,BRACS->CRC,0.25,456,0.6332116732360734,0.1389577749263619,0.0940016319985229,0.9930666666666668
linear,VIRCHOW2,BRACS->CRC,0.5,42,0.7494319064636421,0.1285959187707566,0.085207604418478,0.9674
linear,VIRCHOW2,BRACS->CRC,0.5,123,0.7541023866572896,0.1234440642959189,0.0736767378643225,0.9667333333333332
linear,VIRCHOW2,BRACS->CRC,0.5,456,0.6379711952737654,0.1337514543950188,0.1003760923314882,0.9656
linear,VIRCHOW2,BRACS->CRC,1.0,42,0.7456394321532545,0.1377773467802993,0.1018906252985075,0.9218666666666666
linear,VIRCHOW2,BRACS->CRC,1.0,123,0.7456394321532545,0.1377773467802993,0.1018906252985075,0.9218666666666666
linear,VIRCHOW2,BRACS->CRC,1.0,456,0.7456394321532545,0.1377773467802993,0.1018906252985075,0.9218666666666666
linear,VIRCHOW2,CRC->BRACS,0.01,42,0.6460451464536432,0.2053047860605841,0.2797371096210962,1.0
linear,VIRCHOW2,CRC->BRACS,0.01,123,0.6281620672960542,0.2213746753569334,0.2818511887047146,1.0
linear,VIRCHOW2,CRC->BRACS,0.01,456,0.6315662067296054,0.2059578900833847,0.2793032577155175,1.0
linear,VIRCHOW2,CRC->BRACS,0.05,42,0.6278746066327766,0.2319427694517416,0.2792523386080457,1.0
linear,VIRCHOW2,CRC->BRACS,0.05,123,0.6402808036794965,0.2412459458919362,0.2811795731860994,1.0
linear,VIRCHOW2,CRC->BRACS,0.05,456,0.6605997337206487,0.2398354833478816,0.2801581590751856,1.0
linear,VIRCHOW2,CRC->BRACS,0.1,42,0.6540940450254176,0.2431854376032211,0.2789047780151097,1.0
linear,VIRCHOW2,CRC->BRACS,0.1,123,0.6417029774872911,0.2494545884184589,0.2802116658972707,1.0
linear,VIRCHOW2,CRC->BRACS,0.1,456,0.6626119583635923,0.247948162722105,0.2801019816427431,1.0
linear,VIRCHOW2,CRC->BRACS,0.25,42,0.6558036794964899,0.2558526240148999,0.2791342953207882,1.0
linear,VIRCHOW2,CRC->BRACS,0.25,123,0.6541545630597919,0.2569585030304892,0.2788876381070441,1.0
linear,VIRCHOW2,CRC->BRACS,0.25,456,0.6457122972645848,0.2566240466426804,0.2804763217433811,1.0
linear,VIRCHOW2,CRC->BRACS,0.5,42,0.6429435971919633,0.263532430859429,0.2797263988667233,1.0
linear,VIRCHOW2,CRC->BRACS,0.5,123,0.6486928104575163,0.2621803494994814,0.2784781989077219,1.0
linear,VIRCHOW2,CRC->BRACS,0.5,456,0.6497821350762527,0.2615044793508963,0.2783760870807225,1.0
linear,VIRCHOW2,CRC->BRACS,1.0,42,0.6347282740256596,0.2676149925919617,0.2793944200000086,1.0
linear,VIRCHOW2,CRC->BRACS,1.0,123,0.6347282740256596,0.2676149925919617,0.2793944200000086,1.0
linear,VIRCHOW2,CRC->BRACS,1.0,456,0.6347282740256596,0.2676149925919617,0.2793944200000086,1.0
linear,VIRCHOW2,MHIST->PCam,0.01,42,0.3713490672264408,0.2252815925037982,0.198575789675257,1.0
linear,VIRCHOW2,MHIST->PCam,0.01,123,0.7376433318276825,0.2380168089974577,0.2195067666511233,1.0
linear,VIRCHOW2,MHIST->PCam,0.01,456,0.3838131755845457,0.228670247093802,0.197861617484694,1.0
linear,VIRCHOW2,MHIST->PCam,0.05,42,0.5732569139062941,0.2922318767678237,0.344681462235939,1.0
linear,VIRCHOW2,MHIST->PCam,0.05,123,0.6731548904798539,0.2890371697705305,0.3251039038494558,1.0
linear,VIRCHOW2,MHIST->PCam,0.05,456,0.5153038362036942,0.3378425600030105,0.3709154290618991,1.0
linear,VIRCHOW2,MHIST->PCam,0.1,42,0.6176742660479211,0.3520015480394514,0.4219036909860469,1.0
linear,VIRCHOW2,MHIST->PCam,0.1,123,0.6216094808983228,0.3807008930394177,0.4432650640296142,1.0
linear,VIRCHOW2,MHIST->PCam,0.1,456,0.4597347323857318,0.3784848634002987,0.4336741892414498,1.0
linear,VIRCHOW2,MHIST->PCam,0.25,42,0.5787626890814743,0.4194593786957737,0.48178618418919,1.0
linear,VIRCHOW2,MHIST->PCam,0.25,123,0.6600341399821372,0.4070807177975761,0.4760345156661811,1.0
linear,VIRCHOW2,MHIST->PCam,0.25,456,0.616372198619834,0.3993086642531233,0.4723518272675322,1.0
linear,VIRCHOW2,MHIST->PCam,0.5,42,0.655839968979949,0.4466816102186644,0.4900854746641056,1.0
linear,VIRCHOW2,MHIST->PCam,0.5,123,0.6676400442211411,0.4255404175178346,0.4863462884684996,1.0
linear,VIRCHOW2,MHIST->PCam,0.5,456,0.6465403798240371,0.4331720972449316,0.4830963878188983,1.0
linear,VIRCHOW2,MHIST->PCam,1.0,42,0.6847770905274055,0.4527512617160663,0.4902114726581751,1.0
linear,VIRCHOW2,MHIST->PCam,1.0,123,0.6847770905274055,0.4527512617160663,0.4902114726581751,1.0
linear,VIRCHOW2,MHIST->PCam,1.0,456,0.6847770905274055,0.4527512617160663,0.4902114726581751,1.0
linear,VIRCHOW2,PCam->MHIST,0.01,42,0.5548262200612282,0.0999467448662048,0.1679564317616217,0.9662231320368476
linear,VIRCHOW2,PCam->MHIST,0.01,123,0.5653250495227805,0.1435518319950425,0.2191682195514454,0.9948822927328556
linear,VIRCHOW2,PCam->MHIST,0.01,456,0.5754727174500269,0.0767790413136151,0.1489573820430049,0.985670419651996
linear,VIRCHOW2,PCam->MHIST,0.05,42,0.5577480641094903,0.175026484046943,0.1967212780490474,0.992835209825998
linear,VIRCHOW2,PCam->MHIST,0.05,123,0.5964973887988474,0.1440351561713666,0.1684802327567586,0.978505629477994
linear,VIRCHOW2,PCam->MHIST,0.05,456,0.5621916081397442,0.1518312514468371,0.1759688000991569,0.984646878198567
linear,VIRCHOW2,PCam->MHIST,0.1,42,0.5746578426075996,0.2027289305073367,0.2064744315360377,0.9918116683725692
linear,VIRCHOW2,PCam->MHIST,0.1,123,0.6167522060147668,0.1485615849316641,0.1509590623256338,0.969293756397134
linear,VIRCHOW2,PCam->MHIST,0.1,456,0.5740275526742301,0.1554088748880461,0.1599015893985763,0.9713408393039918
linear,VIRCHOW2,PCam->MHIST,0.25,42,0.5979200432198811,0.1554477744823864,0.1412266045465366,0.9590583418628454
linear,VIRCHOW2,PCam->MHIST,0.25,123,0.6157257338375652,0.1214404426888775,0.1057453762440152,0.9303991811668372
linear,VIRCHOW2,PCam->MHIST,0.25,456,0.5787097064649739,0.1150869576622212,0.1002678323758322,0.932446264073695
linear,VIRCHOW2,PCam->MHIST,0.5,42,0.6017468035296236,0.1171162921726914,0.0929430754680079,0.8976458546571137
linear,VIRCHOW2,PCam->MHIST,0.5,123,0.596663965424095,0.1541111425320079,0.1276021827709872,0.947799385875128
linear,VIRCHOW2,PCam->MHIST,0.5,456,0.5771339816315505,0.1198055589333242,0.0918662158437256,0.9007164790174002
linear,VIRCHOW2,PCam->MHIST,1.0,42,0.584508373851972,0.1225926215762487,0.0941318457506083,0.7952917093142272
linear,VIRCHOW2,PCam->MHIST,1.0,123,0.584508373851972,0.1225926215762487,0.0941318457506083,0.7952917093142272
linear,VIRCHOW2,PCam->MHIST,1.0,456,0.584508373851972,0.1225926215762487,0.0941318457506083,0.7952917093142272
mlp,CLIP,BRACS->CRC,0.01,42,0.7004807602443024,0.1219143239912887,0.087685317269961,0.8702666666666666
mlp,CLIP,BRACS->CRC,0.01,123,0.7534957959398964,0.2071514354596535,0.1680534746331473,0.7724666666666666
mlp,CLIP,BRACS->CRC,0.01,456,0.5742562614779646,0.1297586820671955,0.1297141571365296,0.89
mlp,CLIP,BRACS->CRC,0.05,42,0.6579920841472077,0.3485181529688338,0.3485844453240434,0.528
mlp,CLIP,BRACS->CRC,0.05,123,0.7900722615270308,0.1666658477738499,0.1621482467030485,0.7864
mlp,CLIP,BRACS->CRC,0.05,456,0.4510698456053121,0.3518737981796264,0.3551011376480261,0.5072
mlp,CLIP,BRACS->CRC,0.1,42,0.5836586457695668,0.3625883161832889,0.3654794404571255,0.5694666666666667
mlp,CLIP,BRACS->CRC,0.1,123,0.573616029079847,0.2783160378739238,0.2775210098316272,0.5919333333333333
mlp,CLIP,BRACS->CRC,0.1,456,0.5065402859035407,0.3156707349850485,0.3183918829383949,0.5074666666666666
mlp,CLIP,BRACS->CRC,0.25,42,0.5179992483831548,0.3143610756039619,0.3142403228044509,0.5234
mlp,CLIP,BRACS->CRC,0.25,123,0.5712097453468974,0.2514355091499785,0.2513017685794582,0.6344666666666666
mlp,CLIP,BRACS->CRC,0.25,456,0.4929593237580434,0.2875480311125516,0.2965456767626107,0.5972666666666666
mlp,CLIP,BRACS->CRC,0.5,42,0.5389785327013931,0.281559308151404,0.281314211435616,0.5777333333333333
mlp,CLIP,BRACS->CRC,0.5,123,0.5485506952200265,0.268807466694961,0.2683084577297171,0.5991333333333333
mlp,CLIP,BRACS->CRC,0.5,456,0.5406203306880472,0.2437411805619796,0.2418010227620601,0.645
mlp,CLIP,BRACS->CRC,1.0,42,0.5607324701105624,0.2293621780325969,0.2299888337023556,0.6620666666666667
mlp,CLIP,BRACS->CRC,1.0,123,0.5531864750148368,0.2515083516915639,0.252282408532997,0.6238666666666667
mlp,CLIP,BRACS->CRC,1.0,456,0.5784583684292304,0.2395297504577785,0.241302069153885,0.6289333333333333
mlp,CLIP,CRC->BRACS,0.01,42,0.6641551682401355,0.2515176741177575,0.2772030996910313,0.5350877192982456
mlp,CLIP,CRC->BRACS,0.01,123,0.6287218591140159,0.2409635288673534,0.2476201264743219,0.5350877192982456
mlp,CLIP,CRC->BRACS,0.01,456,0.6023133018639555,0.3893908548250533,0.4109906475500841,0.6947368421052632
mlp,CLIP,CRC->BRACS,0.05,42,0.6393579036552892,0.2304894101528222,0.2494507799055754,0.5947368421052631
mlp,CLIP,CRC->BRACS,0.05,123,0.6287521181312031,0.201615224295018,0.214837466837152,0.6543859649122807
mlp,CLIP,CRC->BRACS,0.05,456,0.6275114984265311,0.3006373020640591,0.3110785933048056,0.5105263157894737
mlp,CLIP,CRC->BRACS,0.1,42,0.6405077463083999,0.2033797391412551,0.2117416797826687,0.6666666666666666
mlp,CLIP,CRC->BRACS,0.1,123,0.6433067053982087,0.1785494173272398,0.1936496397513046,0.6929824561403509
mlp,CLIP,CRC->BRACS,0.1,456,0.6179193899782136,0.2672260329388735,0.2801341794431209,0.5596491228070175
mlp,CLIP,CRC->BRACS,0.25,42,0.6237139917695473,0.2195139564410375,0.2424663013794966,0.6491228070175439
mlp,CLIP,CRC->BRACS,0.25,123,0.629342168966352,0.2029148257615273,0.2206244192167855,0.6824561403508772
mlp,CLIP,CRC->BRACS,0.25,456,0.6141218833212297,0.2440074751316978,0.2622260331127204,0.5929824561403508
mlp,CLIP,CRC->BRACS,0.5,42,0.6247276688453158,0.2358541487176951,0.2561701526898041,0.5947368421052631
mlp,CLIP,CRC->BRACS,0.5,123,0.6296447591382233,0.2478723371434107,0.2726425219327211,0.5649122807017544
mlp,CLIP,CRC->BRACS,0.5,456,0.6198710965867829,0.2459919498775873,0.2791119057750493,0.5614035087719298
mlp,CLIP,CRC->BRACS,1.0,42,0.6207032195594288,0.2569446446864228,0.2830185353037035,0.5701754385964912
mlp,CLIP,CRC->BRACS,1.0,123,0.6210965867828613,0.2576791254182656,0.2879131547910602,0.5456140350877193
mlp,CLIP,CRC->BRACS,1.0,456,0.6261347131445171,0.2444669663644673,0.2655677323278628,0.5877192982456141
mlp,CLIP,MHIST->PCam,0.01,42,0.6295351026476176,0.118848165483314,0.1003943768487261,0.865753173828125
mlp,CLIP,MHIST->PCam,0.01,123,0.6426728907636242,0.1834754867909396,0.1597299525510606,1.0
mlp,CLIP,MHIST->PCam,0.01,456,0.3823533420835203,0.4278978709446619,0.3678848712384024,0.95623779296875
mlp,CLIP,MHIST->PCam,0.05,42,0.5622048454286062,0.4111732505302825,0.3999015783858795,0.989990234375
mlp,CLIP,MHIST->PCam,0.05,123,0.6213777603488797,0.3472238682400075,0.3133770383172987,0.997802734375
mlp,CLIP,MHIST->PCam,0.05,456,0.6082458488793917,0.3906710254238987,0.3584898549887612,0.99993896484375
mlp,CLIP,MHIST->PCam,0.1,42,0.5814331248038378,0.4294407180400412,0.3895370381470684,0.99468994140625
mlp,CLIP,MHIST->PCam,0.1,123,0.6526373400510463,0.4347160412334006,0.4058506270396265,0.99932861328125
mlp,CLIP,MHIST->PCam,0.1,456,0.5812376215332875,0.3783836877737485,0.3636373863532753,0.999664306640625
mlp,CLIP,MHIST->PCam,0.25,42,0.5468007504688083,0.4185989896054707,0.3877828086888257,0.984588623046875
mlp,CLIP,MHIST->PCam,0.25,123,0.6498074227592487,0.4689156261420066,0.455778552263439,0.99810791015625
mlp,CLIP,MHIST->PCam,0.25,456,0.6232577954964041,0.3939818339883914,0.3644618146007587,0.9857177734375
mlp,CLIP,MHIST->PCam,0.5,42,0.6262684043018214,0.4516933527278297,0.440272149353234,0.988067626953125
mlp,CLIP,MHIST->PCam,0.5,123,0.5664977738946337,0.4632135384160847,0.4563063480972573,0.9864501953125
mlp,CLIP,MHIST->PCam,0.5,456,0.6387273810716037,0.4298846775316178,0.4150397955164635,0.9921875
mlp,CLIP,MHIST->PCam,1.0,42,0.5750579877862387,0.3891513580500714,0.387069091055082,0.939178466796875
mlp,CLIP,MHIST->PCam,1.0,123,0.5787369640846225,0.3940645797065372,0.3854263050286022,0.93927001953125
mlp,CLIP,MHIST->PCam,1.0,456,0.5738694262489746,0.3978658300993629,0.3927012148458288,0.942230224609375
mlp,CLIP,PCam->MHIST,0.01,42,0.5006392940752746,0.3066801012568976,0.3025804127098472,0.6448311156601843
mlp,CLIP,PCam->MHIST,0.01,123,0.4812128579146407,0.3570385438827617,0.3393464333920176,0.7574206755373593
mlp,CLIP,PCam->MHIST,0.01,456,0.4361516297496848,0.3313655947757353,0.3112761459504936,0.6161719549641761
mlp,CLIP,PCam->MHIST,0.05,42,0.4850396182243832,0.2871151757097689,0.2757346191983994,0.5056294779938587
mlp,CLIP,PCam->MHIST,0.05,123,0.5511975508734017,0.3066084849835967,0.2889922244041517,0.6479017400204709
mlp,CLIP,PCam->MHIST,0.05,456,0.5034170718530524,0.2677907752694834,0.2564969309353047,0.7768679631525077
mlp,CLIP,PCam->MHIST,0.1,42,0.5370160273725914,0.2301324562244918,0.2184445747348767,0.6693961105424769
mlp,CLIP,PCam->MHIST,0.1,123,0.5076130019809111,0.2765596095651785,0.2667649840724443,0.503582395087001
mlp,CLIP,PCam->MHIST,0.1,456,0.5359805510534846,0.2404614587523188,0.2257318243826668,0.6734902763561924
mlp,CLIP,PCam->MHIST,0.25,42,0.5704619124797407,0.2374200477753837,0.2262635597942002,0.6049129989764586
mlp,CLIP,PCam->MHIST,0.25,123,0.5715424095083739,0.2325842974244206,0.2169442488416312,0.6284544524053224
mlp,CLIP,PCam->MHIST,0.25,456,0.5842292454529083,0.2299708820147365,0.2136652741272349,0.5537359263050153
mlp,CLIP,PCam->MHIST,0.5,42,0.5675940932829101,0.250294365644638,0.2390633408083154,0.5301944728761515
mlp,CLIP,PCam->MHIST,0.5,123,0.5855618584548893,0.247971668012036,0.2304120735668538,0.5127942681678608
mlp,CLIP,PCam->MHIST,0.5,456,0.5717990275526742,0.2210864275998932,0.2126639701403151,0.5680655066530195
mlp,CLIP,PCam->MHIST,1.0,42,0.5759139204033856,0.2890424281358719,0.2766326547027427,0.601842374616172
mlp,CLIP,PCam->MHIST,1.0,123,0.5651584728975328,0.27101270892603,0.2592775733491354,0.5435005117707267
mlp,CLIP,PCam->MHIST,1.0,456,0.5926481181343418,0.2891291093801891,0.2748377238883577,0.5885363357215967
mlp,CONCH,BRACS->CRC,0.01,42,0.541616602686019,0.4125278919547796,0.424353028378884,0.7382666666666666
mlp,CONCH,BRACS->CRC,0.01,123,0.1377016419914765,0.4235904381083945,0.4148472558796405,0.5842
mlp,CONCH,BRACS->CRC,0.01,456,0.5245341676810888,0.3060491149127483,0.3069330108727018,0.5584
mlp,CONCH,BRACS->CRC,0.05,42,0.3993946541890774,0.4122152184968193,0.3868956773693363,0.5926
mlp,CONCH,BRACS->CRC,0.05,123,0.2655414890454072,0.4076592285941045,0.3834853921453158,0.5708
mlp,CONCH,BRACS->CRC,0.05,456,0.2345790587893755,0.4135420602664351,0.3824691520723204,0.5802666666666667
mlp,CONCH,BRACS->CRC,0.1,42,0.3324648498285023,0.3097252338116367,0.3095598554986218,0.6935333333333333
mlp,CONCH,BRACS->CRC,0.1,123,0.2037410826728879,0.4570499778966109,0.425228756836305,0.5302
mlp,CONCH,BRACS->CRC,0.1,456,0.2042021909185642,0.4594033275534709,0.4387090528512994,0.5059333333333333
mlp,CONCH,BRACS->CRC,0.25,42,0.2503845154663383,0.3212676378669838,0.3181425275544325,0.7375333333333334
mlp,CONCH,BRACS->CRC,0.25,123,0.1779762099468684,0.3716761946494381,0.3644921586374441,0.7048666666666666
mlp,CONCH,BRACS->CRC,0.25,456,0.1454804455494703,0.4419515972723563,0.4344887444560726,0.5979333333333333
mlp,CONCH,BRACS->CRC,0.5,42,0.2272182115870783,0.2995760301038623,0.2979434031141301,0.8056666666666666
mlp,CONCH,BRACS->CRC,0.5,123,0.1627401975845455,0.3667853124263386,0.3599361649900675,0.7276666666666667
mlp,CONCH,BRACS->CRC,0.5,456,0.1596576120225984,0.3979308604727188,0.3883147192160288,0.6756666666666666
mlp,CONCH,BRACS->CRC,1.0,42,0.2235986916580606,0.3171371021265785,0.318429756809771,0.7543333333333333
mlp,CONCH,BRACS->CRC,1.0,123,0.1684247654464782,0.3565071219397088,0.3528662031178673,0.7401333333333333
mlp,CONCH,BRACS->CRC,1.0,456,0.2127919542972565,0.3158260141486922,0.3173006724397341,0.7744666666666666
mlp,CONCH,CRC->BRACS,0.01,42,0.3940329218106995,0.4596756947766009,0.4608421442164271,0.5596491228070175
mlp,CONCH,CRC->BRACS,0.01,123,0.3670116194625998,0.4561130760662388,0.4640060527805696,0.656140350877193
mlp,CONCH,CRC->BRACS,0.01,456,0.4843409586056645,0.3789955633120578,0.3791052236270747,0.5912280701754385
mlp,CONCH,CRC->BRACS,0.05,42,0.3976942628903414,0.3736661848138299,0.3753223063947077,0.8280701754385965
mlp,CONCH,CRC->BRACS,0.05,123,0.4077705156136528,0.3853179387258071,0.3903551034237209,0.724561403508772
mlp,CONCH,CRC->BRACS,0.05,456,0.4406923263132413,0.3475826742225572,0.3464802343373824,0.8245614035087719
mlp,CONCH,CRC->BRACS,0.1,42,0.4293603243766642,0.3482586562502802,0.3531066987475609,0.8456140350877193
mlp,CONCH,CRC->BRACS,0.1,123,0.4081941418542725,0.3520563172781023,0.3522430304895367,0.8385964912280702
mlp,CONCH,CRC->BRACS,0.1,456,0.423202614379085,0.3506875755118304,0.3596867345967902,0.8298245614035088
mlp,CONCH,CRC->BRACS,0.25,42,0.444459573953038,0.3257147077242271,0.3350981922705837,0.8649122807017544
mlp,CONCH,CRC->BRACS,0.25,123,0.4328249818445897,0.3212496133031029,0.3240891924944886,0.8263157894736842
mlp,CONCH,CRC->BRACS,0.25,456,0.414382110869039,0.3378379011338805,0.3392673713628921,0.9017543859649124
mlp,CONCH,CRC->BRACS,0.5,42,0.4289820866618252,0.3345630355898225,0.3364846138675746,0.843859649122807
mlp,CONCH,CRC->BRACS,0.5,123,0.4120370370370371,0.375940323987028,0.3902881657475965,0.7807017543859649
mlp,CONCH,CRC->BRACS,0.5,456,0.4074376664245945,0.3610596343874931,0.3721321905391258,0.8473684210526315
mlp,CONCH,CRC->BRACS,1.0,42,0.4298444686516581,0.3509316465670341,0.3632010264354839,0.8105263157894737
mlp,CONCH,CRC->BRACS,1.0,123,0.4160463568143306,0.3735213459158937,0.3836009802982995,0.7859649122807018
mlp,CONCH,CRC->BRACS,1.0,456,0.430918663761801,0.3587426127245028,0.3676950091545127,0.8245614035087719
mlp,CONCH,MHIST->PCam,0.01,42,0.7038174718136196,0.0975021176236623,0.100816884314554,0.588836669921875
mlp,CONCH,MHIST->PCam,0.01,123,0.646658102744248,0.1031603819446899,0.1057605508531196,0.984100341796875
mlp,CONCH,MHIST->PCam,0.01,456,0.5428825024561681,0.229682793910797,0.2225065972961601,0.962860107421875
mlp,CONCH,MHIST->PCam,0.05,42,0.7460242269753931,0.2255284451791794,0.1995918632153461,0.748992919921875
mlp,CONCH,MHIST->PCam,0.05,123,0.8364615886904962,0.1316781255765136,0.1165422852948268,0.617095947265625
mlp,CONCH,MHIST->PCam,0.05,456,0.6391682636709693,0.1751252374608611,0.1417097770024611,0.63092041015625
mlp,CONCH,MHIST->PCam,0.1,42,0.7939564749742569,0.3304142741332043,0.3066029199314926,0.877593994140625
mlp,CONCH,MHIST->PCam,0.1,123,0.7895480513120239,0.3311332863441407,0.3017441347806766,0.874542236328125
mlp,CONCH,MHIST->PCam,0.1,456,0.7131450025145156,0.1749437713949646,0.1402012770872716,0.6976318359375
mlp,CONCH,MHIST->PCam,0.25,42,0.8096120531521387,0.375452421092632,0.3391463160254488,0.900421142578125
mlp,CONCH,MHIST->PCam,0.25,123,0.7384292266630832,0.3888237777364907,0.3619973307580721,0.926605224609375
mlp,CONCH,MHIST->PCam,0.25,456,0.6415228431471411,0.4285701962177484,0.3905979649708797,0.968719482421875
mlp,CONCH,MHIST->PCam,0.5,42,0.7971068566971867,0.3992259509038263,0.3797611214372409,0.940643310546875
mlp,CONCH,MHIST->PCam,0.5,123,0.6689363728384758,0.4071453640962659,0.3836608682349833,0.9521484375
mlp,CONCH,MHIST->PCam,0.5,456,0.7092233030197839,0.4376303454079391,0.4054696153295367,0.979339599609375
mlp,CONCH,MHIST->PCam,1.0,42,0.7052695138685636,0.3912892094515143,0.3847529406095873,0.9378662109375
mlp,CONCH,MHIST->PCam,1.0,123,0.6906899915777505,0.4189869406670823,0.4096816375191849,0.964874267578125
mlp,CONCH,MHIST->PCam,1.0,456,0.709933598662713,0.3673178428621213,0.360732541476068,0.9112548828125
mlp,CONCH,PCam->MHIST,0.01,42,0.6136862956960202,0.1978259754492048,0.2016127870523942,0.5353121801432958
mlp,CONCH,PCam->MHIST,0.01,123,0.6600036016567621,0.1396555669735373,0.1390288149215426,0.7686796315250768
mlp,CONCH,PCam->MHIST,0.01,456,0.5983702503151449,0.2816993038312073,0.2733180697343885,0.9611054247697032
mlp,CONCH,PCam->MHIST,0.05,42,0.572748964523681,0.1685057438475326,0.1674289780772818,0.654042988741044
mlp,CONCH,PCam->MHIST,0.05,123,0.5461147127678733,0.1852956511072639,0.1826110921777258,0.7983623336745138
mlp,CONCH,PCam->MHIST,0.05,456,0.5908472897532865,0.1944559462513382,0.1872708709451046,0.90992835209826
mlp,CONCH,PCam->MHIST,0.1,42,0.5093913200072033,0.1994138821585822,0.1857808335791956,0.7871033776867963
mlp,CONCH,PCam->MHIST,0.1,123,0.5109085179182424,0.2165880285798283,0.2018616135130153,0.6642784032753326
mlp,CONCH,PCam->MHIST,0.1,456,0.4926436160633891,0.2509582135692895,0.2473620073898421,0.8188331627430911
mlp,CONCH,PCam->MHIST,0.25,42,0.4832973167657123,0.2278585793524828,0.2205188697930368,0.6499488229273286
mlp,CONCH,PCam->MHIST,0.25,123,0.4909913560237708,0.2612388971601989,0.2541309447011537,0.7113613101330604
mlp,CONCH,PCam->MHIST,0.25,456,0.5773590851791824,0.165605159093194,0.1604770247194393,0.6038894575230297
mlp,CONCH,PCam->MHIST,0.5,42,0.495259319286872,0.2387689801663191,0.2315038194805536,0.8863868986693961
mlp,CONCH,PCam->MHIST,0.5,123,0.4839050963443184,0.2881561246611933,0.2742446579588167,0.872057318321392
mlp,CONCH,PCam->MHIST,0.5,456,0.5017468035296235,0.2754032910480226,0.2591304002804424,0.8485158648925282
mlp,CONCH,PCam->MHIST,1.0,42,0.5154060867999279,0.2153527068742527,0.2053634928522237,0.8014329580348004
mlp,CONCH,PCam->MHIST,1.0,123,0.4956780118854673,0.2242813147032517,0.2219516501944043,0.5383828045035824
mlp,CONCH,PCam->MHIST,1.0,456,0.4424770394381415,0.3255812544394723,0.3099056101092418,0.8996929375639714
mlp,GigaPath,BRACS->CRC,0.01,42,0.4603759595636854,0.331416084420681,0.3271968995774785,0.5913333333333334
mlp,GigaPath,BRACS->CRC,0.01,123,0.3388765014813292,0.2435951945791641,0.2496047583987315,0.762
mlp,GigaPath,BRACS->CRC,0.01,456,0.6165955305448207,0.4891128122846285,0.4942971619317929,0.882
mlp,GigaPath,BRACS->CRC,0.05,42,0.6404974974824413,0.3860959041034182,0.3859908097311854,0.5567333333333333
mlp,GigaPath,BRACS->CRC,0.05,123,0.554591357443095,0.3883053284396728,0.3849519553576906,0.6026666666666667
mlp,GigaPath,BRACS->CRC,0.05,456,0.4201954897440151,0.3709287409548958,0.3714264221131801,0.5676
mlp,GigaPath,BRACS->CRC,0.1,42,0.5405497068884143,0.421365417745461,0.4233348937198519,0.6054666666666667
mlp,GigaPath,BRACS->CRC,0.1,123,0.4264262283758651,0.3606354006811976,0.3557797537597517,0.5123333333333333
mlp,GigaPath,BRACS->CRC,0.1,456,0.4583669506757104,0.348745282027622,0.3485580036461353,0.513
mlp,GigaPath,BRACS->CRC,0.25,42,0.5366814612179143,0.3560164261805514,0.3538327064250906,0.5299333333333334
mlp,GigaPath,BRACS->CRC,0.25,123,0.3877522961770492,0.3337586024383704,0.3339201955797771,0.6199333333333333
mlp,GigaPath,BRACS->CRC,0.25,456,0.4021899438134647,0.4011163143744071,0.4023151600261529,0.639
mlp,GigaPath,BRACS->CRC,0.5,42,0.5463483607538892,0.3370684431100885,0.3361522942704459,0.5448666666666667
mlp,GigaPath,BRACS->CRC,0.5,123,0.5105626115669846,0.3970911140568554,0.394148231652379,0.5725333333333333
mlp,GigaPath,BRACS->CRC,0.5,456,0.5372850035572928,0.350453303934137,0.345940507517755,0.5273333333333333
mlp,GigaPath,BRACS->CRC,1.0,42,0.5259476293768137,0.3580502544720967,0.3543961289279163,0.5174
mlp,GigaPath,BRACS->CRC,1.0,123,0.5096112985812885,0.367664933809638,0.3601085085933407,0.5166666666666667
mlp,GigaPath,BRACS->CRC,1.0,456,0.5333660854474596,0.3767431564723452,0.3699957765897115,0.5093333333333333
mlp,GigaPath,CRC->BRACS,0.01,42,0.665380658436214,0.0834579933892216,0.1118736917054966,0.8929824561403509
mlp,GigaPath,CRC->BRACS,0.01,123,0.6036220043572984,0.137139380154641,0.1671581522610626,0.9543859649122808
mlp,GigaPath,CRC->BRACS,0.01,456,0.642883079157589,0.1010291776374766,0.1226283961482215,0.875438596491228
mlp,GigaPath,CRC->BRACS,0.05,42,0.601397966594045,0.2382801135446418,0.2473587484670835,0.9789473684210528
mlp,GigaPath,CRC->BRACS,0.05,123,0.6163610505930767,0.2234884918258901,0.2390585657405226,0.9701754385964912
mlp,GigaPath,CRC->BRACS,0.05,456,0.5843016218833211,0.2494877847074939,0.2567403190311763,0.987719298245614
mlp,GigaPath,CRC->BRACS,0.1,42,0.6449709513435004,0.2434427777664703,0.2510006975186498,0.9736842105263158
mlp,GigaPath,CRC->BRACS,0.1,123,0.596163156620673,0.2288245333325967,0.2465445017311395,0.963157894736842
mlp,GigaPath,CRC->BRACS,0.1,456,0.6144849915274752,0.2700816831657696,0.2772395237128397,0.9912280701754386
mlp,GigaPath,CRC->BRACS,0.25,42,0.6117768094892277,0.254041546138755,0.2658025725254495,0.963157894736842
mlp,GigaPath,CRC->BRACS,0.25,123,0.6776960784313726,0.1926393512799813,0.2138537768830071,0.9280701754385964
mlp,GigaPath,CRC->BRACS,0.25,456,0.578658315177923,0.2619230678435741,0.2738864277652873,0.980701754385965
mlp,GigaPath,CRC->BRACS,0.5,42,0.5803225611232148,0.2369759226315899,0.2559075169526694,0.9736842105263158
mlp,GigaPath,CRC->BRACS,0.5,123,0.607222827402566,0.219101300534972,0.239756748527942,0.9596491228070176
mlp,GigaPath,CRC->BRACS,0.5,456,0.591926894214476,0.2330800124689152,0.2566105692565703,0.9526315789473684
mlp,GigaPath,CRC->BRACS,1.0,42,0.5712448559670782,0.2272084981072367,0.2527294303274207,0.9578947368421052
mlp,GigaPath,CRC->BRACS,1.0,123,0.5900054466230936,0.2218570712365602,0.2411753491482191,0.9578947368421052
mlp,GigaPath,CRC->BRACS,1.0,456,0.5534676833696441,0.2266809882432745,0.249533818964438,0.9596491228070176
mlp,GigaPath,MHIST->PCam,0.01,42,0.2961528040896631,0.1808099211793887,0.1807564102064134,0.938934326171875
mlp,GigaPath,MHIST->PCam,0.01,123,0.4441477945567739,0.0420089870708579,0.0166260691075876,0.583953857421875
mlp,GigaPath,MHIST->PCam,0.01,456,0.5216689316994609,0.062346121723749,0.0342601715328783,0.739044189453125
mlp,GigaPath,MHIST->PCam,0.05,42,0.3323899480965266,0.221154800944987,0.2281708065714838,0.905670166015625
mlp,GigaPath,MHIST->PCam,0.05,123,0.4576774944595889,0.1043577095715591,0.0886599430796195,0.53546142578125
mlp,GigaPath,MHIST->PCam,0.05,456,0.4191003946062898,0.1594030732655937,0.1514426312992327,0.699066162109375
mlp,GigaPath,MHIST->PCam,0.1,42,0.2807235950807338,0.3296337608207977,0.308386670831851,0.905426025390625
mlp,GigaPath,MHIST->PCam,0.1,123,0.4497019258715002,0.1631741086389411,0.1484033286983503,0.727874755859375
mlp,GigaPath,MHIST->PCam,0.1,456,0.4358862186164584,0.1806059322605051,0.1780979554332589,0.573211669921875
mlp,GigaPath,MHIST->PCam,0.25,42,0.4598718417201944,0.298846645436015,0.2692688629376789,0.87860107421875
mlp,GigaPath,MHIST->PCam,0.25,123,0.5050889020761706,0.1906638117898182,0.1735584465238844,0.78009033203125
mlp,GigaPath,MHIST->PCam,0.25,456,0.4878590084802039,0.1827775733420367,0.1801973439270341,0.563812255859375
mlp,GigaPath,MHIST->PCam,0.5,42,0.5075716054849649,0.2583490346656845,0.2660698135089205,0.8875732421875
mlp,GigaPath,MHIST->PCam,0.5,123,0.4828678394128536,0.1956336523255686,0.1918538375348362,0.671630859375
mlp,GigaPath,MHIST->PCam,0.5,456,0.500515878294699,0.1899236536013404,0.181860635261728,0.6435546875
mlp,GigaPath,MHIST->PCam,1.0,42,0.5291446183923121,0.1876080764591279,0.1966769368925724,0.766204833984375
mlp,GigaPath,MHIST->PCam,1.0,123,0.547286295581715,0.1902813714743843,0.1997399892566136,0.7530517578125
mlp,GigaPath,MHIST->PCam,1.0,456,0.5528316333470867,0.1824372462606334,0.1914079381973579,0.74078369140625
mlp,GigaPath,PCam->MHIST,0.01,42,0.458499909958581,0.1270344888480683,0.1305795852457122,0.8352098259979529
mlp,GigaPath,PCam->MHIST,0.01,123,0.4240590671708986,0.1608649879358442,0.1641685197791399,0.8638689866939611
mlp,GigaPath,PCam->MHIST,0.01,456,0.4302674230145867,0.1915758699941293,0.1767765531276363,0.9887410440122824
mlp,GigaPath,PCam->MHIST,0.05,42,0.4569376913380155,0.1483565946104826,0.1366116363048065,0.8894575230296827
mlp,GigaPath,PCam->MHIST,0.05,123,0.4186070592472537,0.1757606265183725,0.1607442465415386,0.9181166837256908
mlp,GigaPath,PCam->MHIST,0.05,456,0.4237664325589771,0.1488367292568652,0.1452888522903409,0.9089048106448312
mlp,GigaPath,PCam->MHIST,0.1,42,0.439757788582748,0.1399042014730379,0.1389553000580447,0.8884339815762539
mlp,GigaPath,PCam->MHIST,0.1,123,0.4431163335134161,0.1373363506800076,0.1414592855723389,0.8986693961105425
mlp,GigaPath,PCam->MHIST,0.1,456,0.4242931748604358,0.1442746463305142,0.1468263362270294,0.8925281473899693
mlp,GigaPath,PCam->MHIST,0.25,42,0.4860210696920583,0.1418461150955885,0.1056546725965693,0.9559877175025588
mlp,GigaPath,PCam->MHIST,0.25,123,0.5460967044840627,0.1862570833540621,0.1390945593289794,0.9641760491299898
mlp,GigaPath,PCam->MHIST,0.25,456,0.4828561138123537,0.1749642558754283,0.1452410017638758,0.985670419651996
mlp,GigaPath,PCam->MHIST,0.5,42,0.6493697100666307,0.2293795856705341,0.1805747145617203,0.9744114636642784
mlp,GigaPath,PCam->MHIST,0.5,123,0.5848865478119935,0.2366284419121859,0.1837597950957448,0.9877175025588536
mlp,GigaPath,PCam->MHIST,0.5,456,0.5359580406987214,0.2076131069771526,0.1633157198876905,0.9887410440122824
mlp,GigaPath,PCam->MHIST,1.0,42,0.5898658382856113,0.1677701615880004,0.1298872690453378,0.9273285568065508
mlp,GigaPath,PCam->MHIST,1.0,123,0.5835134161714388,0.2214901089256471,0.1782502385472141,0.9866939611054248
mlp,GigaPath,PCam->MHIST,1.0,456,0.5617414010444806,0.2617582055638061,0.2028747497197,0.9948822927328556
mlp,H-Optimus-0,BRACS->CRC,0.01,42,0.4922452548984331,0.2545919463167588,0.243886858044068,0.8726
mlp,H-Optimus-0,BRACS->CRC,0.01,123,0.5152072809431908,0.1615797811458508,0.1515715917964776,0.9674
mlp,H-Optimus-0,BRACS->CRC,0.01,456,0.4198407461611611,0.2967682995001475,0.294795389576753,0.6744
mlp,H-Optimus-0,BRACS->CRC,0.05,42,0.5208264455810128,0.2918330677268406,0.2895850812790294,0.6784
mlp,H-Optimus-0,BRACS->CRC,0.05,123,0.417802038404744,0.2333612756679455,0.2402656799226999,0.9
mlp,H-Optimus-0,BRACS->CRC,0.05,456,0.4635575717767072,0.2079295856485764,0.2086804576272765,0.8028666666666666
mlp,H-Optimus-0,BRACS->CRC,0.1,42,0.4579035972174843,0.2806957939051092,0.2855823058033983,0.6351333333333333
mlp,H-Optimus-0,BRACS->CRC,0.1,123,0.4843839078351566,0.2331471572130918,0.2461468320605655,0.7779333333333334
mlp,H-Optimus-0,BRACS->CRC,0.1,456,0.470076701571751,0.1974662251576781,0.195120450720191,0.8303333333333334
mlp,H-Optimus-0,BRACS->CRC,0.25,42,0.4726194869262186,0.3025662609323859,0.3042104031304518,0.5656666666666667
mlp,H-Optimus-0,BRACS->CRC,0.25,123,0.5361984119520368,0.2541156514927745,0.2626117165183028,0.6726
mlp,H-Optimus-0,BRACS->CRC,0.25,456,0.4533181612943172,0.2223947328055898,0.2262149250057836,0.7743333333333333
mlp,H-Optimus-0,BRACS->CRC,0.5,42,0.4849914294943386,0.2724525468299786,0.2759206929698586,0.6194666666666667
mlp,H-Optimus-0,BRACS->CRC,0.5,123,0.5511811351327355,0.3515531665186087,0.3507200501235822,0.5113333333333333
mlp,H-Optimus-0,BRACS->CRC,0.5,456,0.4977275893470469,0.2726605699320634,0.2824874075261255,0.607
mlp,H-Optimus-0,BRACS->CRC,1.0,42,0.558764422661299,0.3374919333090385,0.3365210191053648,0.5034666666666666
mlp,H-Optimus-0,BRACS->CRC,1.0,123,0.5641057650632954,0.3528186668351292,0.3506366604467233,0.5116666666666667
mlp,H-Optimus-0,BRACS->CRC,1.0,456,0.5350221761286373,0.3313606296973924,0.3318073367799322,0.5094
mlp,H-Optimus-0,CRC->BRACS,0.01,42,0.5295933188090051,0.2504088069001833,0.2684047696556438,1.0
mlp,H-Optimus-0,CRC->BRACS,0.01,123,0.4858085209392399,0.2606909150486453,0.2763891992731052,0.9982456140350876
mlp,H-Optimus-0,CRC->BRACS,0.01,456,0.5694293149358508,0.2408252157989824,0.2610271031788567,0.9894736842105264
mlp,H-Optimus-0,CRC->BRACS,0.05,42,0.4218409586056645,0.2809368909908491,0.2823904047720134,1.0
mlp,H-Optimus-0,CRC->BRACS,0.05,123,0.4638707334785766,0.2819987914377922,0.2832699145925672,1.0
mlp,H-Optimus-0,CRC->BRACS,0.05,456,0.5356753812636166,0.2777463648754188,0.2785041838753642,1.0
mlp,H-Optimus-0,CRC->BRACS,0.1,42,0.4720406681190995,0.2814391843566115,0.2828672536452742,1.0
mlp,H-Optimus-0,CRC->BRACS,0.1,123,0.4053649237472766,0.2802888197399545,0.2828012263953783,1.0
mlp,H-Optimus-0,CRC->BRACS,0.1,456,0.5151900266279351,0.2820434011257532,0.2833978640867332,1.0
mlp,H-Optimus-0,CRC->BRACS,0.25,42,0.4275296538368434,0.2825480931969523,0.284059035796427,1.0
mlp,H-Optimus-0,CRC->BRACS,0.25,123,0.4291182522391673,0.2809464121335431,0.2834490923946233,1.0
mlp,H-Optimus-0,CRC->BRACS,0.25,456,0.4842047930283224,0.2822778425081388,0.2833727602177022,1.0
mlp,H-Optimus-0,CRC->BRACS,0.5,42,0.4906499636891794,0.2820293247797771,0.284045905681284,1.0
mlp,H-Optimus-0,CRC->BRACS,0.5,123,0.4179829339143064,0.2822832584319832,0.2833190352435371,1.0
mlp,H-Optimus-0,CRC->BRACS,0.5,456,0.488940329218107,0.2824055327233253,0.2837649554328731,1.0
mlp,H-Optimus-0,CRC->BRACS,1.0,42,0.4161220043572984,0.2802561365737857,0.2837740571682317,1.0
mlp,H-Optimus-0,CRC->BRACS,1.0,123,0.439466836117163,0.2812916440676832,0.2837737086596654,1.0
mlp,H-Optimus-0,CRC->BRACS,1.0,456,0.4003419268942144,0.2812840716423173,0.2828259946114645,1.0
mlp,H-Optimus-0,MHIST->PCam,0.01,42,0.6839201357665906,0.1048532845197769,0.10524001484373,0.709442138671875
mlp,H-Optimus-0,MHIST->PCam,0.01,123,0.7618090988272647,0.1380183593528272,0.146013483693423,0.701385498046875
mlp,H-Optimus-0,MHIST->PCam,0.01,456,0.5300408563464953,0.0541668449523058,0.0489842244778628,0.755462646484375
mlp,H-Optimus-0,MHIST->PCam,0.05,42,0.6489314354868245,0.2760981345259097,0.2425170004033816,0.942626953125
mlp,H-Optimus-0,MHIST->PCam,0.05,123,0.7963453643803404,0.1619505549451787,0.1724377637069665,0.65386962890625
mlp,H-Optimus-0,MHIST->PCam,0.05,456,0.6244684796741438,0.267614482039562,0.2114962755840679,0.908111572265625
mlp,H-Optimus-0,MHIST->PCam,0.1,42,0.5541723618449484,0.4180917975501188,0.3731065584256612,0.996429443359375
mlp,H-Optimus-0,MHIST->PCam,0.1,123,0.7578790751698414,0.3178979864629809,0.2918218492009146,0.984893798828125
mlp,H-Optimus-0,MHIST->PCam,0.1,456,0.6913921828501559,0.2950535368299825,0.282784506579901,0.914947509765625
mlp,H-Optimus-0,MHIST->PCam,0.25,42,0.6824321986704236,0.4518570502277157,0.432933935224014,0.99725341796875
mlp,H-Optimus-0,MHIST->PCam,0.25,123,0.7444646562590008,0.4012116869566284,0.3868057532820899,0.984832763671875
mlp,H-Optimus-0,MHIST->PCam,0.25,456,0.669819022793815,0.4040956821718851,0.4036689321542894,0.9888916015625
mlp,H-Optimus-0,MHIST->PCam,0.5,42,0.680238879590128,0.4774721805441402,0.4702241821917141,0.99951171875
mlp,H-Optimus-0,MHIST->PCam,0.5,123,0.7023655247535956,0.4389964167669404,0.4328969873745905,0.99432373046875
mlp,H-Optimus-0,MHIST->PCam,0.5,456,0.5567463684103342,0.4553899816617104,0.4520402876162279,0.995147705078125
mlp,H-Optimus-0,MHIST->PCam,1.0,42,0.6447855908218546,0.4792429410777572,0.4762756305938183,0.994842529296875
mlp,H-Optimus-0,MHIST->PCam,1.0,123,0.6453117676834635,0.4803575814179623,0.4767957966562335,0.994873046875
mlp,H-Optimus-0,MHIST->PCam,1.0,456,0.6460025763292844,0.4792685156396317,0.4744971888295026,0.993927001953125
mlp,H-Optimus-0,PCam->MHIST,0.01,42,0.5610165676211056,0.337360655549559,0.3404565577070203,1.0
mlp,H-Optimus-0,PCam->MHIST,0.01,123,0.5744192328471097,0.3222095471184353,0.3133922870382438,1.0
mlp,H-Optimus-0,PCam->MHIST,0.01,456,0.6305465514136502,0.3255413270468691,0.309945523071588,0.9989764585465712
mlp,H-Optimus-0,PCam->MHIST,0.05,42,0.5655771654961282,0.3341943933232902,0.3280540925232329,1.0
mlp,H-Optimus-0,PCam->MHIST,0.05,123,0.5734062668827661,0.3306179073169263,0.318932704932553,1.0
mlp,H-Optimus-0,PCam->MHIST,0.05,456,0.6061993517017827,0.3096659350244208,0.3083911826881745,0.9989764585465712
mlp,H-Optimus-0,PCam->MHIST,0.1,42,0.5765757248334233,0.3307179239756802,0.3148147668250995,1.0
mlp,H-Optimus-0,PCam->MHIST,0.1,123,0.6571267783180263,0.3013339089830248,0.2823811492433689,0.9948822927328556
mlp,H-Optimus-0,PCam->MHIST,0.1,456,0.6213623266702684,0.3060144677781095,0.2966413108504233,0.9979529170931424
mlp,H-Optimus-0,PCam->MHIST,0.25,42,0.6256798127138484,0.3134953191021539,0.2913102269050653,0.9959058341862844
mlp,H-Optimus-0,PCam->MHIST,0.25,123,0.6166261480280929,0.3184555400059984,0.2996380026762049,0.9979529170931424
mlp,H-Optimus-0,PCam->MHIST,0.25,456,0.6087565280028813,0.3167336008901362,0.31039140721213,0.9989764585465712
mlp,H-Optimus-0,PCam->MHIST,0.5,42,0.6309832522960561,0.3135864259818132,0.2976984566529429,0.9969293756397134
mlp,H-Optimus-0,PCam->MHIST,0.5,123,0.6252341076895372,0.3019963680874239,0.2837165582814505,0.9948822927328556
mlp,H-Optimus-0,PCam->MHIST,0.5,456,0.6182108770034216,0.3243225304030469,0.3000229472559452,0.9979529170931424
mlp,H-Optimus-0,PCam->MHIST,1.0,42,0.6355753646677471,0.2734394402089724,0.2259960199993183,0.9805527123848516
mlp,H-Optimus-0,PCam->MHIST,1.0,123,0.630537547271745,0.3098894525109623,0.2775833395251598,0.9959058341862844
mlp,H-Optimus-0,PCam->MHIST,1.0,456,0.631017017828201,0.3138568443470199,0.2786099430604503,0.9959058341862844
mlp,MIDNIGHT,BRACS->CRC,0.01,42,0.3476129703336962,0.3207118941346804,0.3080406828800837,0.8766
mlp,MIDNIGHT,BRACS->CRC,0.01,123,0.4179368059190081,0.2979379283189773,0.2896442885200183,0.9020666666666668
mlp,MIDNIGHT,BRACS->CRC,0.01,456,0.3367380916846965,0.23848658097138,0.2525107311209043,0.8554666666666667
mlp,MIDNIGHT,BRACS->CRC,0.05,42,0.3022518824738197,0.3298512139002482,0.3184055454134941,0.8969333333333334
mlp,MIDNIGHT,BRACS->CRC,0.05,123,0.292325834299079,0.3321733757932981,0.3236704960485299,0.8087333333333333
mlp,MIDNIGHT,BRACS->CRC,0.05,456,0.1657606655992841,0.3104668929080168,0.2959743041088183,0.9870666666666666
mlp,MIDNIGHT,BRACS->CRC,0.1,42,0.3335397772807562,0.3305177819351355,0.3218893895546595,0.87
mlp,MIDNIGHT,BRACS->CRC,0.1,123,0.3009631852315687,0.3278148133377234,0.319826366096735,0.8258666666666666
mlp,MIDNIGHT,BRACS->CRC,0.1,456,0.2685374422597045,0.2980561692118644,0.2766222792436679,0.983
mlp,MIDNIGHT,BRACS->CRC,0.25,42,0.7883117958429324,0.4750260796375573,0.4633008270829916,0.6708666666666666
mlp,MIDNIGHT,BRACS->CRC,0.25,123,0.6881046740725337,0.5286202077229818,0.4975159207510451,0.7157333333333333
mlp,MIDNIGHT,BRACS->CRC,0.25,456,0.4540385824626046,0.4013186701628069,0.3881997358053922,0.6126666666666667
mlp,MIDNIGHT,BRACS->CRC,0.5,42,0.6992114667495339,0.4284227408329645,0.4252658828119436,0.6314
mlp,MIDNIGHT,BRACS->CRC,0.5,123,0.7369352724570905,0.5738347126096487,0.5594134759644668,0.7684666666666666
mlp,MIDNIGHT,BRACS->CRC,0.5,456,0.6047230473733276,0.3671390846073627,0.3644686064345141,0.5608666666666666
mlp,MIDNIGHT,BRACS->CRC,1.0,42,0.6286374998831759,0.3626027942890922,0.3618825846140583,0.5358
mlp,MIDNIGHT,BRACS->CRC,1.0,123,0.6513808276225835,0.3996880930667122,0.3967630543271701,0.5958666666666667
mlp,MIDNIGHT,BRACS->CRC,1.0,456,0.6061543795006472,0.3690624798965951,0.3647743389392892,0.5308666666666667
mlp,MIDNIGHT,CRC->BRACS,0.01,42,0.4210239651416122,0.2846972823665853,0.2891089088561242,0.9719298245614036
mlp,MIDNIGHT,CRC->BRACS,0.01,123,0.4002511498426531,0.260309960091846,0.2653250176002059,0.9526315789473684
mlp,MIDNIGHT,CRC->BRACS,0.01,456,0.4980634229000241,0.2079949212440273,0.2064506074446335,0.936842105263158
mlp,MIDNIGHT,CRC->BRACS,0.05,42,0.5051289034132171,0.2484144007950498,0.2475169229206809,0.9596491228070176
mlp,MIDNIGHT,CRC->BRACS,0.05,123,0.4353667392883079,0.2661850816717273,0.2675940360939293,0.9157894736842104
mlp,MIDNIGHT,CRC->BRACS,0.05,456,0.4532195594287097,0.2658521630523497,0.2663499102257846,0.9929824561403509
mlp,MIDNIGHT,CRC->BRACS,0.1,42,0.4356541999515855,0.2862146394882808,0.2884356262619819,0.9771929824561404
mlp,MIDNIGHT,CRC->BRACS,0.1,123,0.4424019607843137,0.2733109078615119,0.289018002328904,0.9298245614035088
mlp,MIDNIGHT,CRC->BRACS,0.1,456,0.4273178407165335,0.2912271959788836,0.289013852818722,0.9894736842105264
mlp,MIDNIGHT,CRC->BRACS,0.25,42,0.5363864681675139,0.2525157419735925,0.2560249031913515,0.9701754385964912
mlp,MIDNIGHT,CRC->BRACS,0.25,123,0.4804980634229,0.2629555126423376,0.2751698202600605,0.912280701754386
mlp,MIDNIGHT,CRC->BRACS,0.25,456,0.4583484628419269,0.291283501208384,0.2946025930083634,0.9789473684210528
mlp,MIDNIGHT,CRC->BRACS,0.5,42,0.521635197288792,0.2671176531156035,0.2718556469379875,0.9912280701754386
mlp,MIDNIGHT,CRC->BRACS,0.5,123,0.4996066327765673,0.2478870089410951,0.2536353300015131,0.963157894736842
mlp,MIDNIGHT,CRC->BRACS,0.5,456,0.5645122246429436,0.2368328551941534,0.2475180722707719,0.963157894736842
mlp,MIDNIGHT,CRC->BRACS,1.0,42,0.4898783587509077,0.2664472005950908,0.2766244302193323,0.9859649122807016
mlp,MIDNIGHT,CRC->BRACS,1.0,123,0.503615952553861,0.2642157621975792,0.2696519613707144,0.987719298245614
mlp,MIDNIGHT,CRC->BRACS,1.0,456,0.5003328491890584,0.2721678481110486,0.2804776886837524,0.9842105263157894
mlp,MIDNIGHT,MHIST->PCam,0.01,42,0.682823737928134,0.1255165402417333,0.1251586577691341,0.99993896484375
mlp,MIDNIGHT,MHIST->PCam,0.01,123,0.6845285018604121,0.1101085410082304,0.1037121427198144,0.981903076171875
mlp,MIDNIGHT,MHIST->PCam,0.01,456,0.718978079892419,0.1161051916569703,0.1119967823506158,0.993133544921875
mlp,MIDNIGHT,MHIST->PCam,0.05,42,0.3897988930350011,0.2179977712969503,0.201306744939302,0.871185302734375
mlp,MIDNIGHT,MHIST->PCam,0.05,123,0.3623916348710287,0.1414749055898028,0.1415526181963287,0.641021728515625
mlp,MIDNIGHT,MHIST->PCam,0.05,456,0.3186076436630433,0.1248531856545014,0.148868663203757,0.915313720703125
mlp,MIDNIGHT,MHIST->PCam,0.1,42,0.3991342449843064,0.2331147258300916,0.2087150877932799,0.822235107421875
mlp,MIDNIGHT,MHIST->PCam,0.1,123,0.3454109073621573,0.2109132322048026,0.1960160374030692,0.630096435546875
mlp,MIDNIGHT,MHIST->PCam,0.1,456,0.2429563604476364,0.1238585317191791,0.1324696233355098,0.961029052734375
mlp,MIDNIGHT,MHIST->PCam,0.25,42,0.577809007140403,0.1409640612650946,0.1297071929125195,0.788238525390625
mlp,MIDNIGHT,MHIST->PCam,0.25,123,0.5098390150148859,0.0945546091297728,0.0928296983797736,0.721282958984375
mlp,MIDNIGHT,MHIST->PCam,0.25,456,0.5181656811018227,0.127182911895943,0.0952425320497241,0.933074951171875
mlp,MIDNIGHT,MHIST->PCam,0.5,42,0.5628353956302046,0.1268559806210305,0.109766331136825,0.537750244140625
mlp,MIDNIGHT,MHIST->PCam,0.5,123,0.6129436289304413,0.0502970809509406,0.046692353059825,0.7896728515625
mlp,MIDNIGHT,MHIST->PCam,0.5,456,0.5674349192690515,0.0920653415334982,0.0881276382733631,0.836090087890625
mlp,MIDNIGHT,MHIST->PCam,1.0,42,0.5900301017294638,0.1217627499772788,0.1206296043304746,0.59869384765625
mlp,MIDNIGHT,MHIST->PCam,1.0,123,0.5861954753234173,0.0895206211016557,0.0973228266107071,0.536285400390625
mlp,MIDNIGHT,MHIST->PCam,1.0,456,0.580966710922751,0.1157111488109876,0.1157787127472147,0.5794677734375
mlp,MIDNIGHT,PCam->MHIST,0.01,42,0.4676661264181523,0.3507371814873836,0.3415518627733663,1.0
mlp,MIDNIGHT,PCam->MHIST,0.01,123,0.4860480821177741,0.3269301657483912,0.3087121920093909,1.0
mlp,MIDNIGHT,PCam->MHIST,0.01,456,0.4593845669007744,0.3192358920417398,0.307413364044689,1.0
mlp,MIDNIGHT,PCam->MHIST,0.05,42,0.446317305960742,0.3574237718505207,0.3522366020092579,1.0
mlp,MIDNIGHT,PCam->MHIST,0.05,123,0.421353322528363,0.3582457548909141,0.3510491480724838,1.0
mlp,MIDNIGHT,PCam->MHIST,0.05,456,0.4247703943814155,0.3646398237672851,0.3613020594040181,1.0
mlp,MIDNIGHT,PCam->MHIST,0.1,42,0.3917432018728615,0.3661999686698819,0.3625731063490026,1.0
mlp,MIDNIGHT,PCam->MHIST,0.1,123,0.448568341437061,0.3428765445139293,0.3321078214546553,1.0
mlp,MIDNIGHT,PCam->MHIST,0.1,456,0.4369484963083018,0.3497924347967672,0.3441321089760826,1.0
mlp,MIDNIGHT,PCam->MHIST,0.25,42,0.4130965244012246,0.3672729426012598,0.3640278467904688,1.0
mlp,MIDNIGHT,PCam->MHIST,0.25,123,0.4489510174680353,0.3423267365847938,0.3338492440446799,1.0
mlp,MIDNIGHT,PCam->MHIST,0.25,456,0.4262155591572124,0.3630191044836184,0.3574573420704997,1.0
mlp,MIDNIGHT,PCam->MHIST,0.5,42,0.4280118854673149,0.3570906308345199,0.3476014173148293,1.0
mlp,MIDNIGHT,PCam->MHIST,0.5,123,0.448257698541329,0.3361643552322593,0.3277263919858141,1.0
mlp,MIDNIGHT,PCam->MHIST,0.5,456,0.4547136682874122,0.3510594814367584,0.3424885969441251,1.0
mlp,MIDNIGHT,PCam->MHIST,1.0,42,0.4195975148568341,0.3657791144448116,0.358978390529706,1.0
mlp,MIDNIGHT,PCam->MHIST,1.0,123,0.4364127498649378,0.329018868734734,0.2986941674196122,1.0
mlp,MIDNIGHT,PCam->MHIST,1.0,456,0.4318341437061048,0.3571156848378349,0.3445810546360704,1.0
mlp,PLIP,BRACS->CRC,0.01,42,0.5364428298060253,0.1132005152761936,0.1356865352466702,0.9769333333333332
mlp,PLIP,BRACS->CRC,0.01,123,0.5251011477380524,0.1066697239438692,0.117734236762921,0.9668666666666668
mlp,PLIP,BRACS->CRC,0.01,456,0.6598003929377514,0.1558917034551501,0.1491671092497805,0.8174
mlp,PLIP,BRACS->CRC,0.05,42,0.4689254186390463,0.1553072510932882,0.1504652461076776,0.9342666666666668
mlp,PLIP,BRACS->CRC,0.05,123,0.4170092593295701,0.2386874562638501,0.2390529229102035,0.8063333333333333
mlp,PLIP,BRACS->CRC,0.05,456,0.4136245192689617,0.2665776610401769,0.2657723768801738,0.7686666666666667
mlp,PLIP,BRACS->CRC,0.1,42,0.3728230382610504,0.2664131241481751,0.2711569864181181,0.7687333333333334
mlp,PLIP,BRACS->CRC,0.1,123,0.3436750318053524,0.3220787162901213,0.3253531672596931,0.7327333333333333
mlp,PLIP,BRACS->CRC,0.1,456,0.4694748020708234,0.2025729963590701,0.1948340221808602,0.8795333333333333
mlp,PLIP,BRACS->CRC,0.25,42,0.416000100176638,0.2409414661154151,0.2454136524070054,0.8283333333333334
mlp,PLIP,BRACS->CRC,0.25,123,0.4107103429020033,0.2726730217630664,0.2726059888459742,0.7796666666666666
mlp,PLIP,BRACS->CRC,0.25,456,0.4294293370643046,0.265591417045022,0.2687189031846821,0.7516666666666667
mlp,PLIP,BRACS->CRC,0.5,42,0.470035539341673,0.2330544771241645,0.2351637110508978,0.804
mlp,PLIP,BRACS->CRC,0.5,123,0.3902579168750029,0.3046785055865844,0.3071625786946466,0.7222666666666666
mlp,PLIP,BRACS->CRC,0.5,456,0.4247504601407963,0.2803783987827599,0.2803822180338204,0.7544666666666666
mlp,PLIP,BRACS->CRC,1.0,42,0.4377373536486493,0.2758581945409377,0.2772929005559534,0.7496
mlp,PLIP,BRACS->CRC,1.0,123,0.4054586812256714,0.2978219518128782,0.3007525805411239,0.7402666666666666
mlp,PLIP,BRACS->CRC,1.0,456,0.3840179600940667,0.3038336301254729,0.3058038325726986,0.7382
mlp,PLIP,CRC->BRACS,0.01,42,0.6026839748244978,0.2256874869789993,0.2294877563497019,0.9052631578947368
mlp,PLIP,CRC->BRACS,0.01,123,0.589854151537158,0.2312312364839671,0.2320415166909234,0.7614035087719299
mlp,PLIP,CRC->BRACS,0.01,456,0.5642398934882595,0.272602725153168,0.286751400790455,0.6473684210526316
mlp,PLIP,CRC->BRACS,0.05,42,0.5983266763495522,0.2333058167461371,0.2411830752924607,0.8263157894736842
mlp,PLIP,CRC->BRACS,0.05,123,0.6187515129508594,0.2044550287128801,0.2210329834649568,0.8526315789473684
mlp,PLIP,CRC->BRACS,0.05,456,0.5774933430162188,0.2631528075130885,0.2670448184961028,0.7350877192982456
mlp,PLIP,CRC->BRACS,0.1,42,0.6330640280803679,0.2011532131827583,0.2093954925082231,0.8421052631578947
mlp,PLIP,CRC->BRACS,0.1,123,0.611837327523602,0.2123651758163121,0.2209416124316161,0.8771929824561403
mlp,PLIP,CRC->BRACS,0.1,456,0.5740286855482934,0.2192047262498945,0.2372692029743471,0.9017543859649124
mlp,PLIP,CRC->BRACS,0.25,42,0.5989923747276689,0.1976977892350732,0.2072501827684933,0.8631578947368421
mlp,PLIP,CRC->BRACS,0.25,123,0.6052408617768095,0.2069176312993492,0.2219634324377566,0.8508771929824561
mlp,PLIP,CRC->BRACS,0.25,456,0.5898844105543452,0.2169010329681138,0.2297041579133324,0.9280701754385964
mlp,PLIP,CRC->BRACS,0.5,42,0.6113683127572016,0.1873808560468125,0.2052192402938217,0.868421052631579
mlp,PLIP,CRC->BRACS,0.5,123,0.5941206729605423,0.2039724662834615,0.2237949821477135,0.8368421052631579
mlp,PLIP,CRC->BRACS,0.5,456,0.5866769547325104,0.1979886537107328,0.2220325466180057,0.8578947368421053
mlp,PLIP,CRC->BRACS,1.0,42,0.5965565238441056,0.1920403600719414,0.2171182629080456,0.887719298245614
mlp,PLIP,CRC->BRACS,1.0,123,0.5918058581457275,0.1923976433447055,0.2171693377066076,0.8526315789473684
mlp,PLIP,CRC->BRACS,1.0,456,0.5969952795933188,0.1921622602301731,0.216091557211455,0.8456140350877193
mlp,PLIP,MHIST->PCam,0.01,42,0.5120709150712,0.1199812964255215,0.1256076614720314,0.65130615234375
mlp,PLIP,MHIST->PCam,0.01,123,0.5367345634847641,0.1543566854870732,0.1541543252560586,0.52911376953125
mlp,PLIP,MHIST->PCam,0.01,456,0.3554199521078827,0.3025752308728897,0.2631151305045023,0.979644775390625
mlp,PLIP,MHIST->PCam,0.05,42,0.4529210075480095,0.1891034904081152,0.1758086837671726,0.928131103515625
mlp,PLIP,MHIST->PCam,0.05,123,0.5087277085619335,0.1900596502634925,0.1661919692051015,0.534423828125
mlp,PLIP,MHIST->PCam,0.05,456,0.6131165569376621,0.3463591569674236,0.3177145453610137,0.9710693359375
mlp,PLIP,MHIST->PCam,0.1,42,0.4736456934684476,0.2277068381404206,0.1977627058342932,0.92401123046875
mlp,PLIP,MHIST->PCam,0.1,123,0.549030989045346,0.1783226132140498,0.1641613516511597,0.6209716796875
mlp,PLIP,MHIST->PCam,0.1,456,0.5731405712063908,0.394500042629943,0.347992087441753,0.97747802734375
mlp,PLIP,MHIST->PCam,0.25,42,0.5272415590838954,0.2873552434837165,0.2508975057028237,0.84832763671875
mlp,PLIP,MHIST->PCam,0.25,123,0.604996197465113,0.1728347632335953,0.1451189550944036,0.532379150390625
mlp,PLIP,MHIST->PCam,0.25,456,0.6189710733651467,0.3385247468586385,0.311252686829107,0.93170166015625
mlp,PLIP,MHIST->PCam,0.5,42,0.6098766695110381,0.2999861853076595,0.2827172189063276,0.80999755859375
mlp,PLIP,MHIST->PCam,0.5,123,0.6287596721545754,0.261765001398544,0.2422400761647622,0.793182373046875
mlp,PLIP,MHIST->PCam,0.5,456,0.6087484558249798,0.3266185954726097,0.3064039158207379,0.9033203125
mlp,PLIP,MHIST->PCam,1.0,42,0.6318319866797601,0.2622349570240203,0.2502994987364673,0.80108642578125
mlp,PLIP,MHIST->PCam,1.0,123,0.6043786112761198,0.2306876891383353,0.2273891284943374,0.756134033203125
mlp,PLIP,MHIST->PCam,1.0,456,0.6034983939357896,0.2412291758502078,0.232952255657608,0.769012451171875
mlp,PLIP,PCam->MHIST,0.01,42,0.4170268323428777,0.5359257924825167,0.5458032517649134,0.984646878198567
mlp,PLIP,PCam->MHIST,0.01,123,0.4531627048442283,0.539944492356743,0.5292102238172884,0.9733879222108496
mlp,PLIP,PCam->MHIST,0.01,456,0.4241401044480462,0.5314884568310076,0.5256743676190244,0.95496417604913
mlp,PLIP,PCam->MHIST,0.05,42,0.4795538447685936,0.5312392914528552,0.5300202940303752,0.9314227226202662
mlp,PLIP,PCam->MHIST,0.05,123,0.5307491446065189,0.4054220018521363,0.4013544590180947,0.7942681678607983
mlp,PLIP,PCam->MHIST,0.05,456,0.4887088060507834,0.4374994599625483,0.4299221616867499,0.7942681678607983
mlp,PLIP,PCam->MHIST,0.1,42,0.5575184584909059,0.3846200003365899,0.3751282282135503,0.7349027635619243
mlp,PLIP,PCam->MHIST,0.1,123,0.5395641995317846,0.4531496747748634,0.4404955088268649,0.8300921187308086
mlp,PLIP,PCam->MHIST,0.1,456,0.5027462632811094,0.4330998414950092,0.4300872064982002,0.7881269191402251
mlp,PLIP,PCam->MHIST,0.25,42,0.5602827300558257,0.2859552081144332,0.2712634610338184,0.6120777891504606
mlp,PLIP,PCam->MHIST,0.25,123,0.5623581847649919,0.3832232295521206,0.3691335532131739,0.7389969293756398
mlp,PLIP,PCam->MHIST,0.25,456,0.5291644156311903,0.3432234855656614,0.339752657813694,0.6939611054247697
mlp,PLIP,PCam->MHIST,0.5,42,0.5611561318206375,0.3403453720979461,0.3244600841277941,0.6755373592630501
mlp,PLIP,PCam->MHIST,0.5,123,0.566837745362867,0.2474954940813346,0.2333433501567298,0.5127942681678608
mlp,PLIP,PCam->MHIST,0.5,456,0.5792499549792904,0.2633510816579221,0.2548510227066407,0.534288638689867
mlp,PLIP,PCam->MHIST,1.0,42,0.5582793084819018,0.2678827006644364,0.2580081645166739,0.5240532241555783
mlp,PLIP,PCam->MHIST,1.0,123,0.5987754367008825,0.2926926442756563,0.2835307132715822,0.6131013306038895
mlp,PLIP,PCam->MHIST,1.0,456,0.5565775256618044,0.2924012473289651,0.2745228605640398,0.5680655066530195
mlp,UNI,BRACS->CRC,0.01,42,0.4065744788478342,0.2351561421016852,0.2288634433160225,0.8312
mlp,UNI,BRACS->CRC,0.01,123,0.3125437542640785,0.1592398174405098,0.1582540081247687,0.9844
mlp,UNI,BRACS->CRC,0.01,456,0.6408324174813198,0.3298555922478437,0.329117838259538,0.5423333333333333
mlp,UNI,BRACS->CRC,0.05,42,0.3718622698273807,0.3183471379605432,0.3163738751972715,0.6058
mlp,UNI,BRACS->CRC,0.05,123,0.4354421075412272,0.2678756906059881,0.2681660609434048,0.6984666666666667
mlp,UNI,BRACS->CRC,0.05,456,0.3104010548337126,0.2880760898222526,0.2942394734134276,0.7548
mlp,UNI,BRACS->CRC,0.1,42,0.3510354774249172,0.2901965254177649,0.2987591343964139,0.6876
mlp,UNI,BRACS->CRC,0.1,123,0.3712048971480908,0.3012774694055319,0.3057770129134257,0.6263333333333333
mlp,UNI,BRACS->CRC,0.1,456,0.3997880409830512,0.257096758124729,0.2586859577953815,0.7174
mlp,UNI,BRACS->CRC,0.25,42,0.4208993182439473,0.2699732511033614,0.2726600636035204,0.6610666666666667
mlp,UNI,BRACS->CRC,0.25,123,0.3872299465646714,0.2605496045358479,0.2655129592269659,0.7214
mlp,UNI,BRACS->CRC,0.25,456,0.376774302034608,0.2734110363530616,0.2798396140299737,0.6995333333333333
mlp,UNI,BRACS->CRC,0.5,42,0.4086933753744212,0.2734184056212504,0.2888458700088163,0.6458
mlp,UNI,BRACS->CRC,0.5,123,0.3635693673567853,0.2881330883383751,0.2978468169117967,0.6471333333333333
mlp,UNI,BRACS->CRC,0.5,456,0.3589265963716781,0.3106197765847047,0.3126985243365168,0.6427333333333334
mlp,UNI,BRACS->CRC,1.0,42,0.379058212556718,0.298397291872402,0.3101929554472367,0.605
mlp,UNI,BRACS->CRC,1.0,123,0.3663624665299046,0.2939447196036577,0.2961692329371969,0.6632
mlp,UNI,BRACS->CRC,1.0,456,0.3466696890026495,0.2898144660502672,0.2911991111777723,0.6840666666666667
mlp,UNI,CRC->BRACS,0.01,42,0.5194565480513192,0.2528261271713857,0.2695009384500353,0.9929824561403509
mlp,UNI,CRC->BRACS,0.01,123,0.4959906802227064,0.2679790073188773,0.2746339731490272,1.0
mlp,UNI,CRC->BRACS,0.01,456,0.5597615589445655,0.2406751210784964,0.2551583063641661,0.980701754385965
mlp,UNI,CRC->BRACS,0.05,42,0.4671235778261922,0.2730934616750139,0.2755544628523159,0.9912280701754386
mlp,UNI,CRC->BRACS,0.05,123,0.4546114742193173,0.2825032304171799,0.2837606461636983,1.0
mlp,UNI,CRC->BRACS,0.05,456,0.5301531106269668,0.2751359957155951,0.277372645456834,1.0
mlp,UNI,CRC->BRACS,0.1,42,0.5206820382473977,0.281256070105653,0.2823054240787761,0.9912280701754386
mlp,UNI,CRC->BRACS,0.1,123,0.4946138949406923,0.2820662279278366,0.2825670356414967,1.0
mlp,UNI,CRC->BRACS,0.1,456,0.6006868796901477,0.2785281235883176,0.2804672842620659,0.9894736842105264
mlp,UNI,CRC->BRACS,0.25,42,0.4610263858629871,0.2838884612447337,0.2850752394940508,1.0
mlp,UNI,CRC->BRACS,0.25,123,0.5210754054708303,0.2819821281501566,0.2825091582042851,1.0
mlp,UNI,CRC->BRACS,0.25,456,0.4757020091987411,0.2802557215748126,0.2828198185962576,1.0
mlp,UNI,CRC->BRACS,0.5,42,0.4613441055434519,0.2834735876596696,0.2838630116291409,1.0
mlp,UNI,CRC->BRACS,0.5,123,0.473296417332365,0.2817167699255311,0.2825527222633051,1.0
mlp,UNI,CRC->BRACS,0.5,456,0.4774116436698136,0.2818227246207626,0.2827046019257977,1.0
mlp,UNI,CRC->BRACS,1.0,42,0.4905289276204309,0.2812361014136848,0.2822385529595378,1.0
mlp,UNI,CRC->BRACS,1.0,123,0.4674715565238441,0.2829488668362038,0.2825707079671127,1.0
mlp,UNI,CRC->BRACS,1.0,456,0.4729030501089324,0.2827313575436149,0.2833782761664081,1.0
mlp,UNI,MHIST->PCam,0.01,42,0.4300653788194193,0.074819830699198,0.0799598600788158,0.642852783203125
mlp,UNI,MHIST->PCam,0.01,123,0.6097897398460554,0.0340437978693444,0.0293870351670193,0.643890380859375
mlp,UNI,MHIST->PCam,0.01,456,0.5380140742759766,0.0356063009376157,0.0369301021200954,0.514007568359375
mlp,UNI,MHIST->PCam,0.05,42,0.5738373012022219,0.0607028121210078,0.0453570154352291,0.527130126953125
mlp,UNI,MHIST->PCam,0.05,123,0.5607457942386862,0.0778032136781803,0.0620176284201079,0.911956787109375
mlp,UNI,MHIST->PCam,0.05,456,0.6115790362185716,0.0610552124280729,0.0732793297693206,0.801788330078125
mlp,UNI,MHIST->PCam,0.1,42,0.5518911743263436,0.1265976595857409,0.1011104448227797,0.672760009765625
mlp,UNI,MHIST->PCam,0.1,123,0.5570575345151841,0.1172876109053504,0.1050616621689641,0.634521484375
mlp,UNI,MHIST->PCam,0.1,456,0.6096524759120171,0.0633113158835385,0.0557658206953419,0.700653076171875
mlp,UNI,MHIST->PCam,0.25,42,0.6778705798672825,0.1303014392005934,0.1161337943688067,0.695770263671875
mlp,UNI,MHIST->PCam,0.25,123,0.6565937927853162,0.089009603030604,0.082987161145752,0.57025146484375
mlp,UNI,MHIST->PCam,0.25,456,0.6146070737978317,0.069738629917083,0.063426020424913,0.511505126953125
mlp,UNI,MHIST->PCam,0.5,42,0.6893764577040316,0.1503972096899133,0.1404717156026436,0.70452880859375
mlp,UNI,MHIST->PCam,0.5,123,0.666845460144533,0.0919867300901842,0.0830095177728935,0.537109375
mlp,UNI,MHIST->PCam,0.5,456,0.6767350441218062,0.1267410695598982,0.1174042600623579,0.636688232421875
mlp,UNI,MHIST->PCam,1.0,42,0.7013549520313467,0.1522445214627055,0.1481354163826154,0.651214599609375
mlp,UNI,MHIST->PCam,1.0,123,0.6997796233341156,0.17620019836653,0.1707332617189649,0.688323974609375
mlp,UNI,MHIST->PCam,1.0,456,0.6968834834072392,0.1628891839732205,0.1591236950132497,0.6683349609375
mlp,UNI,PCam->MHIST,0.01,42,0.449900954439042,0.2962736275691459,0.2933400672619272,0.6796315250767656
mlp,UNI,PCam->MHIST,0.01,123,0.4509724473257698,0.2587506818978788,0.2556396829557272,0.5772773797338793
mlp,UNI,PCam->MHIST,0.01,456,0.4397983072213218,0.2678838938573792,0.257506443158997,0.5117707267144319
mlp,UNI,PCam->MHIST,0.05,42,0.4184764991896272,0.2831400332852298,0.2706922561982637,0.5025588536335721
mlp,UNI,PCam->MHIST,0.05,123,0.4392220421393841,0.2757519794934969,0.2379549855372068,0.7430910951893551
mlp,UNI,PCam->MHIST,0.05,456,0.4429587610300738,0.2609197215969267,0.2413870403533582,0.8055271238485159
mlp,UNI,PCam->MHIST,0.1,42,0.43069962182604,0.2625244600372341,0.242662946839446,0.661207778915046
mlp,UNI,PCam->MHIST,0.1,123,0.4382450927426616,0.2687238618929774,0.2382948169810745,0.8485158648925282
mlp,UNI,PCam->MHIST,0.1,456,0.4479875742841707,0.245372172037069,0.2257413670588418,0.8587512794268168
mlp,UNI,PCam->MHIST,0.25,42,0.4265847289753287,0.2731627429832639,0.2405808744618446,0.8669396110542477
mlp,UNI,PCam->MHIST,0.25,123,0.4330114352602196,0.2855525809276311,0.2479217184236618,0.8822927328556807
mlp,UNI,PCam->MHIST,0.25,456,0.4491986313704305,0.2785348953295998,0.2435788834961312,0.8618219037871033
mlp,UNI,PCam->MHIST,0.5,42,0.4311453268503512,0.2608120745827683,0.2415300373525617,0.7932446264073695
mlp,UNI,PCam->MHIST,0.5,123,0.430001800828381,0.278096152932794,0.2538658075583689,0.6980552712384852
mlp,UNI,PCam->MHIST,0.5,456,0.4327480641094904,0.2693251390906171,0.2448418018510117,0.7205731832139202
mlp,UNI,PCam->MHIST,1.0,42,0.4406627048442283,0.2616629471798392,0.2419849480430813,0.849539406345957
mlp,UNI,PCam->MHIST,1.0,123,0.4239240050423195,0.2881957355852381,0.2650230661293867,0.7799385875127943
mlp,UNI,PCam->MHIST,1.0,456,0.4417927246533406,0.2865111778148029,0.2512759114086567,0.901740020470829
mlp,VIRCHOW2,BRACS->CRC,0.01,42,0.4894548572818778,0.1893880616128444,0.1886965289870898,0.8613333333333333
mlp,VIRCHOW2,BRACS->CRC,0.01,123,0.6150674534864975,0.1792702900111675,0.1734479658156633,0.8736666666666667
mlp,VIRCHOW2,BRACS->CRC,0.01,456,0.4677916045552041,0.2574754731828967,0.2632504586522778,0.7604
mlp,VIRCHOW2,BRACS->CRC,0.05,42,0.8617328565061659,0.2389994395482043,0.2775203774819771,0.7026
mlp,VIRCHOW2,BRACS->CRC,0.05,123,0.9021349999941588,0.2679032525112231,0.2864127400318781,0.7084666666666667
mlp,VIRCHOW2,BRACS->CRC,0.05,456,0.2683524221426001,0.2460263535435001,0.2632497961680094,0.9053333333333332
mlp,VIRCHOW2,BRACS->CRC,0.1,42,0.708361492801301,0.3189429887359341,0.321650514575839,0.5417333333333333
mlp,VIRCHOW2,BRACS->CRC,0.1,123,0.7751421821918064,0.2418587164471546,0.2586915923371911,0.7194666666666667
mlp,VIRCHOW2,BRACS->CRC,0.1,456,0.5733410544306696,0.146635676844418,0.1634699140369892,0.8709333333333333
mlp,VIRCHOW2,BRACS->CRC,0.25,42,0.6750192285113811,0.2666062180926402,0.2649604953606923,0.6267333333333334
mlp,VIRCHOW2,BRACS->CRC,0.25,123,0.7146479601641611,0.2017595270092288,0.2099155881380041,0.814
mlp,VIRCHOW2,BRACS->CRC,0.25,456,0.5261356431106511,0.2802528585284948,0.2816830976893504,0.618
mlp,VIRCHOW2,BRACS->CRC,0.5,42,0.6326690436957061,0.1892428877649208,0.1924613882988691,0.7874
mlp,VIRCHOW2,BRACS->CRC,0.5,123,0.6731471775889382,0.214492682061096,0.2073151547918717,0.7917333333333333
mlp,VIRCHOW2,BRACS->CRC,0.5,456,0.5170312332065403,0.2426742068707943,0.2450258886232972,0.7048
mlp,VIRCHOW2,BRACS->CRC,1.0,42,0.6749759305913168,0.2167154026436309,0.2180029714216788,0.7170666666666666
mlp,VIRCHOW2,BRACS->CRC,1.0,123,0.6892893978945966,0.2336681785538792,0.2344907907875875,0.6967333333333333
mlp,VIRCHOW2,BRACS->CRC,1.0,456,0.6973378642574429,0.1938922200878461,0.1915397209053238,0.7717333333333334
mlp,VIRCHOW2,CRC->BRACS,0.01,42,0.6204006293875575,0.2352060465272842,0.2541833843316948,0.9982456140350876
mlp,VIRCHOW2,CRC->BRACS,0.01,123,0.5154472282740257,0.2575451500125622,0.2712306386546085,1.0
mlp,VIRCHOW2,CRC->BRACS,0.01,456,0.6403564512224642,0.24572510179459,0.2564015790297274,0.9947368421052633
mlp,VIRCHOW2,CRC->BRACS,0.05,42,0.5353879206003389,0.258290241586796,0.2611163593371186,0.9947368421052633
mlp,VIRCHOW2,CRC->BRACS,0.05,123,0.6381551077221012,0.2724543656402251,0.2791777807434922,0.9982456140350876
mlp,VIRCHOW2,CRC->BRACS,0.05,456,0.682673686758654,0.2625481710132015,0.2661693752253134,0.9982456140350876
mlp,VIRCHOW2,CRC->BRACS,0.1,42,0.656318082788671,0.2607052997375527,0.2665027906301251,0.9964912280701754
mlp,VIRCHOW2,CRC->BRACS,0.1,123,0.6397966594045026,0.2728683418610639,0.2784731400117539,0.9982456140350876
mlp,VIRCHOW2,CRC->BRACS,0.1,456,0.6742465504720406,0.2608431110485342,0.2692349853010423,0.9982456140350876
mlp,VIRCHOW2,CRC->BRACS,0.25,42,0.678059186637618,0.2694638285197709,0.2752094082305567,0.9947368421052633
mlp,VIRCHOW2,CRC->BRACS,0.25,123,0.6750635439360929,0.2720338624166815,0.2773086984551985,1.0
mlp,VIRCHOW2,CRC->BRACS,0.25,456,0.6016400387315419,0.2767373650547182,0.2807874648210903,0.9982456140350876
mlp,VIRCHOW2,CRC->BRACS,0.5,42,0.6216261195836359,0.2763077182074387,0.281140562050502,1.0
mlp,VIRCHOW2,CRC->BRACS,0.5,123,0.6640795206971677,0.2747122230343194,0.2788863645172106,0.9982456140350876
mlp,VIRCHOW2,CRC->BRACS,0.5,456,0.6705398208666182,0.2681572908927735,0.2769783261428146,0.9982456140350876
mlp,VIRCHOW2,CRC->BRACS,1.0,42,0.6356814330670539,0.27387165899895,0.2789698909526985,0.9982456140350876
mlp,VIRCHOW2,CRC->BRACS,1.0,123,0.6313695231178892,0.2743509079370517,0.281296605615174,0.9982456140350876
mlp,VIRCHOW2,CRC->BRACS,1.0,456,0.6238047688211087,0.272225231948521,0.2784392776980735,0.9982456140350876
mlp,VIRCHOW2,MHIST->PCam,0.01,42,0.6273238388406788,0.0490106868101065,0.068259506607319,0.628082275390625
mlp,VIRCHOW2,MHIST->PCam,0.01,123,0.777324557635573,0.147892122066878,0.1644185150316843,0.778167724609375
mlp,VIRCHOW2,MHIST->PCam,0.01,456,0.4488896187230621,0.0757031088578514,0.0756256058011786,0.999755859375
mlp,VIRCHOW2,MHIST->PCam,0.05,42,0.5428347181487874,0.1570057355106655,0.1728730143040593,0.7777099609375
mlp,VIRCHOW2,MHIST->PCam,0.05,123,0.7120590448040262,0.0798542011845029,0.0826918610548545,0.545989990234375
mlp,VIRCHOW2,MHIST->PCam,0.05,456,0.697967805714989,0.1641371282958061,0.16964797317587,0.787841796875
mlp,VIRCHOW2,MHIST->PCam,0.1,42,0.5857063110903249,0.171183326126993,0.1606922785763345,0.779388427734375
mlp,VIRCHOW2,MHIST->PCam,0.1,123,0.7078094340214962,0.1347556611217442,0.1391457850414781,0.740203857421875
mlp,VIRCHOW2,MHIST->PCam,0.1,456,0.6585652447108067,0.1252917816423177,0.1354451337008413,0.672119140625
mlp,VIRCHOW2,MHIST->PCam,0.25,42,0.6738902238034493,0.2183631771995351,0.2136728497480362,0.81842041015625
mlp,VIRCHOW2,MHIST->PCam,0.25,123,0.7590503345931559,0.1645132942488771,0.1596194942953843,0.709869384765625
mlp,VIRCHOW2,MHIST->PCam,0.25,456,0.7460350508083311,0.0597301918724042,0.0601403741781041,0.503753662109375
mlp,VIRCHOW2,MHIST->PCam,0.5,42,0.7565543151317591,0.3870469185742422,0.3819827599905352,0.97174072265625
mlp,VIRCHOW2,MHIST->PCam,0.5,123,0.7792190785770672,0.197663432885065,0.1980975217747982,0.755096435546875
mlp,VIRCHOW2,MHIST->PCam,0.5,456,0.7586899033777612,0.1929399757542569,0.1852357933380517,0.762359619140625
mlp,VIRCHOW2,MHIST->PCam,1.0,42,0.7833643011184437,0.3416626195343042,0.3505438952324766,0.92669677734375
mlp,VIRCHOW2,MHIST->PCam,1.0,123,0.7847730981330642,0.3470306330743824,0.3552398755605281,0.93310546875
mlp,VIRCHOW2,MHIST->PCam,1.0,456,0.7789931117395403,0.3990123033690906,0.3963666594336246,0.955230712890625
mlp,VIRCHOW2,PCam->MHIST,0.01,42,0.578273005582568,0.1052439962814017,0.0986627239425082,0.6622313203684749
mlp,VIRCHOW2,PCam->MHIST,0.01,123,0.5735863497208715,0.1819410337213362,0.1578036273849657,0.9344933469805528
mlp,VIRCHOW2,PCam->MHIST,0.01,456,0.6038087520259319,0.2250247953675054,0.2217634099105729,0.706243602865916
mlp,VIRCHOW2,PCam->MHIST,0.05,42,0.580325949936971,0.0887890079896611,0.0779906538188335,0.7727737973387923
mlp,VIRCHOW2,PCam->MHIST,0.05,123,0.6254006843147848,0.1330042102030014,0.1077747901628974,0.8669396110542477
mlp,VIRCHOW2,PCam->MHIST,0.05,456,0.57752566180443,0.1596402532650785,0.154220533529592,0.5076765609007164
mlp,VIRCHOW2,PCam->MHIST,0.1,42,0.5584323788942913,0.1723989958635616,0.1441373695126575,0.8700102354145343
mlp,VIRCHOW2,PCam->MHIST,0.1,123,0.6206059787502252,0.1132466485199567,0.0977184442667902,0.654042988741044
mlp,VIRCHOW2,PCam->MHIST,0.1,456,0.5929587610300738,0.1551888310364776,0.1550275523448124,0.5097236438075742
mlp,VIRCHOW2,PCam->MHIST,0.25,42,0.617409508373852,0.1184729591027253,0.1145835884769534,0.6069600818833163
mlp,VIRCHOW2,PCam->MHIST,0.25,123,0.6121735998559337,0.1545586880513809,0.1348399530901757,0.534288638689867
mlp,VIRCHOW2,PCam->MHIST,0.25,456,0.6104853232486944,0.1509913692409087,0.1391122702017289,0.5823950870010235
mlp,VIRCHOW2,PCam->MHIST,0.5,42,0.5864937871420853,0.0998378280233763,0.0919794744393476,0.6673490276356192
mlp,VIRCHOW2,PCam->MHIST,0.5,123,0.5982374392220421,0.125745932610673,0.1279010726911079,0.5772773797338793
mlp,VIRCHOW2,PCam->MHIST,0.5,456,0.5493471997118675,0.1748347095420685,0.1476660340856627,0.7031729785056294
mlp,VIRCHOW2,PCam->MHIST,1.0,42,0.6023320727534666,0.1820203234482568,0.1496907597905293,0.7799385875127943
mlp,VIRCHOW2,PCam->MHIST,1.0,123,0.6050423194669549,0.1415787380543311,0.1437581532016137,0.5312180143295804
mlp,VIRCHOW2,PCam->MHIST,1.0,456,0.6001215559157211,0.1657379324201917,0.1195327697842245,0.6714431934493347
