probe,model,src,tgt,pair,fraction,seed,n_train,auroc,f1_macro,brier,ece_fixed,ece_adaptive,temperature_src,ece_scaled_fixed,ece_scaled_adaptive,degeneracy_share,degenerate
mlp,CLIP,BRACS,CRC,BRACS->CRC,0.01,42,36,0.7004807602443024,0.5580488116341549,0.1401163272308383,0.1219143239912887,0.1219143220861752,0.7679031909414645,0.087685317269961,0.0876853213662902,0.8702666666666666,False
mlp,CLIP,BRACS,CRC,BRACS->CRC,0.01,123,36,0.7534957959398964,0.6056514627873661,0.1598375287043182,0.2071514354596535,0.2071514379560947,0.6572206136773158,0.1680534746331473,0.1680534833749135,0.7724666666666666,False
mlp,CLIP,BRACS,CRC,BRACS->CRC,0.01,456,36,0.5742562614779646,0.4803501914810621,0.1601511743767096,0.1297586820671955,0.1286846284980575,1.0072994283742769,0.1297141571365296,0.1280622964640458,0.89,False
mlp,CLIP,BRACS,CRC,BRACS->CRC,0.05,42,181,0.6579920841472077,0.4717616866466781,0.2707469766465178,0.3485181529688338,0.3485181509534518,0.9924148034174006,0.3485844453240434,0.3485844462196032,0.528,False
mlp,CLIP,BRACS,CRC,BRACS->CRC,0.05,123,181,0.7900722615270308,0.6492049070318495,0.1415101812072225,0.1666658477738499,0.1666658435344696,0.9525138073865076,0.1621482467030485,0.1621397124310334,0.7864,False
mlp,CLIP,BRACS,CRC,BRACS->CRC,0.05,456,181,0.4510698456053121,0.3897824801364795,0.3421040169630231,0.3518737981796264,0.3523260683874289,0.9555985370076768,0.3551011376480261,0.3556154445856809,0.5072,False
mlp,CLIP,BRACS,CRC,BRACS->CRC,0.1,42,364,0.5836586457695668,0.4247303408321216,0.2830863927490575,0.3625883161832889,0.3625882892886797,0.8726620879864964,0.3654794404571255,0.3654794528166453,0.5694666666666667,False
mlp,CLIP,BRACS,CRC,BRACS->CRC,0.1,123,364,0.573616029079847,0.46553972414805,0.2497583010609294,0.2783160378739238,0.2783160298148791,0.9686369417961856,0.2775210098316272,0.2775210269123316,0.5919333333333333,False
mlp,CLIP,BRACS,CRC,BRACS->CRC,0.1,456,364,0.5065402859035407,0.4097752424123106,0.2906605813704222,0.3156707349850485,0.3154752944136659,0.9715119660173211,0.3183918829383949,0.3178085222646594,0.5074666666666666,False
mlp,CLIP,BRACS,CRC,BRACS->CRC,0.25,42,913,0.5179992483831548,0.4275341364923719,0.2855194627548492,0.3143610756039619,0.3143610749721527,0.9383043756037972,0.3142403228044509,0.3142403126090765,0.5234,False
mlp,CLIP,BRACS,CRC,BRACS->CRC,0.25,123,913,0.5712097453468974,0.474568119906143,0.2496401064207071,0.2514355091499785,0.2514355133304993,0.9960893129574976,0.2513017685794582,0.2513017673994104,0.6344666666666666,False
mlp,CLIP,BRACS,CRC,BRACS->CRC,0.25,456,913,0.4929593237580434,0.4202283010243295,0.2826809983209064,0.2875480311125516,0.285586118059357,0.8813772714979348,0.2965456767626107,0.296912612003088,0.5972666666666666,False
mlp,CLIP,BRACS,CRC,BRACS->CRC,0.5,42,1828,0.5389785327013931,0.4459397766714814,0.2646778078999086,0.281559308151404,0.2815593071609735,0.8783987217637845,0.281314211435616,0.2806182837049166,0.5777333333333333,False
mlp,CLIP,BRACS,CRC,BRACS->CRC,0.5,123,1828,0.5485506952200265,0.4548875825684034,0.2633452831155984,0.268807466694961,0.2688074576685826,0.976743707512556,0.2683084577297171,0.268308444664379,0.5991333333333333,False
mlp,CLIP,BRACS,CRC,BRACS->CRC,0.5,456,1828,0.5406203306880472,0.4545139398452386,0.2443486869524618,0.2437411805619796,0.2442287199432651,1.0219560134549182,0.2418010227620601,0.2424623061825831,0.645,False
mlp,CLIP,BRACS,CRC,BRACS->CRC,1.0,42,3657,0.5607324701105624,0.4650338619032762,0.2340693077829505,0.2293621780325969,0.2296356327200929,0.985955394936857,0.2299888337023556,0.2298360943784316,0.6620666666666667,False
mlp,CLIP,BRACS,CRC,BRACS->CRC,1.0,123,3657,0.5531864750148368,0.4575836681099838,0.2458522452384549,0.2515083516915639,0.2527329391166568,0.9212487329099488,0.252282408532997,0.2525984920238455,0.6238666666666667,False
mlp,CLIP,BRACS,CRC,BRACS->CRC,1.0,456,3657,0.5784583684292304,0.471222759756415,0.2359394815199808,0.2395297504577785,0.2401241988375783,0.9560171710590946,0.241302069153885,0.2409715316017468,0.6289333333333333,False
mlp,CLIP,CRC,BRACS,CRC->BRACS,0.01,42,699,0.6641551682401355,0.555666563789609,0.2906468705411492,0.2515176741177575,0.2489419823545113,0.7767840634885275,0.2772030996910313,0.2720872068189476,0.5350877192982456,False
mlp,CLIP,CRC,BRACS,CRC->BRACS,0.01,123,699,0.6287218591140159,0.5712610567874633,0.2725511062351107,0.2409635288673534,0.2384679650659101,0.875522646870956,0.2476201264743219,0.2494190805052456,0.5350877192982456,False
mlp,CLIP,CRC,BRACS,CRC->BRACS,0.01,456,699,0.6023133018639555,0.4699405091822783,0.3899575320014374,0.3893908548250533,0.3893908707196252,0.7991168466295882,0.4109906475500841,0.4105345456942654,0.6947368421052632,False
mlp,CLIP,CRC,BRACS,CRC->BRACS,0.05,42,3499,0.6393579036552892,0.5942037871588134,0.2601721692242369,0.2304894101528222,0.2279640256312855,0.8414285881888819,0.2494507799055754,0.2440112782658584,0.5947368421052631,False
mlp,CLIP,CRC,BRACS,CRC->BRACS,0.05,123,3499,0.6287521181312031,0.5995063824323505,0.2466184868636972,0.201615224295018,0.1931614392289989,0.7951406238843005,0.214837466837152,0.2088641463207048,0.6543859649122807,False
mlp,CLIP,CRC,BRACS,CRC->BRACS,0.05,456,3499,0.6275114984265311,0.5617646200110946,0.309538445196105,0.3006373020640591,0.2973190690439782,0.8348714569079143,0.3110785933048056,0.3129919131180239,0.5105263157894737,False
mlp,CLIP,CRC,BRACS,CRC->BRACS,0.1,42,6999,0.6405077463083999,0.5931154822335025,0.2471707379777609,0.2033797391412551,0.204727115576858,0.8715726600066459,0.2117416797826687,0.2151018029993824,0.6666666666666666,False
mlp,CLIP,CRC,BRACS,CRC->BRACS,0.1,123,6999,0.6433067053982087,0.593475505430304,0.2379327611984551,0.1785494173272398,0.1718119674991293,0.8506227624745805,0.1936496397513046,0.1868875775882451,0.6929824561403509,False
mlp,CLIP,CRC,BRACS,CRC->BRACS,0.1,456,6999,0.6179193899782136,0.5614669060219616,0.2903986685323633,0.2672260329388735,0.2568890237135061,0.8210749116521122,0.2801341794431209,0.2790968411406012,0.5596491228070175,False
mlp,CLIP,CRC,BRACS,CRC->BRACS,0.25,42,17499,0.6237139917695473,0.5830788677583831,0.2612405828285629,0.2195139564410375,0.2189072062996657,0.8145123281949906,0.2424663013794966,0.2381066360222911,0.6491228070175439,False
mlp,CLIP,CRC,BRACS,CRC->BRACS,0.25,123,17499,0.629342168966352,0.5892395316255199,0.2472983565306066,0.2029148257615273,0.2019417058578447,0.8484411266681866,0.2206244192167855,0.2170945569680873,0.6824561403508772,False
mlp,CLIP,CRC,BRACS,CRC->BRACS,0.25,456,17499,0.6141218833212297,0.5656019923517644,0.2814632803454278,0.2440074751316978,0.2427548742101511,0.8257122753178664,0.2622260331127204,0.2628714380822585,0.5929824561403508,False
mlp,CLIP,CRC,BRACS,CRC->BRACS,0.5,42,35000,0.6247276688453158,0.5825541351155257,0.2670691352834836,0.2358541487176951,0.2344150657128346,0.7465423069926717,0.2561701526898041,0.2583769571136177,0.5947368421052631,False
mlp,CLIP,CRC,BRACS,CRC->BRACS,0.5,123,35000,0.6296447591382233,0.5848312729702639,0.2775897566039955,0.2478723371434107,0.2472294490588338,0.754652024479907,0.2726425219327211,0.270272175454649,0.5649122807017544,False
mlp,CLIP,CRC,BRACS,CRC->BRACS,0.5,456,35000,0.6198710965867829,0.5591059426010883,0.281525185698122,0.2459919498775873,0.2461589128334532,0.723078122025579,0.2791119057750493,0.2766673787431628,0.5614035087719298,False
mlp,CLIP,CRC,BRACS,CRC->BRACS,1.0,42,70000,0.6207032195594288,0.5777508874371085,0.2796134412344467,0.2569446446864228,0.2530832445902521,0.7176972017945417,0.2830185353037035,0.2850651318705722,0.5701754385964912,False
mlp,CLIP,CRC,BRACS,CRC->BRACS,1.0,123,70000,0.6210965867828613,0.5725456641746421,0.2854078847934972,0.2576791254182656,0.2525105900997133,0.7371459558665358,0.2879131547910602,0.284466258697661,0.5456140350877193,False
mlp,CLIP,CRC,BRACS,CRC->BRACS,1.0,456,70000,0.6261347131445171,0.5768058554908788,0.2755308045195082,0.2444669663644673,0.2397069873794782,0.752061639518458,0.2655677323278628,0.268510428939031,0.5877192982456141,False
mlp,CLIP,MHIST,PCam,MHIST->PCam,0.01,42,18,0.6295351026476176,0.4801849800570742,0.2512408559117798,0.118848165483314,0.1188481745512035,1.2085218866556464,0.1003943768487261,0.100394381372098,0.865753173828125,False
mlp,CLIP,MHIST,PCam,MHIST->PCam,0.01,123,18,0.6426728907636242,0.3334282633902236,0.2759029706336696,0.1834754867909396,0.1834423616346612,1.1644525602797149,0.1597299525510606,0.1597299513387042,1.0,True
mlp,CLIP,MHIST,PCam,MHIST->PCam,0.01,456,18,0.3823533420835203,0.315866836343036,0.4165172207906765,0.4278978709446619,0.4280433392173108,1.3894800291382094,0.3678848712384024,0.3697924659168166,0.95623779296875,False
mlp,CLIP,MHIST,PCam,MHIST->PCam,0.05,42,92,0.5622048454286062,0.3332892913602271,0.4206204979711471,0.4111732505302825,0.4047880008344577,1.0722432116946528,0.3999015783858795,0.3948274117173014,0.989990234375,False
mlp,CLIP,MHIST,PCam,MHIST->PCam,0.05,123,92,0.6213777603488797,0.335047857766332,0.3606263941987029,0.3472238682400075,0.346658761843571,1.1935765556213154,0.3133770383172987,0.31296586706992,0.997802734375,True
mlp,CLIP,MHIST,PCam,MHIST->PCam,0.05,456,92,0.6082458488793917,0.3334825400467027,0.394720443229166,0.3906710254238987,0.3906309226445046,1.185013113701601,0.3584898549887612,0.3584511614922121,0.99993896484375,True
mlp,CLIP,MHIST,PCam,MHIST->PCam,0.1,42,184,0.5814331248038378,0.3332430392431282,0.4344809634576114,0.4294407180400412,0.4223202251887699,1.297674526610196,0.3895370381470684,0.3813507325128284,0.99468994140625,True
mlp,CLIP,MHIST,PCam,MHIST->PCam,0.1,123,184,0.6526373400510463,0.3339431266134113,0.4299047441516465,0.4347160412334006,0.4345360466358841,1.2125969643752512,0.4058506270396265,0.4056516850899925,0.99932861328125,True
mlp,CLIP,MHIST,PCam,MHIST->PCam,0.1,456,184,0.5812376215332875,0.3335231763454785,0.3881435761722084,0.3783836877737485,0.377657209788822,1.0790496335676245,0.3636373863532753,0.3628199215554559,0.999664306640625,True
mlp,CLIP,MHIST,PCam,MHIST->PCam,0.25,42,461,0.5468007504688083,0.3432651158257413,0.4282865114752622,0.4185989896054707,0.4114896280956657,1.2381607601412583,0.3877828086888257,0.3813363580220823,0.984588623046875,False
mlp,CLIP,MHIST,PCam,MHIST->PCam,0.25,123,461,0.6498074227592487,0.3347788798531951,0.4664442967982105,0.4689156261420066,0.4681029400724572,1.168427393018693,0.455778552263439,0.4550564912560233,0.99810791015625,True
mlp,CLIP,MHIST,PCam,MHIST->PCam,0.25,456,461,0.6232577954964041,0.3525103096971257,0.398372088309136,0.3939818339883914,0.3932695029885167,1.2262287995063723,0.3644618146007587,0.3638423693518575,0.9857177734375,False
mlp,CLIP,MHIST,PCam,MHIST->PCam,0.5,42,924,0.6262684043018214,0.3413876700526938,0.4522359761768024,0.4516933527278297,0.4467002579094838,1.1323929155344064,0.440272149353234,0.4355487806160738,0.988067626953125,False
mlp,CLIP,MHIST,PCam,MHIST->PCam,0.5,123,924,0.5664977738946337,0.3394295068047586,0.4696514326694918,0.4632135384160847,0.4544946373770759,1.1000330839725645,0.4563063480972573,0.4478334451082499,0.9864501953125,False
mlp,CLIP,MHIST,PCam,MHIST->PCam,0.5,456,924,0.6387273810716037,0.3396878392715348,0.4278142801942564,0.4298846775316178,0.4273879339611852,1.1221616427833156,0.4150397955164635,0.4126579111052137,0.9921875,True
mlp,CLIP,MHIST,PCam,MHIST->PCam,1.0,42,1849,0.5750579877862387,0.385892687107888,0.4083059379252109,0.3891513580500714,0.3886197412590988,1.0180159770075454,0.387069091055082,0.3863941492422214,0.939178466796875,False
mlp,CLIP,MHIST,PCam,MHIST->PCam,1.0,123,1849,0.5787369640846225,0.3861718515640246,0.4116915126984243,0.3940645797065372,0.3930530801157665,1.0711646732404445,0.3854263050286022,0.384691996645607,0.93927001953125,False
mlp,CLIP,MHIST,PCam,MHIST->PCam,1.0,456,1849,0.5738694262489746,0.3823958321246596,0.4155111414485967,0.3978658300993629,0.3970225803416696,1.0474637366931927,0.3927012148458288,0.3914772058565745,0.942230224609375,False
mlp,CLIP,PCam,MHIST,PCam->MHIST,0.01,42,2620,0.5006392940752746,0.4656167483968313,0.3682949109295641,0.3066801012568976,0.3057237952230774,1.0394494315591838,0.3025804127098472,0.2999997761866941,0.6448311156601843,False
mlp,CLIP,PCam,MHIST,PCam->MHIST,0.01,123,2620,0.4812128579146407,0.4238258462848626,0.4017881944955855,0.3570385438827617,0.3559483383670678,1.1047013193976545,0.3393464333920176,0.3410115040068495,0.7574206755373593,False
mlp,CLIP,PCam,MHIST,PCam->MHIST,0.01,456,2620,0.4361516297496848,0.4389670377573603,0.386506455580709,0.3313655947757353,0.3295420955717869,1.1367088361335722,0.3112761459504936,0.309792042983469,0.6161719549641761,False
mlp,CLIP,PCam,MHIST,PCam->MHIST,0.05,42,13106,0.4850396182243832,0.4737470725995316,0.3476398372613498,0.2871151757097689,0.2859921973225343,1.0982267407155146,0.2757346191983994,0.2741773955928144,0.5056294779938587,False
mlp,CLIP,PCam,MHIST,PCam->MHIST,0.05,123,13106,0.5511975508734017,0.4952586943149392,0.3518328596879591,0.3066084849835967,0.3018959246141152,1.1229363216769002,0.2889922244041517,0.2873547283919221,0.6479017400204709,False
mlp,CLIP,PCam,MHIST,PCam->MHIST,0.05,456,13106,0.5034170718530524,0.4742345296531745,0.3218057862466005,0.2677907752694834,0.2684328054962537,1.091519712185023,0.2564969309353047,0.2564667845240193,0.7768679631525077,False
mlp,CLIP,PCam,MHIST,PCam->MHIST,0.1,42,26214,0.5370160273725914,0.5194305218450097,0.3016439632357139,0.2301324562244918,0.2246550473412203,1.071583867785778,0.2184445747348767,0.2171223619142537,0.6693961105424769,False
mlp,CLIP,PCam,MHIST,PCam->MHIST,0.1,123,26214,0.5076130019809111,0.4860117062655732,0.3298620143275056,0.2765596095651785,0.2739183198061973,1.0720356399028017,0.2667649840724443,0.2642562605799037,0.503582395087001,False
mlp,CLIP,PCam,MHIST,PCam->MHIST,0.1,456,26214,0.5359805510534846,0.5158589621415577,0.3023899364923655,0.2404614587523188,0.2304592917491219,1.0877814538616553,0.2257318243826668,0.2198996461104285,0.6734902763561924,False
mlp,CLIP,PCam,MHIST,PCam->MHIST,0.25,42,65536,0.5704619124797407,0.5489941942013032,0.3001071589532856,0.2374200477753837,0.2349551964909631,1.0915665605575702,0.2262635597942002,0.2228747891946605,0.6049129989764586,False
mlp,CLIP,PCam,MHIST,PCam->MHIST,0.25,123,65536,0.5715424095083739,0.540048291429451,0.2997305174816859,0.2325842974244206,0.2328692598205475,1.111257445245609,0.2169442488416312,0.2174345943523893,0.6284544524053224,False
mlp,CLIP,PCam,MHIST,PCam->MHIST,0.25,456,65536,0.5842292454529083,0.5633131113251925,0.2987817744754227,0.2299708820147365,0.2294040732943627,1.1037060987280434,0.2136652741272349,0.2181138591640681,0.5537359263050153,False
mlp,CLIP,PCam,MHIST,PCam->MHIST,0.5,42,131072,0.5675940932829101,0.5449043369748215,0.3113795394419036,0.250294365644638,0.2483096528195889,1.08466944802784,0.2390633408083154,0.2367924029158167,0.5301944728761515,False
mlp,CLIP,PCam,MHIST,PCam->MHIST,0.5,123,131072,0.5855618584548893,0.5546965274627453,0.3092138429493339,0.247971668012036,0.2410577908387081,1.1055626844837971,0.2304120735668538,0.2276588170584234,0.5127942681678608,False
mlp,CLIP,PCam,MHIST,PCam->MHIST,0.5,456,131072,0.5717990275526742,0.5522769131394953,0.2999567000198285,0.2210864275998932,0.2213928536125892,1.0836725942958136,0.2126639701403151,0.2116542895312136,0.5680655066530195,False
mlp,CLIP,PCam,MHIST,PCam->MHIST,1.0,42,262144,0.5759139204033856,0.5185112950986066,0.3374832683849172,0.2890424281358719,0.2924570837873153,1.103942847050391,0.2766326547027427,0.2792664028422005,0.601842374616172,False
mlp,CLIP,PCam,MHIST,PCam->MHIST,1.0,123,262144,0.5651584728975328,0.5311859658830548,0.3204336501077496,0.27101270892603,0.2600130029232408,1.0658571496972182,0.2592775733491354,0.2510123936842627,0.5435005117707267,False
mlp,CLIP,PCam,MHIST,PCam->MHIST,1.0,456,262144,0.5926481181343418,0.5334263958058914,0.3368289379199231,0.2891291093801891,0.2881244846115398,1.0970960806861108,0.2748377238883577,0.2770147736860151,0.5885363357215967,False
mlp,CONCH,BRACS,CRC,BRACS->CRC,0.01,42,36,0.541616602686019,0.3280791627991725,0.3030381441780576,0.4125278919547796,0.4125278864383697,0.8164159403480812,0.424353028378884,0.4243530178149541,0.7382666666666666,False
mlp,CONCH,BRACS,CRC,BRACS->CRC,0.01,123,36,0.1377016419914765,0.3222611022878488,0.3241585510283059,0.4235904381083945,0.4237961793800195,1.1207097112259046,0.4148472558796405,0.4158556940515836,0.5842,False
mlp,CONCH,BRACS,CRC,BRACS->CRC,0.01,456,36,0.5245341676810888,0.4502117244113566,0.2463224847174367,0.3060491149127483,0.3062078566908836,1.032024156817068,0.3069330108727018,0.3069330279111862,0.5584,False
mlp,CONCH,BRACS,CRC,BRACS->CRC,0.05,42,181,0.3993946541890774,0.3551316542013238,0.3589047574455686,0.4122152184968193,0.4122605960051219,1.5674361727234785,0.3868956773693363,0.3847806543191274,0.5926,False
mlp,CONCH,BRACS,CRC,BRACS->CRC,0.05,123,181,0.2655414890454072,0.3598166276046242,0.3461593796108042,0.4076592285941045,0.4079250372211138,1.4910214487210585,0.3834853921453158,0.3824861007452011,0.5708,False
mlp,CONCH,BRACS,CRC,BRACS->CRC,0.05,456,181,0.2345790587893755,0.3490181662224673,0.3469092056909149,0.4135420602664351,0.413354268036286,1.5071776420840424,0.3824691520723204,0.383603460697333,0.5802666666666667,False
mlp,CONCH,BRACS,CRC,BRACS->CRC,0.1,42,364,0.3324648498285023,0.4233805437651484,0.2556251950210878,0.3097252338116367,0.3106954649984836,1.2258747267415202,0.3095598554986218,0.3093987696766853,0.6935333333333333,False
mlp,CONCH,BRACS,CRC,BRACS->CRC,0.1,123,364,0.2037410826728879,0.3206917644441973,0.3855740377799112,0.4570499778966109,0.4561971949189901,1.481189752728139,0.425228756836305,0.4250952946623166,0.5302,False
mlp,CONCH,BRACS,CRC,BRACS->CRC,0.1,456,364,0.2042021909185642,0.2965393342736859,0.3926221596985602,0.4594033275534709,0.4590282489349445,1.2129265120522257,0.4387090528512994,0.4393751753608386,0.5059333333333333,False
mlp,CONCH,BRACS,CRC,BRACS->CRC,0.25,42,913,0.2503845154663383,0.4088482633044875,0.2630363624943553,0.3212676378669838,0.3217203826834758,1.068153776400797,0.3181425275544325,0.3212833769500255,0.7375333333333334,False
mlp,CONCH,BRACS,CRC,BRACS->CRC,0.25,123,913,0.1779762099468684,0.3851913993166733,0.2926960636310936,0.3716761946494381,0.3702444164146979,1.2685506907750577,0.3644921586374441,0.3661051301558812,0.7048666666666666,False
mlp,CONCH,BRACS,CRC,BRACS->CRC,0.25,456,913,0.1454804455494703,0.3379656341341698,0.3524686307145079,0.4419515972723563,0.4438188752353191,1.1592213379445069,0.4344887444560726,0.4352202947755654,0.5979333333333333,False
mlp,CONCH,BRACS,CRC,BRACS->CRC,0.5,42,1828,0.2272182115870783,0.4223258531741818,0.2407188265052592,0.2995760301038623,0.3007000719159841,1.1587806398190492,0.2979434031141301,0.3006149891396363,0.8056666666666666,False
mlp,CONCH,BRACS,CRC,BRACS->CRC,0.5,123,1828,0.1627401975845455,0.3901087019339126,0.2875496119575565,0.3667853124263386,0.3666359987010558,1.2256687644023392,0.3599361649900675,0.3645519594252109,0.7276666666666667,False
mlp,CONCH,BRACS,CRC,BRACS->CRC,0.5,456,1828,0.1596576120225984,0.3713326612009621,0.3114068185245889,0.3979308604727188,0.3968208837946256,1.212460160017072,0.3883147192160288,0.3916562431494395,0.6756666666666666,False
mlp,CONCH,BRACS,CRC,BRACS->CRC,1.0,42,3657,0.2235986916580606,0.4060769878278891,0.2610734597356888,0.3171371021265785,0.3170901995728413,1.2422769247669232,0.318429756809771,0.3182599323173364,0.7543333333333333,False
mlp,CONCH,BRACS,CRC,BRACS->CRC,1.0,123,3657,0.1684247654464782,0.3934268485515798,0.2771185796505497,0.3565071219397088,0.356876825851202,1.2137843367793637,0.3528662031178673,0.3552058141052723,0.7401333333333333,False
mlp,CONCH,BRACS,CRC,BRACS->CRC,1.0,456,3657,0.2127919542972565,0.4139325949795419,0.2546254330710464,0.3158260141486922,0.3154297531326612,1.2733587138038995,0.3173006724397341,0.3198974762340387,0.7744666666666666,False
mlp,CONCH,CRC,BRACS,CRC->BRACS,0.01,42,699,0.3940329218106995,0.4057971497180692,0.4671867151715186,0.4596756947766009,0.4529556654549531,0.986173103716313,0.4608421442164271,0.4541965552259506,0.5596491228070175,False
mlp,CONCH,CRC,BRACS,CRC->BRACS,0.01,123,699,0.3670116194625998,0.3688293874751746,0.4317076619418382,0.4561130760662388,0.4433068875366364,0.894627994781366,0.4640060527805696,0.4541163958810278,0.656140350877193,False
mlp,CONCH,CRC,BRACS,CRC->BRACS,0.01,456,699,0.4843409586056645,0.4673349757879534,0.3854603679290594,0.3789955633120578,0.3645028148335609,0.9825843545711432,0.3791052236270747,0.3662272965850047,0.5912280701754385,False
mlp,CONCH,CRC,BRACS,CRC->BRACS,0.05,42,3499,0.3976942628903414,0.3921328671328671,0.3743526193812411,0.3736661848138299,0.3742440828622795,0.990910019647145,0.3753223063947077,0.3746511125035867,0.8280701754385965,False
mlp,CONCH,CRC,BRACS,CRC->BRACS,0.05,123,3499,0.4077705156136528,0.4232509478844898,0.3982448280480928,0.3853179387258071,0.3820458631426877,0.963236243972814,0.3903551034237209,0.3849921442062655,0.724561403508772,False
mlp,CONCH,CRC,BRACS,CRC->BRACS,0.05,456,3499,0.4406923263132413,0.4300892034290285,0.3497777841711348,0.3475826742225572,0.3453880252989245,1.0773794732751236,0.3464802343373824,0.3419149226621892,0.8245614035087719,False
mlp,CONCH,CRC,BRACS,CRC->BRACS,0.1,42,6999,0.4293603243766642,0.4261573033707865,0.3514233415002756,0.3482586562502802,0.3463574682738793,0.9445277555061726,0.3531066987475609,0.3492211453836786,0.8456140350877193,False
mlp,CONCH,CRC,BRACS,CRC->BRACS,0.1,123,6999,0.4081941418542725,0.4022502266223494,0.3550701280204185,0.3520563172781023,0.3537847485836197,0.99693345067281,0.3522430304895367,0.3540008290388629,0.8385964912280702,False
mlp,CONCH,CRC,BRACS,CRC->BRACS,0.1,456,6999,0.423202614379085,0.4129608772060532,0.3565411943586818,0.3506875755118304,0.3495999142887229,0.8919952962009388,0.3596867345967902,0.3542998722690547,0.8298245614035088,False
mlp,CONCH,CRC,BRACS,CRC->BRACS,0.25,42,17499,0.444459573953038,0.4150153943317281,0.333838416561021,0.3257147077242271,0.3230745854253347,0.8454137072941723,0.3350981922705837,0.3308381027730567,0.8649122807017544,False
mlp,CONCH,CRC,BRACS,CRC->BRACS,0.25,123,17499,0.4328249818445897,0.4509173172230721,0.3329894102204548,0.3212496133031029,0.3157834882183431,0.8973190755581362,0.3240891924944886,0.3209036763385017,0.8263157894736842,False
mlp,CONCH,CRC,BRACS,CRC->BRACS,0.25,456,17499,0.414382110869039,0.4101375151744313,0.3334962180588416,0.3378379011338805,0.3302807663908416,0.8543324610204973,0.3392673713628921,0.3362784814822381,0.9017543859649124,False
mlp,CONCH,CRC,BRACS,CRC->BRACS,0.5,42,35000,0.4289820866618252,0.4303550701580629,0.3356122159979961,0.3345630355898225,0.328265255051624,0.8322348193268111,0.3364846138675746,0.3350443362008447,0.843859649122807,False
mlp,CONCH,CRC,BRACS,CRC->BRACS,0.5,123,35000,0.4120370370370371,0.4062766787440107,0.3741588712484862,0.375940323987028,0.3768231608057265,0.838360046990569,0.3902881657475965,0.3883742543125882,0.7807017543859649,False
mlp,CONCH,CRC,BRACS,CRC->BRACS,0.5,456,35000,0.4074376664245945,0.4065149486836233,0.3559074513238401,0.3610596343874931,0.3540880747014007,0.784780699958398,0.3721321905391258,0.3676456819112073,0.8473684210526315,False
mlp,CONCH,CRC,BRACS,CRC->BRACS,1.0,42,70000,0.4298444686516581,0.432183908045977,0.3531265205181925,0.3509316465670341,0.3477831210495918,0.8218243943205946,0.3632010264354839,0.3597621387171104,0.8105263157894737,False
mlp,CONCH,CRC,BRACS,CRC->BRACS,1.0,123,70000,0.4160463568143306,0.4185204686060286,0.3713735980070739,0.3735213459158937,0.3686532634098368,0.8145918347130764,0.3836009802982995,0.3801034768108421,0.7859649122807018,False
mlp,CONCH,CRC,BRACS,CRC->BRACS,1.0,456,70000,0.430918663761801,0.4201777113147507,0.3558342639133554,0.3587426127245028,0.3582799486050645,0.818333027913394,0.3676950091545127,0.368386489948897,0.8245614035087719,False
mlp,CONCH,MHIST,PCam,MHIST->PCam,0.01,42,18,0.7038174718136196,0.6285854612598571,0.2254844038031525,0.0975021176236623,0.0975313941344211,1.1147933490975237,0.100816884314554,0.1006208112466993,0.588836669921875,False
mlp,CONCH,MHIST,PCam,MHIST->PCam,0.01,123,18,0.646658102744248,0.3638449949229145,0.244375481331537,0.1031603819446899,0.1430716471368214,0.9921442149403888,0.1057605508531196,0.1431599226116304,0.984100341796875,False
mlp,CONCH,MHIST,PCam,MHIST->PCam,0.01,456,18,0.5428825024561681,0.330725832003239,0.2851400415167263,0.229682793910797,0.2330940283568452,1.0651249487884475,0.2225065972961601,0.2262437259942089,0.962860107421875,False
mlp,CONCH,MHIST,PCam,MHIST->PCam,0.05,42,92,0.7460242269753931,0.622164845778318,0.2582899585439066,0.2255284451791794,0.2255284473876457,1.3970680822501809,0.1995918632153461,0.1995918674285803,0.748992919921875,False
mlp,CONCH,MHIST,PCam,MHIST->PCam,0.05,123,92,0.8364615886904962,0.7371667016970812,0.1840600033858646,0.1316781255765136,0.1316781157748465,1.559526412300393,0.1165422852948268,0.1165422808575158,0.617095947265625,False
mlp,CONCH,MHIST,PCam,MHIST->PCam,0.05,456,92,0.6391682636709693,0.55574555042561,0.256585530045552,0.1751252374608611,0.178894766571716,1.434995749450236,0.1417097770024611,0.1460889798604512,0.63092041015625,False
mlp,CONCH,MHIST,PCam,MHIST->PCam,0.1,42,184,0.7939564749742569,0.5345797508663287,0.3053587435409136,0.3304142741332043,0.3304142679335626,1.2728764286316991,0.3066029199314926,0.3066029230307663,0.877593994140625,False
mlp,CONCH,MHIST,PCam,MHIST->PCam,0.1,123,184,0.7895480513120239,0.5286515330326467,0.3148157173140768,0.3311332863441407,0.3311332871545742,1.4070778044853207,0.3017441347806766,0.3017441341643945,0.874542236328125,False
mlp,CONCH,MHIST,PCam,MHIST->PCam,0.1,456,184,0.7131450025145156,0.6147734388048314,0.2463762436978798,0.1749437713949646,0.1749222055580048,1.4486872741562398,0.1402012770872716,0.1367409671540826,0.6976318359375,False
mlp,CONCH,MHIST,PCam,MHIST->PCam,0.25,42,461,0.8096120531521387,0.5101871689362686,0.344712245759899,0.375452421092632,0.3754524208760366,1.6787805344377236,0.3391463160254488,0.3391463136660846,0.900421142578125,False
mlp,CONCH,MHIST,PCam,MHIST->PCam,0.25,123,461,0.7384292266630832,0.4528054311114481,0.3784094842628801,0.3888237777364907,0.3888237739574964,1.3823992410011905,0.3619973307580721,0.3619973322942797,0.926605224609375,False
mlp,CONCH,MHIST,PCam,MHIST->PCam,0.25,456,461,0.6415228431471411,0.3802610015358276,0.4276869061678332,0.4285701962177484,0.4281421576687716,1.5588425231655954,0.3905979649708797,0.3904170001256446,0.968719482421875,False
mlp,CONCH,MHIST,PCam,MHIST->PCam,0.5,42,924,0.7971068566971867,0.4465779275134752,0.3676533469468394,0.3992259509038263,0.3992259575016037,1.259226738366786,0.3797611214372409,0.3797611238050216,0.940643310546875,False
mlp,CONCH,MHIST,PCam,MHIST->PCam,0.5,123,924,0.6689363728384758,0.3923485220340057,0.4138997723981045,0.4071453640962659,0.4053486428662087,1.330805208477179,0.3836608682349833,0.3830279962664145,0.9521484375,False
mlp,CONCH,MHIST,PCam,MHIST->PCam,0.5,456,924,0.7092233030197839,0.3723124889034633,0.4221670067036693,0.4376303454079391,0.4376303425137611,1.4734374859158288,0.4054696153295367,0.4054696186244717,0.979339599609375,False
mlp,CONCH,MHIST,PCam,MHIST->PCam,1.0,42,1849,0.7052695138685636,0.4350695126394783,0.3844190160585014,0.3912892094515143,0.3912892114898514,1.0911146136943357,0.3847529406095873,0.3847529377023027,0.9378662109375,False
mlp,CONCH,MHIST,PCam,MHIST->PCam,1.0,123,1849,0.6906899915777505,0.3906556422856954,0.4130038857067278,0.4189869406670823,0.4189869425091995,1.1297069958594774,0.4096816375191849,0.4096648471866011,0.964874267578125,False
mlp,CONCH,MHIST,PCam,MHIST->PCam,1.0,456,1849,0.709933598662713,0.4668291958589385,0.3658639358340012,0.3673178428621213,0.3673178426757746,1.09603141944596,0.360732541476068,0.3607325436088615,0.9112548828125,False
mlp,CONCH,PCam,MHIST,PCam->MHIST,0.01,42,2620,0.6136862956960202,0.5753939174763903,0.2847899494388957,0.1978259754492048,0.1984742635531215,0.9764863541466065,0.2016127870523942,0.2012226746675912,0.5353121801432958,False
mlp,CONCH,PCam,MHIST,PCam->MHIST,0.01,123,2620,0.6600036016567621,0.5783161686924935,0.2398195204617887,0.1396555669735373,0.1434711479870726,1.0043752126994785,0.1390288149215426,0.1428192747202049,0.7686796315250768,False
mlp,CONCH,PCam,MHIST,PCam->MHIST,0.01,456,2620,0.5983702503151449,0.4162812778545685,0.3084821116306086,0.2816993038312073,0.2712020592844092,1.0577426423600689,0.2733180697343885,0.2641419244371545,0.9611054247697032,False
mlp,CONCH,PCam,MHIST,PCam->MHIST,0.05,42,13106,0.572748964523681,0.5364006351176245,0.2699993995063494,0.1685057438475326,0.1694148863792541,1.0072020432537137,0.1674289780772818,0.168346207935893,0.654042988741044,False
mlp,CONCH,PCam,MHIST,PCam->MHIST,0.05,123,13106,0.5461147127678733,0.4889806188948105,0.2776939254768544,0.1852956511072639,0.1919751860803811,1.032533327260091,0.1826110921777258,0.187652796731848,0.7983623336745138,False
mlp,CONCH,PCam,MHIST,PCam->MHIST,0.05,456,13106,0.5908472897532865,0.4584192989944982,0.2678878613363758,0.1944559462513382,0.1850041631063944,1.0378153278419016,0.1872708709451046,0.1789916078145391,0.90992835209826,False
mlp,CONCH,PCam,MHIST,PCam->MHIST,0.1,42,26214,0.5093913200072033,0.4613920899132167,0.2824486653497124,0.1994138821585822,0.199002735774312,1.0536876143141984,0.1857808335791956,0.1917838207164831,0.7871033776867963,False
mlp,CONCH,PCam,MHIST,PCam->MHIST,0.1,123,26214,0.5109085179182424,0.5087002645211065,0.3000996542616588,0.2165880285798283,0.2139743116427834,1.071523543087506,0.2018616135130153,0.204476513372717,0.6642784032753326,False
mlp,CONCH,PCam,MHIST,PCam->MHIST,0.1,456,26214,0.4926436160633891,0.4414787713439756,0.3078486804408953,0.2509582135692895,0.2524398291596004,1.0271532271892887,0.2473620073898421,0.2484910770251721,0.8188331627430911,False
mlp,CONCH,PCam,MHIST,PCam->MHIST,0.25,42,65536,0.4832973167657123,0.4775424847309831,0.3070056689285241,0.2278585793524828,0.2224787237349527,1.0425206726083804,0.2205188697930368,0.2160659112882711,0.6499488229273286,False
mlp,CONCH,PCam,MHIST,PCam->MHIST,0.25,123,65536,0.4909913560237708,0.468759497758529,0.3175935180132233,0.2612388971601989,0.2589501110205814,1.0524598422225822,0.2541309447011537,0.250998234984483,0.7113613101330604,False
mlp,CONCH,PCam,MHIST,PCam->MHIST,0.25,456,65536,0.5773590851791824,0.5589771402650092,0.2755067342352741,0.165605159093194,0.1646103433418176,1.034302694074591,0.1604770247194393,0.1600753280087283,0.6038894575230297,False
mlp,CONCH,PCam,MHIST,PCam->MHIST,0.5,42,131072,0.495259319286872,0.4307187044107814,0.3038752570243104,0.2387689801663191,0.2423631183730634,1.0714592271255712,0.2315038194805536,0.2313810732394853,0.8863868986693961,False
mlp,CONCH,PCam,MHIST,PCam->MHIST,0.5,123,131072,0.4839050963443184,0.4199420322401802,0.3230122095685231,0.2881561246611933,0.2835579526209355,1.0731915676079753,0.2742446579588167,0.2733275658920971,0.872057318321392,False
mlp,CONCH,PCam,MHIST,PCam->MHIST,0.5,456,131072,0.5017468035296235,0.4440460243299463,0.3183555055313034,0.2754032910480226,0.2740097917128304,1.0951187671948608,0.2591304002804424,0.2624524338923951,0.8485158648925282,False
mlp,CONCH,PCam,MHIST,PCam->MHIST,1.0,42,262144,0.5154060867999279,0.4633806085611139,0.2941378001972193,0.2153527068742527,0.2234715719039084,1.074278053197001,0.2053634928522237,0.2131718057250659,0.8014329580348004,False
mlp,CONCH,PCam,MHIST,PCam->MHIST,1.0,123,262144,0.4956780118854673,0.4961405466642994,0.3193754177040285,0.2242813147032517,0.2383129945522443,1.0232590865009306,0.2219516501944043,0.2353803884989163,0.5383828045035824,False
mlp,CONCH,PCam,MHIST,PCam->MHIST,1.0,456,262144,0.4424770394381415,0.4011103846064031,0.3504882248715636,0.3255812544394723,0.3261894630058501,1.111381751619025,0.3099056101092418,0.3136788523024827,0.8996929375639714,False
mlp,GigaPath,BRACS,CRC,BRACS->CRC,0.01,42,36,0.4603759595636854,0.4330682958713581,0.2492763525230865,0.331416084420681,0.3314160857677459,0.8432596213598058,0.3271968995774785,0.327196892507871,0.5913333333333334,False
mlp,GigaPath,BRACS,CRC,BRACS->CRC,0.01,123,36,0.3388765014813292,0.4096313329298268,0.224360236368957,0.2435951945791641,0.2428768465836842,1.246090937643826,0.2496047583987315,0.2495311234474182,0.762,False
mlp,GigaPath,BRACS,CRC,BRACS->CRC,0.01,456,36,0.6165955305448207,0.2312954655646605,0.3619160112120672,0.4891128122846285,0.4888966971715291,0.9568739706239704,0.4942971619317929,0.4940280888557434,0.882,False
mlp,GigaPath,BRACS,CRC,BRACS->CRC,0.05,42,181,0.6404974974824413,0.4589132893403952,0.2931018312941813,0.3860959041034182,0.3858935539007186,1.0055956471010534,0.3859908097311854,0.3857805444876352,0.5567333333333333,False
mlp,GigaPath,BRACS,CRC,BRACS->CRC,0.05,123,181,0.554591357443095,0.3997597213059281,0.2874894373147496,0.3883053284396728,0.3882855449199676,1.1357771395426364,0.3849519553576906,0.384921617714564,0.6026666666666667,False
mlp,GigaPath,BRACS,CRC,BRACS->CRC,0.05,456,181,0.4201954897440151,0.363616440298902,0.2861579770017588,0.3709287409548958,0.3707827850262324,0.9597490831406936,0.3714264221131801,0.371368880478541,0.5676,False
mlp,GigaPath,BRACS,CRC,BRACS->CRC,0.1,42,364,0.5405497068884143,0.3949749306742108,0.3480029458055844,0.421365417745461,0.4196953076759974,0.9654746538672108,0.4233348937198519,0.4220210074027379,0.6054666666666667,False
mlp,GigaPath,BRACS,CRC,BRACS->CRC,0.1,123,364,0.4264262283758651,0.3871880612694419,0.2985571339563716,0.3606354006811976,0.3637963455518087,1.198567316910292,0.3557797537597517,0.3557729904015859,0.5123333333333333,False
mlp,GigaPath,BRACS,CRC,BRACS->CRC,0.1,456,364,0.4583669506757104,0.4095362135942582,0.2688283786770395,0.348745282027622,0.3487452908436457,0.9679496657329252,0.3485580036461353,0.3485579862276713,0.513,False
mlp,GigaPath,BRACS,CRC,BRACS->CRC,0.25,42,913,0.5366814612179143,0.4528714370734471,0.2897845071263333,0.3560164261805514,0.3550049615263939,1.089251586117712,0.3538327064250906,0.3538790178656578,0.5299333333333334,False
mlp,GigaPath,BRACS,CRC,BRACS->CRC,0.25,123,913,0.3877522961770492,0.4307705676195971,0.2742238132377267,0.3337586024383704,0.3354406670331954,1.1210900820172764,0.3339201955797771,0.3342991710305213,0.6199333333333333,False
mlp,GigaPath,BRACS,CRC,BRACS->CRC,0.25,456,913,0.4021899438134647,0.3259666440161891,0.3211914093950594,0.4011163143744071,0.4010675861517588,0.970558677939132,0.4023151600261529,0.4022519662062327,0.639,False
mlp,GigaPath,BRACS,CRC,BRACS->CRC,0.5,42,1828,0.5463483607538892,0.4623469768260005,0.2893080509890796,0.3370684431100885,0.3371119380831718,1.0612813704635686,0.3361522942704459,0.3366170352538427,0.5448666666666667,False
mlp,GigaPath,BRACS,CRC,BRACS->CRC,0.5,123,1828,0.5105626115669846,0.4001374631749441,0.3253951234803949,0.3970911140568554,0.3964185654362043,1.0600118926783724,0.394148231652379,0.3932992710908254,0.5725333333333333,False
mlp,GigaPath,BRACS,CRC,BRACS->CRC,0.5,456,1828,0.5372850035572928,0.4514233124660866,0.2990390370094927,0.350453303934137,0.3498882761081059,1.2148987074803848,0.345940507517755,0.3456150166869163,0.5273333333333333,False
mlp,GigaPath,BRACS,CRC,BRACS->CRC,1.0,42,3657,0.5259476293768137,0.4422032166296696,0.3065365549463951,0.3580502544720967,0.3582287683347861,1.2029983850756152,0.3543961289279163,0.353829879963398,0.5174,False
mlp,GigaPath,BRACS,CRC,BRACS->CRC,1.0,123,3657,0.5096112985812885,0.4373636339775403,0.3122806812831427,0.367664933809638,0.3642071373184522,1.2294550755298634,0.3601085085933407,0.3602885725895564,0.5166666666666667,False
mlp,GigaPath,BRACS,CRC,BRACS->CRC,1.0,456,3657,0.5333660854474596,0.4360564867682305,0.3205377343073172,0.3767431564723452,0.3750891539017359,1.2368581199967144,0.3699957765897115,0.3692033298373222,0.5093333333333333,False
mlp,GigaPath,CRC,BRACS,CRC->BRACS,0.01,42,699,0.665380658436214,0.5345027409519245,0.1969135493234943,0.0834579933892216,0.0817609177281459,0.8224541608073463,0.1118736917054966,0.1067089493925634,0.8929824561403509,False
mlp,GigaPath,CRC,BRACS,CRC->BRACS,0.01,123,699,0.6036220043572984,0.4585866261398176,0.2183277472950542,0.137139380154641,0.1390109324729756,0.8349119422049923,0.1671581522610626,0.1653276079612081,0.9543859649122808,False
mlp,GigaPath,CRC,BRACS,CRC->BRACS,0.01,456,699,0.642883079157589,0.5711466845848456,0.201719541824182,0.1010291776374766,0.0900435985507149,0.8295966733470429,0.1226283961482215,0.1152765304536411,0.875438596491228,False
mlp,GigaPath,CRC,BRACS,CRC->BRACS,0.05,42,3499,0.601397966594045,0.4370671806953666,0.2588397063470263,0.2382801135446418,0.2326314820438264,0.8940423083885366,0.2473587484670835,0.2411914734631417,0.9789473684210528,False
mlp,GigaPath,CRC,BRACS,CRC->BRACS,0.05,123,3499,0.6163610505930767,0.4665124201396357,0.2470146206315343,0.2234884918258901,0.2202623860526568,0.8880547035963465,0.2390585657405226,0.2303128397678384,0.9701754385964912,False
mlp,GigaPath,CRC,BRACS,CRC->BRACS,0.05,456,3499,0.5843016218833211,0.4338173907214547,0.2642133513552441,0.2494877847074939,0.239717162397829,0.9333135827612288,0.2567403190311763,0.2443992088987949,0.987719298245614,False
mlp,GigaPath,CRC,BRACS,CRC->BRACS,0.1,42,6999,0.6449709513435004,0.4549166622665752,0.2551125155556815,0.2434427777664703,0.2259803044078708,0.8894819391314599,0.2510006975186498,0.2330563781067643,0.9736842105263158,False
mlp,GigaPath,CRC,BRACS,CRC->BRACS,0.1,123,6999,0.596163156620673,0.4629734313171283,0.25226795887087,0.2288245333325967,0.2268206833847471,0.8414807734252248,0.2465445017311395,0.2407178364573108,0.963157894736842,False
mlp,GigaPath,CRC,BRACS,CRC->BRACS,0.1,456,6999,0.6144849915274752,0.4282144857253632,0.2730297661476885,0.2700816831657696,0.2610581686392961,0.7680786033675389,0.2772395237128397,0.2681257854351746,0.9912280701754386,True
mlp,GigaPath,CRC,BRACS,CRC->BRACS,0.25,42,17499,0.6117768094892277,0.4369357795022012,0.2615268639571043,0.254041546138755,0.2324045963124821,0.772857727855811,0.2658025725254495,0.2513808884694554,0.963157894736842,False
mlp,GigaPath,CRC,BRACS,CRC->BRACS,0.25,123,17499,0.6776960784313726,0.5235291334360264,0.2247300115898406,0.1926393512799813,0.1900628067526492,0.7868770482043163,0.2138537768830071,0.21300041655463,0.9280701754385964,False
mlp,GigaPath,CRC,BRACS,CRC->BRACS,0.25,456,17499,0.578658315177923,0.4241770328350001,0.2712214536489101,0.2619230678435741,0.2458214060729165,0.7844656285124464,0.2738864277652873,0.255173249641864,0.980701754385965,False
mlp,GigaPath,CRC,BRACS,CRC->BRACS,0.5,42,35000,0.5803225611232148,0.4348522449266945,0.2598198969443156,0.2369759226315899,0.2277226498452619,0.7942561465774673,0.2559075169526694,0.243974553423348,0.9736842105263158,False
mlp,GigaPath,CRC,BRACS,CRC->BRACS,0.5,123,35000,0.607222827402566,0.4612140936748267,0.2450963991048829,0.219101300534972,0.2073028607854595,0.7656349021726447,0.239756748527942,0.2245991709126157,0.9596491228070176,False
mlp,GigaPath,CRC,BRACS,CRC->BRACS,0.5,456,35000,0.591926894214476,0.4513711548411864,0.2573235737623774,0.2330800124689152,0.2257587005733512,0.7072901887592068,0.2566105692565703,0.2494780815401355,0.9526315789473684,False
mlp,GigaPath,CRC,BRACS,CRC->BRACS,1.0,42,70000,0.5712448559670782,0.4796104686548996,0.2515423222222784,0.2272084981072367,0.2108669042368746,0.7536142194970863,0.2527294303274207,0.2364102608150508,0.9578947368421052,False
mlp,GigaPath,CRC,BRACS,CRC->BRACS,1.0,123,70000,0.5900054466230936,0.4860350307702711,0.2493980438824903,0.2218570712365602,0.2038290626634925,0.7618546115791255,0.2411753491482191,0.2279481359679808,0.9578947368421052,False
mlp,GigaPath,CRC,BRACS,CRC->BRACS,1.0,456,70000,0.5534676833696441,0.4547615678505731,0.2577439355985201,0.2266809882432745,0.2227428372645048,0.714247526108827,0.249533818964438,0.2503762628864997,0.9596491228070176,False
mlp,GigaPath,MHIST,PCam,MHIST->PCam,0.01,42,18,0.2961528040896631,0.339475068590258,0.2696635777382675,0.1808099211793887,0.1892262170649701,1.0793714441486395,0.1807564102064134,0.1861706108438738,0.938934326171875,False
mlp,GigaPath,MHIST,PCam,MHIST->PCam,0.01,123,18,0.4441477945567739,0.441908202154387,0.2531043695299926,0.0420089870708579,0.0836927550935797,1.3829486861230504,0.0166260691075876,0.0782841174959685,0.583953857421875,False
mlp,GigaPath,MHIST,PCam,MHIST->PCam,0.01,456,18,0.5216689316994609,0.4970254443119273,0.2578521490369081,0.062346121723749,0.0618244801544278,1.762450103452548,0.0342601715328783,0.0364179488760783,0.739044189453125,False
mlp,GigaPath,MHIST,PCam,MHIST->PCam,0.05,42,92,0.3323899480965266,0.3437279155268797,0.3120855479868213,0.221154800944987,0.2225730395693972,0.9397134754817514,0.2281708065714838,0.2298478237748895,0.905670166015625,False
mlp,GigaPath,MHIST,PCam,MHIST->PCam,0.05,123,92,0.4576774944595889,0.4748871039558845,0.26910087427715,0.1043577095715591,0.1046421058572377,1.3827534128351406,0.0886599430796195,0.0867539646642399,0.53546142578125,False
mlp,GigaPath,MHIST,PCam,MHIST->PCam,0.05,456,92,0.4191003946062898,0.4256150700530262,0.2844961943817776,0.1594030732655937,0.1601016051240549,1.0956768247476996,0.1514426312992327,0.152058842128099,0.699066162109375,False
mlp,GigaPath,MHIST,PCam,MHIST->PCam,0.1,42,184,0.2807235950807338,0.3277381596704701,0.3768681926211886,0.3296337608207977,0.3306338812066087,1.1763382006170504,0.308386670831851,0.3086437265674249,0.905426025390625,False
mlp,GigaPath,MHIST,PCam,MHIST->PCam,0.1,123,184,0.4497019258715002,0.4483516576534532,0.2933871768613275,0.1631741086389411,0.1633628083213807,1.1386202822849103,0.1484033286983503,0.1490973582381229,0.727874755859375,False
mlp,GigaPath,MHIST,PCam,MHIST->PCam,0.1,456,184,0.4358862186164584,0.4431035760162132,0.2954667958493714,0.1806059322605051,0.183746788276494,1.0271550430363852,0.1780979554332589,0.1809337206509553,0.573211669921875,False
mlp,GigaPath,MHIST,PCam,MHIST->PCam,0.25,42,461,0.4598718417201944,0.4050048112656682,0.3659174351764767,0.298846645436015,0.2975511037636238,1.214388400246511,0.2692688629376789,0.2675902973668371,0.87860107421875,False
mlp,GigaPath,MHIST,PCam,MHIST->PCam,0.25,123,461,0.5050889020761706,0.4919752049085962,0.3151584114408468,0.1906638117898182,0.1899113358791737,1.1598237262876467,0.1735584465238844,0.1707361253460249,0.78009033203125,False
mlp,GigaPath,MHIST,PCam,MHIST->PCam,0.25,456,461,0.4878590084802039,0.4883812300635246,0.3032067845387527,0.1827775733420367,0.182889879373306,1.0204473010551864,0.1801973439270341,0.1803984776445304,0.563812255859375,False
mlp,GigaPath,MHIST,PCam,MHIST->PCam,0.5,42,924,0.5075716054849649,0.4299290100871287,0.3385688893793217,0.2583490346656845,0.2551653588548106,0.950505729044458,0.2660698135089205,0.2629338267997241,0.8875732421875,False
mlp,GigaPath,MHIST,PCam,MHIST->PCam,0.5,123,924,0.4828678394128536,0.4917979458788367,0.320116202020586,0.1956336523255686,0.1968727420946834,1.0338052172986592,0.1918538375348362,0.1927363985794272,0.671630859375,False
mlp,GigaPath,MHIST,PCam,MHIST->PCam,0.5,456,924,0.500515878294699,0.4978297064495381,0.3110908003844742,0.1899236536013404,0.1903543616826937,1.0622810298357503,0.181860635261728,0.1827421419251322,0.6435546875,False
mlp,GigaPath,MHIST,PCam,MHIST->PCam,1.0,42,1849,0.5291446183923121,0.4974076561212575,0.3070081853188559,0.1876080764591279,0.1863605094155218,0.9075666277331598,0.1966769368925724,0.1985110755258006,0.766204833984375,False
mlp,GigaPath,MHIST,PCam,MHIST->PCam,1.0,123,1849,0.547286295581715,0.5133722457512231,0.3060192771154129,0.1902813714743843,0.187770797846781,0.9279237175299284,0.1997399892566136,0.1967411912032162,0.7530517578125,False
mlp,GigaPath,MHIST,PCam,MHIST->PCam,1.0,456,1849,0.5528316333470867,0.518513688260837,0.3015674167665828,0.1824372462606334,0.1804704501379888,0.9381474624807516,0.1914079381973579,0.1881598944185043,0.74078369140625,False
mlp,GigaPath,PCam,MHIST,PCam->MHIST,0.01,42,2620,0.458499909958581,0.4621607756836723,0.2505680210325409,0.1270344888480683,0.1393282967433714,0.9100329473382592,0.1305795852457122,0.1465816654287804,0.8352098259979529,False
mlp,GigaPath,PCam,MHIST,PCam->MHIST,0.01,123,2620,0.4240590671708986,0.4452200762766339,0.2573212455631656,0.1608649879358442,0.1616832413229263,0.9548982100034838,0.1641685197791399,0.1654983176759224,0.8638689866939611,False
mlp,GigaPath,PCam,MHIST,PCam->MHIST,0.01,456,2620,0.4302674230145867,0.3994530838950915,0.2788235350254886,0.1915758699941293,0.1859622871085711,1.099869537546591,0.1767765531276363,0.1729192969178592,0.9887410440122824,False
mlp,GigaPath,PCam,MHIST,PCam->MHIST,0.05,42,13106,0.4569376913380155,0.4380600706307301,0.2585899175170756,0.1483565946104826,0.1548158368257807,1.0802165442037186,0.1366116363048065,0.1480353550876785,0.8894575230296827,False
mlp,GigaPath,PCam,MHIST,PCam->MHIST,0.05,123,13106,0.4186070592472537,0.4309535246787558,0.2618838880841838,0.1757606265183725,0.1848983850364431,1.070502444031029,0.1607442465415386,0.1783708873888365,0.9181166837256908,False
mlp,GigaPath,PCam,MHIST,PCam->MHIST,0.05,456,13106,0.4237664325589771,0.4173379011313439,0.2577018599412574,0.1488367292568652,0.166873114715457,0.98134248936174,0.1452888522903409,0.1683148387114125,0.9089048106448312,False
mlp,GigaPath,PCam,MHIST,PCam->MHIST,0.1,42,26214,0.439757788582748,0.4374778344927598,0.2542134921299248,0.1399042014730379,0.1500872514051449,1.0075412860924575,0.1389553000580447,0.1494989258331554,0.8884339815762539,False
mlp,GigaPath,PCam,MHIST,PCam->MHIST,0.1,123,26214,0.4431163335134161,0.4489999344219293,0.2529816068504411,0.1373363506800076,0.1493016996000538,0.977905127405948,0.1414592855723389,0.151414416677022,0.8986693961105425,False
mlp,GigaPath,PCam,MHIST,PCam->MHIST,0.1,456,26214,0.4242931748604358,0.4200524274789315,0.2563636638692907,0.1442746463305142,0.1622261077226611,0.9693382671339552,0.1468263362270294,0.1646643622779309,0.8925281473899693,False
mlp,GigaPath,PCam,MHIST,PCam->MHIST,0.25,42,65536,0.4860210696920583,0.4232281102562503,0.2581876550161466,0.1418461150955885,0.1447251158611069,1.2725247786306093,0.1056546725965693,0.1189159672238321,0.9559877175025588,False
mlp,GigaPath,PCam,MHIST,PCam->MHIST,0.25,123,65536,0.5460967044840627,0.4304317113371928,0.2679696379631474,0.1862570833540621,0.1800139978520396,1.3024837012580592,0.1390945593289794,0.1339180652002595,0.9641760491299898,False
mlp,GigaPath,PCam,MHIST,PCam->MHIST,0.25,456,65536,0.4828561138123537,0.4080992350910444,0.2690996022376182,0.1749642558754283,0.1773474874278052,1.207853941940899,0.1452410017638758,0.1433249475585035,0.985670419651996,False
mlp,GigaPath,PCam,MHIST,PCam->MHIST,0.5,42,131072,0.6493697100666307,0.4225969059621067,0.273901423390479,0.2293795856705341,0.2279931374938973,1.3626503145463529,0.1805747145617203,0.1776299939406015,0.9744114636642784,False
mlp,GigaPath,PCam,MHIST,PCam->MHIST,0.5,123,131072,0.5848865478119935,0.4189504234465696,0.2832427075402151,0.2366284419121859,0.2355493011054113,1.3379058356222278,0.1837597950957448,0.1837597941577495,0.9877175025588536,False
mlp,GigaPath,PCam,MHIST,PCam->MHIST,0.5,456,131072,0.5359580406987214,0.4160887325406569,0.2752857965393336,0.2076131069771526,0.2015274536043802,1.2642230113676174,0.1633157198876905,0.1564631995305556,0.9887410440122824,False
mlp,GigaPath,PCam,MHIST,PCam->MHIST,1.0,42,262144,0.5898658382856113,0.4537600565497636,0.2575449304487323,0.1677701615880004,0.1651117883378615,1.2676345257202235,0.1298872690453378,0.1286116229902148,0.9273285568065508,False
mlp,GigaPath,PCam,MHIST,PCam->MHIST,1.0,123,262144,0.5835134161714388,0.4217984002387602,0.2759794498825966,0.2214901089256471,0.2197052739758879,1.280639193028028,0.1782502385472141,0.1752428356462759,0.9866939611054248,False
mlp,GigaPath,PCam,MHIST,PCam->MHIST,1.0,456,262144,0.5617414010444806,0.4019931549953878,0.295187136955935,0.2617582055638061,0.2548617316522428,1.3604264600192664,0.2028747497197,0.1996451032518608,0.9948822927328556,True
mlp,H-Optimus-0,BRACS,CRC,BRACS->CRC,0.01,42,36,0.4922452548984331,0.4928782607701332,0.1944187894594397,0.2545919463167588,0.2545919511795044,0.8960475646476768,0.243886858044068,0.2438868685642878,0.8726,False
mlp,H-Optimus-0,BRACS,CRC,BRACS->CRC,0.01,123,36,0.5152072809431908,0.494915743308129,0.1549805551580072,0.1615797811458508,0.1615797782023747,0.9398426312834032,0.1515715917964776,0.151571589120229,0.9674,False
mlp,H-Optimus-0,BRACS,CRC,BRACS->CRC,0.01,456,36,0.4198407461611611,0.4351451601872492,0.2345776588352942,0.2967682995001475,0.2967682912031809,0.9619668375336712,0.294795389576753,0.2947689288934071,0.6744,False
mlp,H-Optimus-0,BRACS,CRC,BRACS->CRC,0.05,42,181,0.5208264455810128,0.4736930662341143,0.2195532880456782,0.2918330677268406,0.291833048470815,0.9612517376188552,0.2895850812790294,0.2895850781679153,0.6784,False
mlp,H-Optimus-0,BRACS,CRC,BRACS->CRC,0.05,123,181,0.417802038404744,0.496433941247031,0.1900066918450565,0.2333612756679455,0.2343036129315694,1.101228587700224,0.2402656799226999,0.2420112902164459,0.9,False
mlp,H-Optimus-0,BRACS,CRC,BRACS->CRC,0.05,456,181,0.4635575717767072,0.4531258787251285,0.1956318824707842,0.2079295856485764,0.2077112996657689,1.0069676453540293,0.2086804576272765,0.208460798271497,0.8028666666666666,False
mlp,H-Optimus-0,BRACS,CRC,BRACS->CRC,0.1,42,364,0.4579035972174843,0.4270646080290518,0.2528557267110915,0.2806957939051092,0.2806957830071449,1.1045245495972698,0.2855823058033983,0.285582324274381,0.6351333333333333,False
mlp,H-Optimus-0,BRACS,CRC,BRACS->CRC,0.1,123,364,0.4843839078351566,0.4787985747691977,0.1993018911879111,0.2331471572130918,0.23285534273386,1.150115115197848,0.2461468320605655,0.2456652148644129,0.7779333333333334,False
mlp,H-Optimus-0,BRACS,CRC,BRACS->CRC,0.1,456,364,0.470076701571751,0.4612307102702895,0.1884466650889864,0.1974662251576781,0.1972176774422327,0.9804278885185758,0.195120450720191,0.1948763558348019,0.8303333333333334,False
mlp,H-Optimus-0,BRACS,CRC,BRACS->CRC,0.25,42,913,0.4726194869262186,0.4149962204318945,0.2695057123906832,0.3025662609323859,0.3025589465181033,1.0600880402572688,0.3042104031304518,0.3041706148862839,0.5656666666666667,False
mlp,H-Optimus-0,BRACS,CRC,BRACS->CRC,0.25,123,913,0.5361984119520368,0.4786925647885898,0.2160339019084743,0.2541156514927745,0.253837577410539,1.1250666764620791,0.2626117165183028,0.261962721157074,0.6726,False
mlp,H-Optimus-0,BRACS,CRC,BRACS->CRC,0.25,456,913,0.4533181612943172,0.4438758343890309,0.2065804645279057,0.2223947328055898,0.2223738008817037,1.040369177863138,0.2262149250057836,0.226192820974191,0.7743333333333333,False
mlp,H-Optimus-0,BRACS,CRC,BRACS->CRC,0.5,42,1828,0.4849914294943386,0.4351587069300741,0.2471863387040678,0.2724525468299786,0.2724525376240412,1.0725411374841425,0.2759206929698586,0.2759206984519958,0.6194666666666667,False
mlp,H-Optimus-0,BRACS,CRC,BRACS->CRC,0.5,123,1828,0.5511811351327355,0.4380092359271783,0.2995648434028145,0.3515531665186087,0.3515531561354796,1.1381176916801503,0.3507200501235822,0.3507200394153595,0.5113333333333333,False
mlp,H-Optimus-0,BRACS,CRC,BRACS->CRC,0.5,456,1828,0.4977275893470469,0.434867464325998,0.2480205141355096,0.2726605699320634,0.2725091511090596,1.2546857311620547,0.2824874075261255,0.2823887267788251,0.607,False
mlp,H-Optimus-0,BRACS,CRC,BRACS->CRC,1.0,42,3657,0.558764422661299,0.4464164229610454,0.3091860727864331,0.3374919333090385,0.3379017574290434,1.2714007007328436,0.3365210191053648,0.3365210231721401,0.5034666666666666,False
mlp,H-Optimus-0,BRACS,CRC,BRACS->CRC,1.0,123,3657,0.5641057650632954,0.4461117212027883,0.3217590868771297,0.3528186668351292,0.3528186692873636,1.293870456300903,0.3506366604467233,0.3506366636931896,0.5116666666666667,False
mlp,H-Optimus-0,BRACS,CRC,BRACS->CRC,1.0,456,3657,0.5350221761286373,0.4369416559689007,0.2871182624083623,0.3313606296973924,0.3313366250773271,1.184220426923415,0.3318073367799322,0.3318073450605074,0.5094,False
mlp,H-Optimus-0,CRC,BRACS,CRC->BRACS,0.01,42,699,0.5295933188090051,0.4171779141104294,0.2665662040449134,0.2504088069001833,0.24493177324174,0.7652823191975402,0.2684047696556438,0.2632365596764557,1.0,True
mlp,H-Optimus-0,CRC,BRACS,CRC->BRACS,0.01,123,699,0.4858085209392399,0.4165813715455476,0.273949132895529,0.2606909150486453,0.2642953302498841,0.7953591728314137,0.2763891992731052,0.2729940048284142,0.9982456140350876,True
mlp,H-Optimus-0,CRC,BRACS,CRC->BRACS,0.01,456,699,0.5694293149358508,0.4135802469135802,0.257137567152866,0.2408252157989824,0.2426396158523857,0.7919510408814774,0.2610271031788567,0.2623935431164378,0.9894736842105264,False
mlp,H-Optimus-0,CRC,BRACS,CRC->BRACS,0.05,42,3499,0.4218409586056645,0.4171779141104294,0.2827270644905988,0.2809368909908491,0.2775847607013451,0.8802161001780783,0.2823904047720134,0.2801003546965882,1.0,True
mlp,H-Optimus-0,CRC,BRACS,CRC->BRACS,0.05,123,3499,0.4638707334785766,0.4171779141104294,0.283036393278825,0.2819987914377922,0.2809436174674294,0.7776329380808996,0.2832699145925672,0.2827299136600662,1.0,True
mlp,H-Optimus-0,CRC,BRACS,CRC->BRACS,0.05,456,3499,0.5356753812636166,0.4171779141104294,0.2812682703582455,0.2777463648754188,0.2770836249122543,0.9702652281563376,0.2785041838753642,0.2778651181950536,1.0,True
mlp,H-Optimus-0,CRC,BRACS,CRC->BRACS,0.1,42,6999,0.4720406681190995,0.4171779141104294,0.2828801978680709,0.2814391843566115,0.2801334704847377,0.8628266651749049,0.2828672536452742,0.2820423819258219,1.0,True
mlp,H-Optimus-0,CRC,BRACS,CRC->BRACS,0.1,123,6999,0.4053649237472766,0.4171779141104294,0.2829571722531363,0.2802888197399545,0.2796369180095529,0.8115730496997338,0.2828012263953783,0.2823122575351717,1.0,True
mlp,H-Optimus-0,CRC,BRACS,CRC->BRACS,0.1,456,6999,0.5151900266279351,0.4171779141104294,0.2821636857079754,0.2820434011257532,0.2775522763794901,0.7710012750311945,0.2833978640867332,0.2815740741129782,1.0,True
mlp,H-Optimus-0,CRC,BRACS,CRC->BRACS,0.25,42,17499,0.4275296538368434,0.4171779141104294,0.2833584350844647,0.2825480931969523,0.2811030527589058,0.7470245493142682,0.284059035796427,0.2832298985647843,1.0,True
mlp,H-Optimus-0,CRC,BRACS,CRC->BRACS,0.25,123,17499,0.4291182522391673,0.4171779141104294,0.2830766632550575,0.2809464121335431,0.2790953304669656,0.8153236841020232,0.2834490923946233,0.2817906062212211,1.0,True
mlp,H-Optimus-0,CRC,BRACS,CRC->BRACS,0.25,456,17499,0.4842047930283224,0.4171779141104294,0.2830902527276794,0.2822778425081388,0.2809833552860685,0.8526829054238775,0.2833727602177022,0.2825779767292994,1.0,True
mlp,H-Optimus-0,CRC,BRACS,CRC->BRACS,0.5,42,35000,0.4906499636891794,0.4171779141104294,0.2830554846230027,0.2820293247797771,0.281172055165626,0.6826824768268671,0.284045905681284,0.2834824865752215,1.0,True
mlp,H-Optimus-0,CRC,BRACS,CRC->BRACS,0.5,123,35000,0.4179829339143064,0.4171779141104294,0.2833768989385668,0.2822832584319832,0.2812573158078043,0.7662880189973983,0.2833190352435371,0.2833190351201186,1.0,True
mlp,H-Optimus-0,CRC,BRACS,CRC->BRACS,0.5,456,35000,0.488940329218107,0.4171779141104294,0.2832126532869274,0.2824055327233253,0.2817156773237736,0.7623260412034852,0.2837649554328731,0.283514717012665,1.0,True
mlp,H-Optimus-0,CRC,BRACS,CRC->BRACS,1.0,42,70000,0.4161220043572984,0.4171779141104294,0.2826960702910308,0.2802561365737857,0.2793460406819098,0.6477244182913001,0.2837740571682317,0.2831943116800492,1.0,True
mlp,H-Optimus-0,CRC,BRACS,CRC->BRACS,1.0,123,70000,0.439466836117163,0.4171779141104294,0.2827702593015199,0.2812916440676832,0.2799803532468535,0.721704520034177,0.2837737086596654,0.2829559053420529,1.0,True
mlp,H-Optimus-0,CRC,BRACS,CRC->BRACS,1.0,456,70000,0.4003419268942144,0.4171779141104294,0.282622235937418,0.2812840716423173,0.2794733843555277,0.7178470571557258,0.2828259946114645,0.2828259947624829,1.0,True
mlp,H-Optimus-0,MHIST,PCam,MHIST->PCam,0.01,42,18,0.6839201357665906,0.5899470951940531,0.2405673604828545,0.1048532845197769,0.1089867596765543,0.9715990458502384,0.10524001484373,0.1082346524462991,0.709442138671875,False
mlp,H-Optimus-0,MHIST,PCam,MHIST->PCam,0.01,123,18,0.7618090988272647,0.6546024171332341,0.2257382277596841,0.1380183593528272,0.1445532776278923,1.1240525103752552,0.146013483693423,0.1506261464592171,0.701385498046875,False
mlp,H-Optimus-0,MHIST,PCam,MHIST->PCam,0.01,456,18,0.5300408563464953,0.4714938456437498,0.2513253866546334,0.0541668449523058,0.0537149802567,1.121511856266549,0.0489842244778628,0.0486185273421142,0.755462646484375,False
mlp,H-Optimus-0,MHIST,PCam,MHIST->PCam,0.05,42,92,0.6489314354868245,0.4185318253744639,0.3087803177578961,0.2760981345259097,0.2757170232924864,1.2234011337749726,0.2425170004033816,0.2423921924978458,0.942626953125,False
mlp,H-Optimus-0,MHIST,PCam,MHIST->PCam,0.05,123,92,0.7963453643803404,0.7062522628261919,0.220109753882416,0.1619505549451787,0.1625819243527075,1.219445859655515,0.1724377637069665,0.1739176572464202,0.65386962890625,False
mlp,H-Optimus-0,MHIST,PCam,MHIST->PCam,0.05,456,92,0.6244684796741438,0.418413203943595,0.312864185324889,0.267614482039562,0.2639572271214092,1.4257016753953866,0.2114962755840679,0.206133048016909,0.908111572265625,False
mlp,H-Optimus-0,MHIST,PCam,MHIST->PCam,0.1,42,184,0.5541723618449484,0.3382385010194131,0.4221735991337993,0.4180917975501188,0.4179464524245446,1.330781477807727,0.3731065584256612,0.3729152022552284,0.996429443359375,True
mlp,H-Optimus-0,MHIST,PCam,MHIST->PCam,0.1,123,184,0.7578790751698414,0.3600123220376385,0.3155217501787663,0.3178979864629809,0.3177690240190713,1.1571531407771052,0.2918218492009146,0.2915135533472721,0.984893798828125,False
mlp,H-Optimus-0,MHIST,PCam,MHIST->PCam,0.1,456,184,0.6913921828501559,0.4456519917166203,0.3139587384633191,0.2950535368299825,0.2949918430788898,1.0947972043679373,0.282784506579901,0.2824316340864925,0.914947509765625,False
mlp,H-Optimus-0,MHIST,PCam,MHIST->PCam,0.25,42,461,0.6824321986704236,0.3390997629768023,0.4381643391752143,0.4518570502277157,0.4518570481747517,1.202176842945287,0.432933935224014,0.4329339362955977,0.99725341796875,True
mlp,H-Optimus-0,MHIST,PCam,MHIST->PCam,0.25,123,461,0.7444646562590008,0.3623764445754109,0.3800837306185277,0.4012116869566284,0.4012116884015526,1.1157251146861815,0.3868057532820899,0.3868057492765331,0.984832763671875,False
mlp,H-Optimus-0,MHIST,PCam,MHIST->PCam,0.25,456,461,0.669819022793815,0.3504381170095117,0.3991827289888438,0.4040956821718851,0.4039804622453573,1.0031447784031984,0.4036689321542894,0.4035540369735741,0.9888916015625,False
mlp,H-Optimus-0,MHIST,PCam,MHIST->PCam,0.5,42,924,0.680238879590128,0.3341060953411018,0.4706964642352724,0.4774721805441402,0.4774303249530867,1.116972194719139,0.4702241821917141,0.4701589603291829,0.99951171875,True
mlp,H-Optimus-0,MHIST,PCam,MHIST->PCam,0.5,123,924,0.7023655247535956,0.3434198338479012,0.4264772154899403,0.4389964167669404,0.4389556966450385,1.0593914065470351,0.4328969873745905,0.4328969876427777,0.99432373046875,True
mlp,H-Optimus-0,MHIST,PCam,MHIST->PCam,0.5,456,924,0.5567463684103342,0.3374932417088751,0.4589171106563573,0.4553899816617104,0.4542509416188238,1.0378205321183185,0.4520402876162279,0.4509919162106612,0.995147705078125,True
mlp,H-Optimus-0,MHIST,PCam,MHIST->PCam,1.0,42,1849,0.6447855908218546,0.3384052925297957,0.4786890014726229,0.4792429410777572,0.4784224065076268,1.0741126904718128,0.4762756305938183,0.4756026715318927,0.994842529296875,True
mlp,H-Optimus-0,MHIST,PCam,MHIST->PCam,1.0,123,1849,0.6453117676834635,0.3385000898673151,0.4797396664976917,0.4803575814179623,0.4796379279285391,1.0976242451501064,0.4767957966562335,0.4760944637980308,0.994873046875,True
mlp,H-Optimus-0,MHIST,PCam,MHIST->PCam,1.0,456,1849,0.6460025763292844,0.3394402806167512,0.4787278935401696,0.4792685156396317,0.4783553791745985,1.122237874171907,0.4744971888295026,0.4738434843706161,0.993927001953125,True
mlp,H-Optimus-0,PCam,MHIST,PCam->MHIST,0.01,42,2620,0.5610165676211056,0.3870765370138017,0.3457422956043233,0.337360655549559,0.3354318217005477,0.9612546439978964,0.3404565577070203,0.3389348177822686,1.0,True
mlp,H-Optimus-0,PCam,MHIST,PCam->MHIST,0.01,123,2620,0.5744192328471097,0.3870765370138017,0.3356302123872993,0.3222095471184353,0.3170726753698858,1.0695314973541832,0.3133922870382438,0.3083907696060996,1.0,True
mlp,H-Optimus-0,PCam,MHIST,PCam->MHIST,0.01,456,2620,0.6305465514136502,0.3900896060152363,0.3347731059645472,0.3255413270468691,0.3255413300314863,1.1610635704568666,0.309945523071588,0.3078942812784759,0.9989764585465712,True
mlp,H-Optimus-0,PCam,MHIST,PCam->MHIST,0.05,42,13106,0.5655771654961282,0.3870765370138017,0.3422544331602458,0.3341943933232902,0.3314607539771843,1.0611042995481872,0.3280540925232329,0.3251648508088554,1.0,True
mlp,H-Optimus-0,PCam,MHIST,PCam->MHIST,0.05,123,13106,0.5734062668827661,0.3870765370138017,0.3394439524689006,0.3306179073169263,0.3288954549689253,1.0961828350423113,0.318932704932553,0.3181154385224335,1.0,True
mlp,H-Optimus-0,PCam,MHIST,PCam->MHIST,0.05,456,13106,0.6061993517017827,0.3900896060152363,0.3250031012329619,0.3096659350244208,0.308727175935325,1.0095415661468097,0.3083911826881745,0.3074516246158214,0.9989764585465712,True
mlp,H-Optimus-0,PCam,MHIST,PCam->MHIST,0.1,42,26214,0.5765757248334233,0.3870765370138017,0.3406408550543827,0.3307179239756802,0.3303231694454379,1.1437724394546749,0.3148147668250995,0.3148147642341735,1.0,True
mlp,H-Optimus-0,PCam,MHIST,PCam->MHIST,0.1,123,26214,0.6571267783180263,0.3986241023474745,0.3114637747271512,0.3013339089830248,0.2995692461113252,1.1563579483982334,0.2823811492433689,0.2797430714491293,0.9948822927328556,True
mlp,H-Optimus-0,PCam,MHIST,PCam->MHIST,0.1,456,26214,0.6213623266702684,0.3896971043060607,0.3219459030952223,0.3060144677781095,0.3055142031118899,1.0667080232870465,0.2966413108504233,0.296641312348928,0.9979529170931424,True
mlp,H-Optimus-0,PCam,MHIST,PCam->MHIST,0.25,42,65536,0.6256798127138484,0.3922869583246942,0.3255143314808702,0.3134953191021539,0.3121323725475549,1.1780196826815414,0.2913102269050653,0.2899970087292342,0.9959058341862844,True
mlp,H-Optimus-0,PCam,MHIST,PCam->MHIST,0.25,123,65536,0.6166261480280929,0.3896971043060607,0.3292069231219968,0.3184555400059984,0.3182005097721622,1.1552938885165365,0.2996380026762049,0.2994169509924849,0.9979529170931424,True
mlp,H-Optimus-0,PCam,MHIST,PCam->MHIST,0.25,456,65536,0.6087565280028813,0.3900896060152363,0.3281699189218152,0.3167336008901362,0.3134212219151558,1.056305490176168,0.31039140721213,0.3063495108741454,0.9989764585465712,True
mlp,H-Optimus-0,PCam,MHIST,PCam->MHIST,0.5,42,131072,0.6309832522960561,0.3926875174232468,0.3246868700431071,0.3135864259818132,0.3125332035991757,1.1281637495808807,0.2976984566529429,0.2964926607384439,0.9969293756397134,True
mlp,H-Optimus-0,PCam,MHIST,PCam->MHIST,0.5,123,131072,0.6252341076895372,0.3918859970516478,0.3176888242002742,0.3019963680874239,0.300601279929265,1.1544376918658352,0.2837165582814505,0.2797563688232808,0.9948822927328556,True
mlp,H-Optimus-0,PCam,MHIST,PCam->MHIST,0.5,456,131072,0.6182108770034216,0.3896971043060607,0.3320256646996198,0.3243225304030469,0.3217939908865042,1.2020162943671628,0.3000229472559452,0.2984666627171157,0.9979529170931424,True
mlp,H-Optimus-0,PCam,MHIST,PCam->MHIST,1.0,42,262144,0.6355753646677471,0.4156904133685136,0.2963004190453999,0.2734394402089724,0.2656556079030693,1.34199822067179,0.2259960199993183,0.2205047131370192,0.9805527123848516,False
mlp,H-Optimus-0,PCam,MHIST,PCam->MHIST,1.0,123,262144,0.630537547271745,0.3922869583246942,0.3223542075798231,0.3098894525109623,0.3082906149419266,1.2746028060776842,0.2775833395251598,0.2755175676452284,0.9959058341862844,True
mlp,H-Optimus-0,PCam,MHIST,PCam->MHIST,1.0,456,262144,0.631017017828201,0.3922869583246942,0.3241715556336029,0.3138568443470199,0.3124516665727708,1.3028867303853686,0.2786099430604503,0.277287609762719,0.9959058341862844,True
mlp,MIDNIGHT,BRACS,CRC,BRACS->CRC,0.01,42,36,0.3476129703336962,0.4426660184252557,0.2292543879942529,0.3207118941346804,0.319771638917923,0.7512962935368347,0.3080406828800837,0.3073447003046671,0.8766,False
mlp,MIDNIGHT,BRACS,CRC,BRACS->CRC,0.01,123,36,0.4179368059190081,0.4451498659214838,0.2158719249636894,0.2979379283189773,0.2969664726734161,0.8687802417269854,0.2896442885200183,0.2880483045260111,0.9020666666666668,False
mlp,MIDNIGHT,BRACS,CRC,BRACS->CRC,0.01,456,36,0.3367380916846965,0.4425144359419745,0.202455439905048,0.23848658097138,0.2425121160030365,1.2080315786274147,0.2525107311209043,0.2540986081759135,0.8554666666666667,False
mlp,MIDNIGHT,BRACS,CRC,BRACS->CRC,0.05,42,181,0.3022518824738197,0.459066713905968,0.2349786960880322,0.3298512139002482,0.3298512293974558,0.6921224643136055,0.3184055454134941,0.3174410933335622,0.8969333333333334,False
mlp,MIDNIGHT,BRACS,CRC,BRACS->CRC,0.05,123,181,0.292325834299079,0.4151992535360436,0.2380904722297628,0.3321733757932981,0.3320845061620076,0.7043959613063633,0.3236704960485299,0.3213584059556325,0.8087333333333333,False
mlp,MIDNIGHT,BRACS,CRC,BRACS->CRC,0.05,456,181,0.1657606655992841,0.4580533275525688,0.2195528218113439,0.3104668929080168,0.316166223971049,0.7367052696187852,0.2959743041088183,0.3052549837907155,0.9870666666666666,False
mlp,MIDNIGHT,BRACS,CRC,BRACS->CRC,0.1,42,364,0.3335397772807562,0.4545450211123051,0.2355358341469093,0.3305177819351355,0.3305098666826884,0.7362433965215373,0.3218893895546595,0.3207799389044444,0.87,False
mlp,MIDNIGHT,BRACS,CRC,BRACS->CRC,0.1,123,364,0.3009631852315687,0.426471030397787,0.2350800015732037,0.3278148133377234,0.3270831777731577,0.7556718108385904,0.319826366096735,0.3172412469069163,0.8258666666666666,False
mlp,MIDNIGHT,BRACS,CRC,BRACS->CRC,0.1,456,364,0.2685374422597045,0.4568562841727921,0.2168629301009997,0.2980561692118644,0.2982651061693827,0.6719154223938093,0.2766222792436679,0.276733271964391,0.983,False
mlp,MIDNIGHT,BRACS,CRC,BRACS->CRC,0.25,42,913,0.7883117958429324,0.4257967104611383,0.3806566834802309,0.4750260796375573,0.4750260841429233,1.231990881271181,0.4633008270829916,0.4633008310278256,0.6708666666666666,False
mlp,MIDNIGHT,BRACS,CRC,BRACS->CRC,0.25,123,913,0.6881046740725337,0.3856762232256087,0.4474651789125941,0.5286202077229818,0.5286202072183291,1.485806821929251,0.4975159207510451,0.4975159102757772,0.7157333333333333,False
mlp,MIDNIGHT,BRACS,CRC,BRACS->CRC,0.25,456,913,0.4540385824626046,0.356563803076534,0.3435809430660931,0.4013186701628069,0.3984441156903903,1.3332228341194008,0.3881997358053922,0.3881997281392415,0.6126666666666667,False
mlp,MIDNIGHT,BRACS,CRC,BRACS->CRC,0.5,42,1828,0.6992114667495339,0.4368495596601164,0.3362760925330282,0.4284227408329645,0.4284227573951085,1.0688553585916,0.4252658828119436,0.4252659086465835,0.6314,False
mlp,MIDNIGHT,BRACS,CRC,BRACS->CRC,0.5,123,1828,0.7369352724570905,0.351116235770734,0.4855151056094165,0.5738347126096487,0.5738346858898798,1.1730675313762329,0.5594134759644668,0.5594134622891744,0.7684666666666666,False
mlp,MIDNIGHT,BRACS,CRC,BRACS->CRC,0.5,456,1828,0.6047230473733276,0.4327392705439954,0.2958194316443208,0.3671390846073627,0.3666099184830984,1.1722137674349618,0.3644686064345141,0.3636231545686721,0.5608666666666666,False
mlp,MIDNIGHT,BRACS,CRC,BRACS->CRC,1.0,42,3657,0.6286374998831759,0.4598080499586418,0.2957233258130248,0.3626027942890922,0.3622764839808146,1.0535915151309798,0.3618825846140583,0.36170185546875,0.5358,False
mlp,MIDNIGHT,BRACS,CRC,BRACS->CRC,1.0,123,3657,0.6513808276225835,0.4364359184207391,0.3130285024146436,0.3996880930667122,0.3996880967497825,1.0980533106962411,0.3967630543271701,0.3967630668560664,0.5958666666666667,False
mlp,MIDNIGHT,BRACS,CRC,BRACS->CRC,1.0,456,3657,0.6061543795006472,0.4563759805360351,0.3164396975111362,0.3690624798965951,0.3688898444692294,1.171711012607327,0.3647743389392892,0.3641177639881769,0.5308666666666667,False
mlp,MIDNIGHT,CRC,BRACS,CRC->BRACS,0.01,42,699,0.4210239651416122,0.4074844074844075,0.2856385534971314,0.2846972823665853,0.2774763750157466,0.940506338435213,0.2891089088561242,0.2830668904054746,0.9719298245614036,False
mlp,MIDNIGHT,CRC,BRACS,CRC->BRACS,0.01,123,699,0.4002511498426531,0.4006309148264984,0.2841651886935343,0.260309960091846,0.2543557432100274,0.918742914607983,0.2653250176002059,0.2636445958835171,0.9526315789473684,False
mlp,MIDNIGHT,CRC,BRACS,CRC->BRACS,0.01,456,699,0.4980634229000241,0.4132406871260374,0.2579475741114899,0.2079949212440273,0.2049277350600613,1.011998882613476,0.2064506074446335,0.2037207674529207,0.936842105263158,False
mlp,MIDNIGHT,CRC,BRACS,CRC->BRACS,0.05,42,3499,0.5051289034132171,0.4418565162020659,0.2680573737154905,0.2484144007950498,0.2422151237219702,1.0104974739505586,0.2475169229206809,0.2412197354519249,0.9596491228070176,False
mlp,MIDNIGHT,CRC,BRACS,CRC->BRACS,0.05,123,3499,0.4353667392883079,0.4337941628264209,0.2926563751003681,0.2661850816717273,0.2558905049788831,0.9727700991341006,0.2675940360939293,0.2580582952901941,0.9157894736842104,False
mlp,MIDNIGHT,CRC,BRACS,CRC->BRACS,0.05,456,3499,0.4532195594287097,0.42183518468123,0.2753081531936272,0.2658521630523497,0.265138077896023,0.993211810588178,0.2663499102257846,0.2655456877517791,0.9929824561403509,True
mlp,MIDNIGHT,CRC,BRACS,CRC->BRACS,0.1,42,6999,0.4356541999515855,0.4228275351591414,0.2878326142130151,0.2862146394882808,0.282402317088277,0.9564884438881652,0.2884356262619819,0.2847943048750606,0.9771929824561404,False
mlp,MIDNIGHT,CRC,BRACS,CRC->BRACS,0.1,123,6999,0.4424019607843137,0.4103738732082163,0.2938880941616347,0.2733109078615119,0.2732824369329599,0.8941031366317481,0.289018002328904,0.2823017019211731,0.9298245614035088,False
mlp,MIDNIGHT,CRC,BRACS,CRC->BRACS,0.1,456,6999,0.4273178407165335,0.4135802469135802,0.2862419001889596,0.2912271959788836,0.2809697759852401,0.9225184816032758,0.289013852818722,0.2815210819817271,0.9894736842105264,False
mlp,MIDNIGHT,CRC,BRACS,CRC->BRACS,0.25,42,17499,0.5363864681675139,0.4400037205192449,0.2642658934397158,0.2525157419735925,0.2387481537817062,0.9473643987217912,0.2560249031913515,0.241786648218087,0.9701754385964912,False
mlp,MIDNIGHT,CRC,BRACS,CRC->BRACS,0.25,123,17499,0.4804980634229,0.4495161027976577,0.2868704230859977,0.2629555126423376,0.2624948414065058,0.8938261100188664,0.2751698202600605,0.2722476871842477,0.912280701754386,False
mlp,MIDNIGHT,CRC,BRACS,CRC->BRACS,0.25,456,17499,0.4583484628419269,0.41672021132291,0.2896606856824172,0.291283501208384,0.2902976504634257,0.877089794864186,0.2946025930083634,0.2923878791724347,0.9789473684210528,False
mlp,MIDNIGHT,CRC,BRACS,CRC->BRACS,0.5,42,35000,0.521635197288792,0.4211987125440793,0.2745590395884157,0.2671176531156035,0.2609245885879397,0.9128146814908378,0.2718556469379875,0.2631633797153961,0.9912280701754386,True
mlp,MIDNIGHT,CRC,BRACS,CRC->BRACS,0.5,123,35000,0.4996066327765673,0.4369357795022012,0.2689152453691418,0.2478870089410951,0.2386705945664608,0.8773709440729487,0.2536353300015131,0.2454388562527591,0.963157894736842,False
mlp,MIDNIGHT,CRC,BRACS,CRC->BRACS,0.5,456,35000,0.5645122246429436,0.4564640183633965,0.2570952696860636,0.2368328551941534,0.223910743010071,0.880062153143897,0.2475180722707719,0.2321397891043217,0.963157894736842,False
mlp,MIDNIGHT,CRC,BRACS,CRC->BRACS,1.0,42,70000,0.4898783587509077,0.4261976955730746,0.2756155023633488,0.2664472005950908,0.2576229152752172,0.8450740694043178,0.2766244302193323,0.2624282810771419,0.9859649122807016,False
mlp,MIDNIGHT,CRC,BRACS,CRC->BRACS,1.0,123,70000,0.503615952553861,0.419923338960018,0.2725273389485936,0.2642157621975792,0.2464338689171933,0.8847207878261734,0.2696519613707144,0.2525817530067319,0.987719298245614,False
mlp,MIDNIGHT,CRC,BRACS,CRC->BRACS,1.0,456,70000,0.5003328491890584,0.4186446508427932,0.2772996462286168,0.2721678481110486,0.2582189433225594,0.8469761642268323,0.2804776886837524,0.2633839307595305,0.9842105263157894,False
mlp,MIDNIGHT,MHIST,PCam,MHIST->PCam,0.01,42,18,0.682823737928134,0.3334825400467027,0.2471107234710993,0.1255165402417333,0.1253162452449032,0.9618712707814951,0.1251586577691341,0.1251918991338243,0.99993896484375,True
mlp,MIDNIGHT,MHIST,PCam,MHIST->PCam,0.01,123,18,0.6845285018604121,0.3645712165750495,0.2458336690453496,0.1101085410082304,0.1181874194144256,1.0602008088897537,0.1037121427198144,0.117981121567027,0.981903076171875,False
mlp,MIDNIGHT,MHIST,PCam,MHIST->PCam,0.01,456,18,0.718978079892419,0.3474652584303223,0.2460651907392786,0.1161051916569703,0.1413131109811729,1.0371813176914224,0.1119967823506158,0.1418305781262461,0.993133544921875,True
mlp,MIDNIGHT,MHIST,PCam,MHIST->PCam,0.05,42,92,0.3897988930350011,0.3423976695107271,0.3040478074791357,0.2179977712969503,0.2189777441080878,1.1573972325507211,0.201306744939302,0.2013051418412033,0.871185302734375,False
mlp,MIDNIGHT,MHIST,PCam,MHIST->PCam,0.05,123,92,0.3623916348710287,0.4337809428167549,0.2735641211262432,0.1414749055898028,0.1538356713172106,1.276625294572768,0.1415526181963287,0.1458072100122081,0.641021728515625,False
mlp,MIDNIGHT,MHIST,PCam,MHIST->PCam,0.05,456,92,0.3186076436630433,0.3658977417395313,0.2622390903764682,0.1248531856545014,0.1662327781104977,1.4883085385926142,0.148868663203757,0.1568964913058153,0.915313720703125,False
mlp,MIDNIGHT,MHIST,PCam,MHIST->PCam,0.1,42,184,0.3991342449843064,0.3389191253162083,0.3028195696089359,0.2331147258300916,0.238364557717432,1.1979376171470786,0.2087150877932799,0.2168014341923481,0.822235107421875,False
mlp,MIDNIGHT,MHIST,PCam,MHIST->PCam,0.1,123,184,0.3454109073621573,0.379485821433387,0.3026382088506632,0.2109132322048026,0.2136289272521025,1.1478197206404783,0.1960160374030692,0.2012331241048741,0.630096435546875,False
mlp,MIDNIGHT,MHIST,PCam,MHIST->PCam,0.1,456,184,0.2429563604476364,0.3338935109056509,0.2654708992847563,0.1238585317191791,0.2189260893574101,1.1828846043305214,0.1324696233355098,0.2141641916914523,0.961029052734375,False
mlp,MIDNIGHT,MHIST,PCam,MHIST->PCam,0.25,42,461,0.577809007140403,0.5055514826917373,0.2728715218880991,0.1409640612650946,0.1406860234301348,1.1211342362658314,0.1297071929125195,0.1295381636577985,0.788238525390625,False
mlp,MIDNIGHT,MHIST,PCam,MHIST->PCam,0.25,123,461,0.5098390150148859,0.4628860989093963,0.2572570811456327,0.0945546091297728,0.0996656188003726,1.0179224744538098,0.0928296983797736,0.0985103601642549,0.721282958984375,False
mlp,MIDNIGHT,MHIST,PCam,MHIST->PCam,0.25,456,461,0.5181656811018227,0.435637916581186,0.2612713051652472,0.127182911895943,0.1271829333827554,1.354332998171346,0.0952425320497241,0.0992190558226866,0.933074951171875,False
mlp,MIDNIGHT,MHIST,PCam,MHIST->PCam,0.5,42,924,0.5628353956302046,0.5366246383136859,0.2751115957748311,0.1268559806210305,0.1281644838255715,1.137726710886282,0.109766331136825,0.1185524573184011,0.537750244140625,False
mlp,MIDNIGHT,MHIST,PCam,MHIST->PCam,0.5,123,924,0.6129436289304413,0.532983272353686,0.2415157731889862,0.0502970809509406,0.059153129895094,0.9762921357010635,0.046692353059825,0.0591661656399082,0.7896728515625,False
mlp,MIDNIGHT,MHIST,PCam,MHIST->PCam,0.5,456,924,0.5674349192690515,0.5364507340124034,0.2451380828535404,0.0920653415334982,0.094624607490914,1.1298652839705778,0.0881276382733631,0.0871754474001136,0.836090087890625,False
mlp,MIDNIGHT,MHIST,PCam,MHIST->PCam,1.0,42,1849,0.5900301017294638,0.5617836226492949,0.273171824157959,0.1217627499772788,0.1227767254996479,1.0218863606207726,0.1206296043304746,0.1213774427134239,0.59869384765625,False
mlp,MIDNIGHT,MHIST,PCam,MHIST->PCam,1.0,123,1849,0.5861954753234173,0.5616108114742728,0.2644420205296177,0.0895206211016557,0.0949868507914288,0.9355597756987608,0.0973228266107071,0.1000922727059787,0.536285400390625,False
mlp,MIDNIGHT,MHIST,PCam,MHIST->PCam,1.0,456,1849,0.580966710922751,0.5561725626616338,0.2723546371886531,0.1157111488109876,0.1173523549196033,0.9987003802138426,0.1157787127472147,0.1174455848777142,0.5794677734375,False
mlp,MIDNIGHT,PCam,MHIST,PCam->MHIST,0.01,42,2620,0.4676661264181523,0.3870765370138017,0.3559934966954065,0.3507371814873836,0.3500746899940256,1.1290830415783115,0.3415518627733663,0.3404754212883014,1.0,True
mlp,MIDNIGHT,PCam,MHIST,PCam->MHIST,0.01,123,2620,0.4860480821177741,0.3870765370138017,0.3409744872988422,0.3269301657483912,0.326069022508809,1.149192320451072,0.3087121920093909,0.3078302551449839,1.0,True
mlp,MIDNIGHT,PCam,MHIST,PCam->MHIST,0.01,456,2620,0.4593845669007744,0.3870765370138017,0.3365827390614545,0.3192358920417398,0.3163028124208917,1.0985866741561705,0.307413364044689,0.3029628416128693,1.0,True
mlp,MIDNIGHT,PCam,MHIST,PCam->MHIST,0.05,42,13106,0.446317305960742,0.3870765370138017,0.3614047223441117,0.3574237718505207,0.3571040051126092,1.109249696512415,0.3522366020092579,0.3515926792034679,1.0,True
mlp,MIDNIGHT,PCam,MHIST,PCam->MHIST,0.05,123,13106,0.421353322528363,0.3870765370138017,0.3625113600480891,0.3582457548909141,0.3565211999303963,1.2201651826741318,0.3510491480724838,0.3442335654195005,1.0,True
mlp,MIDNIGHT,PCam,MHIST,PCam->MHIST,0.05,456,13106,0.4247703943814155,0.3870765370138017,0.3658850398830343,0.3646398237672851,0.3634967072137027,1.1242072795859437,0.3613020594040181,0.3602553627564798,1.0,True
mlp,MIDNIGHT,PCam,MHIST,PCam->MHIST,0.1,42,26214,0.3917432018728615,0.3870765370138017,0.3670958088782578,0.3661999686698819,0.3655649272009097,1.197895739763971,0.3625731063490026,0.3617783904283192,1.0,True
mlp,MIDNIGHT,PCam,MHIST,PCam->MHIST,0.1,123,26214,0.448568341437061,0.3870765370138017,0.3515437447130636,0.3428765445139293,0.3414997568424551,1.1208973067311017,0.3321078214546553,0.3299173552775517,1.0,True
mlp,MIDNIGHT,PCam,MHIST,PCam->MHIST,0.1,456,26214,0.4369484963083018,0.3870765370138017,0.3568193475618282,0.3497924347967672,0.34699122622245,1.0880962576393007,0.3441321089760826,0.3406657469053748,1.0,True
mlp,MIDNIGHT,PCam,MHIST,PCam->MHIST,0.25,42,65536,0.4130965244012246,0.3870765370138017,0.3677291705199512,0.3672729426012598,0.3666703640970146,1.2828611600157338,0.3640278467904688,0.3627529682069892,1.0,True
mlp,MIDNIGHT,PCam,MHIST,PCam->MHIST,0.25,123,65536,0.4489510174680353,0.3870765370138017,0.3510255768466326,0.3423267365847938,0.3401443320817429,1.0825393186863388,0.3338492440446799,0.3321882821524186,1.0,True
mlp,MIDNIGHT,PCam,MHIST,PCam->MHIST,0.25,456,65536,0.4262155591572124,0.3870765370138017,0.3654296567691528,0.3630191044836184,0.3616851663777934,1.1753426164861225,0.3574573420704997,0.3557154361945991,1.0,True
mlp,MIDNIGHT,PCam,MHIST,PCam->MHIST,0.5,42,131072,0.4280118854673149,0.3870765370138017,0.3608323617565749,0.3570906308345199,0.3552950045662029,1.1546509214192509,0.3476014173148293,0.3460245408230254,1.0,True
mlp,MIDNIGHT,PCam,MHIST,PCam->MHIST,0.5,123,131072,0.448257698541329,0.3870765370138017,0.3469698673291729,0.3361643552322593,0.3336723211393935,1.0895377609152088,0.3277263919858141,0.323843884929069,1.0,True
mlp,MIDNIGHT,PCam,MHIST,PCam->MHIST,0.5,456,131072,0.4547136682874122,0.3870765370138017,0.3574108937595204,0.3510594814367584,0.3489924850616272,1.1432391425065964,0.3424885969441251,0.3384259611009758,1.0,True
mlp,MIDNIGHT,PCam,MHIST,PCam->MHIST,1.0,42,262144,0.4195975148568341,0.3870765370138017,0.366862365171371,0.3657791144448116,0.3645087724590046,1.329776187567981,0.358978390529706,0.3559319231406087,1.0,True
mlp,MIDNIGHT,PCam,MHIST,PCam->MHIST,1.0,123,262144,0.4364127498649378,0.3870765370138017,0.3434267019355717,0.329018868734734,0.3249862366980333,1.2483328510098246,0.2986941674196122,0.2937742520272426,1.0,True
mlp,MIDNIGHT,PCam,MHIST,PCam->MHIST,1.0,456,262144,0.4318341437061048,0.3870765370138017,0.3614950210222799,0.3571156848378349,0.3541581492173746,1.2177134127718403,0.3445810546360704,0.3413025756007177,1.0,True
mlp,PLIP,BRACS,CRC,BRACS->CRC,0.01,42,36,0.5364428298060253,0.4629902640443244,0.1415931337376656,0.1132005152761936,0.1130367642124493,0.6751396266481271,0.1356865352466702,0.1357310497018198,0.9769333333333332,False
mlp,PLIP,BRACS,CRC,BRACS->CRC,0.01,123,36,0.5251011477380524,0.4624918460534899,0.1428607259399077,0.1066697239438692,0.1089587509711583,0.7283725255176258,0.117734236762921,0.1160839741541383,0.9668666666666668,False
mlp,PLIP,BRACS,CRC,BRACS->CRC,0.01,456,36,0.6598003929377514,0.5804935372746514,0.1566997242069487,0.1558917034551501,0.1580171967883905,0.8277518951329096,0.1491671092497805,0.1494253930419683,0.8174,False
mlp,PLIP,BRACS,CRC,BRACS->CRC,0.05,42,181,0.4689254186390463,0.4703964516132268,0.158138515664987,0.1553072510932882,0.1555958964463323,0.7543537938872853,0.1504652461076776,0.150505799245943,0.9342666666666668,False
mlp,PLIP,BRACS,CRC,BRACS->CRC,0.05,123,181,0.4170092593295701,0.465099613985991,0.2142870282078433,0.2386874562638501,0.2403739738753997,1.046070297257376,0.2390529229102035,0.2397992987855648,0.8063333333333333,False
mlp,PLIP,BRACS,CRC,BRACS->CRC,0.05,456,181,0.4136245192689617,0.4571105473142652,0.223329279443347,0.2665776610401769,0.269855318803216,0.9567274833294448,0.2657723768801738,0.2700366189031551,0.7686666666666667,False
mlp,PLIP,BRACS,CRC,BRACS->CRC,0.1,42,364,0.3728230382610504,0.4274934534412702,0.2265226048344848,0.2664131241481751,0.264777134809643,0.8554990187652726,0.2711569864181181,0.2724300033729523,0.7687333333333334,False
mlp,PLIP,BRACS,CRC,BRACS->CRC,0.1,123,364,0.3436750318053524,0.4265169820793675,0.2539049990271039,0.3220787162901213,0.3215223792484651,0.8581928733027312,0.3253531672596931,0.3267194597787534,0.7327333333333333,False
mlp,PLIP,BRACS,CRC,BRACS->CRC,0.1,456,364,0.4694748020708234,0.5116792126808383,0.1760983025440468,0.2025729963590701,0.2036871786591907,0.8145132295202627,0.1948340221808602,0.1975711838937675,0.8795333333333333,False
mlp,PLIP,BRACS,CRC,BRACS->CRC,0.25,42,913,0.416000100176638,0.4657977368769711,0.2086204957701639,0.2409414661154151,0.2444923615384847,0.8249218842326405,0.2454136524070054,0.2449963162496996,0.8283333333333334,False
mlp,PLIP,BRACS,CRC,BRACS->CRC,0.25,123,913,0.4107103429020033,0.448538133818431,0.2423265894535731,0.2726730217630664,0.2752532002888619,1.0051795663729075,0.2726059888459742,0.2750703673949465,0.7796666666666666,False
mlp,PLIP,BRACS,CRC,BRACS->CRC,0.25,456,913,0.4294293370643046,0.4456684738320177,0.2296453456044358,0.265591417045022,0.2675233114964639,0.9083236748992212,0.2687189031846821,0.2695181564648946,0.7516666666666667,False
mlp,PLIP,BRACS,CRC,BRACS->CRC,0.5,42,1828,0.470035539341673,0.4774262711228053,0.2121868609488478,0.2330544771241645,0.2336247461766004,0.8752268054452689,0.2351637110508978,0.2378514458110556,0.804,False
mlp,PLIP,BRACS,CRC,BRACS->CRC,0.5,123,1828,0.3902579168750029,0.4249544206005615,0.2592193055636459,0.3046785055865844,0.3041952209729701,0.9446252594263882,0.3071625786946466,0.306201952535597,0.7222666666666666,False
mlp,PLIP,BRACS,CRC,BRACS->CRC,0.5,456,1828,0.4247504601407963,0.4584251156030274,0.231986038994908,0.2803783987827599,0.2805228646364063,0.895342156068651,0.2803822180338204,0.2836376019505784,0.7544666666666666,False
mlp,PLIP,BRACS,CRC,BRACS->CRC,1.0,42,3657,0.4377373536486493,0.4545398577169333,0.2368006367850595,0.2758581945409377,0.2756149269034465,0.9518964521553908,0.2772929005559534,0.276974898011672,0.7496,False
mlp,PLIP,BRACS,CRC,BRACS->CRC,1.0,123,3657,0.4054586812256714,0.4472809462849303,0.2423099213946666,0.2978219518128782,0.2974831722248345,0.8748286404467429,0.3007525805411239,0.3021833752552047,0.7402666666666666,False
mlp,PLIP,BRACS,CRC,BRACS->CRC,1.0,456,3657,0.3840179600940667,0.4403980081659059,0.2440832101717497,0.3038336301254729,0.3034616055499762,0.8810795327606614,0.3058038325726986,0.3078817260183704,0.7382,False
mlp,PLIP,CRC,BRACS,CRC->BRACS,0.01,42,699,0.6026839748244978,0.543049543049543,0.2470668313474192,0.2256874869789993,0.2206263449292588,0.9306415194858182,0.2294877563497019,0.2247535164642964,0.9052631578947368,False
mlp,PLIP,CRC,BRACS,CRC->BRACS,0.01,123,699,0.589854151537158,0.5820115098279903,0.263425903861985,0.2312312364839671,0.2296135414160967,0.940346004087016,0.2320415166909234,0.2342140201326018,0.7614035087719299,False
mlp,PLIP,CRC,BRACS,CRC->BRACS,0.01,456,699,0.5642398934882595,0.5250858887222524,0.3085232143249642,0.272602725153168,0.2732887113344316,0.8967056514153162,0.286751400790455,0.2860218162564642,0.6473684210526316,False
mlp,PLIP,CRC,BRACS,CRC->BRACS,0.05,42,3499,0.5983266763495522,0.5552678723209499,0.2531399729491721,0.2333058167461371,0.2298813165687821,0.8740454838865432,0.2411830752924607,0.2402865771855718,0.8263157894736842,False
mlp,PLIP,CRC,BRACS,CRC->BRACS,0.05,123,3499,0.6187515129508594,0.5801276804714356,0.2390640176369219,0.2044550287128801,0.2002800756987039,0.8584317167470613,0.2210329834649568,0.2137238659317964,0.8526315789473684,False
mlp,PLIP,CRC,BRACS,CRC->BRACS,0.05,456,3499,0.5774933430162188,0.5573901588172346,0.2858924305766925,0.2631528075130885,0.261007370885049,0.9403556958020608,0.2670448184961028,0.2669541579514962,0.7350877192982456,False
mlp,PLIP,CRC,BRACS,CRC->BRACS,0.1,42,6999,0.6330640280803679,0.5924495924495924,0.2304808850479164,0.2011532131827583,0.1934430514409573,0.8825261301319438,0.2093954925082231,0.2021952421516927,0.8421052631578947,False
mlp,PLIP,CRC,BRACS,CRC->BRACS,0.1,123,6999,0.611837327523602,0.5616550205073674,0.2398854815029268,0.2123651758163121,0.2126173864031379,0.9020800166878408,0.2209416124316161,0.2199279898660215,0.8771929824561403,False
mlp,PLIP,CRC,BRACS,CRC->BRACS,0.1,456,6999,0.5740286855482934,0.512229099086549,0.2519715814611873,0.2192047262498945,0.2120418903956561,0.8194458413524492,0.2372692029743471,0.2267864630323808,0.9017543859649124,False
mlp,PLIP,CRC,BRACS,CRC->BRACS,0.25,42,17499,0.5989923747276689,0.5725,0.2377867062005289,0.1976977892350732,0.1917609492967593,0.836961119386597,0.2072501827684933,0.2051682049275322,0.8631578947368421,False
mlp,PLIP,CRC,BRACS,CRC->BRACS,0.25,123,17499,0.6052408617768095,0.5787750882935654,0.238174652822658,0.2069176312993492,0.1979279618600374,0.8689594586183189,0.2219634324377566,0.2074935067398799,0.8508771929824561,False
mlp,PLIP,CRC,BRACS,CRC->BRACS,0.25,456,17499,0.5898844105543452,0.4995557565019899,0.2466603727398769,0.2169010329681138,0.2135250455890184,0.839578939950963,0.2297041579133324,0.2262874134479652,0.9280701754385964,False
mlp,PLIP,CRC,BRACS,CRC->BRACS,0.5,42,35000,0.6113683127572016,0.5871707529052245,0.2293338263826747,0.1873808560468125,0.1838258263324652,0.7767934340820236,0.2052192402938217,0.2006644510032696,0.868421052631579,False
mlp,PLIP,CRC,BRACS,CRC->BRACS,0.5,123,35000,0.5941206729605423,0.5731472249916916,0.2438325609623808,0.2039724662834615,0.1952830061739261,0.7962979896190293,0.2237949821477135,0.214702979568893,0.8368421052631579,False
mlp,PLIP,CRC,BRACS,CRC->BRACS,0.5,456,35000,0.5866769547325104,0.5476003688564075,0.2434650289300174,0.1979886537107328,0.1915521771351913,0.7491707558580587,0.2220325466180057,0.2177704327418276,0.8578947368421053,False
mlp,PLIP,CRC,BRACS,CRC->BRACS,1.0,42,70000,0.5965565238441056,0.5419337348231057,0.2384563734829023,0.1920403600719414,0.186394687060378,0.7406905482387591,0.2171182629080456,0.2093214922487915,0.887719298245614,False
mlp,PLIP,CRC,BRACS,CRC->BRACS,1.0,123,70000,0.5918058581457275,0.5593932449391608,0.2415572557956059,0.1923976433447055,0.1896555160016552,0.7339271760051534,0.2171693377066076,0.2150265870854478,0.8526315789473684,False
mlp,PLIP,CRC,BRACS,CRC->BRACS,1.0,456,70000,0.5969952795933188,0.5798651685393259,0.2376936084711794,0.1921622602301731,0.1876799931377478,0.742187290032646,0.216091557211455,0.213746757134753,0.8456140350877193,False
mlp,PLIP,MHIST,PCam,MHIST->PCam,0.01,42,18,0.5120709150712,0.5309485406987104,0.2512999093965429,0.1199812964255215,0.1193978564319877,0.92232583106484,0.1256076614720314,0.1229947927149623,0.65130615234375,False
mlp,PLIP,MHIST,PCam,MHIST->PCam,0.01,123,18,0.5367345634847641,0.504242790682515,0.2484183042068701,0.1543566854870732,0.1629432772033396,1.1142226316035435,0.1541543252560586,0.1606943351625887,0.52911376953125,False
mlp,PLIP,MHIST,PCam,MHIST->PCam,0.01,456,18,0.3554199521078827,0.3345678438034707,0.3511488712101105,0.3025752308728897,0.3039969128935809,1.2572239684827995,0.2631151305045023,0.2662406633498904,0.979644775390625,False
mlp,PLIP,MHIST,PCam,MHIST->PCam,0.05,42,92,0.4529210075480095,0.3778534381012495,0.3009103508849702,0.1891034904081152,0.1888717903457291,1.096641526292238,0.1758086837671726,0.175375542914935,0.928131103515625,False
mlp,PLIP,MHIST,PCam,MHIST->PCam,0.05,123,92,0.5087277085619335,0.4874526967763012,0.2861060807598556,0.1900596502634925,0.1912444647512075,1.2146016005025724,0.1661919692051015,0.1669866790982723,0.534423828125,False
mlp,PLIP,MHIST,PCam,MHIST->PCam,0.05,456,92,0.6131165569376621,0.3644168516923697,0.3670762335669366,0.3463591569674236,0.3440981636212257,1.187059135210414,0.3177145453610137,0.3162226373930821,0.9710693359375,False
mlp,PLIP,MHIST,PCam,MHIST->PCam,0.1,42,184,0.4736456934684476,0.4023635346865417,0.3214963692625313,0.2277068381404206,0.223925999057883,1.1943028210494364,0.1977627058342932,0.1957689319681321,0.92401123046875,False
mlp,PLIP,MHIST,PCam,MHIST->PCam,0.1,123,184,0.549030989045346,0.5088596706135731,0.2759070597112013,0.1783226132140498,0.1762448074791791,1.0716306660302508,0.1641613516511597,0.1684128211695679,0.6209716796875,False
mlp,PLIP,MHIST,PCam,MHIST->PCam,0.1,456,184,0.5731405712063908,0.343434350930338,0.4061473948318867,0.394500042629943,0.3866986311330151,1.3322459886119902,0.347992087441753,0.342329954335355,0.97747802734375,False
mlp,PLIP,MHIST,PCam,MHIST->PCam,0.25,42,461,0.5272415590838954,0.4400657842786803,0.3500047730694251,0.2873552434837165,0.2877751821713445,1.2659060076815627,0.2508975057028237,0.2514790148274528,0.84832763671875,False
mlp,PLIP,MHIST,PCam,MHIST->PCam,0.25,123,461,0.604996197465113,0.5692445617252713,0.2794640602263464,0.1728347632335953,0.1739954323865618,1.2033584005577442,0.1451189550944036,0.1463926847045513,0.532379150390625,False
mlp,PLIP,MHIST,PCam,MHIST->PCam,0.25,456,461,0.6189710733651467,0.4255133809903746,0.3564082585252661,0.3385247468586385,0.3379242027415898,1.2114651782396362,0.311252686829107,0.3110556992699571,0.93170166015625,False
mlp,PLIP,MHIST,PCam,MHIST->PCam,0.5,42,924,0.6098766695110381,0.4772529097122538,0.3430869568740348,0.2999861853076595,0.3000271468645685,1.1439655373693742,0.2827172189063276,0.282576257237892,0.80999755859375,False
mlp,PLIP,MHIST,PCam,MHIST->PCam,0.5,123,924,0.6287596721545754,0.517819489872194,0.3183573291189475,0.261765001398544,0.2597739954141147,1.1630634512243527,0.2422400761647622,0.2398702441993094,0.793182373046875,False
mlp,PLIP,MHIST,PCam,MHIST->PCam,0.5,456,924,0.6087484558249798,0.4426596472413138,0.3585885550586245,0.3266185954726097,0.3259159701869407,1.1724173510059726,0.3064039158207379,0.3038487694920775,0.9033203125,False
mlp,PLIP,MHIST,PCam,MHIST->PCam,1.0,42,1849,0.6318319866797601,0.5136820289480724,0.3196437685727228,0.2622349570240203,0.2619695006585516,1.0967554948100702,0.2502994987364673,0.2498668275856204,0.80108642578125,False
mlp,PLIP,MHIST,PCam,MHIST->PCam,1.0,123,1849,0.6043786112761198,0.5200341747818589,0.3080803419907534,0.2306876891383353,0.2306132485963701,1.0269983342636697,0.2273891284943374,0.2268413066589403,0.756134033203125,False
mlp,PLIP,MHIST,PCam,MHIST->PCam,1.0,456,1849,0.6034983939357896,0.5125833317317897,0.3147979278819089,0.2412291758502078,0.2403359889982965,1.066264536172426,0.232952255657608,0.2315140243608624,0.769012451171875,False
mlp,PLIP,PCam,MHIST,PCam->MHIST,0.01,42,2620,0.4170268323428777,0.2750004787529443,0.537375442972946,0.5359257924825167,0.5305432152601689,0.9324853239924744,0.5458032517649134,0.5404838465741372,0.984646878198567,False
mlp,PLIP,PCam,MHIST,PCam->MHIST,0.01,123,2620,0.4531627048442283,0.2964911094424139,0.544739487606806,0.539944492356743,0.5362703695267957,1.0888869120777354,0.5292102238172884,0.525600112509459,0.9733879222108496,False
mlp,PLIP,PCam,MHIST,PCam->MHIST,0.01,456,2620,0.4241401044480462,0.2946904839628723,0.5393921933842529,0.5314884568310076,0.5233859952421003,1.0295324842219762,0.5256743676190244,0.5196458303818561,0.95496417604913,False
mlp,PLIP,PCam,MHIST,PCam->MHIST,0.05,42,13106,0.4795538447685936,0.3116866970576046,0.531534678656314,0.5312392914528552,0.5272158270848566,1.0029012959365105,0.5300202940303752,0.5268619740143525,0.9314227226202662,False
mlp,PLIP,PCam,MHIST,PCam->MHIST,0.05,123,13106,0.5307491446065189,0.4175311649850202,0.4246006703299222,0.4054220018521363,0.4029524004355668,1.0446459660773244,0.4013544590180947,0.3978664687278937,0.7942681678607983,False
mlp,PLIP,PCam,MHIST,PCam->MHIST,0.05,456,13106,0.4887088060507834,0.4112228382520059,0.4510795668418892,0.4374994599625483,0.4388513827397123,1.071784321819735,0.4299221616867499,0.4292382376617394,0.7942681678607983,False
mlp,PLIP,PCam,MHIST,PCam->MHIST,0.1,42,26214,0.5575184584909059,0.4785625333570539,0.4069166379148187,0.3846200003365899,0.3843208838601195,1.100329839685894,0.3751282282135503,0.3731754371017492,0.7349027635619243,False
mlp,PLIP,PCam,MHIST,PCam->MHIST,0.1,123,26214,0.5395641995317846,0.3915680455625683,0.4567159203645055,0.4531496747748634,0.4522997859099016,1.1012468345177355,0.4404955088268649,0.4387651266894297,0.8300921187308086,False
mlp,PLIP,PCam,MHIST,PCam->MHIST,0.1,456,26214,0.5027462632811094,0.422899304063923,0.4481915128664418,0.4330998414950092,0.4377084067253398,1.0346717928708995,0.4300872064982002,0.4334041464353169,0.7881269191402251,False
mlp,PLIP,PCam,MHIST,PCam->MHIST,0.25,42,65536,0.5602827300558257,0.5269449405136202,0.3390886718235411,0.2859552081144332,0.2844826523424293,1.1052790391263645,0.2712634610338184,0.2732731221108378,0.6120777891504606,False
mlp,PLIP,PCam,MHIST,PCam->MHIST,0.25,123,65536,0.5623581847649919,0.4801781444487781,0.3966150383198398,0.3832232295521206,0.3840519004980885,1.1024631581575843,0.3691335532131739,0.3724061009858257,0.7389969293756398,False
mlp,PLIP,PCam,MHIST,PCam->MHIST,0.25,456,65536,0.5291644156311903,0.4759509806396244,0.3785140626175249,0.3432234855656614,0.3446016978232253,1.0404980864905626,0.339752657813694,0.3390237813321692,0.6939611054247697,False
mlp,PLIP,PCam,MHIST,PCam->MHIST,0.5,42,131072,0.5611561318206375,0.5077465675777806,0.3690836706528758,0.3403453720979461,0.3372672059656165,1.109694867113745,0.3244600841277941,0.3238051057151664,0.6755373592630501,False
mlp,PLIP,PCam,MHIST,PCam->MHIST,0.5,123,131072,0.566837745362867,0.5587749303189019,0.3176061994586643,0.2474954940813346,0.2476363369247503,1.109385863143555,0.2333433501567298,0.2326903045635018,0.5127942681678608,False
mlp,PLIP,PCam,MHIST,PCam->MHIST,0.5,456,131072,0.5792499549792904,0.5494762581649575,0.3215751993627495,0.2633510816579221,0.2605654578770348,1.0869781578713364,0.2548510227066407,0.2499852860832592,0.534288638689867,False
mlp,PLIP,PCam,MHIST,PCam->MHIST,1.0,42,262144,0.5582793084819018,0.5381662398887551,0.3286569066316667,0.2678827006644364,0.2692915495054199,1.1108400971497854,0.2580081645166739,0.2563495353024411,0.5240532241555783,False
mlp,PLIP,PCam,MHIST,PCam->MHIST,1.0,123,262144,0.5987754367008825,0.5382260625337323,0.3387482868029806,0.2926926442756563,0.2878357411315522,1.081432732648173,0.2835307132715822,0.279786782962639,0.6131013306038895,False
mlp,PLIP,PCam,MHIST,PCam->MHIST,1.0,456,262144,0.5565775256618044,0.532405581238791,0.3406607129916802,0.2924012473289651,0.290658916694664,1.117564224923528,0.2745228605640398,0.2753748105516697,0.5680655066530195,False
mlp,UNI,BRACS,CRC,BRACS->CRC,0.01,42,36,0.4065744788478342,0.4545426830301038,0.2002440631822139,0.2351561421016852,0.2351561321894328,0.9416202710722013,0.2288634433160225,0.2288634344021479,0.8312,False
mlp,UNI,BRACS,CRC,BRACS->CRC,0.01,123,36,0.3125437542640785,0.4664600193661379,0.1540037514302224,0.1592398174405098,0.1653770386417706,0.9655912583424392,0.1582540081247687,0.1645184347271919,0.9844,False
mlp,UNI,BRACS,CRC,BRACS->CRC,0.01,456,36,0.6408324174813198,0.4903289029310183,0.2377454355910128,0.3298555922478437,0.3298121545791626,0.9589677885769252,0.329117838259538,0.3290108684778213,0.5423333333333333,False
mlp,UNI,BRACS,CRC,BRACS->CRC,0.05,42,181,0.3718622698273807,0.3925151993954386,0.2863748834504238,0.3183471379605432,0.3182400798499584,1.0137721810947071,0.3163738751972715,0.3169641564985116,0.6058,False
mlp,UNI,BRACS,CRC,BRACS->CRC,0.05,123,181,0.4354421075412272,0.4580286930099688,0.2263719334538406,0.2678756906059881,0.2674136171380679,0.8719970082931586,0.2681660609434048,0.2687066873192787,0.6984666666666667,False
mlp,UNI,BRACS,CRC,BRACS->CRC,0.05,456,181,0.3104010548337126,0.4075618683525302,0.2359126601284844,0.2880760898222526,0.2893729452232519,0.9511567048948192,0.2942394734134276,0.2913299730400244,0.7548,False
mlp,UNI,BRACS,CRC,BRACS->CRC,0.1,42,364,0.3510354774249172,0.4123023592139128,0.2487079231169322,0.2901965254177649,0.2910168062488238,0.8908444582797135,0.2987591343964139,0.2984090987185637,0.6876,False
mlp,UNI,BRACS,CRC,BRACS->CRC,0.1,123,364,0.3712048971480908,0.4030165773576485,0.2513298419903018,0.3012774694055319,0.3013979362765948,0.9414541632575172,0.3057770129134257,0.3049168325781822,0.6263333333333333,False
mlp,UNI,BRACS,CRC,BRACS->CRC,0.1,456,364,0.3997880409830512,0.4193245249255521,0.2274566317056945,0.257096758124729,0.2570810718615849,0.960318810008358,0.2586859577953815,0.2591161483327547,0.7174,False
mlp,UNI,BRACS,CRC,BRACS->CRC,0.25,42,913,0.4208993182439473,0.4215290354820837,0.2449651666913663,0.2699732511033614,0.2704891322175661,0.940699532599466,0.2726600636035204,0.2745146853844324,0.6610666666666667,False
mlp,UNI,BRACS,CRC,BRACS->CRC,0.25,123,913,0.3872299465646714,0.4303419492153311,0.2262429446107438,0.2605496045358479,0.2624763518770536,0.9030130124278674,0.2655129592269659,0.2675597772200902,0.7214,False
mlp,UNI,BRACS,CRC,BRACS->CRC,0.25,456,913,0.376774302034608,0.4114242523589877,0.2362307500570233,0.2734110363530616,0.2739224599401156,0.8768157216272959,0.2798396140299737,0.2810999417404334,0.6995333333333333,False
mlp,UNI,BRACS,CRC,BRACS->CRC,0.5,42,1828,0.4086933753744212,0.406206969925013,0.2443351273102808,0.2734184056212504,0.2738100157380104,0.8165474482990935,0.2888458700088163,0.2877567671954631,0.6458,False
mlp,UNI,BRACS,CRC,BRACS->CRC,0.5,123,1828,0.3635693673567853,0.3965400519587281,0.2498033461474604,0.2881330883383751,0.2882185369292895,0.8758824967114389,0.2978468169117967,0.2982040613452593,0.6471333333333333,False
mlp,UNI,BRACS,CRC,BRACS->CRC,0.5,456,1828,0.3589265963716781,0.3940547453071814,0.2648221306668345,0.3106197765847047,0.311078575438261,0.9742520267391148,0.3126985243365168,0.3130550237357616,0.6427333333333334,False
mlp,UNI,BRACS,CRC,BRACS->CRC,1.0,42,3657,0.379058212556718,0.3896939360778221,0.2610297182818683,0.298397291872402,0.2980842048605283,0.8730904073215392,0.3101929554472367,0.3099886382301648,0.605,False
mlp,UNI,BRACS,CRC,BRACS->CRC,1.0,123,3657,0.3663624665299046,0.3994419204187306,0.2555959127892922,0.2939447196036577,0.2946007425864537,0.9632819978428496,0.2961692329371969,0.2970501706282298,0.6632,False
mlp,UNI,BRACS,CRC,BRACS->CRC,1.0,456,3657,0.3466696890026495,0.3970890723891025,0.2531568346279469,0.2898144660502672,0.290606326486667,0.9703016575015369,0.2911991111777723,0.2924747619787852,0.6840666666666667,False
mlp,UNI,CRC,BRACS,CRC->BRACS,0.01,42,699,0.5194565480513192,0.4147843942505133,0.2677320628866503,0.2528261271713857,0.2420685703490387,0.7723329962762796,0.2695009384500353,0.2586820308325338,0.9929824561403509,True
mlp,UNI,CRC,BRACS,CRC->BRACS,0.01,123,699,0.4959906802227064,0.4171779141104294,0.2746397095818586,0.2679790073188773,0.2643440423157523,0.8224460570528339,0.2746339731490272,0.2733827132414086,1.0,True
mlp,UNI,CRC,BRACS,CRC->BRACS,0.01,456,699,0.5597615589445655,0.4309915058192012,0.2596411859523425,0.2406751210784964,0.2255694334934416,0.8292355947355039,0.2551583063641661,0.2400738775648438,0.980701754385965,False
mlp,UNI,CRC,BRACS,CRC->BRACS,0.05,42,3499,0.4671235778261922,0.4211987125440793,0.2788063973784341,0.2730934616750139,0.2621333930300336,0.9114817072731832,0.2755544628523159,0.2643870737062554,0.9912280701754386,True
mlp,UNI,CRC,BRACS,CRC->BRACS,0.05,123,3499,0.4546114742193173,0.4171779141104294,0.2834808490436937,0.2825032304171799,0.2817438173629374,0.8633189251956808,0.2837606461636983,0.282829516517826,1.0,True
mlp,UNI,CRC,BRACS,CRC->BRACS,0.05,456,3499,0.5301531106269668,0.4171779141104294,0.2796560030381862,0.2751359957155951,0.2743706782321903,0.9497926805289943,0.277372645456834,0.2757379604127715,1.0,True
mlp,UNI,CRC,BRACS,CRC->BRACS,0.1,42,6999,0.5206820382473977,0.4211987125440793,0.2813222036731893,0.281256070105653,0.2645124461261858,0.8795308540057091,0.2823054240787761,0.2680108663725581,0.9912280701754386,True
mlp,UNI,CRC,BRACS,CRC->BRACS,0.1,123,6999,0.4946138949406923,0.4171779141104294,0.2832684716497082,0.2820662279278366,0.2815799745926421,0.8817887348780263,0.2825670356414967,0.2825670356600743,1.0,True
mlp,UNI,CRC,BRACS,CRC->BRACS,0.1,456,6999,0.6006868796901477,0.4205614344503233,0.2778841260647463,0.2785281235883176,0.2655916421026759,0.8573421058247053,0.2804672842620659,0.2688565995221149,0.9894736842105264,False
mlp,UNI,CRC,BRACS,CRC->BRACS,0.25,42,17499,0.4610263858629871,0.4171779141104294,0.2832618049367753,0.2838884612447337,0.2759682243418386,0.8214981673060742,0.2850752394940508,0.2786116786433746,1.0,True
mlp,UNI,CRC,BRACS,CRC->BRACS,0.25,123,17499,0.5210754054708303,0.4171779141104294,0.282903467288431,0.2819821281501566,0.2803099432112631,0.9061515152493524,0.2825091582042851,0.281382242710255,1.0,True
mlp,UNI,CRC,BRACS,CRC->BRACS,0.25,456,17499,0.4757020091987411,0.4171779141104294,0.2826275770322203,0.2802557215748126,0.2768146956527568,0.8323231406391909,0.2828198185962576,0.2790905676761037,1.0,True
mlp,UNI,CRC,BRACS,CRC->BRACS,0.5,42,35000,0.4613441055434519,0.4171779141104294,0.2839346756346947,0.2834735876596696,0.2821334565799413,0.845660405224648,0.2838630116291409,0.2831010145666117,1.0,True
mlp,UNI,CRC,BRACS,CRC->BRACS,0.5,123,35000,0.473296417332365,0.4171779141104294,0.282695726069365,0.2817167699255311,0.2793761174834926,0.8288126851755206,0.2825527222633051,0.2815665104013054,1.0,True
mlp,UNI,CRC,BRACS,CRC->BRACS,0.5,456,35000,0.4774116436698136,0.4171779141104294,0.2827199491539238,0.2818227246207626,0.279316365055287,0.8026171166733355,0.2827046019257977,0.2817676391450708,1.0,True
mlp,UNI,CRC,BRACS,CRC->BRACS,1.0,42,70000,0.4905289276204309,0.4171779141104294,0.2822300623723553,0.2812361014136848,0.2772533500395008,0.790087032929149,0.2822385529595378,0.2804799764790056,1.0,True
mlp,UNI,CRC,BRACS,CRC->BRACS,1.0,123,70000,0.4674715565238441,0.4171779141104294,0.2826046926005032,0.2829488668362038,0.2804712863481064,0.8194473199203817,0.2825707079671127,0.2803578645129216,1.0,True
mlp,UNI,CRC,BRACS,CRC->BRACS,1.0,456,70000,0.4729030501089324,0.4171779141104294,0.2831601816890383,0.2827313575436149,0.2796066727394773,0.81625396816223,0.2833782761664081,0.2816152356147213,1.0,True
mlp,UNI,MHIST,PCam,MHIST->PCam,0.01,42,18,0.4300653788194193,0.4324841234141244,0.2581718265612662,0.074819830699198,0.09637992741591,0.9538631465616684,0.0799598600788158,0.0982829800368563,0.642852783203125,False
mlp,UNI,MHIST,PCam,MHIST->PCam,0.01,123,18,0.6097897398460554,0.574093754999636,0.244209714209982,0.0340437978693444,0.056950634459099,1.2495797391931185,0.0293870351670193,0.0622625687974505,0.643890380859375,False
mlp,UNI,MHIST,PCam,MHIST->PCam,0.01,456,18,0.5380140742759766,0.5348235988994591,0.2487017624684403,0.0356063009376157,0.0503335901721584,1.103234001828067,0.0369301021200954,0.050555099694975,0.514007568359375,False
mlp,UNI,MHIST,PCam,MHIST->PCam,0.05,42,92,0.5738373012022219,0.5456913620299806,0.2504089828729852,0.0607028121210078,0.0619757419294728,1.1786739782572089,0.0453570154352291,0.0488209520326563,0.527130126953125,False
mlp,UNI,MHIST,PCam,MHIST->PCam,0.05,123,92,0.5607457942386862,0.3921234284200914,0.2538733551385163,0.0778032136781803,0.0793940197627307,1.2693946826258895,0.0620176284201079,0.0676260657601233,0.911956787109375,False
mlp,UNI,MHIST,PCam,MHIST->PCam,0.05,456,92,0.6115790362185716,0.5561275823622033,0.2394488663579661,0.0610552124280729,0.0676805041593979,1.3875271467968602,0.0732793297693206,0.0751535901526949,0.801788330078125,False
mlp,UNI,MHIST,PCam,MHIST->PCam,0.1,42,184,0.5518911743263436,0.5150937140342369,0.2717122433406302,0.1265976595857409,0.1251010406285786,1.2390592207242297,0.1011104448227797,0.1009725807552968,0.672760009765625,False
mlp,UNI,MHIST,PCam,MHIST->PCam,0.1,123,184,0.5570575345151841,0.5425066393598884,0.275364010663314,0.1172876109053504,0.1173951231901355,1.1086395455557707,0.1050616621689641,0.1045512597518154,0.634521484375,False
mlp,UNI,MHIST,PCam,MHIST->PCam,0.1,456,184,0.6096524759120171,0.5626919536054225,0.2460086076052271,0.0633113158835385,0.062617463369861,1.0958745129839012,0.0557658206953419,0.0564642224981071,0.700653076171875,False
mlp,UNI,MHIST,PCam,MHIST->PCam,0.25,42,461,0.6778705798672825,0.5982785002928912,0.2439944717883279,0.1303014392005934,0.129799279252893,1.1824752602431046,0.1161337943688067,0.1160411562830177,0.695770263671875,False
mlp,UNI,MHIST,PCam,MHIST->PCam,0.25,123,461,0.6565937927853162,0.6263490459301928,0.2435683665664438,0.089009603030604,0.0887186484842459,1.2233040964321908,0.082987161145752,0.0821521826719617,0.57025146484375,False
mlp,UNI,MHIST,PCam,MHIST->PCam,0.25,456,461,0.6146070737978317,0.5923552526478539,0.2495956525099467,0.069738629917083,0.0711277081129537,1.0676755154893454,0.063426020424913,0.0658758681986455,0.511505126953125,False
mlp,UNI,MHIST,PCam,MHIST->PCam,0.5,42,924,0.6893764577040316,0.6107902490126129,0.246509650730867,0.1503972096899133,0.1503697298370525,1.1215209901487446,0.1404717156026436,0.1404716950038391,0.70452880859375,False
mlp,UNI,MHIST,PCam,MHIST->PCam,0.5,123,924,0.666845460144533,0.6354479873391379,0.2439069588618347,0.0919867300901842,0.091832999571352,1.203473513753112,0.0830095177728935,0.08600774136994,0.537109375,False
mlp,UNI,MHIST,PCam,MHIST->PCam,0.5,456,924,0.6767350441218062,0.6284738242819149,0.2461366501567877,0.1267410695598982,0.1246557765155103,1.14206297749492,0.1174042600623579,0.1162443524942773,0.636688232421875,False
mlp,UNI,MHIST,PCam,MHIST->PCam,1.0,42,1849,0.7013549520313467,0.6428729065390951,0.248444659450222,0.1522445214627055,0.1522445086854986,1.088885816344823,0.1481354163826154,0.1480002919911953,0.651214599609375,False
mlp,UNI,MHIST,PCam,MHIST->PCam,1.0,123,1849,0.6997796233341156,0.6311767615209085,0.2544725272233432,0.17620019836653,0.1762002018352291,1.0906340573991014,0.1707332617189649,0.1705641566497888,0.688323974609375,False
mlp,UNI,MHIST,PCam,MHIST->PCam,1.0,456,1849,0.6968834834072392,0.6352997682087581,0.2519079085332357,0.1628891839732205,0.1627099632511317,1.062722580385102,0.1591236950132497,0.1591236990722393,0.6683349609375,False
mlp,UNI,PCam,MHIST,PCam->MHIST,0.01,42,2620,0.449900954439042,0.4172799059139784,0.3444616503907936,0.2962736275691459,0.298477910649691,1.0198885240525817,0.2933400672619272,0.2955611866108593,0.6796315250767656,False
mlp,UNI,PCam,MHIST,PCam->MHIST,0.01,123,2620,0.4509724473257698,0.4456562854621107,0.3150933288725424,0.2587506818978788,0.2612006421464981,1.0222227755901123,0.2556396829557272,0.2584829120882458,0.5772773797338793,False
mlp,UNI,PCam,MHIST,PCam->MHIST,0.01,456,2620,0.4397983072213218,0.4555554485955618,0.3266515220459738,0.2678838938573792,0.26745431413426,1.0899792778182122,0.257506443158997,0.2567127303066859,0.5117707267144319,False
mlp,UNI,PCam,MHIST,PCam->MHIST,0.05,42,13106,0.4184764991896272,0.4413378737059511,0.3359193699957549,0.2831400332852298,0.2847282396612294,1.0764407955993196,0.2706922561982637,0.2743486535097706,0.5025588536335721,False
mlp,UNI,PCam,MHIST,PCam->MHIST,0.05,123,13106,0.4392220421393841,0.4582627017949652,0.328554205343501,0.2757519794934969,0.2752933825881906,1.2742483901405632,0.2379549855372068,0.2462659548346559,0.7430910951893551,False
mlp,UNI,PCam,MHIST,PCam->MHIST,0.05,456,13106,0.4429587610300738,0.4433048433048433,0.3225230291778534,0.2609197215969267,0.2636012389661101,1.2165834053175022,0.2413870403533582,0.2390555401648201,0.8055271238485159,False
mlp,UNI,PCam,MHIST,PCam->MHIST,0.1,42,26214,0.43069962182604,0.4458614490342407,0.3209283187688466,0.2625244600372341,0.2602942409174957,1.1414344236109584,0.242662946839446,0.2440438390601743,0.661207778915046,False
mlp,UNI,PCam,MHIST,PCam->MHIST,0.1,123,26214,0.4382450927426616,0.4413859574607116,0.3222724771900564,0.2687238618929774,0.2638756419544393,1.237959201313615,0.2382948169810745,0.2380428281951097,0.8485158648925282,False
mlp,UNI,PCam,MHIST,PCam->MHIST,0.1,456,26214,0.4479875742841707,0.4502515556732424,0.3091857076028946,0.245372172037069,0.2443831492760652,1.175161742643101,0.2257413670588418,0.2252655568682305,0.8587512794268168,False
mlp,UNI,PCam,MHIST,PCam->MHIST,0.25,42,65536,0.4265847289753287,0.4361575777852124,0.3211767079323424,0.2731627429832639,0.2701464743070312,1.2606199071380284,0.2405808744618446,0.2452225868715051,0.8669396110542477,False
mlp,UNI,PCam,MHIST,PCam->MHIST,0.25,123,65536,0.4330114352602196,0.4423301661862567,0.3272354132602679,0.2855525809276311,0.2840569237039301,1.2512516715748787,0.2479217184236618,0.2538009370403591,0.8822927328556807,False
mlp,UNI,PCam,MHIST,PCam->MHIST,0.25,456,65536,0.4491986313704305,0.4467041906383922,0.3258782368833716,0.2785348953295998,0.27414288073149,1.3101966370781437,0.2435788834961312,0.2404542419727712,0.8618219037871033,False
mlp,UNI,PCam,MHIST,PCam->MHIST,0.5,42,131072,0.4311453268503512,0.4330106966089908,0.3207612458404802,0.2608120745827683,0.2651458959626139,1.2140522085725636,0.2415300373525617,0.242205906205619,0.7932446264073695,False
mlp,UNI,PCam,MHIST,PCam->MHIST,0.5,123,131072,0.430001800828381,0.4499785507348577,0.3284107734127988,0.278096152932794,0.2787778804206433,1.2187411278287537,0.2538658075583689,0.2542553046220644,0.6980552712384852,False
mlp,UNI,PCam,MHIST,PCam->MHIST,0.5,456,131072,0.4327480641094904,0.4566983937918638,0.3228173822506199,0.2693251390906171,0.2694192963100382,1.2162441918761595,0.2448418018510117,0.2466265540207786,0.7205731832139202,False
mlp,UNI,PCam,MHIST,PCam->MHIST,1.0,42,262144,0.4406627048442283,0.4473296448204746,0.3196361152745675,0.2616629471798392,0.2601940841866826,1.2096390459738122,0.2419849480430813,0.2408830729049145,0.849539406345957,False
mlp,UNI,PCam,MHIST,PCam->MHIST,1.0,123,262144,0.4239240050423195,0.4467660875870983,0.335729128451156,0.2881957355852381,0.2896798889447259,1.2220006867904305,0.2650230661293867,0.2656724119030831,0.7799385875127943,False
mlp,UNI,PCam,MHIST,PCam->MHIST,1.0,456,262144,0.4417927246533406,0.4221710819103834,0.3313080548520315,0.2865111778148029,0.2852175113837499,1.3124911592190314,0.2512759114086567,0.2568156235797012,0.901740020470829,False
mlp,VIRCHOW2,BRACS,CRC,BRACS->CRC,0.01,42,36,0.4894548572818778,0.4457893330911698,0.1804210595336355,0.1893880616128444,0.1973195776144663,0.9949516765288556,0.1886965289870898,0.1968928351799647,0.8613333333333333,False
mlp,VIRCHOW2,BRACS,CRC,BRACS->CRC,0.01,123,36,0.6150674534864975,0.4584494050077052,0.166304235179094,0.1792702900111675,0.1792702857732772,0.9602126400465631,0.1734479658156633,0.1734479699611663,0.8736666666666667,False
mlp,VIRCHOW2,BRACS,CRC,BRACS->CRC,0.01,456,36,0.4677916045552041,0.4823591660608207,0.2091015489783324,0.2574754731828967,0.2562370195070902,1.0859167077883294,0.2632504586522778,0.2630295409838358,0.7604,False
mlp,VIRCHOW2,BRACS,CRC,BRACS->CRC,0.05,42,181,0.8617328565061659,0.6801726055321653,0.1544430534939254,0.2389994395482043,0.2389519849499066,1.6662873142220225,0.2775203774819771,0.2763176872412363,0.7026,False
mlp,VIRCHOW2,BRACS,CRC,BRACS->CRC,0.05,123,181,0.9021349999941588,0.7141725615752916,0.1540885285034343,0.2679032525112231,0.2665003283898036,1.2670603595639032,0.2864127400318781,0.2829409653027852,0.7084666666666667,False
mlp,VIRCHOW2,BRACS,CRC,BRACS->CRC,0.05,456,181,0.2683524221426001,0.466179066172656,0.1912378183232903,0.2460263535435001,0.2525650073627631,1.415685657103975,0.2632497961680094,0.2641018889387448,0.9053333333333332,False
mlp,VIRCHOW2,BRACS,CRC,BRACS->CRC,0.1,42,364,0.708361492801301,0.5248222347389164,0.2288662153847417,0.3189429887359341,0.3189429952780405,1.13264003006892,0.321650514575839,0.3216505134185155,0.5417333333333333,False
mlp,VIRCHOW2,BRACS,CRC,BRACS->CRC,0.1,123,364,0.7751421821918064,0.6296397673489459,0.1734097883721409,0.2418587164471546,0.2417901708761851,1.2362659966539993,0.2586915923371911,0.2586915973901749,0.7194666666666667,False
mlp,VIRCHOW2,BRACS,CRC,BRACS->CRC,0.1,456,364,0.5733410544306696,0.5454627562941122,0.1562156071901583,0.146635676844418,0.1471255298197269,1.2131022895765349,0.1634699140369892,0.1639194048007329,0.8709333333333333,False
mlp,VIRCHOW2,BRACS,CRC,BRACS->CRC,0.25,42,913,0.6750192285113811,0.5341465251447486,0.2065479683183831,0.2666062180926402,0.2666062056104342,0.9688191182435986,0.2649604953606923,0.2649604890823364,0.6267333333333334,False
mlp,VIRCHOW2,BRACS,CRC,BRACS->CRC,0.25,123,913,0.7146479601641611,0.6317892684098637,0.1584381665697218,0.2017595270092288,0.2012966338872909,1.0803653471786356,0.2099155881380041,0.2099155872146288,0.814,False
mlp,VIRCHOW2,BRACS,CRC,BRACS->CRC,0.25,456,913,0.5261356431106511,0.4635955218036782,0.2440762806659872,0.2802528585284948,0.280614511334896,1.108130359078596,0.2816830976893504,0.2830269010504087,0.618,False
mlp,VIRCHOW2,BRACS,CRC,BRACS->CRC,0.5,42,1828,0.6326690436957061,0.5699084858674915,0.1731512589065649,0.1892428877649208,0.1891181377808252,1.0359147234978787,0.1924613882988691,0.1920969864467779,0.7874,False
mlp,VIRCHOW2,BRACS,CRC,BRACS->CRC,0.5,123,1828,0.6731471775889382,0.591464598337841,0.170428713526079,0.214492682061096,0.2134952186624209,0.9292490029192289,0.2073151547918717,0.2057597730636596,0.7917333333333333,False
mlp,VIRCHOW2,BRACS,CRC,BRACS->CRC,0.5,456,1828,0.5170312332065403,0.48841521691403,0.2206709147922743,0.2426742068707943,0.2435295974771181,1.0665496925439255,0.2450258886232972,0.2454918404976526,0.7048,False
mlp,VIRCHOW2,BRACS,CRC,BRACS->CRC,1.0,42,3657,0.6749759305913168,0.572588875211733,0.1912614654880111,0.2167154026436309,0.2185463567356268,1.0208473406565446,0.2180029714216788,0.2197847840468088,0.7170666666666666,False
mlp,VIRCHOW2,BRACS,CRC,BRACS->CRC,1.0,123,3657,0.6892893978945966,0.5768574744818472,0.193476716001469,0.2336681785538792,0.2332673689385255,1.010494357181033,0.2344907907875875,0.2338083774507045,0.6967333333333333,False
mlp,VIRCHOW2,BRACS,CRC,BRACS->CRC,1.0,456,3657,0.6973378642574429,0.5986305581121656,0.1674416393131115,0.1938922200878461,0.1938911346455415,0.9781483123675804,0.1915397209053238,0.1921511615673701,0.7717333333333334,False
mlp,VIRCHOW2,CRC,BRACS,CRC->BRACS,0.01,42,699,0.6204006293875575,0.4165813715455476,0.2561491884114736,0.2352060465272842,0.2253226559543819,0.8397205900211927,0.2541833843316948,0.2427281761321386,0.9982456140350876,True
mlp,VIRCHOW2,CRC,BRACS,CRC->BRACS,0.01,123,699,0.5154472282740257,0.4171779141104294,0.2717554484454318,0.2575451500125622,0.2568356773285032,0.8243500821339349,0.2712306386546085,0.2691151513264661,1.0,True
mlp,VIRCHOW2,CRC,BRACS,CRC->BRACS,0.01,456,699,0.6403564512224642,0.4224708624708624,0.2590395582789198,0.24572510179459,0.2367437428884665,0.874696584165548,0.2564015790297274,0.2487825244211738,0.9947368421052633,True
mlp,VIRCHOW2,CRC,BRACS,CRC->BRACS,0.05,42,3499,0.5353879206003389,0.4153846153846154,0.2733999406637359,0.258290241586796,0.2567429709470863,0.9362560683801224,0.2611163593371186,0.2600875054863935,0.9947368421052633,True
mlp,VIRCHOW2,CRC,BRACS,CRC->BRACS,0.05,123,3499,0.6381551077221012,0.4165813715455476,0.2761442042417539,0.2724543656402251,0.2667960411182751,0.8602604075903038,0.2791777807434922,0.2724438789594212,0.9982456140350876,True
mlp,VIRCHOW2,CRC,BRACS,CRC->BRACS,0.05,456,3499,0.682673686758654,0.4165813715455476,0.268573756615051,0.2625481710132015,0.2600174130845341,0.9459096631966584,0.2661693752253134,0.2634474304478141,0.9982456140350876,True
mlp,VIRCHOW2,CRC,BRACS,CRC->BRACS,0.1,42,6999,0.656318082788671,0.4231057576969212,0.2657524895952693,0.2607052997375527,0.2552744138396647,0.8832079205582293,0.2665027906301251,0.2621254327932675,0.9964912280701754,True
mlp,VIRCHOW2,CRC,BRACS,CRC->BRACS,0.1,123,6999,0.6397966594045026,0.4165813715455476,0.2759571092531435,0.2728683418610639,0.2693478729665737,0.8501382466545241,0.2784731400117539,0.2751821046469686,0.9982456140350876,True
mlp,VIRCHOW2,CRC,BRACS,CRC->BRACS,0.1,456,6999,0.6742465504720406,0.4165813715455476,0.2679895069766598,0.2608431110485342,0.2565044610967386,0.8591872697263208,0.2692349853010423,0.2651308362985953,0.9982456140350876,True
mlp,VIRCHOW2,CRC,BRACS,CRC->BRACS,0.25,42,17499,0.678059186637618,0.4224708624708624,0.2726655193209419,0.2694638285197709,0.2670710434858369,0.8499080568827924,0.2752094082305567,0.2727108123030854,0.9947368421052633,True
mlp,VIRCHOW2,CRC,BRACS,CRC->BRACS,0.25,123,17499,0.6750635439360929,0.4171779141104294,0.2743160041262914,0.2720338624166815,0.2703477951855778,0.8463021167589307,0.2773086984551985,0.2756350226096529,1.0,True
mlp,VIRCHOW2,CRC,BRACS,CRC->BRACS,0.25,456,17499,0.6016400387315419,0.4165813715455476,0.2780259739912,0.2767373650547182,0.2708115565272971,0.799281846379219,0.2807874648210903,0.2773336057341543,0.9982456140350876,True
mlp,VIRCHOW2,CRC,BRACS,CRC->BRACS,0.5,42,35000,0.6216261195836359,0.4171779141104294,0.2787676384868441,0.2763077182074387,0.2756642378010662,0.7824045729009403,0.281140562050502,0.2806875645316547,1.0,True
mlp,VIRCHOW2,CRC,BRACS,CRC->BRACS,0.5,123,35000,0.6640795206971677,0.4165813715455476,0.2767994423543796,0.2747122230343194,0.2713274973825543,0.8550380553317526,0.2788863645172106,0.2755180926158094,0.9982456140350876,True
mlp,VIRCHOW2,CRC,BRACS,CRC->BRACS,0.5,456,35000,0.6705398208666182,0.4165813715455476,0.2715462630187243,0.2681572908927735,0.2623625200583901,0.7971456533642779,0.2769783261428146,0.2714580354845997,0.9982456140350876,True
mlp,VIRCHOW2,CRC,BRACS,CRC->BRACS,1.0,42,70000,0.6356814330670539,0.4165813715455476,0.2760725533136517,0.27387165899895,0.2691796754877463,0.7612733922800443,0.2789698909526985,0.2765874879566406,0.9982456140350876,True
mlp,VIRCHOW2,CRC,BRACS,CRC->BRACS,1.0,123,70000,0.6313695231178892,0.4165813715455476,0.2775082601059164,0.2743509079370517,0.2723244544586857,0.7423591093495209,0.281296605615174,0.2791781152843038,0.9982456140350876,True
mlp,VIRCHOW2,CRC,BRACS,CRC->BRACS,1.0,456,70000,0.6238047688211087,0.4165813715455476,0.2759291363724366,0.272225231948521,0.2674273174607885,0.8048432134803537,0.2784392776980735,0.2744433985266497,0.9982456140350876,True
mlp,VIRCHOW2,MHIST,PCam,MHIST->PCam,0.01,42,18,0.6273238388406788,0.5780620871183069,0.2406682540593704,0.0490106868101065,0.0564614538207024,1.4046615508912057,0.068259506607319,0.0675153282645624,0.628082275390625,False
mlp,VIRCHOW2,MHIST,PCam,MHIST->PCam,0.01,123,18,0.777324557635573,0.6198302942460334,0.2291483959360435,0.147892122066878,0.1652715524760424,1.1983617384803582,0.1644185150316843,0.1711487722905076,0.778167724609375,False
mlp,VIRCHOW2,MHIST,PCam,MHIST->PCam,0.01,456,18,0.4488896187230621,0.3333197696893247,0.2558085857410033,0.0757031088578514,0.0817251715707243,1.0058963331302082,0.0756256058011786,0.0814986108471202,0.999755859375,True
mlp,VIRCHOW2,MHIST,PCam,MHIST->PCam,0.05,42,92,0.5428347181487874,0.4921776157881822,0.2840109269306184,0.1570057355106655,0.1617554224330888,0.8943876729961217,0.1728730143040593,0.1754166515327142,0.7777099609375,False
mlp,VIRCHOW2,MHIST,PCam,MHIST->PCam,0.05,123,92,0.7120590448040262,0.6632214837074917,0.2268801970545192,0.0798542011845029,0.0861695665244042,1.1422586020780885,0.0826918610548545,0.092828506042224,0.545989990234375,False
mlp,VIRCHOW2,MHIST,PCam,MHIST->PCam,0.05,456,92,0.697967805714989,0.5421817881487232,0.2493403470193888,0.1641371282958061,0.1641371281505144,0.9553912098503028,0.16964797317587,0.1696479682905192,0.787841796875,False
mlp,VIRCHOW2,MHIST,PCam,MHIST->PCam,0.1,42,184,0.5857063110903249,0.5115586207866445,0.2802983963152893,0.171183326126993,0.1703368946990622,1.091693113306706,0.1606922785763345,0.1597754480594631,0.779388427734375,False
mlp,VIRCHOW2,MHIST,PCam,MHIST->PCam,0.1,123,184,0.7078094340214962,0.5914360419522027,0.2361569720248748,0.1347556611217442,0.1347556586024438,0.95548604845586,0.1391457850414781,0.1391457863651339,0.740203857421875,False
mlp,VIRCHOW2,MHIST,PCam,MHIST->PCam,0.1,456,184,0.6585652447108067,0.5724777563795299,0.2421677223069492,0.1252917816423177,0.1282582595995336,0.9249396259875352,0.1354451337008413,0.1355333897033688,0.672119140625,False
mlp,VIRCHOW2,MHIST,PCam,MHIST->PCam,0.25,42,461,0.6738902238034493,0.5134359947336954,0.2783653317904611,0.2183631771995351,0.2165626144680459,1.0372892327146837,0.2136728497480362,0.212222755738253,0.81842041015625,False
mlp,VIRCHOW2,MHIST,PCam,MHIST->PCam,0.25,123,461,0.7590503345931559,0.6479766800713418,0.2266226400929176,0.1645132942488771,0.1645132861991101,1.0632586824365913,0.1596194942953843,0.1596194917726734,0.709869384765625,False
mlp,VIRCHOW2,MHIST,PCam,MHIST->PCam,0.25,456,461,0.7460350508083311,0.6865795396214533,0.2097069838741964,0.0597301918724042,0.0608941365762802,0.9828421218064108,0.0601403741781041,0.0611960215431963,0.503753662109375,False
mlp,VIRCHOW2,MHIST,PCam,MHIST->PCam,0.5,42,924,0.7565543151317591,0.3822741227784207,0.3685576226453225,0.3870469185742422,0.3870469173612463,1.0411136128214171,0.3819827599905352,0.3819827641380158,0.97174072265625,False
mlp,VIRCHOW2,MHIST,PCam,MHIST->PCam,0.5,123,924,0.7792190785770672,0.6285592925043503,0.2315483512772597,0.197663432885065,0.1976634315121259,0.995132707566691,0.1980975217747982,0.1980975259251636,0.755096435546875,False
mlp,VIRCHOW2,MHIST,PCam,MHIST->PCam,0.5,456,924,0.7586899033777612,0.6133577087555512,0.238308271862922,0.1929399757542569,0.1929399735791435,1.0779763687405497,0.1852357933380517,0.1852357951963767,0.762359619140625,False
mlp,VIRCHOW2,MHIST,PCam,MHIST->PCam,1.0,42,1849,0.7833643011184437,0.4546564022925248,0.3225528497526545,0.3416626195343042,0.3416626154400148,0.9258482306607086,0.3505438952324766,0.350543892386483,0.92669677734375,False
mlp,VIRCHOW2,MHIST,PCam,MHIST->PCam,1.0,123,1849,0.7847730981330642,0.4461456841405667,0.3267347013357283,0.3470306330743824,0.3470306346906113,0.9329764101738072,0.3552398755605281,0.355239876410117,0.93310546875,False
mlp,VIRCHOW2,MHIST,PCam,MHIST->PCam,1.0,456,1849,0.7789931117395403,0.4127284236595265,0.3767351721540274,0.3990123033690906,0.3990122983187998,1.0283739678269244,0.3963666594336246,0.3963666531373917,0.955230712890625,False
mlp,VIRCHOW2,PCam,MHIST,PCam->MHIST,0.01,42,2620,0.578273005582568,0.5474362502293157,0.2480133468773616,0.1052439962814017,0.1100814499593928,1.0918664650187864,0.0986627239425082,0.102290923833969,0.6622313203684749,False
mlp,VIRCHOW2,PCam,MHIST,PCam->MHIST,0.01,123,2620,0.5735863497208715,0.4548125539523985,0.2597926223546183,0.1819410337213362,0.1761762989702097,1.114512357097104,0.1578036273849657,0.1591364478839212,0.9344933469805528,False
mlp,VIRCHOW2,PCam,MHIST,PCam->MHIST,0.01,456,2620,0.6038087520259319,0.5038832701222082,0.2804912102237181,0.2250247953675054,0.221294217825912,1.04467952941042,0.2217634099105729,0.2183041909333993,0.706243602865916,False
mlp,VIRCHOW2,PCam,MHIST,PCam->MHIST,0.05,42,13106,0.580325949936971,0.5179260216605052,0.2392038678944688,0.0887890079896611,0.0856797815955405,1.0747069377314495,0.0779906538188335,0.0790744486704331,0.7727737973387923,False
mlp,VIRCHOW2,PCam,MHIST,PCam->MHIST,0.05,123,13106,0.6254006843147848,0.5015306122448979,0.2391421518820382,0.1330042102030014,0.1290707847250276,1.1797940362337562,0.1077747901628974,0.1050270015989623,0.8669396110542477,False
mlp,VIRCHOW2,PCam,MHIST,PCam->MHIST,0.05,456,13106,0.57752566180443,0.5509422399264593,0.2624784651594481,0.1596402532650785,0.1591675961151825,1.0804411791341313,0.154220533529592,0.1550863171673114,0.5076765609007164,False
mlp,VIRCHOW2,PCam,MHIST,PCam->MHIST,0.1,42,26214,0.5584323788942913,0.4871778721188529,0.2666530023377491,0.1723989958635616,0.170575122498624,1.136070806278406,0.1441373695126575,0.1498559932229218,0.8700102354145343,False
mlp,VIRCHOW2,PCam,MHIST,PCam->MHIST,0.1,123,26214,0.6206059787502252,0.5564602230211888,0.2397663447507568,0.1132466485199567,0.1207908300135738,1.1394806182671298,0.0977184442667902,0.1024724501761833,0.654042988741044,False
mlp,VIRCHOW2,PCam,MHIST,PCam->MHIST,0.1,456,26214,0.5929587610300738,0.5615610059040717,0.2578700615294557,0.1551888310364776,0.1465039350847382,1.036997302965167,0.1550275523448124,0.1445563757980858,0.5097236438075742,False
mlp,VIRCHOW2,PCam,MHIST,PCam->MHIST,0.25,42,65536,0.617409508373852,0.5745756687105661,0.2428049905410032,0.1184729591027253,0.1173404254926751,1.0930447773885543,0.1145835884769534,0.1168233541011078,0.6069600818833163,False
mlp,VIRCHOW2,PCam,MHIST,PCam->MHIST,0.25,123,65536,0.6121735998559337,0.5716412524170917,0.2631283783040233,0.1545586880513809,0.1522821351321473,1.1684469951582743,0.1348399530901757,0.1367818971403789,0.534288638689867,False
mlp,VIRCHOW2,PCam,MHIST,PCam->MHIST,0.25,456,65536,0.6104853232486944,0.5773850302136032,0.2581818860098537,0.1509913692409087,0.1622110643217239,1.249638582910945,0.1391122702017289,0.142634240317491,0.5823950870010235,False
mlp,VIRCHOW2,PCam,MHIST,PCam->MHIST,0.5,42,131072,0.5864937871420853,0.5582923504339874,0.2437754866977716,0.0998378280233763,0.1069018583031735,1.0652777575941594,0.0919794744393476,0.1046656564167846,0.6673490276356192,False
mlp,VIRCHOW2,PCam,MHIST,PCam->MHIST,0.5,123,131072,0.5982374392220421,0.5708495771229022,0.2488250833971261,0.125745932610673,0.1277676239350435,1.0713568483871394,0.1279010726911079,0.1257730299948181,0.5772773797338793,False
mlp,VIRCHOW2,PCam,MHIST,PCam->MHIST,0.5,456,131072,0.5493471997118675,0.5274067956583295,0.2703564315769717,0.1748347095420685,0.1745701627300608,1.279873247640502,0.1476660340856627,0.147941134618395,0.7031729785056294,False
mlp,VIRCHOW2,PCam,MHIST,PCam->MHIST,1.0,42,262144,0.6023320727534666,0.5478021250433521,0.2642265780620052,0.1820203234482568,0.1789163306656702,1.237226237584284,0.1496907597905293,0.1510203899310457,0.7799385875127943,False
mlp,VIRCHOW2,PCam,MHIST,PCam->MHIST,1.0,123,262144,0.6050423194669549,0.5605199042666759,0.2563480112914643,0.1415787380543311,0.1524881119005755,1.1581814279698517,0.1437581532016137,0.1477402034411044,0.5312180143295804,False
mlp,VIRCHOW2,PCam,MHIST,PCam->MHIST,1.0,456,262144,0.6001215559157211,0.5548399897106169,0.2565165372202744,0.1657379324201917,0.1629200167382019,1.2925225877514497,0.1195327697842245,0.1254261772671644,0.6714431934493347,False
