probe,model,dataset,fraction,seed,auroc,f1_macro,ece_fixed,ece_scaled_fixed,temperature,degeneracy_share
linear,CLIP,BRACS,0.01,42,0.6584071093220386,0.0343915343915343,0.0744083599294561,0.020674796869456,4.478364803233118,0.9982456140350876
linear,CLIP,BRACS,0.01,123,0.692112905595282,0.0965779532456194,0.0378337319462098,0.0051742205795689,2.5953204946681185,0.8736842105263158
linear,CLIP,BRACS,0.01,456,0.7274524745501383,0.0961109670728545,0.0308187521751312,0.0129172195576474,2.4595905507038927,0.8789473684210526
linear,CLIP,BRACS,0.05,42,0.7477439276935263,0.2720487132037658,0.1360535524440107,0.0960326332930404,0.6747738720972464,0.3456140350877193
linear,CLIP,BRACS,0.05,123,0.7351810671160953,0.2720412858687823,0.1463481277093129,0.0877554294649352,0.6742217694933229,0.3578947368421052
linear,CLIP,BRACS,0.05,456,0.7526273040315378,0.2748707198743326,0.1538098848427,0.1320157033428465,0.6469339194519826,0.3543859649122807
linear,CLIP,BRACS,0.1,42,0.7730243822062656,0.2911878893014265,0.1486109790326525,0.0894672622477185,0.5667138800589229,0.3052631578947368
linear,CLIP,BRACS,0.1,123,0.7575907598496107,0.2944525929061352,0.1376373109227795,0.0965569181707726,0.6031938735703349,0.3192982456140351
linear,CLIP,BRACS,0.1,456,0.7735948571153378,0.2935253068969523,0.1312061396541115,0.111034888806111,0.6308080776898516,0.3087719298245614
linear,CLIP,BRACS,0.25,42,0.79425036329706,0.329292360913737,0.1149924477279645,0.0650517069264638,0.6350836274950267,0.2824561403508772
linear,CLIP,BRACS,0.25,123,0.7775493994197122,0.3426826999582138,0.1200934309630578,0.0767098932560517,0.6289245301373748,0.2684210526315789
linear,CLIP,BRACS,0.25,456,0.7846693568753393,0.3335618696212344,0.1202809171097925,0.0744960616970442,0.6463768839113341,0.2894736842105263
linear,CLIP,BRACS,0.5,42,0.8031229249261697,0.3879333445552476,0.1153152380666368,0.0480735392515911,0.6854345202180275,0.2684210526315789
linear,CLIP,BRACS,0.5,123,0.7982259482418578,0.3895131766221281,0.0990204993169961,0.0512138013779026,0.6908943519468185,0.2684210526315789
linear,CLIP,BRACS,0.5,456,0.7941069656291848,0.3871026255818882,0.103259026159406,0.0352801546555708,0.7017307105102364,0.2649122807017544
linear,CLIP,BRACS,1.0,42,0.8137754803415936,0.4334848518095503,0.0870837047827205,0.0179655302594043,0.742487699344127,0.2456140350877192
linear,CLIP,BRACS,1.0,123,0.8137754803415936,0.4334848518095503,0.0870837047827205,0.0179655302594043,0.742487699344127,0.2456140350877192
linear,CLIP,BRACS,1.0,456,0.8137754803415936,0.4334848518095503,0.0870837047827205,0.0179655302594043,0.742487699344127,0.2456140350877192
linear,CLIP,CRC,0.01,42,0.9781073723600736,0.8107346495337443,0.3688654672100533,0.0096876194133542,0.2935223594238346,0.1999333333333333
linear,CLIP,CRC,0.01,123,0.9784782730364106,0.8125272619205758,0.3764468503293947,0.0054968006824243,0.2711493874021952,0.2028
linear,CLIP,CRC,0.01,456,0.9769671720070304,0.8118110771441805,0.3695003273836306,0.0140696926133957,0.2974778646398588,0.1859333333333333
linear,CLIP,CRC,0.05,42,0.9893204867616348,0.8798555268983296,0.2253942466686267,0.0054857919556386,0.4031183529119491,0.1582666666666666
linear,CLIP,CRC,0.05,123,0.9890491860665996,0.8782612236511571,0.2229623963786029,0.007725744605054,0.4067992171605963,0.1626666666666666
linear,CLIP,CRC,0.05,456,0.9894274761280212,0.879261385265827,0.2244064199650048,0.0063196886510677,0.4028387416329038,0.1574666666666666
linear,CLIP,CRC,0.1,42,0.9925975434930354,0.9014627789568256,0.1751348450693733,0.0045111194612305,0.439606990084521,0.1526666666666666
linear,CLIP,CRC,0.1,123,0.9921038229825332,0.8953747579374988,0.1682143607974671,0.008122804792038,0.4531859150274905,0.1526
linear,CLIP,CRC,0.1,456,0.9925273762495912,0.9006376048121612,0.1741038649190827,0.0065056645128186,0.4420261484277903,0.1511333333333333
linear,CLIP,CRC,0.25,42,0.9953754536602272,0.9259936386124212,0.1242360330945773,0.0032202845517747,0.4912236369645681,0.1476666666666666
linear,CLIP,CRC,0.25,123,0.9953013493952731,0.92506417321018,0.1238060588864088,0.0027923396864048,0.4933018110710229,0.1467333333333333
linear,CLIP,CRC,0.25,456,0.9953223387380472,0.9247862586790536,0.1242324658354407,0.0023723526930273,0.4915847924930255,0.1474666666666666
linear,CLIP,CRC,0.5,42,0.9965986264178454,0.938173262704093,0.0937263718221419,0.0030660558384768,0.5321271964999333,0.1460666666666666
linear,CLIP,CRC,0.5,123,0.9966630161005222,0.938067885630034,0.0932658744885246,0.0036318984782173,0.5298016557624112,0.1460666666666666
linear,CLIP,CRC,0.5,456,0.996746572456318,0.9383958478713048,0.0938484135417977,0.0051056571038825,0.5268455857096711,0.1456666666666666
linear,CLIP,CRC,1.0,42,0.9976336102290294,0.9504009415178384,0.071816040302663,0.0032524842847108,0.5629432009274911,0.1444
linear,CLIP,CRC,1.0,123,0.9976336102290294,0.9504009415178384,0.071816040302663,0.0032524842847108,0.5629432009274911,0.1444
linear,CLIP,CRC,1.0,456,0.9976336102290294,0.9504009415178384,0.071816040302663,0.0032524842847108,0.5629432009274911,0.1444
linear,CLIP,LungHist700,0.01,42,0.5937199380420627,0.136149005056568,0.0342784281075258,0.046946666719548,0.1000052749944835,0.3904761904761905
linear,CLIP,LungHist700,0.01,123,0.6203690070765261,0.2507544467955239,0.1497224739229589,0.1364120038306968,0.1000052749944835,0.2857142857142857
linear,CLIP,LungHist700,0.01,456,0.5666983609416967,0.1861017801109966,0.0159255242501488,0.0149574675054162,0.1000052749944835,0.4285714285714285
linear,CLIP,LungHist700,0.05,42,0.6889886496629591,0.0457142857142857,0.0389698004890042,0.1372614703170941,0.7593802472967662,1.0
linear,CLIP,LungHist700,0.05,123,0.6780073336646844,0.0457142857142857,0.036711449513601,0.132510857616088,0.7530546990160535,1.0
linear,CLIP,LungHist700,0.05,456,0.7832271255908398,0.0457142857142857,0.036636358163174,0.1956965449141379,0.7527790097039797,1.0
linear,CLIP,LungHist700,0.1,42,0.786549037409256,0.0457142857142857,0.0319933162548366,0.1660752361920008,0.595767219244487,1.0
linear,CLIP,LungHist700,0.1,123,0.7678545703413722,0.0457142857142857,0.0334603817303821,0.1342805375534843,0.6629087358943749,1.0
linear,CLIP,LungHist700,0.1,456,0.7969259423773182,0.0457142857142857,0.0572432201735411,0.145376132572924,0.6332530551260989,1.0
linear,CLIP,LungHist700,0.25,42,0.8013518522245652,0.0606060606060606,0.0836862558791924,0.1536597632621408,0.4919050277564054,0.9523809523809524
linear,CLIP,LungHist700,0.25,123,0.8102091375810032,0.1014353567513962,0.061900813731586,0.1291653840220498,0.5056044911841207,0.9428571428571428
linear,CLIP,LungHist700,0.25,456,0.841085621226281,0.0984056593812691,0.0985480869414308,0.1752761040810602,0.4755056148289594,0.9809523809523808
linear,CLIP,LungHist700,0.5,42,0.8080083166224175,0.1651997056132394,0.0556965514552698,0.152036120735125,0.3977299038526378,0.8380952380952381
linear,CLIP,LungHist700,0.5,123,0.8303927576064261,0.1722357082170166,0.0697924969327353,0.154134993843801,0.4066773300863196,0.8285714285714286
linear,CLIP,LungHist700,0.5,456,0.8330735810022923,0.1939920522664511,0.0543084920376384,0.1472547022464627,0.3995997857476352,0.7714285714285715
linear,CLIP,LungHist700,1.0,42,0.8354478917641995,0.2155225726654298,0.1092982121133294,0.1755661617186266,0.3567950809101771,0.6476190476190476
linear,CLIP,LungHist700,1.0,123,0.8354478917641995,0.2155225726654298,0.1092982121133294,0.1755661617186266,0.3567950809101771,0.6476190476190476
linear,CLIP,LungHist700,1.0,456,0.8354478917641995,0.2155225726654298,0.1092982121133294,0.1755661617186266,0.3567950809101771,0.6476190476190476
linear,CLIP,MHIST,0.01,42,0.617382495948136,0.3870765370138017,0.1119272207300848,0.0530670440019319,2.4439630143218403,1.0
linear,CLIP,MHIST,0.01,123,0.604367008824059,0.3870765370138017,0.1134927545695638,0.0539096538360111,2.4635839397559485,1.0
linear,CLIP,MHIST,0.01,456,0.6918647577885827,0.3870765370138017,0.1599578690986219,0.0556063557711386,2.424509796999151,1.0
linear,CLIP,MHIST,0.05,42,0.7837430217900234,0.3870765370138017,0.1600341183970755,0.1563067082923284,2.019373296143253,1.0
linear,CLIP,MHIST,0.05,123,0.7376598235188188,0.3870765370138017,0.1378590630215362,0.1335899468075436,2.028392678151912,1.0
linear,CLIP,MHIST,0.05,456,0.782117774176121,0.3870765370138017,0.1732896809846165,0.1378181920472029,2.11182070036892,1.0
linear,CLIP,MHIST,0.1,42,0.7910453808752026,0.3870765370138017,0.1649314028639308,0.1777986502978527,1.809278565939172,1.0
linear,CLIP,MHIST,0.1,123,0.7895641995317847,0.3870765370138017,0.1692999200769146,0.1806539617484153,1.8566826897378992,1.0
linear,CLIP,MHIST,0.1,456,0.8042949756888169,0.3870765370138017,0.1604092126652696,0.1697565164300782,1.9240479878847376,1.0
linear,CLIP,MHIST,0.25,42,0.8181973707905638,0.4343206304552046,0.1509273244466565,0.1481958872937815,1.642991257918298,0.978505629477994
linear,CLIP,MHIST,0.25,123,0.8304880244912661,0.3986241023474745,0.1565922137881228,0.1641118338255267,1.6023651734185314,0.9948822927328556
linear,CLIP,MHIST,0.25,456,0.8246308301818838,0.3982085587259639,0.1531786587048036,0.1524330451342376,1.6512641212877472,0.9938587512794268
linear,CLIP,MHIST,0.5,42,0.8294390419593012,0.5343956209766453,0.1306308280152597,0.1253648899972115,1.5971856177723855,0.9150460593654044
linear,CLIP,MHIST,0.5,123,0.83827660723933,0.5504233028793531,0.1330154366643543,0.1251162932569254,1.5091860747337034,0.9129989764585466
linear,CLIP,MHIST,0.5,456,0.8421438861876462,0.5298697145546507,0.1354482793316703,0.1306518986440835,1.5492930628592914,0.9211873080859776
linear,CLIP,MHIST,1.0,42,0.8535251215559156,0.6538130709397826,0.117017991924256,0.1071567205503572,1.507202076685831,0.8208802456499488
linear,CLIP,MHIST,1.0,123,0.8535251215559156,0.6538130709397826,0.117017991924256,0.1071567205503572,1.507202076685831,0.8208802456499488
linear,CLIP,MHIST,1.0,456,0.8535251215559156,0.6538130709397826,0.117017991924256,0.1071567205503572,1.507202076685831,0.8208802456499488
linear,CLIP,PCam,0.01,42,0.8792610357842996,0.7974132669256667,0.0798414562912116,0.013860195965395,1.2501508355858884,0.507171630859375
linear,CLIP,PCam,0.01,123,0.8812400407372489,0.8013831303844592,0.082407686743974,0.0176083648871006,1.2426105789191877,0.506317138671875
linear,CLIP,PCam,0.01,456,0.8821511053495265,0.8021784076844505,0.0843655127903262,0.0158830627248824,1.2533385844846705,0.506011962890625
linear,CLIP,PCam,0.05,42,0.9015466689161464,0.8167435395697712,0.0586945269291119,0.0295721143565712,1.5873581036734403,0.521942138671875
linear,CLIP,PCam,0.05,123,0.8987788373237962,0.8118521642871075,0.0555071895453465,0.0342287113686907,1.5990763587164707,0.534027099609375
linear,CLIP,PCam,0.05,456,0.9001525160203623,0.8164094116779701,0.0509991203729453,0.0296424909474692,1.6307393829838728,0.521728515625
linear,CLIP,PCam,0.1,42,0.9021394968212968,0.8146947920746532,0.0402896835489388,0.0328050527360819,1.7802800114451065,0.533935546875
linear,CLIP,PCam,0.1,123,0.902617611841347,0.8144831300435262,0.0460424394816782,0.0375107356655289,1.7441313506552991,0.538299560546875
linear,CLIP,PCam,0.1,456,0.9032477932391384,0.8166885425541252,0.0462219135428896,0.0357629504008771,1.6968812476324195,0.53570556640625
linear,CLIP,PCam,0.25,42,0.9123482842187058,0.8257311011629238,0.040256853209044,0.0375904821591562,1.9078878436053484,0.538238525390625
linear,CLIP,PCam,0.25,123,0.9109995537958226,0.8233898832903217,0.0429684998595386,0.0407362465368504,1.9104712769067271,0.54168701171875
linear,CLIP,PCam,0.25,456,0.9119815144207112,0.8247421603896724,0.0405131397455521,0.0383173513067668,1.8876069348053464,0.54119873046875
linear,CLIP,PCam,0.5,42,0.913174818253391,0.8261146189039021,0.0397112636533781,0.0401266372530599,2.0761031623721147,0.545440673828125
linear,CLIP,PCam,0.5,123,0.9141843609326844,0.8269738039753376,0.0397061901383512,0.0392865476408374,1.9947854788724373,0.54327392578125
linear,CLIP,PCam,0.5,456,0.9150283367797304,0.8285499027537903,0.039332733303598,0.0384383082265467,1.9801966908277788,0.544189453125
linear,CLIP,PCam,1.0,42,0.9165845808112788,0.8314118373534156,0.0406349207965251,0.0402332302290896,2.0840287328217446,0.546966552734375
linear,CLIP,PCam,1.0,123,0.9165845808112788,0.8314118373534156,0.0406349207965251,0.0402332302290896,2.0840287328217446,0.546966552734375
linear,CLIP,PCam,1.0,456,0.9165845808112788,0.8314118373534156,0.0406349207965251,0.0402332302290896,2.0840287328217446,0.546966552734375
linear,CLIP,SPIDER-Breast,0.01,42,0.8841062255462238,0.3255208432704198,0.2130844328144416,0.0453948959744799,0.2890782281963479,0.1568057171347847
linear,CLIP,SPIDER-Breast,0.01,123,0.8890382738090281,0.3107024100464446,0.1977718842184363,0.059811784289858,0.2847833969839677,0.1666112680737909
linear,CLIP,SPIDER-Breast,0.01,456,0.8955157756791046,0.3171355812635184,0.2157719060868254,0.0508409077588976,0.2794112309958989,0.1897955791922885
linear,CLIP,SPIDER-Breast,0.05,42,0.9228029607587688,0.4797246710119808,0.2585925478528982,0.0221769116664836,0.4089667147735403,0.1071962772145587
linear,CLIP,SPIDER-Breast,0.05,123,0.925632843922257,0.4726457601464875,0.2491287191640972,0.0352415471153268,0.4006029601981864,0.1049526342030912
linear,CLIP,SPIDER-Breast,0.05,456,0.923876375927319,0.473987729555535,0.2564814199368476,0.0297881089442508,0.3996833859109996,0.1056174173176001
linear,CLIP,SPIDER-Breast,0.1,42,0.9351641359217656,0.5357412175694507,0.2347369068164042,0.0216626125082441,0.4678690674326333,0.1002160545122154
linear,CLIP,SPIDER-Breast,0.1,123,0.9372045253834328,0.5260171851816979,0.2256224652518685,0.0296565798871539,0.4646336015269227,0.102210403855742
linear,CLIP,SPIDER-Breast,0.1,456,0.9359669788247692,0.5346469987681479,0.2331195697396526,0.0260251770127282,0.4626980929981987,0.101794914409174
linear,CLIP,SPIDER-Breast,0.25,42,0.948570944084974,0.5907127649676717,0.1897724216657149,0.022469317038084,0.5350264885916481,0.1108525843443576
linear,CLIP,SPIDER-Breast,0.25,123,0.9497187515212164,0.5819836938707758,0.1830374962793974,0.0295598096213779,0.5306751643696638,0.1111018780122984
linear,CLIP,SPIDER-Breast,0.25,456,0.9489491043155336,0.5839590730493898,0.1877707612630298,0.0296983478511576,0.5233403889319466,0.1093568223367126
linear,CLIP,SPIDER-Breast,0.5,42,0.9567660875527312,0.6209930999258982,0.1572067006852019,0.0296172593115212,0.5697006602102471,0.1170018281535649
linear,CLIP,SPIDER-Breast,0.5,123,0.9577083434147128,0.6190188637353119,0.1559191262069669,0.03006645085398,0.567272077385959,0.1157553598138607
linear,CLIP,SPIDER-Breast,0.5,456,0.9571903094113512,0.6174415731666668,0.1552816204647376,0.0289301433444066,0.567669473109248,0.1158384577031743
linear,CLIP,SPIDER-Breast,1.0,42,0.964099551574733,0.6470589322241724,0.1268344182114173,0.0292889892167614,0.6051623693708602,0.1201595479474821
linear,CLIP,SPIDER-Breast,1.0,123,0.964099551574733,0.6470589322241724,0.1268344182114173,0.0292889892167614,0.6051623693708602,0.1201595479474821
linear,CLIP,SPIDER-Breast,1.0,456,0.964099551574733,0.6470589322241724,0.1268344182114173,0.0292889892167614,0.6051623693708602,0.1201595479474821
linear,CONCH,BRACS,0.01,42,0.8033214267138716,0.3476986786526897,0.1530331596527814,0.1010439984981,0.6757499517298741,0.4491228070175438
linear,CONCH,BRACS,0.01,123,0.8452553595339873,0.3633002658518229,0.1863040374500479,0.0974350112688704,0.5842687082227367,0.3385964912280702
linear,CONCH,BRACS,0.01,456,0.8200433167586257,0.3545900817001385,0.1456016911013127,0.0726382079708282,0.6091304097549999,0.3982456140350877
linear,CONCH,BRACS,0.05,42,0.8647321338652988,0.4613593303550526,0.1361369440787549,0.0701970900299961,0.574068296228411,0.2912280701754386
linear,CONCH,BRACS,0.05,123,0.8809443074743407,0.4823123735008057,0.1525765850841999,0.0387143508358672,0.5879903807528017,0.2824561403508772
linear,CONCH,BRACS,0.05,456,0.8743897752619539,0.4500465461334943,0.103663135948065,0.0784556671012185,0.5888095186672397,0.2789473684210526
linear,CONCH,BRACS,0.1,42,0.888240942088376,0.5332136147891013,0.1139840724786782,0.0450804306497315,0.6281242976513841,0.2543859649122807
linear,CONCH,BRACS,0.1,123,0.8829577502710163,0.5374222280805405,0.1223495609658135,0.026773155343554,0.635266180865907,0.2333333333333333
linear,CONCH,BRACS,0.1,456,0.8850694589589037,0.472322137268285,0.0943644122001207,0.1025427180803224,0.6524143592563707,0.2719298245614035
linear,CONCH,BRACS,0.25,42,0.8973551986095051,0.557266497123248,0.0708776411327078,0.0522871618809931,0.7741653571747895,0.2228070175438596
linear,CONCH,BRACS,0.25,123,0.8959270217333316,0.5797504476650968,0.0849657189711783,0.0285243983855666,0.7956790564505913,0.2157894736842105
linear,CONCH,BRACS,0.25,456,0.8932405806816285,0.5576345058693294,0.065434084588325,0.0446861362338263,0.7675518376338836,0.2210526315789473
linear,CONCH,BRACS,0.5,42,0.9003986012790619,0.5667558152581559,0.0566579432905692,0.068777034408499,0.8779283023450953,0.2070175438596491
linear,CONCH,BRACS,0.5,123,0.9017131434509736,0.5857603269683659,0.0646861679436531,0.074527303284315,0.8737612825308602,0.2087719298245614
linear,CONCH,BRACS,0.5,456,0.9019833589190888,0.5664635585476108,0.0593979122687277,0.0355496785359754,0.8754502128303279,0.2175438596491228
linear,CONCH,BRACS,1.0,42,0.9046904324226632,0.5894401916092502,0.0298246660233517,0.0246887749906193,0.9660312810575375,0.1982456140350877
linear,CONCH,BRACS,1.0,123,0.9046904324226632,0.5894401916092502,0.0298246660233517,0.0246887749906193,0.9660312810575375,0.1982456140350877
linear,CONCH,BRACS,1.0,456,0.9046904324226632,0.5894401916092502,0.0298246660233517,0.0246887749906193,0.9660312810575375,0.1982456140350877
linear,CONCH,CRC,0.01,42,0.998046966323874,0.9635652972519236,0.1876892464003478,0.0048200474770209,0.4285963923684373,0.1424
linear,CONCH,CRC,0.01,123,0.9981143801528888,0.9648116316104997,0.1923369472943369,0.0021496793124593,0.4241170365067204,0.1445333333333333
linear,CONCH,CRC,0.01,456,0.9982086456804576,0.966475915727171,0.194207747193381,0.0050847451585679,0.4226285260643929,0.1408
linear,CONCH,CRC,0.05,42,0.998775539953741,0.9740771082692444,0.0714689098784807,0.003441348488942,0.5805848707372245,0.1404666666666666
linear,CONCH,CRC,0.05,123,0.9986966820758444,0.973664048936588,0.0708697128042694,0.0034142283692971,0.5906302149012036,0.1398666666666666
linear,CONCH,CRC,0.05,456,0.9987260903011838,0.9727303346476376,0.0714536109262082,0.0035216539736578,0.5864482208272737,0.1398
linear,CONCH,CRC,0.1,42,0.998962163921958,0.9766797550945352,0.0467288567203503,0.0035866740410149,0.6466172729906393,0.14
linear,CONCH,CRC,0.1,123,0.9988665513978846,0.9757855232910732,0.0460174842378418,0.0043536840718204,0.6533477699716479,0.1398666666666666
linear,CONCH,CRC,0.1,456,0.998951349846813,0.974935204457096,0.0467845893287142,0.0044682686818895,0.6478312599151319,0.1401333333333333
linear,CONCH,CRC,0.25,42,0.9991334873189937,0.979035484897252,0.0263856373707622,0.0036114612779108,0.7309220761736234,0.1405333333333333
linear,CONCH,CRC,0.25,123,0.9991373936137776,0.9792021445278464,0.0277546404266458,0.0027811961115251,0.711221478610587,0.1403333333333333
linear,CONCH,CRC,0.25,456,0.9991525521957708,0.9784533016273202,0.0270622373792024,0.0033085591119699,0.7194623151591909,0.1404666666666666
linear,CONCH,CRC,0.5,42,0.9993312555640146,0.9814165522957008,0.0189793210130928,0.0021986709297444,0.7568536623940897,0.1405333333333333
linear,CONCH,CRC,0.5,123,0.9993023207617304,0.9807426046811398,0.0194635502058076,0.0029199014452226,0.7466108069664419,0.1407333333333333
linear,CONCH,CRC,0.5,456,0.9993216596974644,0.9804368654709104,0.0186268100423418,0.0021164283106019,0.7639718884114665,0.1403333333333333
linear,CONCH,CRC,1.0,42,0.9994136787146106,0.9828761845101572,0.0133047824909334,0.0019021640584426,0.7823339368359818,0.1407333333333333
linear,CONCH,CRC,1.0,123,0.9994136787146106,0.9828761845101572,0.0133047824909334,0.0019021640584426,0.7823339368359818,0.1407333333333333
linear,CONCH,CRC,1.0,456,0.9994136787146106,0.9828761845101572,0.0133047824909334,0.0019021640584426,0.7823339368359818,0.1407333333333333
linear,CONCH,LungHist700,0.01,42,0.8481885209837342,0.3990236562852565,0.3270529408773485,0.1340308702223454,0.1000052749944835,0.3142857142857143
linear,CONCH,LungHist700,0.01,123,0.8800150253678455,0.481524242150428,0.3395474501441415,0.1181743190440164,0.1000052749944835,0.2285714285714285
linear,CONCH,LungHist700,0.01,456,0.8904432184524934,0.4369373546520058,0.3278263545205717,0.1257791604208022,0.1000052749944835,0.2476190476190476
linear,CONCH,LungHist700,0.05,42,0.903348499662326,0.3879972060877876,0.2422435912324571,0.1222785586106199,0.2589210199607458,0.4476190476190476
linear,CONCH,LungHist700,0.05,123,0.9332747361053614,0.4125169800361616,0.2701474665897555,0.1431010184104332,0.2548394651155474,0.4571428571428571
linear,CONCH,LungHist700,0.05,456,0.9276110885764024,0.3806972789115646,0.2200944294913287,0.1328548091179761,0.2027350864051536,0.3809523809523809
linear,CONCH,LungHist700,0.1,42,0.9269447716052984,0.5238355091819733,0.2959355544798407,0.1241947729864493,0.2728954236795642,0.2761904761904762
linear,CONCH,LungHist700,0.1,123,0.932046510567443,0.45453181272509,0.2384613678320484,0.1177482776133873,0.2614078513054498,0.2857142857142857
linear,CONCH,LungHist700,0.1,456,0.9380575467407954,0.5524305268666171,0.2993224672693931,0.1478939370993731,0.2453986950219492,0.2666666666666666
linear,CONCH,LungHist700,0.25,42,0.9477576968976216,0.5211835783264355,0.1977904061139596,0.1158186914266839,0.3591178221213852,0.2285714285714285
linear,CONCH,LungHist700,0.25,123,0.9469047056430768,0.6234522380380723,0.3011632737075461,0.1487887987916076,0.3304374682578802,0.2285714285714285
linear,CONCH,LungHist700,0.25,456,0.9536334221440724,0.6243190473936598,0.282070314344714,0.1519286925221059,0.3285688810183005,0.2
linear,CONCH,LungHist700,0.5,42,0.9583260318525092,0.6140000757984537,0.2330536608145987,0.130451364584408,0.4588711450301542,0.2285714285714285
linear,CONCH,LungHist700,0.5,123,0.9596297040315932,0.668324657798342,0.255352736033996,0.0894794814735045,0.3995415045677802,0.238095238095238
linear,CONCH,LungHist700,0.5,456,0.9633706554102004,0.621317948687612,0.2260998208165131,0.1017568943931276,0.4179184659877622,0.219047619047619
linear,CONCH,LungHist700,1.0,42,0.971386775329594,0.7006370321407915,0.2083645176047342,0.1038036298228543,0.4784500567645333,0.238095238095238
linear,CONCH,LungHist700,1.0,123,0.971386775329594,0.7006370321407915,0.2083645176047342,0.1038036298228543,0.4784500567645333,0.238095238095238
linear,CONCH,LungHist700,1.0,456,0.971386775329594,0.7006370321407915,0.2083645176047342,0.1038036298228543,0.4784500567645333,0.238095238095238
linear,CONCH,MHIST,0.01,42,0.6934539888348641,0.3870765370138017,0.1493118791130648,0.0929938476610558,2.260303966311197,1.0
linear,CONCH,MHIST,0.01,123,0.6089951377633711,0.3870765370138017,0.1066909899030597,0.074796093785446,2.5924951814850807,1.0
linear,CONCH,MHIST,0.01,456,0.6123716909778498,0.3870765370138017,0.099963037306268,0.0902767439967468,2.16801024128056,1.0
linear,CONCH,MHIST,0.05,42,0.7794075274626328,0.3870765370138017,0.1778020485271864,0.1835429505904934,1.921849159510677,1.0
linear,CONCH,MHIST,0.05,123,0.7319737079056365,0.3870765370138017,0.1353441379043333,0.1393351466469693,1.9555653259684704,1.0
linear,CONCH,MHIST,0.05,456,0.7020349360705924,0.3870765370138017,0.1089297244779752,0.1092622118448945,2.015753703604537,1.0
linear,CONCH,MHIST,0.1,42,0.8096074194129299,0.3960708738721423,0.167049434428628,0.1721731740385396,1.8185922365473848,0.9969293756397134
linear,CONCH,MHIST,0.1,123,0.7694174320187286,0.3926875174232468,0.1295000371581978,0.1337783277310616,1.7781297556196516,0.9969293756397134
linear,CONCH,MHIST,0.1,456,0.7822033135242211,0.4040723175612698,0.1098706636766931,0.1035950401382472,1.8536410315711616,0.9918116683725692
linear,CONCH,MHIST,0.25,42,0.825036016567621,0.5321889439536498,0.1299500369108734,0.1216924446205219,1.80581025221704,0.9160696008188332
linear,CONCH,MHIST,0.25,123,0.8144876643255897,0.5252028829410752,0.1121110837021696,0.1236136736657909,1.731640491176473,0.9273285568065508
linear,CONCH,MHIST,0.25,456,0.8159643435980551,0.5547415565541269,0.1132569072393395,0.1126606051536424,1.729841151453975,0.9109518935516888
linear,CONCH,MHIST,0.5,42,0.8321808031694581,0.620791150499725,0.1090356990706834,0.0975904996386846,1.7873999384640034,0.8403275332650972
linear,CONCH,MHIST,0.5,123,0.8373401764811814,0.625975842528675,0.1151436150313283,0.1029228383428426,1.6941777586125333,0.8433981576253838
linear,CONCH,MHIST,0.5,456,0.838290113452188,0.6348974608655586,0.1022848256248848,0.1045601660003285,1.746268006434379,0.8352098259979529
linear,CONCH,MHIST,1.0,42,0.8509814514676751,0.7128424785987385,0.0917423345736239,0.0853360111669012,1.75578790544987,0.7533265097236438
linear,CONCH,MHIST,1.0,123,0.8509814514676751,0.7128424785987385,0.0917423345736239,0.0853360111669012,1.75578790544987,0.7533265097236438
linear,CONCH,MHIST,1.0,456,0.8509814514676751,0.7128424785987385,0.0917423345736239,0.0853360111669012,1.75578790544987,0.7533265097236438
linear,CONCH,PCam,0.01,42,0.9560775006107892,0.8886018378991238,0.0514064825035752,0.0254618498769068,1.4346455682579264,0.534088134765625
linear,CONCH,PCam,0.01,123,0.9532504406171723,0.8826814233906508,0.0494795072346486,0.0337658706151431,1.463710703780501,0.540252685546875
linear,CONCH,PCam,0.01,456,0.9559951195260914,0.8875191798883781,0.054794651263655,0.0293108934928194,1.511743844686532,0.5357666015625
linear,CONCH,PCam,0.05,42,0.9576468092377992,0.8891247343611484,0.0369706320438566,0.0356826073916453,1.672428356565378,0.54718017578125
linear,CONCH,PCam,0.05,123,0.9597688318367033,0.890760303188036,0.0385045154826927,0.0370321684582893,1.723996987776682,0.5487060546875
linear,CONCH,PCam,0.05,456,0.9602243119887685,0.8928124970062317,0.0361816136653981,0.0310478003691699,1.6880317829440894,0.542205810546875
linear,CONCH,PCam,0.1,42,0.9591148160272316,0.8912670333040662,0.0331550856919686,0.035363160568844,1.8086826310028803,0.54705810546875
linear,CONCH,PCam,0.1,123,0.9593728855597652,0.8910082814044298,0.0349787486492295,0.036668499566761,1.8516513023444623,0.54840087890625
linear,CONCH,PCam,0.1,456,0.9611107710541328,0.8931839035263494,0.0322592614235556,0.0326666672164096,1.7898661852714133,0.54498291015625
linear,CONCH,PCam,0.25,42,0.9643023693964484,0.89653020001193,0.0341821611702012,0.0346527904388564,1.913393746228165,0.54681396484375
linear,CONCH,PCam,0.25,123,0.962505613128748,0.894475187002765,0.0340938166236868,0.0348809728735424,1.9299207596275847,0.547393798828125
linear,CONCH,PCam,0.25,456,0.9631755694583168,0.8946531540756237,0.0346458489297392,0.0354404399417978,1.9264763958788087,0.547943115234375
linear,CONCH,PCam,0.5,42,0.964730420231039,0.8963537420834322,0.0354724439431954,0.0352549178058317,2.019430963781099,0.549163818359375
linear,CONCH,PCam,0.5,123,0.965105408020932,0.8978870386014639,0.0353370710197357,0.0355596692011835,1.980051474144349,0.548797607421875
linear,CONCH,PCam,0.5,456,0.9656282228074332,0.8987270612703668,0.0342480372875864,0.0346226020316326,1.9665985740525893,0.54736328125
linear,CONCH,PCam,1.0,42,0.965720330626876,0.8983981716002114,0.0381210417352446,0.0371321575934106,2.0890805392965466,0.5496826171875
linear,CONCH,PCam,1.0,123,0.965720330626876,0.8983981716002114,0.0381210417352446,0.0371321575934106,2.0890805392965466,0.5496826171875
linear,CONCH,PCam,1.0,456,0.965720330626876,0.8983981716002114,0.0381210417352446,0.0371321575934106,2.0890805392965466,0.5496826171875
linear,CONCH,SPIDER-Breast,0.01,42,0.9656901899412544,0.621272121106781,0.3090066218492288,0.0413085591942723,0.3885756889980656,0.1139272062489612
linear,CONCH,SPIDER-Breast,0.01,123,0.9649463453577088,0.6139111542634711,0.3218814386720248,0.0399152980609262,0.3674810108563393,0.1179159049360146
linear,CONCH,SPIDER-Breast,0.01,456,0.9666395197700688,0.5965692532423219,0.3168674751323208,0.0420711067295258,0.3825810632127445,0.105201927871032
linear,CONCH,SPIDER-Breast,0.05,42,0.9778410017038968,0.7099180140457322,0.1823410303402123,0.0249327548155535,0.5201814489104938,0.1202426458367957
linear,CONCH,SPIDER-Breast,0.05,123,0.9776986130858452,0.7037628984587321,0.1797276041065574,0.0241903514166103,0.5218737487180785,0.1205750373940501
linear,CONCH,SPIDER-Breast,0.05,456,0.9785545756003776,0.7199187747430404,0.196462725086201,0.0193887973876078,0.5075350815957641,0.1192454711650324
linear,CONCH,SPIDER-Breast,0.1,42,0.9820708352997626,0.7402339978619005,0.1424538410738866,0.0204364354770815,0.5701459935479032,0.1210736247299318
linear,CONCH,SPIDER-Breast,0.1,123,0.981357490089557,0.7274738777508203,0.131971956035559,0.0254127882675562,0.577270731424286,0.1195778627222868
linear,CONCH,SPIDER-Breast,0.1,456,0.9817687678774794,0.7375900533426654,0.140252331412691,0.0210875059025589,0.5701879853129439,0.1201595479474821
linear,CONCH,SPIDER-Breast,0.25,42,0.9850186821521414,0.7596975156975494,0.0918369963989048,0.0209767709501623,0.6378381263538803,0.1211567226192454
linear,CONCH,SPIDER-Breast,0.25,123,0.9849036526970696,0.7551757434290806,0.0909197351245523,0.0246020732640844,0.6360706417991389,0.1199102542795413
linear,CONCH,SPIDER-Breast,0.25,456,0.985037795819693,0.7594278489784566,0.0929103633933474,0.0207955585377013,0.636514574843128,0.1214891141764999
linear,CONCH,SPIDER-Breast,0.5,42,0.986789791241404,0.7726650175694321,0.0661024692266404,0.0222576475497984,0.6781075797908223,0.120824331061991
linear,CONCH,SPIDER-Breast,0.5,123,0.9869111482347068,0.7758267874707161,0.068221969159547,0.0230453013507069,0.6757743958784793,0.1215722120658135
linear,CONCH,SPIDER-Breast,0.5,456,0.9870581855959808,0.7752582751489518,0.068094692438463,0.0212882531118772,0.6747884354764315,0.1220707994016952
linear,CONCH,SPIDER-Breast,1.0,42,0.9883801724238772,0.7828783075707056,0.0458057197914103,0.0252617854003053,0.7085802315771206,0.1224031909589496
linear,CONCH,SPIDER-Breast,1.0,123,0.9883801724238772,0.7828783075707056,0.0458057197914103,0.0252617854003053,0.7085802315771206,0.1224031909589496
linear,CONCH,SPIDER-Breast,1.0,456,0.9883801724238772,0.7828783075707056,0.0458057197914103,0.0252617854003053,0.7085802315771206,0.1224031909589496
linear,GigaPath,BRACS,0.01,42,0.7262489825257087,0.2536490250295848,0.1005897288020346,0.0994791937321588,1.0006263349108089,0.4929824561403508
linear,GigaPath,BRACS,0.01,123,0.7449791680156584,0.1945372144094559,0.0221002683069252,0.0346561267027536,1.0808227146489164,0.4684210526315789
linear,GigaPath,BRACS,0.01,456,0.7741843547332466,0.3078244342789486,0.1278630144327419,0.1139220496602904,0.8458958243763202,0.4385964912280701
linear,GigaPath,BRACS,0.05,42,0.8329418827057491,0.419773332482219,0.1143231614157516,0.0567102211487702,0.5921255329462491,0.312280701754386
linear,GigaPath,BRACS,0.05,123,0.8286769244165944,0.4331965718387081,0.1105543148813182,0.0321081575361078,0.6419303030041322,0.2894736842105263
linear,GigaPath,BRACS,0.05,456,0.8493548626424013,0.4478425498390013,0.1413839517725005,0.055424584655127,0.6053943245198675,0.2754385964912281
linear,GigaPath,BRACS,0.1,42,0.8509058233103592,0.518263585270626,0.1372424634034519,0.0598142955804297,0.623859858059267,0.231578947368421
linear,GigaPath,BRACS,0.1,123,0.8565256348189635,0.5364992881578551,0.147931179116007,0.051298946198642,0.6217487055686836,0.2105263157894736
linear,GigaPath,BRACS,0.1,456,0.8672838044262859,0.5058149447570142,0.1534421917395605,0.0683389897030391,0.6058943162901314,0.2543859649122807
linear,GigaPath,BRACS,0.25,42,0.8786627877404892,0.5577836145808737,0.1310846044487228,0.0731031934944279,0.6906161456445188,0.1947368421052631
linear,GigaPath,BRACS,0.25,123,0.8855491173145628,0.585294677677579,0.1242962790154633,0.0494452177539878,0.6574528850675174,0.2017543859649122
linear,GigaPath,BRACS,0.25,456,0.8770174469284674,0.571993172467781,0.1205300415610203,0.0466054706211597,0.6653102583978213,0.2122807017543859
linear,GigaPath,BRACS,0.5,42,0.8922633515724773,0.5926769952202261,0.0720440916460373,0.0441752069114941,0.7298434162323925,0.1894736842105263
linear,GigaPath,BRACS,0.5,123,0.8925221662508608,0.5904579574691613,0.099125246596571,0.0528147126994081,0.7161683404951348,0.1947368421052631
linear,GigaPath,BRACS,0.5,456,0.8885304463535636,0.5798192978183286,0.0836530878139017,0.0485961592944693,0.7267890194776673,0.2
linear,GigaPath,BRACS,1.0,42,0.8982040556571903,0.6049751109795717,0.0660298730265227,0.0617059220331952,0.7751704736543098,0.1912280701754386
linear,GigaPath,BRACS,1.0,123,0.8982040556571903,0.6049751109795717,0.0660298730265227,0.0617059220331952,0.7751704736543098,0.1912280701754386
linear,GigaPath,BRACS,1.0,456,0.8982040556571903,0.6049751109795717,0.0660298730265227,0.0617059220331952,0.7751704736543098,0.1912280701754386
linear,GigaPath,CRC,0.01,42,0.9992411237469958,0.9801410552659244,0.23818790093276,0.0033603693358082,0.3329309440165454,0.1462666666666666
linear,GigaPath,CRC,0.01,123,0.999368912244798,0.9817946043692294,0.2440093797409862,0.002423164608184,0.3226537414522378,0.1424
linear,GigaPath,CRC,0.01,456,0.9992427376794027,0.978232143467364,0.2398568905120992,0.0026767658879165,0.3285732678369625,0.1408666666666666
linear,GigaPath,CRC,0.05,42,0.9994859650517636,0.9870497796318132,0.0833681391901931,0.0025780864970922,0.4842458587371897,0.1423333333333333
linear,GigaPath,CRC,0.05,123,0.9995505438942218,0.9870644722319544,0.0835524868586469,0.0015229379517177,0.4933220815886908,0.1413333333333333
linear,GigaPath,CRC,0.05,456,0.9995436594000632,0.9868170755558768,0.0862669496248635,0.0021374337709599,0.4719522981607436,0.1414
linear,GigaPath,CRC,0.1,42,0.9995958209136035,0.9892657466803684,0.0528494489177816,0.0014965958842455,0.5427367881666573,0.1416666666666666
linear,GigaPath,CRC,0.1,123,0.999658955419979,0.9888302292897426,0.0526180201494802,0.0014583264903748,0.5412278159411181,0.1413333333333333
linear,GigaPath,CRC,0.1,456,0.9996049425503506,0.9885940927336302,0.0530661503180924,0.0022546907436647,0.5337787874361382,0.1414
linear,GigaPath,CRC,0.25,42,0.999757675183198,0.9902934355836944,0.0273529084241089,0.0015202121175552,0.6104651428183904,0.1418
linear,GigaPath,CRC,0.25,123,0.9997901938574408,0.9913305585317906,0.0283774469807024,0.0015725813589623,0.5915908118668042,0.1412666666666666
linear,GigaPath,CRC,0.25,456,0.99979866677874,0.9906995970593888,0.0273727317657357,0.0015138884996015,0.6027225431351361,0.1418666666666666
linear,GigaPath,CRC,0.5,42,0.9998659909874936,0.9920690846396004,0.0180697462113287,0.0012904045114824,0.6230998945588291,0.1414
linear,GigaPath,CRC,0.5,123,0.9998453027909564,0.9921496088396182,0.0176092953300211,0.0020066152049032,0.6280597613691932,0.1414
linear,GigaPath,CRC,0.5,456,0.9998563597786004,0.9919928360718456,0.01776827924555,0.0014580993143002,0.6371801261450717,0.1415333333333333
linear,GigaPath,CRC,1.0,42,0.9999000489102976,0.9938646935718864,0.0111792491175771,0.0019687082643124,0.6547001447651097,0.1416
linear,GigaPath,CRC,1.0,123,0.9999000489102976,0.9938646935718864,0.0111792491175771,0.0019687082643124,0.6547001447651097,0.1416
linear,GigaPath,CRC,1.0,456,0.9999000489102976,0.9938646935718864,0.0111792491175771,0.0019687082643124,0.6547001447651097,0.1416
linear,GigaPath,LungHist700,0.01,42,0.6600650738628632,0.3290599122376321,0.2065705699153837,0.130629412627094,0.3285787926449062,0.3619047619047619
linear,GigaPath,LungHist700,0.01,123,0.6161440051977788,0.2445003200642298,0.1314391325066481,0.0563132068340049,0.1957783821021869,0.2761904761904762
linear,GigaPath,LungHist700,0.01,456,0.6894466644292099,0.3682392957182873,0.2208098520055324,0.1565828975189586,0.2193364857823843,0.2857142857142857
linear,GigaPath,LungHist700,0.05,42,0.7344938715773056,0.1587301587301587,0.0843887642178709,0.1990287916585384,0.4993749956462556,0.923809523809524
linear,GigaPath,LungHist700,0.05,123,0.7491953633600653,0.1402930402930403,0.1833278205536251,0.2237330780296321,0.5096837716999193,0.8
linear,GigaPath,LungHist700,0.05,456,0.8302389886004171,0.1854874058036916,0.0923717971769785,0.1485076277229878,0.3522930753532126,0.7333333333333333
linear,GigaPath,LungHist700,0.1,42,0.8264188718394152,0.2816392832792941,0.1026367433972973,0.1725172056378716,0.413730201459484,0.6952380952380952
linear,GigaPath,LungHist700,0.1,123,0.8382516586033455,0.2476451497407112,0.1544916238556542,0.1575877499403069,0.4053363745171692,0.6952380952380952
linear,GigaPath,LungHist700,0.1,456,0.8470522161209454,0.2932178668635422,0.1993120126538012,0.1660529115627857,0.3493619270595086,0.5047619047619047
linear,GigaPath,LungHist700,0.25,42,0.8860477271913609,0.4454512612407349,0.2219900863452319,0.096114698787437,0.3542406214190216,0.3809523809523809
linear,GigaPath,LungHist700,0.25,123,0.9143863455628468,0.5229568062080377,0.3132322981037109,0.1496074094961922,0.3193798369278836,0.3619047619047619
linear,GigaPath,LungHist700,0.25,456,0.9329590056103744,0.5237962054895693,0.2898256248068862,0.1409620669794211,0.28715067828371,0.3238095238095238
linear,GigaPath,LungHist700,0.5,42,0.925391472949805,0.6112662314342987,0.3037633176921508,0.0948973866627816,0.3787738210691302,0.2952380952380952
linear,GigaPath,LungHist700,0.5,123,0.9382178154297544,0.632906495931706,0.3220810542891182,0.1457926119127707,0.3386136571395855,0.2952380952380952
linear,GigaPath,LungHist700,0.5,456,0.9488037225594074,0.6537399515790873,0.3300570185125437,0.0993196151297527,0.3553026065596994,0.2761904761904762
linear,GigaPath,LungHist700,1.0,42,0.96452289514029,0.7248092894377723,0.3120928906883917,0.0783625733071142,0.3939907466194267,0.2476190476190476
linear,GigaPath,LungHist700,1.0,123,0.96452289514029,0.7248092894377723,0.3120928906883917,0.0783625733071142,0.3939907466194267,0.2476190476190476
linear,GigaPath,LungHist700,1.0,456,0.96452289514029,0.7248092894377723,0.3120928906883917,0.0783625733071142,0.3939907466194267,0.2476190476190476
linear,GigaPath,MHIST,0.01,42,0.6828741220961643,0.3870765370138017,0.141608881987619,0.0769554538686942,2.2657321378776074,1.0
linear,GigaPath,MHIST,0.01,123,0.6579866738699801,0.3870765370138017,0.1059798170623536,0.077175349451588,2.472886554119296,1.0
linear,GigaPath,MHIST,0.01,456,0.6680307941653161,0.3870765370138017,0.1131697544247407,0.1053968939481261,2.1691771812426937,1.0
linear,GigaPath,MHIST,0.05,42,0.7764631730596074,0.3870765370138017,0.1375432760432782,0.1220877822110997,1.8003083879161144,1.0
linear,GigaPath,MHIST,0.05,123,0.7792499549792905,0.3870765370138017,0.1188671592597661,0.1175238851602245,1.8057151793363777,1.0
linear,GigaPath,MHIST,0.05,456,0.8278948316225463,0.3870765370138017,0.1706223303686755,0.166208349469094,1.8666712946463808,1.0
linear,GigaPath,MHIST,0.1,42,0.8454979290473617,0.4156301401519786,0.159735419198685,0.1405326820291822,1.5917477979652768,0.9877175025588536
linear,GigaPath,MHIST,0.1,123,0.8240815775256618,0.4231955043404106,0.1410031585623644,0.1215697465365399,1.6299160528794991,0.9825997952917092
linear,GigaPath,MHIST,0.1,456,0.8392535566360526,0.395663141889557,0.145061495401419,0.148052704136175,1.593777389304023,0.9959058341862844
linear,GigaPath,MHIST,0.25,42,0.8654826220061229,0.674822400443067,0.1240217992748165,0.1078485913892754,1.4529383831310398,0.8300921187308086
linear,GigaPath,MHIST,0.25,123,0.8461147127678732,0.6480039401688066,0.1096575408288132,0.0985923388331595,1.4334578476996525,0.8413510747185261
linear,GigaPath,MHIST,0.25,456,0.8469340896812534,0.6193051210459627,0.1201554088001044,0.1224186861735525,1.3690659871012003,0.8710337768679631
linear,GigaPath,MHIST,0.5,42,0.8671393841166938,0.7344347688566881,0.100402654416612,0.0702676723710875,1.3829631899534942,0.7584442169907881
linear,GigaPath,MHIST,0.5,123,0.8691202953358546,0.7479186734553461,0.0931125375112059,0.0659138088251959,1.4106894081242851,0.7523029682702149
linear,GigaPath,MHIST,0.5,456,0.8676121015667206,0.7107946322852257,0.0995315890050957,0.0870776014083282,1.3567874098916402,0.7830092118730808
linear,GigaPath,MHIST,1.0,42,0.8868359445344859,0.7845976956995875,0.0826854753853331,0.0536220758280102,1.3553410237485164,0.7093142272262026
linear,GigaPath,MHIST,1.0,123,0.8868359445344859,0.7845976956995875,0.0826854753853331,0.0536220758280102,1.3553410237485164,0.7093142272262026
linear,GigaPath,MHIST,1.0,456,0.8868359445344859,0.7845976956995875,0.0826854753853331,0.0536220758280102,1.3553410237485164,0.7093142272262026
linear,GigaPath,PCam,0.01,42,0.9822383602324114,0.9398914622028588,0.0712207531495542,0.0292449745624078,1.3679951493503582,0.542755126953125
linear,GigaPath,PCam,0.01,123,0.9816753719079988,0.9345728960887048,0.0715944314231363,0.0372941174814539,1.4735269401287865,0.54766845703125
linear,GigaPath,PCam,0.01,456,0.9808170127124848,0.9345759467030336,0.0709985706731862,0.0359205342582215,1.4631533949243978,0.54718017578125
linear,GigaPath,PCam,0.05,42,0.9838811092457712,0.9411479154950668,0.0383800917394337,0.034448705980112,1.9087077461040207,0.54217529296875
linear,GigaPath,PCam,0.05,123,0.984242421492482,0.940002449145652,0.0410318985896999,0.0403664450490148,1.973077963690845,0.544891357421875
linear,GigaPath,PCam,0.05,456,0.9844820508346726,0.9411506432445896,0.0362558795914065,0.0350868309617865,1.971233328554528,0.5416259765625
linear,GigaPath,PCam,0.1,42,0.9839607634174729,0.9401965730603408,0.0309946406842521,0.0362748298376987,2.174124200296857,0.542877197265625
linear,GigaPath,PCam,0.1,123,0.9832995428952488,0.936227975370156,0.0332324193952613,0.0372600993891088,2.202107109101408,0.547119140625
linear,GigaPath,PCam,0.1,456,0.9841046192538976,0.9385315483638488,0.0327732097980727,0.035798566235316,2.1399008317872297,0.545440673828125
linear,GigaPath,PCam,0.25,42,0.9827831505103944,0.9368140080305892,0.0357211147870909,0.0362248384760942,2.423494815387598,0.546295166015625
linear,GigaPath,PCam,0.25,123,0.9825680373081334,0.9358320233366798,0.035137617308051,0.0362296740463514,2.4473574060286656,0.546844482421875
linear,GigaPath,PCam,0.25,456,0.9832506037476644,0.9377353887893728,0.0343959131724721,0.0362151123099132,2.432401839617558,0.545623779296875
linear,GigaPath,PCam,0.5,42,0.982780479476763,0.9365729232668843,0.0370408755735903,0.0370486421468519,2.632870485223898,0.545684814453125
linear,GigaPath,PCam,0.5,123,0.980036616406568,0.9332183091593936,0.040181018537024,0.0368983380301968,2.633345465539522,0.54901123046875
linear,GigaPath,PCam,0.5,456,0.98100347470183,0.931826783880618,0.0399335339623793,0.0384709943031622,2.6492321418759053,0.551177978515625
linear,GigaPath,PCam,1.0,42,0.9799245745550996,0.934263533141838,0.0417297225036032,0.0387921949586577,2.802328694211797,0.5482177734375
linear,GigaPath,PCam,1.0,123,0.9799245745550996,0.934263533141838,0.0417297225036032,0.0387921949586577,2.802328694211797,0.5482177734375
linear,GigaPath,PCam,1.0,456,0.9799245745550996,0.934263533141838,0.0417297225036032,0.0387921949586577,2.802328694211797,0.5482177734375
linear,GigaPath,SPIDER-Breast,0.01,42,0.9862849232312868,0.7572550015207562,0.4208695601824455,0.0250563212559554,0.2980122314649213,0.1233172677413993
linear,GigaPath,SPIDER-Breast,0.01,123,0.9867825817293218,0.7502931036648324,0.4180401392855821,0.0327416605377286,0.2823107464532639,0.1243144424131627
linear,GigaPath,SPIDER-Breast,0.01,456,0.9868283456987847,0.7465956637114284,0.4270355554182179,0.0220315504660183,0.2949599531961092,0.1238989529665946
linear,GigaPath,SPIDER-Breast,0.05,42,0.9925971318684972,0.8328767925852046,0.2192774300619939,0.0197078561823711,0.4205036487972647,0.1250623234169852
linear,GigaPath,SPIDER-Breast,0.05,123,0.9926819236921208,0.8253486788602191,0.2101189324100178,0.0289606094252008,0.4127495179041229,0.1256440086421804
linear,GigaPath,SPIDER-Breast,0.05,456,0.9926631046520804,0.8263680940129886,0.2114083527631934,0.0292724216923409,0.4065591655374402,0.1254778128635532
linear,GigaPath,SPIDER-Breast,0.1,42,0.9937847418686788,0.8495312542615842,0.1508061250502081,0.0216336208837385,0.4717948336031997,0.1254778128635532
linear,GigaPath,SPIDER-Breast,0.1,123,0.9935342605932694,0.8378798114665564,0.1421540104746102,0.0326003711061009,0.4650715758568886,0.125311617084926
linear,GigaPath,SPIDER-Breast,0.1,456,0.9935796906164616,0.8379561217290484,0.1409748739029494,0.0308261619648123,0.4651110533690493,0.1252285191956124
linear,GigaPath,SPIDER-Breast,0.25,42,0.994487968943115,0.8571437324538439,0.0829760271307883,0.0294377774136329,0.5342586436687546,0.1254778128635532
linear,GigaPath,SPIDER-Breast,0.25,123,0.994401650595688,0.8511855267164217,0.0789884949649939,0.0340730457466913,0.5313916035118694,0.1253947149742396
linear,GigaPath,SPIDER-Breast,0.25,456,0.9944586134187278,0.8531105264666066,0.0820285970450085,0.0311830321961921,0.531944077835472,0.1253947149742396
linear,GigaPath,SPIDER-Breast,0.5,42,0.9946312653209256,0.8604795670684457,0.0476846619183713,0.0340166258179595,0.5831217331735357,0.1254778128635532
linear,GigaPath,SPIDER-Breast,0.5,123,0.9946414822033088,0.8596434501576192,0.0485131784499196,0.0341232172904053,0.5799597777525745,0.1253947149742396
linear,GigaPath,SPIDER-Breast,0.5,456,0.9946163098544374,0.8599662492866864,0.0476989770060515,0.0336179940707867,0.5874298644368516,0.1254778128635532
linear,GigaPath,SPIDER-Breast,1.0,42,0.9948218618972472,0.8662743237362703,0.0254336506982645,0.0357710563789618,0.6248607327306797,0.1253947149742396
linear,GigaPath,SPIDER-Breast,1.0,123,0.9948218618972472,0.8662743237362703,0.0254336506982645,0.0357710563789618,0.6248607327306797,0.1253947149742396
linear,GigaPath,SPIDER-Breast,1.0,456,0.9948218618972472,0.8662743237362703,0.0254336506982645,0.0357710563789618,0.6248607327306797,0.1253947149742396
linear,H-Optimus-0,BRACS,0.01,42,0.7298470295482282,0.2481798488793485,0.102057095700452,0.1047085154307437,1.105744102429318,0.4964912280701754
linear,H-Optimus-0,BRACS,0.01,123,0.7465440692876585,0.2018373941808974,0.0504554242779768,0.0622408560809713,1.061308948538337,0.4982456140350877
linear,H-Optimus-0,BRACS,0.01,456,0.7619167193316423,0.2511407253856844,0.0686374894925898,0.0535823608676533,0.9029190113174612,0.4456140350877193
linear,H-Optimus-0,BRACS,0.05,42,0.8201759132898064,0.3884179487203416,0.0745259107283193,0.0721733248697054,0.6708636400069907,0.3105263157894737
linear,H-Optimus-0,BRACS,0.05,123,0.8243759309554066,0.4216010863072261,0.0897167303207901,0.0508934932089761,0.7048052396596528,0.2736842105263158
linear,H-Optimus-0,BRACS,0.05,456,0.8406759117352985,0.3989799688389524,0.1058249387651696,0.0526094901223617,0.67220665143279,0.3052631578947368
linear,H-Optimus-0,BRACS,0.1,42,0.8428320151236592,0.4860060365272734,0.0949281237125538,0.0385965529060783,0.7072299920930066,0.2508771929824561
linear,H-Optimus-0,BRACS,0.1,123,0.8519852017118703,0.4940211672798488,0.1168863672681093,0.0692558232107723,0.6951945525748049,0.2526315789473684
linear,H-Optimus-0,BRACS,0.1,456,0.8613919522288604,0.458921596556668,0.0949193758347854,0.0536740392549658,0.6675694390005243,0.2807017543859649
linear,H-Optimus-0,BRACS,0.25,42,0.871520489768511,0.53561355765596,0.068496178462505,0.0498567304286864,0.772399430085494,0.2122807017543859
linear,H-Optimus-0,BRACS,0.25,123,0.8788920498170071,0.5754816429837186,0.1165327719045323,0.0506147709543424,0.7410204555567615,0.2035087719298245
linear,H-Optimus-0,BRACS,0.25,456,0.874387328442478,0.5252528784241246,0.0799295799373369,0.041317886256796,0.7440704108612058,0.2333333333333333
linear,H-Optimus-0,BRACS,0.5,42,0.8860595859815604,0.5575926229135845,0.078554251290282,0.0653091420119482,0.8163702188276585,0.2035087719298245
linear,H-Optimus-0,BRACS,0.5,123,0.8917596361648698,0.5636589250452321,0.0710288056815836,0.0448880033517457,0.8116111113984699,0.2
linear,H-Optimus-0,BRACS,0.5,456,0.8886794832012687,0.5667538937910005,0.0659298228571632,0.0353468892255386,0.7986171905708035,0.2105263157894736
linear,H-Optimus-0,BRACS,1.0,42,0.8956033932491521,0.5853666534551226,0.0569633778570384,0.049741229161371,0.8796049389647232,0.1842105263157894
linear,H-Optimus-0,BRACS,1.0,123,0.8956033932491521,0.5853666534551226,0.0569633778570384,0.049741229161371,0.8796049389647232,0.1842105263157894
linear,H-Optimus-0,BRACS,1.0,456,0.8956033932491521,0.5853666534551226,0.0569633778570384,0.049741229161371,0.8796049389647232,0.1842105263157894
linear,H-Optimus-0,CRC,0.01,42,0.9993712825469304,0.983212783368994,0.2270245374052063,0.0031273350355618,0.3254868875679483,0.148
linear,H-Optimus-0,CRC,0.01,123,0.9995614548412058,0.9867743915069194,0.2324341192095622,0.0046972115260027,0.306011401245656,0.1434
linear,H-Optimus-0,CRC,0.01,456,0.9993634051776276,0.9828343715875476,0.2287158545551652,0.0044711385262896,0.3104481452655634,0.1422
linear,H-Optimus-0,CRC,0.05,42,0.9996307327097134,0.99043127326195,0.079427901069265,0.0029995027874425,0.4735403168654735,0.1427333333333333
linear,H-Optimus-0,CRC,0.05,123,0.9996833994652716,0.9905837065825354,0.0797930136441814,0.0026980997963102,0.4708358698424662,0.1418666666666666
linear,H-Optimus-0,CRC,0.05,456,0.9996523132371816,0.990216198016288,0.0814098703666763,0.0025371458355256,0.4491125687300931,0.1423333333333333
linear,H-Optimus-0,CRC,0.1,42,0.9997172363944014,0.9919784829753416,0.0496921234160091,0.0013908927635634,0.5245214903860212,0.1420666666666666
linear,H-Optimus-0,CRC,0.1,123,0.9997440445335628,0.9919454487564489,0.0493555977333011,0.0022953976050338,0.5260609258461829,0.1418666666666666
linear,H-Optimus-0,CRC,0.1,456,0.9997138946408664,0.9920433244883504,0.0495076955437551,0.0022706310534575,0.5153121765993913,0.1418666666666666
linear,H-Optimus-0,CRC,0.25,42,0.9998266718487392,0.9935249046972182,0.0261721104845629,0.0018807551955112,0.5967113579651394,0.1424
linear,H-Optimus-0,CRC,0.25,123,0.999848398340718,0.994044924404896,0.0263687600425681,0.0022063023540081,0.5774845095052623,0.1421333333333333
linear,H-Optimus-0,CRC,0.25,456,0.9998997411518508,0.993629938487917,0.0262597770853463,0.0016423314079413,0.5781901989490627,0.1423333333333333
linear,H-Optimus-0,CRC,0.5,42,0.9999292503239352,0.9947124310807812,0.0171264014544297,0.0011917071093093,0.6028090981213188,0.1423333333333333
linear,H-Optimus-0,CRC,0.5,123,0.9999097409576716,0.9952753036234098,0.0164660124050044,0.0008061253234528,0.6057192545102897,0.1422
linear,H-Optimus-0,CRC,0.5,456,0.9999372951135964,0.9947674987368376,0.0161079768485711,0.0010633320584987,0.6159691636064323,0.1423333333333333
linear,H-Optimus-0,CRC,1.0,42,0.999951537035037,0.996061531911532,0.011140957989439,0.001219963353073,0.6212414221724254,0.1421333333333333
linear,H-Optimus-0,CRC,1.0,123,0.999951537035037,0.996061531911532,0.011140957989439,0.001219963353073,0.6212414221724254,0.1421333333333333
linear,H-Optimus-0,CRC,1.0,456,0.999951537035037,0.996061531911532,0.011140957989439,0.001219963353073,0.6212414221724254,0.1421333333333333
linear,H-Optimus-0,LungHist700,0.01,42,0.6467112790994168,0.2773874246728245,0.1658640851986705,0.1300491005065197,0.3189277100900481,0.3428571428571428
linear,H-Optimus-0,LungHist700,0.01,123,0.6093547785904437,0.242345870828843,0.0893999097000567,0.0628859042897247,0.2133523781626934,0.3809523809523809
linear,H-Optimus-0,LungHist700,0.01,456,0.6660736161492894,0.3876750427273075,0.2268244160259396,0.1171510532194391,0.2531277224949722,0.3047619047619048
linear,H-Optimus-0,LungHist700,0.05,42,0.7020699743604201,0.1165649165649165,0.0879698381815002,0.1522690282313213,0.5037391785436416,0.923809523809524
linear,H-Optimus-0,LungHist700,0.05,123,0.7304540590363752,0.2269769446240034,0.0907696567932318,0.1351444455021314,0.5732779791358052,0.8
linear,H-Optimus-0,LungHist700,0.05,456,0.8294191592548901,0.1960952012078001,0.0899634052607335,0.147516133655478,0.3819732364233297,0.819047619047619
linear,H-Optimus-0,LungHist700,0.1,42,0.8139044664007928,0.3432481862872312,0.1588212436925865,0.1388164685180771,0.3615966095532535,0.5904761904761905
linear,H-Optimus-0,LungHist700,0.1,123,0.8192100027507571,0.267552599970953,0.1104088310103704,0.1129350872999406,0.4725988407971369,0.6095238095238096
linear,H-Optimus-0,LungHist700,0.1,456,0.8410790747666239,0.3449598021026592,0.1887938943548299,0.1238767957395784,0.3500364239741476,0.4380952380952381
linear,H-Optimus-0,LungHist700,0.25,42,0.904350437417877,0.461225629439267,0.2379924468300099,0.1415547962013269,0.3039271916327439,0.3619047619047619
linear,H-Optimus-0,LungHist700,0.25,123,0.928533695479354,0.4856742409942483,0.2645364230813861,0.1695252712378191,0.3033972795466447,0.4095238095238095
linear,H-Optimus-0,LungHist700,0.25,456,0.9291266794040922,0.5448237714971623,0.2974462541931463,0.1369908340969798,0.281322248445176,0.3333333333333333
linear,H-Optimus-0,LungHist700,0.5,42,0.93475423073371,0.5998708010335917,0.3055823774542637,0.1371876708827843,0.3239161632454667,0.2857142857142857
linear,H-Optimus-0,LungHist700,0.5,123,0.9460640089722686,0.6673525826763196,0.3443177856456296,0.1748352758890214,0.3010557557463558,0.3142857142857143
linear,H-Optimus-0,LungHist700,0.5,456,0.9420099965546116,0.628426182346698,0.3171598287611623,0.1159544251801266,0.3339106643303062,0.2761904761904762
linear,H-Optimus-0,LungHist700,1.0,42,0.9637720379268856,0.7366257873884082,0.3144088020647313,0.0877905262151153,0.3724476592753282,0.2666666666666666
linear,H-Optimus-0,LungHist700,1.0,123,0.9637720379268856,0.7366257873884082,0.3144088020647313,0.0877905262151153,0.3724476592753282,0.2666666666666666
linear,H-Optimus-0,LungHist700,1.0,456,0.9637720379268856,0.7366257873884082,0.3144088020647313,0.0877905262151153,0.3724476592753282,0.2666666666666666
linear,H-Optimus-0,MHIST,0.01,42,0.7473842967765171,0.3870765370138017,0.1508161805430574,0.10424731107082,2.200182693901568,1.0
linear,H-Optimus-0,MHIST,0.01,123,0.64039258058707,0.3870765370138017,0.1021182319210263,0.0993389957336024,2.241294102567968,1.0
linear,H-Optimus-0,MHIST,0.01,456,0.7159013146047181,0.3870765370138017,0.1430113597560148,0.1342378656091374,2.1705576093746823,1.0
linear,H-Optimus-0,MHIST,0.05,42,0.8292499549792905,0.3870765370138017,0.1833946857069833,0.1510278429318257,1.6742921035999483,1.0
linear,H-Optimus-0,MHIST,0.05,123,0.7338825859895554,0.4180193596425912,0.1117539448346853,0.1225082559814015,1.7242053591066755,0.985670419651996
linear,H-Optimus-0,MHIST,0.05,456,0.7407482441923284,0.3870765370138017,0.1220748963647786,0.1222054303638701,1.8327710160762007,1.0
linear,H-Optimus-0,MHIST,0.1,42,0.8293309922564379,0.4757713190673906,0.1304333786633388,0.1207150178424146,1.535390888285214,0.95496417604913
linear,H-Optimus-0,MHIST,0.1,123,0.7861201152530164,0.436046974522293,0.1191756612230556,0.1233307234502878,1.5743045823873296,0.9754350051177072
linear,H-Optimus-0,MHIST,0.1,456,0.8202818296416353,0.4307536415452818,0.1290520657199918,0.1367589586269519,1.5295856919261974,0.984646878198567
linear,H-Optimus-0,MHIST,0.25,42,0.8588870880605078,0.6815681059657905,0.1219278045136538,0.1018814035203777,1.3700973199055992,0.8116683725690891
linear,H-Optimus-0,MHIST,0.25,123,0.8376283090221501,0.6471220846471951,0.0978740727108217,0.0931114999051475,1.380245888323986,0.8433981576253838
linear,H-Optimus-0,MHIST,0.25,456,0.8381730596074195,0.6497637282059638,0.1024121612649633,0.0979725951473272,1.337016950007934,0.8464687819856704
linear,H-Optimus-0,MHIST,0.5,42,0.8658652980370971,0.7397148289667204,0.101847687258982,0.0724533309602367,1.3747853903402638,0.7410440122824974
linear,H-Optimus-0,MHIST,0.5,123,0.8663830361966504,0.7401737736570794,0.08930859239786,0.0649219144240529,1.3459561686619637,0.7389969293756398
linear,H-Optimus-0,MHIST,0.5,456,0.8695344858634971,0.736351257674787,0.1006824860694697,0.0794077820396495,1.320619757994506,0.7604912998976459
linear,H-Optimus-0,MHIST,1.0,42,0.8848370250315145,0.7730169266511782,0.0842599051562464,0.0571224700794059,1.3543623242927207,0.7093142272262026
linear,H-Optimus-0,MHIST,1.0,123,0.8848370250315145,0.7730169266511782,0.0842599051562464,0.0571224700794059,1.3543623242927207,0.7093142272262026
linear,H-Optimus-0,MHIST,1.0,456,0.8848370250315145,0.7730169266511782,0.0842599051562464,0.0571224700794059,1.3543623242927207,0.7093142272262026
linear,H-Optimus-0,PCam,0.01,42,0.9828983961121046,0.9337992784015414,0.067315711453038,0.0332266358064498,1.322209629484738,0.54412841796875
linear,H-Optimus-0,PCam,0.01,123,0.981848370695748,0.9291319994880822,0.0676004225735798,0.0422581128703701,1.4150629560882058,0.547119140625
linear,H-Optimus-0,PCam,0.01,456,0.981886268080872,0.9304737358629078,0.0669256039084803,0.0403378118508759,1.4190627516287044,0.5477294921875
linear,H-Optimus-0,PCam,0.05,42,0.9847741658014586,0.937246079467482,0.0403503655073359,0.0357422013709192,1.8331680558070689,0.545623779296875
linear,H-Optimus-0,PCam,0.05,123,0.9842505500773971,0.9380348780883148,0.03912691342798,0.0342255132759524,1.834068701061151,0.546722412109375
linear,H-Optimus-0,PCam,0.05,456,0.9855656709250727,0.938998477965734,0.0379536616138581,0.0354814011951619,1.8188766017433424,0.5439453125
linear,H-Optimus-0,PCam,0.1,42,0.9856256294833714,0.9407450297786896,0.0344945236315658,0.035365269529099,2.038877887495884,0.543243408203125
linear,H-Optimus-0,PCam,0.1,123,0.9852195913931726,0.9387108959761106,0.0347538447563071,0.0358111676693679,2.044967694701036,0.546173095703125
linear,H-Optimus-0,PCam,0.1,456,0.98494020574566,0.9400986093582973,0.0320045111047685,0.032464512633022,2.0242656863609976,0.5440673828125
linear,H-Optimus-0,PCam,0.25,42,0.9837981544662624,0.9386507715507836,0.0348529875892593,0.0336331343110716,2.316435373639876,0.545989990234375
linear,H-Optimus-0,PCam,0.25,123,0.98357896207038,0.9401839397518366,0.0336765473353674,0.030372532567764,2.306965235177408,0.545257568359375
linear,H-Optimus-0,PCam,0.25,456,0.9846341358388688,0.9399462090584614,0.0329946042461334,0.0322674141753301,2.3931951824805533,0.543975830078125
linear,H-Optimus-0,PCam,0.5,42,0.985064317539899,0.9432019344769272,0.0326060677177093,0.0307051095338476,2.5375491479741794,0.540985107421875
linear,H-Optimus-0,PCam,0.5,123,0.984570776089907,0.9414563541887736,0.0334039761012558,0.0311492677300652,2.5845093299513167,0.5416259765625
linear,H-Optimus-0,PCam,0.5,456,0.983388234622864,0.9401565009571496,0.0352550908058341,0.0305409182989552,2.527606259694944,0.544677734375
linear,H-Optimus-0,PCam,1.0,42,0.9821887579830332,0.9389289349257284,0.0365875818552595,0.0302015041437399,2.7490706558992173,0.54547119140625
linear,H-Optimus-0,PCam,1.0,123,0.9821887579830332,0.9389289349257284,0.0365875818552595,0.0302015041437399,2.7490706558992173,0.54547119140625
linear,H-Optimus-0,PCam,1.0,456,0.9821887579830332,0.9389289349257284,0.0365875818552595,0.0302015041437399,2.7490706558992173,0.54547119140625
linear,H-Optimus-0,SPIDER-Breast,0.01,42,0.9911786466220468,0.8300723401577292,0.4722478628280469,0.0167647011435663,0.3061569639790678,0.1204088416154229
linear,H-Optimus-0,SPIDER-Breast,0.01,123,0.9911490344593124,0.8313845699485712,0.475249860939535,0.0210442213224849,0.294006519101576,0.1217384078444407
linear,H-Optimus-0,SPIDER-Breast,0.01,456,0.9906732680507514,0.7918393977336333,0.4487582340184367,0.023247423300105,0.3115334362071212,0.1205750373940501
linear,H-Optimus-0,SPIDER-Breast,0.05,42,0.9943156095686764,0.8681508975889007,0.2252806544807734,0.0116501118801622,0.460168552918875,0.1237327571879674
linear,H-Optimus-0,SPIDER-Breast,0.05,123,0.9943780371562578,0.8587334435614985,0.221943342176986,0.0154154275120905,0.4502346878310246,0.1236496592986538
linear,H-Optimus-0,SPIDER-Breast,0.05,456,0.9943951455536052,0.8633826553258377,0.2188446927031777,0.0162293354325506,0.4468632072628862,0.1243144424131627
linear,H-Optimus-0,SPIDER-Breast,0.1,42,0.99509957304094,0.8780083807863529,0.1495601856773403,0.0130540231518085,0.5192175034144726,0.1241482466345354
linear,H-Optimus-0,SPIDER-Breast,0.1,123,0.9947595390640892,0.8658923455530204,0.1452152178659093,0.0197847735519082,0.508992234515154,0.1238989529665946
linear,H-Optimus-0,SPIDER-Breast,0.1,456,0.9950572437773196,0.8726677779248424,0.1452689737475604,0.0175993010914787,0.5073957488387931,0.1243144424131627
linear,H-Optimus-0,SPIDER-Breast,0.25,42,0.9954863999239156,0.8814814669670055,0.0804010121004048,0.0198311128717889,0.5805113839819623,0.1246468339704171
linear,H-Optimus-0,SPIDER-Breast,0.25,123,0.9954603206956868,0.8811157795716418,0.0818177066246286,0.0208198853656172,0.5782393261558517,0.1243975403024763
linear,H-Optimus-0,SPIDER-Breast,0.25,456,0.9954291927869642,0.8782814701337197,0.0765833173181315,0.0238286301367213,0.5826841058848277,0.1245637360811035
linear,H-Optimus-0,SPIDER-Breast,0.5,42,0.99555794890987,0.8861714693963827,0.0495885932527547,0.025299674979781,0.6216589913924219,0.1247299318597307
linear,H-Optimus-0,SPIDER-Breast,0.5,123,0.9955903336764684,0.884705509027432,0.0501716165088732,0.0239770813994665,0.6211174224174749,0.1244806381917899
linear,H-Optimus-0,SPIDER-Breast,0.5,456,0.9956070477412532,0.8842074747740574,0.0462148089714017,0.0245578522076728,0.6258382025512707,0.1245637360811035
linear,H-Optimus-0,SPIDER-Breast,1.0,42,0.9956255660731292,0.8881088143746657,0.0254039659321875,0.0281758305569292,0.6624121011266294,0.1246468339704171
linear,H-Optimus-0,SPIDER-Breast,1.0,123,0.9956255660731292,0.8881088143746657,0.0254039659321875,0.0281758305569292,0.6624121011266294,0.1246468339704171
linear,H-Optimus-0,SPIDER-Breast,1.0,456,0.9956255660731292,0.8881088143746657,0.0254039659321875,0.0281758305569292,0.6624121011266294,0.1246468339704171
linear,MIDNIGHT,BRACS,0.01,42,0.7388334637026913,0.3047441111064216,0.1145887436348332,0.1201446824305593,1.03590646613086,0.3456140350877193
linear,MIDNIGHT,BRACS,0.01,123,0.7336728752972264,0.293356936634352,0.0971530164932117,0.0820092662794536,0.932714882782098,0.4403508771929824
linear,MIDNIGHT,BRACS,0.01,456,0.7741463274799771,0.3189748698177452,0.1048907222922416,0.095748557686152,0.9352643948548164,0.4175438596491228
linear,MIDNIGHT,BRACS,0.05,42,0.81794127514768,0.3811903275343544,0.0823493751875724,0.0635880030496991,0.8817177564005495,0.3350877192982456
linear,MIDNIGHT,BRACS,0.05,123,0.8120740422690625,0.3950893603964278,0.0762176257725979,0.073269477701866,0.9736554885709144,0.312280701754386
linear,MIDNIGHT,BRACS,0.05,456,0.8429389239984649,0.4093801931362598,0.1213451683452571,0.0777754267040944,0.7901947301477756,0.2982456140350877
linear,MIDNIGHT,BRACS,0.1,42,0.8518986386405982,0.4563544227203984,0.1065257156260184,0.0827796653505177,0.8900091265619203,0.2929824561403509
linear,MIDNIGHT,BRACS,0.1,123,0.8396924357613174,0.4509843308577959,0.0765982150567559,0.069674250719523,0.888574322419863,0.2649122807017544
linear,MIDNIGHT,BRACS,0.1,456,0.8608782172931061,0.4363082592721925,0.1054679246078071,0.0837442739168268,0.814505730405568,0.3017543859649123
linear,MIDNIGHT,BRACS,0.25,42,0.8715667867273049,0.5076017398549751,0.0683068868769326,0.0632295748530763,0.958958436536042,0.2596491228070175
linear,MIDNIGHT,BRACS,0.25,123,0.8700082527612567,0.5232335136380736,0.0724001141892389,0.0481612797542639,0.8861931841667083,0.2456140350877192
linear,MIDNIGHT,BRACS,0.25,456,0.8677328265483715,0.4993353136396641,0.0602256794609518,0.0540018899076301,0.9558636964207792,0.2666666666666666
linear,MIDNIGHT,BRACS,0.5,42,0.8827345588845198,0.5436015227392259,0.0757048697558418,0.0629778207879371,0.9422816460761956,0.2263157894736842
linear,MIDNIGHT,BRACS,0.5,123,0.8803964321087692,0.5397900998712186,0.0690988315134845,0.0488453620370434,0.9631212208598124,0.2333333333333333
linear,MIDNIGHT,BRACS,0.5,456,0.881413166138927,0.540751444446687,0.0639811581808322,0.063633079926605,0.9983225096111806,0.2543859649122807
linear,MIDNIGHT,BRACS,1.0,42,0.8920914360615793,0.5613119866447086,0.0719654947204255,0.0726329772634694,0.9838519600471528,0.219298245614035
linear,MIDNIGHT,BRACS,1.0,123,0.8920914360615793,0.5613119866447086,0.0719654947204255,0.0726329772634694,0.9838519600471528,0.219298245614035
linear,MIDNIGHT,BRACS,1.0,456,0.8920914360615793,0.5613119866447086,0.0719654947204255,0.0726329772634694,0.9838519600471528,0.219298245614035
linear,MIDNIGHT,CRC,0.01,42,0.9981725152097494,0.967002277553136,0.1810510925306014,0.0060703974829252,0.4118093465471951,0.1472
linear,MIDNIGHT,CRC,0.01,123,0.9984992477139188,0.964427184543982,0.1826532121522694,0.0046073263794204,0.4154865165980519,0.1461333333333333
linear,MIDNIGHT,CRC,0.01,456,0.9981569795150176,0.964384202876834,0.1816189623243202,0.005177038520037,0.4157990060438577,0.1443333333333333
linear,MIDNIGHT,CRC,0.05,42,0.9988291703807318,0.975257714504338,0.0656569514301646,0.0038865252134946,0.5689685064550578,0.1446
linear,MIDNIGHT,CRC,0.05,123,0.9988978566201124,0.9741283273427876,0.0658681195854655,0.0031053813515717,0.569644400374059,0.1446
linear,MIDNIGHT,CRC,0.05,456,0.9988052940738212,0.9738475875641464,0.0682546994527089,0.0036708352881839,0.5613361883798222,0.1434666666666666
linear,MIDNIGHT,CRC,0.1,42,0.999092345946007,0.9781650753009216,0.0424514911736703,0.0039377318324544,0.6252274089549249,0.1438
linear,MIDNIGHT,CRC,0.1,123,0.9991647112743468,0.9783434310602674,0.0441076571906897,0.0029485762718274,0.6157955493222173,0.1430666666666666
linear,MIDNIGHT,CRC,0.1,456,0.999066777958556,0.9778992493816668,0.0442479016420373,0.0031049022300424,0.6140423909529937,0.1426
linear,MIDNIGHT,CRC,0.25,42,0.9993576644658276,0.982111592245876,0.0247668728590796,0.0035003283518727,0.6873722407679749,0.1432
linear,MIDNIGHT,CRC,0.25,123,0.9994208211670504,0.982476900244736,0.0253488417166912,0.0034287419474362,0.6716980943388309,0.1426666666666666
linear,MIDNIGHT,CRC,0.25,456,0.9994690284850553,0.9822866920469308,0.0257628843810678,0.0025454666636829,0.6687257899846747,0.1422
linear,MIDNIGHT,CRC,0.5,42,0.9995981924165824,0.984615510485672,0.0174763095978379,0.0026905135489796,0.702537268905826,0.1422
linear,MIDNIGHT,CRC,0.5,123,0.999582771523787,0.9857581239593672,0.0186750761926262,0.0025153681031693,0.6905568375689435,0.1427333333333333
linear,MIDNIGHT,CRC,0.5,456,0.9995876626697096,0.9850239788463776,0.0171603802298598,0.0029271930069238,0.7061624320258595,0.1420666666666666
linear,MIDNIGHT,CRC,1.0,42,0.9996967099917168,0.9875221124604632,0.0127321236652125,0.0033519757714169,0.7184427398182787,0.1424
linear,MIDNIGHT,CRC,1.0,123,0.9996967099917168,0.9875221124604632,0.0127321236652125,0.0033519757714169,0.7184427398182787,0.1424
linear,MIDNIGHT,CRC,1.0,456,0.9996967099917168,0.9875221124604632,0.0127321236652125,0.0033519757714169,0.7184427398182787,0.1424
linear,MIDNIGHT,LungHist700,0.01,42,0.7198688021526322,0.4482466850887903,0.2887048558242743,0.1715085466998523,0.2295810469524425,0.1904761904761904
linear,MIDNIGHT,LungHist700,0.01,123,0.6034945360102209,0.2061118953075735,0.0637962064684131,0.1312327041329353,0.3050778428430265,0.2857142857142857
linear,MIDNIGHT,LungHist700,0.01,456,0.767714392384122,0.3097961353600451,0.1655594703506501,0.1164158252669348,0.2163631237865448,0.2571428571428571
linear,MIDNIGHT,LungHist700,0.05,42,0.7676284211360932,0.1831417624521072,0.1272212330133689,0.2098739612431699,0.3879954791268747,0.638095238095238
linear,MIDNIGHT,LungHist700,0.05,123,0.8203044132146067,0.3519811132656806,0.2152521146263706,0.1063109453114763,0.3938003645644257,0.3714285714285714
linear,MIDNIGHT,LungHist700,0.05,456,0.87703907409882,0.3356832612166531,0.2139346296192393,0.0896173873516965,0.3228821698943519,0.4380952380952381
linear,MIDNIGHT,LungHist700,0.1,42,0.8511523793537783,0.3985015705549955,0.2157810543474597,0.165743526827294,0.4042953612223535,0.3714285714285714
linear,MIDNIGHT,LungHist700,0.1,123,0.8481491447575262,0.4133919769593394,0.2250889190032312,0.121838471677994,0.3557344245132424,0.2857142857142857
linear,MIDNIGHT,LungHist700,0.1,456,0.8876986154168259,0.4080727943351254,0.2417875407811217,0.1037021958533645,0.4483590423479029,0.2857142857142857
linear,MIDNIGHT,LungHist700,0.25,42,0.8998358441208723,0.4196608946608947,0.1441614270755857,0.1557476564984969,0.4341610700811337,0.2857142857142857
linear,MIDNIGHT,LungHist700,0.25,123,0.8808984152363798,0.4746089861853408,0.1830749274732337,0.1574566289135579,0.4005740782095547,0.2095238095238095
linear,MIDNIGHT,LungHist700,0.25,456,0.9143074206323404,0.524984814802444,0.1931994369772252,0.1704377709587091,0.4332492303981122,0.2571428571428571
linear,MIDNIGHT,LungHist700,0.5,42,0.921954324871214,0.54177293875302,0.1902685003767914,0.1479653469312369,0.4830247520437173,0.2476190476190476
linear,MIDNIGHT,LungHist700,0.5,123,0.9012887487774366,0.541169916585199,0.1515951778587883,0.1524210295506896,0.495434562084452,0.219047619047619
linear,MIDNIGHT,LungHist700,0.5,456,0.9222703557959492,0.5368703573893969,0.1651569563523305,0.1501784198940913,0.530092126765997,0.238095238095238
linear,MIDNIGHT,LungHist700,1.0,42,0.9460658957717402,0.68089805558137,0.1946074086746045,0.1046212052383304,0.5051352683428814,0.2
linear,MIDNIGHT,LungHist700,1.0,123,0.9460658957717402,0.68089805558137,0.1946074086746045,0.1046212052383304,0.5051352683428814,0.2
linear,MIDNIGHT,LungHist700,1.0,456,0.9460658957717402,0.68089805558137,0.1946074086746045,0.1046212052383304,0.5051352683428814,0.2
linear,MIDNIGHT,MHIST,0.01,42,0.5655141365027913,0.3870765370138017,0.0895947940735582,0.0520952057944782,2.473192027452588,1.0
linear,MIDNIGHT,MHIST,0.01,123,0.4122051143526022,0.3870765370138017,0.0947196747625885,0.0763432895378293,2.6349046325530097,1.0
linear,MIDNIGHT,MHIST,0.01,456,0.5198631370430398,0.3870765370138017,0.0874421502655394,0.055283757406031,2.3704146570546354,1.0
linear,MIDNIGHT,MHIST,0.05,42,0.6809247253736719,0.3870765370138017,0.1290789943882425,0.1249588007461244,2.05289231821932,1.0
linear,MIDNIGHT,MHIST,0.05,123,0.6143841166936791,0.3870765370138017,0.0885413561603101,0.0852454946241991,2.140131137728421,1.0
linear,MIDNIGHT,MHIST,0.05,456,0.5567981271384836,0.3870765370138017,0.0977809975296123,0.0627513943268737,2.29986398342527,1.0
linear,MIDNIGHT,MHIST,0.1,42,0.6882901134521879,0.3889107747598314,0.1007090323888895,0.1064626953492555,1.9029575052797327,0.9959058341862844
linear,MIDNIGHT,MHIST,0.1,123,0.6469611021069692,0.3870765370138017,0.106974376026468,0.1000806443479351,2.064199610166394,1.0
linear,MIDNIGHT,MHIST,0.1,456,0.6704619124797407,0.3870765370138017,0.0980521287182033,0.1025058076017566,1.9831540407393904,1.0
linear,MIDNIGHT,MHIST,0.25,42,0.6964838825859895,0.4570488661769403,0.0895141113214277,0.0924139932804108,1.8659725733359869,0.95496417604913
linear,MIDNIGHT,MHIST,0.25,123,0.7095759049162615,0.419908869037507,0.1070486807064435,0.1264364043752045,1.7376935664214015,0.9825997952917092
linear,MIDNIGHT,MHIST,0.25,456,0.6657932649018549,0.4658266185272856,0.0722987219471681,0.0750121849757132,1.9354413203095528,0.9539406345957012
linear,MIDNIGHT,MHIST,0.5,42,0.6985233207275346,0.4941792956498839,0.0873993322133156,0.0896077883353487,1.860743921658008,0.9160696008188332
linear,MIDNIGHT,MHIST,0.5,123,0.7200612281649559,0.4884096226160875,0.0909907796451533,0.0979122795686467,1.704886081876461,0.9303991811668372
linear,MIDNIGHT,MHIST,0.5,456,0.7172609400324149,0.499414867814698,0.089327237769706,0.0948449400798096,1.7907021204613032,0.924257932446264
linear,MIDNIGHT,MHIST,1.0,42,0.7383261300198092,0.5404122476907287,0.0825294760265743,0.0926212452249318,1.712834489428288,0.8833162743091095
linear,MIDNIGHT,MHIST,1.0,123,0.7383261300198092,0.5404122476907287,0.0825294760265743,0.0926212452249318,1.712834489428288,0.8833162743091095
linear,MIDNIGHT,MHIST,1.0,456,0.7383261300198092,0.5404122476907287,0.0825294760265743,0.0926212452249318,1.712834489428288,0.8833162743091095
linear,MIDNIGHT,PCam,0.01,42,0.9495605622547402,0.8810779500480093,0.0530836198872111,0.0543600197144219,1.482960968906187,0.57464599609375
linear,MIDNIGHT,PCam,0.01,123,0.9392316193221112,0.8709558814950027,0.0600801882985695,0.0668530611706662,1.5938000996288662,0.58612060546875
linear,MIDNIGHT,PCam,0.01,456,0.9497133438883492,0.8806757903819112,0.0583240887844914,0.0572044274433636,1.5836732294301192,0.57977294921875
linear,MIDNIGHT,PCam,0.05,42,0.9556278319126508,0.8987061574915483,0.0476634976577221,0.0511521756561838,1.8051986688572663,0.56964111328125
linear,MIDNIGHT,PCam,0.05,123,0.955957658000012,0.8956041426927503,0.0517865467188697,0.0533726855671702,1.9145588866366348,0.574005126953125
linear,MIDNIGHT,PCam,0.05,456,0.9586923233267808,0.8987811018518158,0.0461082150095853,0.0488753298047325,1.858432207810743,0.570831298828125
linear,MIDNIGHT,PCam,0.1,42,0.9544545552442714,0.9000780146320677,0.0484477380935673,0.049179042121947,1.9592128123472272,0.570220947265625
linear,MIDNIGHT,PCam,0.1,123,0.9568165536374268,0.9007717756503216,0.0514359184427033,0.0510041705587432,2.0248106556494347,0.571044921875
linear,MIDNIGHT,PCam,0.1,456,0.9586404374740326,0.9017904146835138,0.0493183285048439,0.0497441466213434,1.976723291506593,0.570587158203125
linear,MIDNIGHT,PCam,0.25,42,0.9556589902463948,0.9053726282305554,0.0526961512786694,0.0505425882886714,2.13960337574007,0.568756103515625
linear,MIDNIGHT,PCam,0.25,123,0.9573864151236948,0.906673035062179,0.0519323777486994,0.0500648671245501,2.11984228053256,0.567779541015625
linear,MIDNIGHT,PCam,0.25,456,0.9571553949289558,0.9060668695696305,0.0505130351688057,0.0473207131836962,2.200791053169566,0.567230224609375
linear,MIDNIGHT,PCam,0.5,42,0.9534617875502542,0.9066830916343714,0.0524985821041658,0.0482734098290533,2.2892937050617674,0.566986083984375
linear,MIDNIGHT,PCam,0.5,123,0.9548790856788874,0.9062600645417148,0.0524010227081062,0.047061535091974,2.369102353156357,0.566497802734375
linear,MIDNIGHT,PCam,0.5,456,0.9565945337456918,0.9083725631619,0.0525893831152711,0.0488729055002207,2.2586623893002544,0.56671142578125
linear,MIDNIGHT,PCam,1.0,42,0.9534379270615372,0.9061140930655364,0.0558004007295935,0.0508878762673128,2.379907452568899,0.568328857421875
linear,MIDNIGHT,PCam,1.0,123,0.9534379270615372,0.9061140930655364,0.0558004007295935,0.0508878762673128,2.379907452568899,0.568328857421875
linear,MIDNIGHT,PCam,1.0,456,0.9534379270615372,0.9061140930655364,0.0558004007295935,0.0508878762673128,2.379907452568899,0.568328857421875
linear,MIDNIGHT,SPIDER-Breast,0.01,42,0.9476432881293396,0.5747792068223535,0.2982542642610991,0.0393507563673893,0.4179652864830324,0.0980555093900615
linear,MIDNIGHT,SPIDER-Breast,0.01,123,0.951591520806058,0.5926778547029717,0.3164648299656529,0.0352065527423097,0.3945388502195766,0.1026258933023101
linear,MIDNIGHT,SPIDER-Breast,0.01,456,0.9510832456936053,0.5865672168984726,0.3142375872414777,0.0410908739350963,0.399764141365931,0.0952301811533987
linear,MIDNIGHT,SPIDER-Breast,0.05,42,0.9745729561145524,0.6951342089124959,0.1918495734334762,0.0358536019957594,0.4848066962160755,0.1078610603290676
linear,MIDNIGHT,SPIDER-Breast,0.05,123,0.9737033873530349,0.6955090172874319,0.1970106704912606,0.0342697313964165,0.4757528055275226,0.1100216054512215
linear,MIDNIGHT,SPIDER-Breast,0.05,456,0.9731568877282162,0.6913873592146798,0.1914549968771071,0.039827628792244,0.4792857032714946,0.1112680737909257
linear,MIDNIGHT,SPIDER-Breast,0.1,42,0.980016708382074,0.73010634073827,0.1502438776097516,0.035374143074974,0.5135564771616103,0.1161708492604287
linear,MIDNIGHT,SPIDER-Breast,0.1,123,0.9790856550362208,0.7274355058818052,0.149762101178509,0.0397013502715579,0.5100377739419336,0.1157553598138607
linear,MIDNIGHT,SPIDER-Breast,0.1,456,0.9794520983326788,0.7321151533680035,0.1503984425360439,0.0384968355374114,0.5124079012112924,0.1158384577031743
linear,MIDNIGHT,SPIDER-Breast,0.25,42,0.984621852935473,0.7682115467249037,0.106111433343117,0.0372960301943548,0.5474919101980683,0.119744058500914
linear,MIDNIGHT,SPIDER-Breast,0.25,123,0.98453650193429,0.768433449026285,0.105189776441666,0.0410069612622549,0.5428999735692582,0.1204919395047365
linear,MIDNIGHT,SPIDER-Breast,0.25,456,0.9842713457812776,0.7683337771742129,0.1051222582144534,0.03928181077816,0.5462473622036045,0.1198271563902276
linear,MIDNIGHT,SPIDER-Breast,0.5,42,0.9872668417460412,0.7899382126086395,0.0793208623373522,0.0386251090556984,0.570793812456368,0.1213229183978727
linear,MIDNIGHT,SPIDER-Breast,0.5,123,0.9870820579052898,0.7900938264526741,0.0735072613974357,0.0406911485747841,0.5805817159781622,0.122320093069636
linear,MIDNIGHT,SPIDER-Breast,0.5,456,0.9872657936769692,0.7917671032488554,0.076330770021088,0.0404736067407304,0.5742774587505449,0.1228186804055177
linear,MIDNIGHT,SPIDER-Breast,1.0,42,0.9890044041628118,0.8134626320897372,0.0568351196433577,0.0375122409451373,0.6037832952518413,0.1234834635200265
linear,MIDNIGHT,SPIDER-Breast,1.0,123,0.9890044041628118,0.8134626320897372,0.0568351196433577,0.0375122409451373,0.6037832952518413,0.1234834635200265
linear,MIDNIGHT,SPIDER-Breast,1.0,456,0.9890044041628118,0.8134626320897372,0.0568351196433577,0.0375122409451373,0.6037832952518413,0.1234834635200265
linear,PLIP,BRACS,0.01,42,0.6782269658704332,0.1931426407041312,0.0379062928140203,0.0673287367676936,1.7266656828710698,0.743859649122807
linear,PLIP,BRACS,0.01,123,0.740245436657333,0.2212882213735092,0.0529550743822738,0.0892481842475765,1.2674184730746751,0.6508771929824562
linear,PLIP,BRACS,0.01,456,0.7669590224196211,0.2699972235330034,0.1171863558209127,0.118900760791839,1.08128984554852,0.6105263157894737
linear,PLIP,BRACS,0.05,42,0.7978892808120891,0.3114714478420103,0.1559684312570715,0.1010878079819103,0.4919201730536068,0.3245614035087719
linear,PLIP,BRACS,0.05,123,0.7911151407653491,0.2859126389049953,0.1102069813786907,0.0654303173056857,0.5563458970435528,0.3298245614035088
linear,PLIP,BRACS,0.05,456,0.8224502656461267,0.3135540725768316,0.1569479520843601,0.0768116627496507,0.5212458807830739,0.3070175438596491
linear,PLIP,BRACS,0.1,42,0.8279253532298672,0.3663077660167316,0.1603025105522538,0.0618429575929515,0.5268888514091282,0.2912280701754386
linear,PLIP,BRACS,0.1,123,0.8163022216422565,0.3636837581222032,0.1330660928145211,0.0711300042323663,0.5555759680845251,0.2789473684210526
linear,PLIP,BRACS,0.1,456,0.8275506197567146,0.3666381718470688,0.1323597761218597,0.0539557878647146,0.5592234916059664,0.3280701754385965
linear,PLIP,BRACS,0.25,42,0.842678174733009,0.4538376534232143,0.1283394939599142,0.0387280194363738,0.6121194614402341,0.2631578947368421
linear,PLIP,BRACS,0.25,123,0.8334906525443971,0.4579599364025292,0.1338887019536243,0.0263925924289371,0.5910847715142653,0.256140350877193
linear,PLIP,BRACS,0.25,456,0.8322360784889582,0.4474514831606828,0.1127513909474801,0.0417020975054747,0.6464680906164245,0.2859649122807017
linear,PLIP,BRACS,0.5,42,0.8480830225376655,0.47857154926627,0.0762162047212328,0.0440665857212424,0.7194178330134665,0.243859649122807
linear,PLIP,BRACS,0.5,123,0.8468326302800956,0.4683696626772486,0.0861223037654917,0.0466857663377477,0.699343287203855,0.2421052631578947
linear,PLIP,BRACS,0.5,456,0.8416856339680444,0.4773077717162203,0.0729814206754934,0.0526554607885656,0.7160374614739475,0.2385964912280701
linear,PLIP,BRACS,1.0,42,0.856587673169057,0.4978774599268564,0.0587771940646065,0.0567169418367987,0.7837318247188375,0.2105263157894736
linear,PLIP,BRACS,1.0,123,0.856587673169057,0.4978774599268564,0.0587771940646065,0.0567169418367987,0.7837318247188375,0.2105263157894736
linear,PLIP,BRACS,1.0,456,0.856587673169057,0.4978774599268564,0.0587771940646065,0.0567169418367987,0.7837318247188375,0.2105263157894736
linear,PLIP,CRC,0.01,42,0.9958767148604402,0.9297055483081108,0.2774555871577799,0.0060966900094342,0.3327123564213877,0.1534666666666666
linear,PLIP,CRC,0.01,123,0.9962292129495344,0.9361482342820832,0.2948973571722986,0.0038357922213239,0.3037767286062504,0.1472
linear,PLIP,CRC,0.01,456,0.9958965746187528,0.9322170597103836,0.2890399769173858,0.0034864123770971,0.3123050888884096,0.1491333333333333
linear,PLIP,CRC,0.05,42,0.9976864251575664,0.9550909230125948,0.1269976724667658,0.0041889756756879,0.4551929210800514,0.1432666666666666
linear,PLIP,CRC,0.05,123,0.9976470370665363,0.955113939137176,0.1281322854086189,0.0037981345810217,0.4572554655887636,0.1428
linear,PLIP,CRC,0.05,456,0.9976819556717338,0.951975626329677,0.1282034006478992,0.0025461843405222,0.4527652652424319,0.1431333333333333
linear,PLIP,CRC,0.1,42,0.9981609921950316,0.9598401136183308,0.087599890581861,0.0038030664191882,0.5102643130278375,0.1430666666666666
linear,PLIP,CRC,0.1,123,0.9981363802532476,0.9595504759361846,0.0873803786446889,0.003979334607181,0.5108498913123681,0.1416
linear,PLIP,CRC,0.1,456,0.9981678842476658,0.9593428070206994,0.0890560724497873,0.0027292467277009,0.5061781749860794,0.1422
linear,PLIP,CRC,0.25,42,0.99865728412423,0.9676876113666923,0.0546776261887448,0.0017149952235809,0.5763466962616182,0.1431333333333333
linear,PLIP,CRC,0.25,123,0.9986271586273304,0.9673629485608916,0.0553207183508059,0.002524057138759,0.5733714648237928,0.1424
linear,PLIP,CRC,0.25,456,0.998674720883781,0.968199976987051,0.0562872091307812,0.0025705930774037,0.5697265094070485,0.1427333333333333
linear,PLIP,CRC,0.5,42,0.998954690011678,0.9721060814193724,0.038636503780083,0.0024166938952278,0.6146192631536616,0.1426666666666666
linear,PLIP,CRC,0.5,123,0.9989208030693614,0.9720568041818548,0.0384034784541395,0.0035616508617363,0.6182938648776924,0.1427333333333333
linear,PLIP,CRC,0.5,456,0.9989481387368218,0.9722987948833866,0.0396971439876025,0.0023144482381381,0.6133916553561258,0.1426666666666666
linear,PLIP,CRC,1.0,42,0.9991666117025452,0.976428964917576,0.0281272113232024,0.0019242254268136,0.6482916748504577,0.1429333333333333
linear,PLIP,CRC,1.0,123,0.9991666117025452,0.976428964917576,0.0281272113232024,0.0019242254268136,0.6482916748504577,0.1429333333333333
linear,PLIP,CRC,1.0,456,0.9991666117025452,0.976428964917576,0.0281272113232024,0.0019242254268136,0.6482916748504577,0.1429333333333333
linear,PLIP,LungHist700,0.01,42,0.7244925228350151,0.4252244987279519,0.3659636050957247,0.2048329700858782,0.1000052749944835,0.3238095238095238
linear,PLIP,LungHist700,0.01,123,0.7848062155443036,0.406537277910183,0.2844281476187944,0.1666968657005733,0.1000052749944835,0.2666666666666666
linear,PLIP,LungHist700,0.01,456,0.7780854276626792,0.3917540929415244,0.2719776962610156,0.1489177065027813,0.1000052749944835,0.3714285714285714
linear,PLIP,LungHist700,0.05,42,0.8267458914434879,0.0574466184222281,0.2186625384468333,0.2737960545147901,0.3713645353990369,0.9809523809523808
linear,PLIP,LungHist700,0.05,123,0.8489692456316312,0.0457142857142857,0.2098602954564341,0.2748685465194734,0.3823230940029851,1.0
linear,PLIP,LungHist700,0.05,456,0.8666975887097168,0.0778377466689155,0.2118711715683237,0.258981213455609,0.3969944937566198,0.961904761904762
linear,PLIP,LungHist700,0.1,42,0.8659669212375893,0.261595547309833,0.1349196246800622,0.1527336474677798,0.295908358631144,0.6095238095238096
linear,PLIP,LungHist700,0.1,123,0.8722063586226279,0.1912359495769633,0.1147234165762856,0.2062209054494462,0.327757389082159,0.6952380952380952
linear,PLIP,LungHist700,0.1,456,0.8901052021821966,0.3226000889866435,0.1946112014374533,0.1405667906752268,0.2729273651640178,0.5428571428571428
linear,PLIP,LungHist700,0.25,42,0.8863909635831752,0.4036626305533869,0.2002655768947462,0.1426985863992182,0.2872021855821866,0.4285714285714285
linear,PLIP,LungHist700,0.25,123,0.8822323143551426,0.4555689398789919,0.2312586720085378,0.1825490638495925,0.2950290853428721,0.4
linear,PLIP,LungHist700,0.25,456,0.9196441897329148,0.4574770258980785,0.2591030308041132,0.1320357206243137,0.2465054623297296,0.4095238095238095
linear,PLIP,LungHist700,0.5,42,0.8951784996420306,0.48698593189398,0.216468094984506,0.1318308450740964,0.3393864361775874,0.2952380952380952
linear,PLIP,LungHist700,0.5,123,0.8987428679890697,0.5346429148322216,0.2407515160889793,0.1326144458265171,0.3369512707854078,0.2952380952380952
linear,PLIP,LungHist700,0.5,456,0.9171729584072926,0.5106730730569738,0.2408360219455102,0.1168556401323363,0.3234553409945278,0.2952380952380952
linear,PLIP,LungHist700,1.0,42,0.9220359017533604,0.5968399763005977,0.2244485961840369,0.1066343523619929,0.4108644184983619,0.238095238095238
linear,PLIP,LungHist700,1.0,123,0.9220359017533604,0.5968399763005977,0.2244485961840369,0.1066343523619929,0.4108644184983619,0.238095238095238
linear,PLIP,LungHist700,1.0,456,0.9220359017533604,0.5968399763005977,0.2244485961840369,0.1066343523619929,0.4108644184983619,0.238095238095238
linear,PLIP,MHIST,0.01,42,0.7423329731676571,0.3870765370138017,0.1271330369089613,0.1192581419105478,2.098808954572708,1.0
linear,PLIP,MHIST,0.01,123,0.6336214658743021,0.3870765370138017,0.1365908156473551,0.0841701858913269,2.320374165616052,1.0
linear,PLIP,MHIST,0.01,456,0.7348865478119936,0.3870765370138017,0.1746898997008341,0.0885191469980175,2.2694703670677883,1.0
linear,PLIP,MHIST,0.05,42,0.7786376733297318,0.3870765370138017,0.1490272027155929,0.176375286521724,1.884489388385144,1.0
linear,PLIP,MHIST,0.05,123,0.7451692778678193,0.3870765370138017,0.1436650997921061,0.1573962259794037,1.811560030966412,1.0
linear,PLIP,MHIST,0.05,456,0.7459031154330994,0.3870765370138017,0.141888632362242,0.163889542354907,1.8880457977006249,1.0
linear,PLIP,MHIST,0.1,42,0.7839726274086081,0.3870765370138017,0.1457203915187255,0.1516371484507965,1.716049110269757,1.0
linear,PLIP,MHIST,0.1,123,0.7720691518098325,0.3870765370138017,0.1316032676799323,0.156708080974517,1.6722500603251946,1.0
linear,PLIP,MHIST,0.1,456,0.7820547451827841,0.3900896060152363,0.1383069514620865,0.1258719630043471,1.767518020688878,0.9989764585465712
linear,PLIP,MHIST,0.25,42,0.7998964523680893,0.4826655759328311,0.1229930635086263,0.1239898663843938,1.5730755162526435,0.9508700102354144
linear,PLIP,MHIST,0.25,123,0.7929362506753107,0.514375408763898,0.1270371453391817,0.1218250536691573,1.505155549506465,0.933469805527124
linear,PLIP,MHIST,0.25,456,0.7890149468755627,0.4775761818891277,0.1123159735409016,0.1197554209801965,1.5879392917167294,0.9580348004094166
linear,PLIP,MHIST,0.5,42,0.7989150009004142,0.5711483063825222,0.1033194507343392,0.1009910358557499,1.5872297914294449,0.8761514841351075
linear,PLIP,MHIST,0.5,123,0.8067531064289574,0.5968363136176067,0.1005675266134538,0.1023807800469228,1.5091218621438456,0.8567041965199591
linear,PLIP,MHIST,0.5,456,0.8132721051683774,0.5797728967138843,0.1120278897396917,0.1105981580245916,1.495047817480584,0.887410440122825
linear,PLIP,MHIST,1.0,42,0.8291644156311905,0.6424857241455648,0.0910379819949248,0.0852055428518377,1.4400670641601865,0.8106448311156602
linear,PLIP,MHIST,1.0,123,0.8291644156311905,0.6424857241455648,0.0910379819949248,0.0852055428518377,1.4400670641601865,0.8106448311156602
linear,PLIP,MHIST,1.0,456,0.8291644156311905,0.6424857241455648,0.0910379819949248,0.0852055428518377,1.4400670641601865,0.8106448311156602
linear,PLIP,PCam,0.01,42,0.9414989319944668,0.864672990668552,0.0691260684819988,0.0309402052703069,1.2673911073247646,0.53466796875
linear,PLIP,PCam,0.01,123,0.9417690006892422,0.8617470191296394,0.0716153225945834,0.0346842895991293,1.2850451698902154,0.53985595703125
linear,PLIP,PCam,0.01,456,0.9435367406655112,0.8682076486140926,0.0762543227803673,0.03171729471057,1.2581344360841555,0.53570556640625
linear,PLIP,PCam,0.05,42,0.950933276100943,0.8750109977882965,0.0504363169665499,0.0380846546147057,1.6350012974429775,0.54571533203125
linear,PLIP,PCam,0.05,123,0.9498641697441949,0.8726748674524607,0.0493789914988887,0.0426320315547609,1.6893939823349156,0.55157470703125
linear,PLIP,PCam,0.05,456,0.950658629023555,0.8757814487816125,0.0482904287664544,0.0374199989544289,1.634306646020026,0.545196533203125
linear,PLIP,PCam,0.1,42,0.9514249772571916,0.8759573254126898,0.0443881824885227,0.0418276065780501,1.7575115671274433,0.5484619140625
linear,PLIP,PCam,0.1,123,0.951547494626892,0.8743599984844289,0.0481152278662714,0.0453421138864762,1.7925181294985597,0.5537109375
linear,PLIP,PCam,0.1,456,0.9515455090468002,0.8763833732705101,0.0435474514467875,0.0407817175684551,1.7701768169712582,0.54864501953125
linear,PLIP,PCam,0.25,42,0.9533684392089156,0.8777202346763919,0.0454298243522476,0.0459836999637741,1.9372281830966167,0.55419921875
linear,PLIP,PCam,0.25,123,0.952146968451148,0.875147907156274,0.0464363840062458,0.0466343905351443,1.977919027440018,0.556488037109375
linear,PLIP,PCam,0.25,456,0.953367019873053,0.8779634724707532,0.0447335650453426,0.0452741957572479,1.9377591828661287,0.5543212890625
linear,PLIP,PCam,0.5,42,0.9524826171683084,0.8743261303985292,0.0502873916009395,0.0491881387775197,2.125181832834346,0.560302734375
linear,PLIP,PCam,0.5,123,0.9537678276547178,0.8771319200718868,0.0499589143574265,0.0493013235623766,2.0756232763157807,0.559051513671875
linear,PLIP,PCam,0.5,456,0.953065140918612,0.8770038700440314,0.0485258533192932,0.0478832831192864,2.075868838998928,0.55731201171875
linear,PLIP,PCam,1.0,42,0.9523657175374036,0.8718892364510866,0.057402093811539,0.0560417420567183,2.141662968994923,0.568695068359375
linear,PLIP,PCam,1.0,123,0.9523657175374036,0.8718892364510866,0.057402093811539,0.0560417420567183,2.141662968994923,0.568695068359375
linear,PLIP,PCam,1.0,456,0.9523657175374036,0.8718892364510866,0.057402093811539,0.0560417420567183,2.141662968994923,0.568695068359375
linear,PLIP,SPIDER-Breast,0.01,42,0.9444725003384706,0.5113091620096362,0.3551089242305186,0.0335775182846392,0.2987829760738295,0.1013794249626059
linear,PLIP,SPIDER-Breast,0.01,123,0.94152439243216,0.5235964661605851,0.3690194723402281,0.0188305452316084,0.2994308299480518,0.1025427954129965
linear,PLIP,SPIDER-Breast,0.01,456,0.9481486472947168,0.5297010297071829,0.368396762612378,0.0253890476063749,0.2953306782360256,0.1120159547947482
linear,PLIP,SPIDER-Breast,0.05,42,0.9654840754146926,0.6484932898542506,0.2589505730179797,0.0304768634137164,0.4271232391857092,0.1115173674588665
linear,PLIP,SPIDER-Breast,0.05,123,0.9651691748601612,0.6332290205160638,0.2486214058017318,0.0423699237114788,0.428015270807613,0.1165032408176832
linear,PLIP,SPIDER-Breast,0.05,456,0.9645398234798476,0.639654042816518,0.2482701452606041,0.0376773632025576,0.4303577377646105,0.1132624231344523
linear,PLIP,SPIDER-Breast,0.1,42,0.9716638474061032,0.6850198471631965,0.2098151681151873,0.0252292428811933,0.482890489545639,0.1153398703672926
linear,PLIP,SPIDER-Breast,0.1,123,0.9710484831231394,0.6739049574844885,0.1976725546938763,0.0344473171171026,0.4819366866270256,0.1201595479474821
linear,PLIP,SPIDER-Breast,0.1,456,0.9708947911649416,0.681141293404269,0.2026844798010968,0.028055098240938,0.4862808736137535,0.1170018281535649
linear,PLIP,SPIDER-Breast,0.25,42,0.9761467009531016,0.7108789281182681,0.1436017465221682,0.0281958236110402,0.5533371194448754,0.1196609606116004
linear,PLIP,SPIDER-Breast,0.25,123,0.976441458055917,0.7094160886402314,0.1418734349165373,0.0312707051694412,0.5509611398950044,0.1198271563902276
linear,PLIP,SPIDER-Breast,0.25,456,0.9761934849950452,0.7081394720905779,0.1411643581433135,0.0300937994368746,0.5545084939296852,0.1194116669436596
linear,PLIP,SPIDER-Breast,0.5,42,0.9788493387561964,0.720052506569983,0.0999931891572858,0.0369754666186442,0.5997573961572473,0.119744058500914
linear,PLIP,SPIDER-Breast,0.5,123,0.97928881854313,0.7264514045326969,0.1069577220385217,0.031709327176421,0.5961871811471022,0.1201595479474821
linear,PLIP,SPIDER-Breast,0.5,456,0.9790528564286308,0.7235333595075821,0.1033356431273481,0.0333619782324908,0.5998365581145343,0.120824331061991
linear,PLIP,SPIDER-Breast,1.0,42,0.9816586026879696,0.7375199746291697,0.0750833869300872,0.0360233040937739,0.6365042660944493,0.1216553099551271
linear,PLIP,SPIDER-Breast,1.0,123,0.9816586026879696,0.7375199746291697,0.0750833869300872,0.0360233040937739,0.6365042660944493,0.1216553099551271
linear,PLIP,SPIDER-Breast,1.0,456,0.9816586026879696,0.7375199746291697,0.0750833869300872,0.0360233040937739,0.6365042660944493,0.1216553099551271
linear,UNI,BRACS,0.01,42,0.7616340370155833,0.2908235608064862,0.1367336341061829,0.1128992299269917,0.8197836378232992,0.475438596491228
linear,UNI,BRACS,0.01,123,0.798193718721001,0.2311481232335179,0.073104100837319,0.0506150499190198,0.8573732269672636,0.4333333333333333
linear,UNI,BRACS,0.01,456,0.7973917342099677,0.298250655957761,0.119007219489133,0.0823570772118225,0.7950330601108234,0.4701754385964912
linear,UNI,BRACS,0.05,42,0.8467684605019842,0.3981764809602642,0.106960886749448,0.0652080314093615,0.5656810287925809,0.2807017543859649
linear,UNI,BRACS,0.05,123,0.8509568894097098,0.4647841142259024,0.1446087057359192,0.0407269492714073,0.6005636723810589,0.2473684210526315
linear,UNI,BRACS,0.05,456,0.8644363842745137,0.4499010428518847,0.148640092437787,0.0502135324517837,0.5760600944584221,0.2736842105263158
linear,UNI,BRACS,0.1,42,0.8621632858019276,0.5304707690464352,0.1499082805496201,0.0551698033493846,0.6179757623877635,0.2245614035087719
linear,UNI,BRACS,0.1,123,0.867760997100987,0.5434990633163738,0.1488194938314956,0.0400423947801014,0.6321775593837243,0.2508771929824561
linear,UNI,BRACS,0.1,456,0.8741864281316155,0.4972872253009215,0.1260717065794288,0.0504938200131415,0.6070721386299659,0.2596491228070175
linear,UNI,BRACS,0.25,42,0.8805822739197661,0.5652032194600501,0.0887320120028881,0.0478989514594947,0.7203011227856183,0.2052631578947368
linear,UNI,BRACS,0.25,123,0.8891427801854588,0.554643198458187,0.0981619036487651,0.065109392835704,0.6835194133509435,0.2245614035087719
linear,UNI,BRACS,0.25,456,0.8848335943313625,0.5703106644277653,0.1042692867882899,0.0586972486750187,0.687512331113393,0.219298245614035
linear,UNI,BRACS,0.5,42,0.8918930092799499,0.5879238525540881,0.0578767816383572,0.0591326168852393,0.7604045646608687,0.1842105263157894
linear,UNI,BRACS,0.5,123,0.8980345873560882,0.5850277987410403,0.0641218765025448,0.0435095187849693,0.7542077869800631,0.2
linear,UNI,BRACS,0.5,456,0.8955591372312872,0.5800883550111766,0.0544676937278731,0.0548715633562759,0.7451731845378594,0.2070175438596491
linear,UNI,BRACS,1.0,42,0.9012589709524764,0.5961587890370639,0.0488810091179866,0.0811772922856012,0.8120119086392641,0.1859649122807017
linear,UNI,BRACS,1.0,123,0.9012589709524764,0.5961587890370639,0.0488810091179866,0.0811772922856012,0.8120119086392641,0.1859649122807017
linear,UNI,BRACS,1.0,456,0.9012589709524764,0.5961587890370639,0.0488810091179866,0.0811772922856012,0.8120119086392641,0.1859649122807017
linear,UNI,CRC,0.01,42,0.9993864513833208,0.9844282982254644,0.2161282951803061,0.0022012801035689,0.3411379999907233,0.1447333333333333
linear,UNI,CRC,0.01,123,0.9995794231152996,0.9879094219544255,0.2254445121704304,0.0047063867338507,0.3175450662719438,0.1426
linear,UNI,CRC,0.01,456,0.9993768779504184,0.9844389217013192,0.2208923105354971,0.0032836000213338,0.3362058481281839,0.1429333333333333
linear,UNI,CRC,0.05,42,0.9995425683483928,0.9906217483339248,0.0747227124096088,0.0022814537985067,0.4869464029013599,0.1423333333333333
linear,UNI,CRC,0.05,123,0.9996379053640874,0.990502479791878,0.0758379357215968,0.0025116026188704,0.4810034550371515,0.1418
linear,UNI,CRC,0.05,456,0.9996474310471702,0.9909971758621172,0.0774978645239602,0.0027227983120271,0.4668475573880666,0.1422666666666666
linear,UNI,CRC,0.1,42,0.9996325775034144,0.9913321797288146,0.0461828370531202,0.002063050762628,0.5386091519763001,0.1416
linear,UNI,CRC,0.1,123,0.999699408290196,0.99199503335952,0.0472103874813738,0.0023762582540864,0.5373406924924745,0.1418666666666666
linear,UNI,CRC,0.1,456,0.999677035271239,0.9914709994921728,0.0470816547520245,0.0017634799044585,0.5333150409066956,0.1421333333333333
linear,UNI,CRC,0.25,42,0.9997786037222698,0.9924152214339376,0.0246053161622286,0.0015278394497323,0.6063097125395827,0.1416666666666666
linear,UNI,CRC,0.25,123,0.9997931940737164,0.9933299853787976,0.0246531718214047,0.001950673786648,0.6002459509208028,0.1418
linear,UNI,CRC,0.25,456,0.9998607542551794,0.9932292492090824,0.0257121667752499,0.0014989447498068,0.5941126884919996,0.142
linear,UNI,CRC,0.5,42,0.9999200303704976,0.9939811659858564,0.0160796694374216,0.0008393392724999,0.6271922626973402,0.1418666666666666
linear,UNI,CRC,0.5,123,0.9998543881739848,0.994216687980774,0.0154576370373812,0.0013224854831064,0.6319158903545993,0.1420666666666666
linear,UNI,CRC,0.5,456,0.9999019626084542,0.994220343524888,0.0158522315690216,0.0010470071424073,0.6339256370208878,0.1420666666666666
linear,UNI,CRC,1.0,42,0.9999219330690908,0.9948402491051612,0.010392303586176,0.0008462966558535,0.6578746139383109,0.142
linear,UNI,CRC,1.0,123,0.9999219330690908,0.9948402491051612,0.010392303586176,0.0008462966558535,0.6578746139383109,0.142
linear,UNI,CRC,1.0,456,0.9999219330690908,0.9948402491051612,0.010392303586176,0.0008462966558535,0.6578746139383109,0.142
linear,UNI,LungHist700,0.01,42,0.6680259617412434,0.3199271627843056,0.2129036097808011,0.1068054490487016,0.1454175282268426,0.2761904761904762
linear,UNI,LungHist700,0.01,123,0.7002336335149476,0.3106250558134538,0.181161012771721,0.0727815191932618,0.1000052749944835,0.219047619047619
linear,UNI,LungHist700,0.01,456,0.6688052536677555,0.3915721025228665,0.2441709110956362,0.06943052126486,0.1220117609023115,0.2666666666666666
linear,UNI,LungHist700,0.05,42,0.7631658263843945,0.1631551405987496,0.0779557425065535,0.1896875637927834,0.4456613252726919,0.8952380952380953
linear,UNI,LungHist700,0.05,123,0.8101947013240147,0.204836022866536,0.1638484801367132,0.2020385336991557,0.4106827764872916,0.7904761904761904
linear,UNI,LungHist700,0.05,456,0.8599099310484446,0.1275856054181177,0.1659399666380599,0.2471593223706933,0.2983754784131722,0.923809523809524
linear,UNI,LungHist700,0.1,42,0.8497558516949673,0.3221169634962738,0.1431486705630349,0.1839991069989001,0.3517825032826697,0.638095238095238
linear,UNI,LungHist700,0.1,123,0.8670866520038755,0.3502531024710983,0.1727495855297332,0.1157233565673707,0.3467389390596626,0.5619047619047619
linear,UNI,LungHist700,0.1,456,0.8880506457967015,0.3713026923783974,0.202680700265715,0.1676617564950899,0.2541364437269534,0.4761904761904761
linear,UNI,LungHist700,0.25,42,0.9100480885634414,0.5286520403774869,0.2778714368224667,0.1304597740993271,0.3287310510767761,0.4
linear,UNI,LungHist700,0.25,123,0.9288750309438883,0.5458589969563142,0.2855380797193932,0.1524476676531338,0.3082720791988156,0.3619047619047619
linear,UNI,LungHist700,0.25,456,0.9412733275504128,0.534679398946845,0.2889488420030299,0.1448729312336332,0.2599644346045033,0.2952380952380952
linear,UNI,LungHist700,0.5,42,0.9381056738060222,0.5760470118750823,0.2532683633332348,0.0938194529722564,0.3778239451951858,0.2952380952380952
linear,UNI,LungHist700,0.5,123,0.943984578124112,0.6851102033830445,0.3460075374219498,0.1374576030904606,0.3375840742242803,0.2952380952380952
linear,UNI,LungHist700,0.5,456,0.9521234381850098,0.6704481733604261,0.3331324056603683,0.0797394599933612,0.3528713674649517,0.2666666666666666
linear,UNI,LungHist700,1.0,42,0.9634073153799294,0.7534841628959276,0.3125866344121607,0.1217773263766061,0.422474222773102,0.238095238095238
linear,UNI,LungHist700,1.0,123,0.9634073153799294,0.7534841628959276,0.3125866344121607,0.1217773263766061,0.422474222773102,0.238095238095238
linear,UNI,LungHist700,1.0,456,0.9634073153799294,0.7534841628959276,0.3125866344121607,0.1217773263766061,0.422474222773102,0.238095238095238
linear,UNI,MHIST,0.01,42,0.7426706284891049,0.3870765370138017,0.1336142312789968,0.1081071894164105,2.0864933110037587,1.0
linear,UNI,MHIST,0.01,123,0.6134206735098146,0.3870765370138017,0.0897128999181361,0.0743304076741247,2.34346070691579,1.0
linear,UNI,MHIST,0.01,456,0.722262740860796,0.3870765370138017,0.138656602507147,0.1075857261231694,2.262456740401722,1.0
linear,UNI,MHIST,0.05,42,0.8069286871961102,0.3870765370138017,0.1655875441092864,0.1737803579994385,1.7338365923282095,1.0
linear,UNI,MHIST,0.05,123,0.7631010264721771,0.3870765370138017,0.1350698346757744,0.1339284610005451,1.737931678180565,1.0
linear,UNI,MHIST,0.05,456,0.7436115613182064,0.3870765370138017,0.114372215272157,0.1087234853991429,1.9110545463198847,1.0
linear,UNI,MHIST,0.1,42,0.8117639113992436,0.5224156848501358,0.1462236425002273,0.1409546398981298,1.5907360609625212,0.9232343909928352
linear,UNI,MHIST,0.1,123,0.8194084278768233,0.395663141889557,0.143925050317492,0.147455692277557,1.5309006558119838,0.9959058341862844
linear,UNI,MHIST,0.1,456,0.8279128399063569,0.4136646918519658,0.1370367938983849,0.1404070904067469,1.5614999793253683,0.9907881269191402
linear,UNI,MHIST,0.25,42,0.8464208535926527,0.6487686134049679,0.108525330153234,0.0994403933433831,1.461196553241426,0.827021494370522
linear,UNI,MHIST,0.25,123,0.8456915180983253,0.6660138859444562,0.1121703814218891,0.103618624622735,1.449681989451734,0.8259979529170931
linear,UNI,MHIST,0.25,456,0.8228435080136863,0.6620282691885766,0.0890232580744712,0.0983687580633727,1.4118546241935122,0.8393039918116684
linear,UNI,MHIST,0.5,42,0.8728209976589231,0.7227846799484061,0.1129548178192133,0.0854914239392212,1.409568330990958,0.7615148413510747
linear,UNI,MHIST,0.5,123,0.8695930127858814,0.7378370265087699,0.096197017738281,0.0787934395918786,1.388340838737629,0.7492323439099283
linear,UNI,MHIST,0.5,456,0.8660813974428239,0.716454007596664,0.0984129367936595,0.097022236207362,1.39266008547626,0.789150460593654
linear,UNI,MHIST,1.0,42,0.8856428957320367,0.7731453110936632,0.0802746194612482,0.0613432249894991,1.3695925677556275,0.721596724667349
linear,UNI,MHIST,1.0,123,0.8856428957320367,0.7731453110936632,0.0802746194612482,0.0613432249894991,1.3695925677556275,0.721596724667349
linear,UNI,MHIST,1.0,456,0.8856428957320367,0.7731453110936632,0.0802746194612482,0.0613432249894991,1.3695925677556275,0.721596724667349
linear,UNI,PCam,0.01,42,0.9832883185935304,0.9370870886044133,0.0726837788007711,0.0346498679468054,1.3077635578699638,0.541168212890625
linear,UNI,PCam,0.01,123,0.9817349504866176,0.934461104116635,0.0741467605663685,0.0406284950875768,1.39795016820424,0.54595947265625
linear,UNI,PCam,0.01,456,0.9816070314449988,0.935084244996196,0.0709839889693083,0.0380653754026757,1.3976759153121383,0.54400634765625
linear,UNI,PCam,0.05,42,0.9826982995577778,0.9371777768987324,0.0402764722740464,0.0412990906473979,1.8731826097794648,0.546844482421875
linear,UNI,PCam,0.05,123,0.984546196620031,0.9403752558431504,0.0417123862841958,0.0398106159155897,1.920001525908655,0.543792724609375
linear,UNI,PCam,0.05,456,0.9835091240404064,0.9389657484268272,0.0385562894276187,0.0364679412565397,1.895836506918012,0.544342041015625
linear,UNI,PCam,0.1,42,0.9820703645104464,0.937511867035449,0.0420339406267457,0.0410906834887982,2.1175555035946503,0.5472412109375
linear,UNI,PCam,0.1,123,0.9832012287410355,0.9399161183769572,0.0359969842008028,0.0354729649018945,2.152781234954132,0.54388427734375
linear,UNI,PCam,0.1,456,0.9839599811063672,0.94019211677214,0.0377184438535404,0.0374650601452625,2.030144250509559,0.543731689453125
linear,UNI,PCam,0.25,42,0.9816193137293548,0.938471756511227,0.0413700765462341,0.0388368639871789,2.3443895910257604,0.545196533203125
linear,UNI,PCam,0.25,123,0.9820080366670856,0.9392123541793388,0.038645757944313,0.0360535967829433,2.318907770985557,0.543975830078125
linear,UNI,PCam,0.25,456,0.9826448379069458,0.9400387497120996,0.0389085696544759,0.0363552049067006,2.3298539303648345,0.5438232421875
linear,UNI,PCam,0.5,42,0.9820470106613022,0.9400112220979304,0.0393942780512247,0.0353237854531695,2.569028991619506,0.543243408203125
linear,UNI,PCam,0.5,123,0.9829678243600704,0.9400745912407018,0.0386491814771486,0.0345869562451556,2.529175101873435,0.542816162109375
linear,UNI,PCam,0.5,456,0.9824461904908096,0.9399177330488688,0.039574484326416,0.0363057920220069,2.424941031885518,0.5435791015625
linear,UNI,PCam,1.0,42,0.9786119794547076,0.935063438483746,0.0450672648394791,0.0409745063302993,2.663506799211665,0.5474853515625
linear,UNI,PCam,1.0,123,0.9786119794547076,0.935063438483746,0.0450672648394791,0.0409745063302993,2.663506799211665,0.5474853515625
linear,UNI,PCam,1.0,456,0.9786119794547076,0.935063438483746,0.0450672648394791,0.0409745063302993,2.663506799211665,0.5474853515625
linear,UNI,SPIDER-Breast,0.01,42,0.9863779811841494,0.7785978745686875,0.4351736726523617,0.0242226290891595,0.2982185191266352,0.1238989529665946
linear,UNI,SPIDER-Breast,0.01,123,0.9872867313666982,0.7696463753849089,0.427671333479756,0.0340013473476695,0.2852733924186185,0.1242313445238491
linear,UNI,SPIDER-Breast,0.01,456,0.9866706720329428,0.7516829073307179,0.4240469548485066,0.0360617574841984,0.2969355488901536,0.1235665614093402
linear,UNI,SPIDER-Breast,0.05,42,0.9924714532055128,0.8410251060578495,0.2224933078314982,0.0165760738845591,0.4316416699164118,0.1248961276383579
linear,UNI,SPIDER-Breast,0.05,123,0.9928574278406934,0.835293287715039,0.2230271642324503,0.0251734265240243,0.4177401119043381,0.1249792255276716
linear,UNI,SPIDER-Breast,0.05,456,0.9925231688015658,0.829971511007282,0.2120127396648103,0.0280800074596959,0.4185995313292141,0.1249792255276716
linear,UNI,SPIDER-Breast,0.1,42,0.9935527857901628,0.8550553684631796,0.1530366302948354,0.0212701319551349,0.4859407900006227,0.1248130297490443
linear,UNI,SPIDER-Breast,0.1,123,0.9936435797871848,0.848562001415925,0.1489598360281818,0.0245027923048385,0.4775467625865602,0.1247299318597307
linear,UNI,SPIDER-Breast,0.1,456,0.9936729241595847,0.8464210689617351,0.1435274369378011,0.0268555990840363,0.4824976791927224,0.1249792255276716
linear,UNI,SPIDER-Breast,0.25,42,0.9944466486532388,0.865566701268135,0.0863955845057024,0.0256420693555058,0.5479176655960385,0.1248130297490443
linear,UNI,SPIDER-Breast,0.25,123,0.9947120062782708,0.8652376220719085,0.087412041101645,0.026319013147889,0.5378748763275428,0.1248130297490443
linear,UNI,SPIDER-Breast,0.25,456,0.9944523341925808,0.8615877655417391,0.0847390214551162,0.0273083628141758,0.5513022678011967,0.1248130297490443
linear,UNI,SPIDER-Breast,0.5,42,0.9946661574920618,0.8695604830117639,0.0544281855431944,0.0299105538759962,0.5854812812631813,0.1248961276383579
linear,UNI,SPIDER-Breast,0.5,123,0.994885700395456,0.8704909235897833,0.0548258334730947,0.0287583999577882,0.5817719459340763,0.1248961276383579
linear,UNI,SPIDER-Breast,0.5,456,0.9948580581475,0.8692439644988519,0.0527359208631566,0.0292163373928695,0.5920601828005378,0.1248130297490443
linear,UNI,SPIDER-Breast,1.0,42,0.9951334781789676,0.87549908067133,0.031406871739885,0.0315934998632882,0.6252383301354084,0.1248130297490443
linear,UNI,SPIDER-Breast,1.0,123,0.9951334781789676,0.87549908067133,0.031406871739885,0.0315934998632882,0.6252383301354084,0.1248130297490443
linear,UNI,SPIDER-Breast,1.0,456,0.9951334781789676,0.87549908067133,0.031406871739885,0.0315934998632882,0.6252383301354084,0.1248130297490443
linear,VIRCHOW2,BRACS,0.01,42,0.7918627116482531,0.3514129811807696,0.1790252507041868,0.1549174167957256,0.8561172542599602,0.4578947368421052
linear,VIRCHOW2,BRACS,0.01,123,0.7712968455807996,0.2856446556808475,0.1344582390800457,0.1071050133970363,0.829492268070919,0.4052631578947368
linear,VIRCHOW2,BRACS,0.01,456,0.812323907253837,0.3374414219358125,0.1614975759921395,0.0992562968947114,0.6983336112938172,0.4631578947368421
linear,VIRCHOW2,BRACS,0.05,42,0.8712140708285891,0.4873996797221067,0.1734788875148,0.0487162768301818,0.607440332437385,0.2719298245614035
linear,VIRCHOW2,BRACS,0.05,123,0.8670848429546263,0.4706204316483336,0.1537546190014082,0.0368655144930954,0.6388747183480924,0.2526315789473684
linear,VIRCHOW2,BRACS,0.05,456,0.8804267556741826,0.4615367598690945,0.1476673730885026,0.0548816015070753,0.6169951374485617,0.2789473684210526
linear,VIRCHOW2,BRACS,0.1,42,0.8858834754026549,0.543496603419034,0.133837809616748,0.0423440573896377,0.6885646532527202,0.2350877192982456
linear,VIRCHOW2,BRACS,0.1,123,0.8778273847755302,0.5248997556383631,0.1223540954712556,0.0578099316529306,0.6344500543880794,0.2298245614035087
linear,VIRCHOW2,BRACS,0.1,456,0.8841247771127237,0.5136621789666609,0.124516174056071,0.0502663919396725,0.674507122342503,0.2385964912280701
linear,VIRCHOW2,BRACS,0.25,42,0.8937825582091475,0.5596515768866543,0.0669743279524167,0.0706026712538348,0.7545515081349308,0.2035087719298245
linear,VIRCHOW2,BRACS,0.25,123,0.8954894742051821,0.5754166876818997,0.0856560143026115,0.0575962638673325,0.7266298264981594,0.2
linear,VIRCHOW2,BRACS,0.25,456,0.89052684083616,0.5614647109981512,0.0755166012081702,0.0440107204663946,0.7655852428521478,0.2140350877192982
linear,VIRCHOW2,BRACS,0.5,42,0.8995474587872349,0.5798356102293268,0.0476881899293411,0.0623329756604962,0.8222432612532103,0.1982456140350877
linear,VIRCHOW2,BRACS,0.5,123,0.9014768158069936,0.5890621665812397,0.0413626815003706,0.0444302927496928,0.8339557996966839,0.2
linear,VIRCHOW2,BRACS,0.5,456,0.8992838573251581,0.5768891018323804,0.046910521576469,0.0668366071848526,0.8197286983884957,0.2070175438596491
linear,VIRCHOW2,BRACS,1.0,42,0.9038447387617934,0.5959433733841857,0.0448590319687917,0.0496265600559441,0.8839693996946665,0.1929824561403508
linear,VIRCHOW2,BRACS,1.0,123,0.9038447387617934,0.5959433733841857,0.0448590319687917,0.0496265600559441,0.8839693996946665,0.1929824561403508
linear,VIRCHOW2,BRACS,1.0,456,0.9038447387617934,0.5959433733841857,0.0448590319687917,0.0496265600559441,0.8839693996946665,0.1929824561403508
linear,VIRCHOW2,CRC,0.01,42,0.9990734796722108,0.9811206877131492,0.1813119884327418,0.0036110126022311,0.4046270535441346,0.1439333333333333
linear,VIRCHOW2,CRC,0.01,123,0.9992015195114,0.9815927744288624,0.1853612344065478,0.0036263733208199,0.3984715909681415,0.1419333333333333
linear,VIRCHOW2,CRC,0.01,456,0.9988772861931398,0.9779977651820384,0.1807470453496123,0.0026172552684779,0.4151580267012631,0.1422666666666666
linear,VIRCHOW2,CRC,0.05,42,0.9994384327936552,0.9881141863004402,0.061662925680452,0.0023988179867803,0.5593710144168348,0.1422666666666666
linear,VIRCHOW2,CRC,0.05,123,0.9995215952049552,0.9889384432541932,0.0637881057150225,0.0029392105982345,0.5533478633009288,0.1420666666666666
linear,VIRCHOW2,CRC,0.05,456,0.9995472062258194,0.9883721195921072,0.0648738452946341,0.0033542634928167,0.537801877461784,0.1412666666666666
linear,VIRCHOW2,CRC,0.1,42,0.9996174549263108,0.990227942392404,0.0396192692695607,0.0023578987958794,0.6043365447142615,0.1418
linear,VIRCHOW2,CRC,0.1,123,0.9996259059010916,0.9904070410070022,0.0402178845704912,0.0018698682457854,0.6051206152916611,0.1419333333333333
linear,VIRCHOW2,CRC,0.1,456,0.9996122215649896,0.9899591027137838,0.0401388893502515,0.0027341333412376,0.5983697855375277,0.1411333333333333
linear,VIRCHOW2,CRC,0.25,42,0.9997553436350182,0.9915175974877966,0.0200449446681115,0.000983587035003,0.6788117491763029,0.142
linear,VIRCHOW2,CRC,0.25,123,0.9997675537060662,0.9921260622567976,0.0217201547014459,0.0018443492171995,0.6513702921532438,0.1419333333333333
linear,VIRCHOW2,CRC,0.25,456,0.9998025898965944,0.99184284280951,0.021380234079424,0.0015996449498208,0.6554529246169568,0.1418
linear,VIRCHOW2,CRC,0.5,42,0.9998676506057094,0.9932502704569688,0.014151017001795,0.0013417248311133,0.687029134398147,0.1416
linear,VIRCHOW2,CRC,0.5,123,0.9998420299875485,0.9934490658172868,0.0142089079530374,0.0017595755510045,0.6875241322070268,0.1418
linear,VIRCHOW2,CRC,0.5,456,0.9998673029522716,0.9931848371475084,0.014028331047319,0.0011655564637361,0.68651064225803,0.1418
linear,VIRCHOW2,CRC,1.0,42,0.9999149146886968,0.9946173774385828,0.0093129870864725,0.0016625312269614,0.7015331050941912,0.1420666666666666
linear,VIRCHOW2,CRC,1.0,123,0.9999149146886968,0.9946173774385828,0.0093129870864725,0.0016625312269614,0.7015331050941912,0.1420666666666666
linear,VIRCHOW2,CRC,1.0,456,0.9999149146886968,0.9946173774385828,0.0093129870864725,0.0016625312269614,0.7015331050941912,0.1420666666666666
linear,VIRCHOW2,LungHist700,0.01,42,0.7908149641055713,0.3580368401038087,0.3137160875846399,0.1519051350341825,0.1043985536744635,0.4285714285714285
linear,VIRCHOW2,LungHist700,0.01,123,0.8367585838962095,0.4246662950894643,0.3107900022027023,0.0935614220203075,0.1000052749944835,0.2857142857142857
linear,VIRCHOW2,LungHist700,0.01,456,0.8036368718342134,0.3986497987523418,0.257873227723736,0.1379515904267311,0.1008971901289825,0.419047619047619
linear,VIRCHOW2,LungHist700,0.05,42,0.8542094236094785,0.2696779411065125,0.128770239508691,0.1173552846103809,0.3125296036921779,0.5428571428571428
linear,VIRCHOW2,LungHist700,0.05,123,0.8599190593880967,0.3870427005700878,0.2082370692134189,0.1865181976733669,0.352556090245264,0.5619047619047619
linear,VIRCHOW2,LungHist700,0.05,456,0.9022966701076428,0.3075868322012349,0.1774173958322826,0.1036147217189947,0.2955239824114812,0.5619047619047619
linear,VIRCHOW2,LungHist700,0.1,42,0.9064599974917747,0.4233715698912667,0.2335912377026302,0.1498814012815213,0.2676330892524318,0.3619047619047619
linear,VIRCHOW2,LungHist700,0.1,123,0.9044301830749376,0.4209458422573177,0.2479742992338717,0.105525675908886,0.2956969300240816,0.3904761904761905
linear,VIRCHOW2,LungHist700,0.1,456,0.9290894687952416,0.4757301752551841,0.2822272134417449,0.1511612642866795,0.255624288501957,0.2952380952380952
linear,VIRCHOW2,LungHist700,0.25,42,0.943515617311685,0.5812584555595576,0.3077491554386395,0.1573465442104828,0.2869906154204212,0.2476190476190476
linear,VIRCHOW2,LungHist700,0.25,123,0.9444724875657275,0.6215367965367965,0.3160698277917244,0.0922776383866295,0.2867831646644261,0.2285714285714285
linear,VIRCHOW2,LungHist700,0.25,456,0.9590077885477276,0.72421828380475,0.3934038621957798,0.1126957658347126,0.3158710517344671,0.2095238095238095
linear,VIRCHOW2,LungHist700,0.5,42,0.9584494955138356,0.6612044309427362,0.2902819499238988,0.0864812198856138,0.3837127954640879,0.2095238095238095
linear,VIRCHOW2,LungHist700,0.5,123,0.959727271126166,0.7189806815174583,0.312906329052018,0.0909546458391434,0.3669529380871401,0.2095238095238095
linear,VIRCHOW2,LungHist700,0.5,456,0.9639420022598502,0.7281530682227546,0.3262344572906425,0.0969785395580809,0.3945603044292732,0.2
linear,VIRCHOW2,LungHist700,1.0,42,0.9724456901692358,0.7597851791665485,0.2636798581562782,0.1018564570548913,0.457877167647527,0.2095238095238095
linear,VIRCHOW2,LungHist700,1.0,123,0.9724456901692358,0.7597851791665485,0.2636798581562782,0.1018564570548913,0.457877167647527,0.2095238095238095
linear,VIRCHOW2,LungHist700,1.0,456,0.9724456901692358,0.7597851791665485,0.2636798581562782,0.1018564570548913,0.457877167647527,0.2095238095238095
linear,VIRCHOW2,MHIST,0.01,42,0.6177831802629209,0.3870765370138017,0.1516629101739958,0.0903064092315563,2.310133527486641,1.0
linear,VIRCHOW2,MHIST,0.01,123,0.7003961822438322,0.3870765370138017,0.1760146560984963,0.0919850736333025,2.3142148654723003,1.0
linear,VIRCHOW2,MHIST,0.01,456,0.569201332613002,0.3870765370138017,0.0885767071507093,0.1022902994738799,2.361291674185423,1.0
linear,VIRCHOW2,MHIST,0.05,42,0.840941833243292,0.3870765370138017,0.1727590217781283,0.1970452121659134,1.5788891486990322,1.0
linear,VIRCHOW2,MHIST,0.05,123,0.7838330632090761,0.3870765370138017,0.1587345127198383,0.1610634129106829,1.6984066906463888,1.0
linear,VIRCHOW2,MHIST,0.05,456,0.8388663785341257,0.3870765370138017,0.1689133266799103,0.1849148880479792,1.7160269143013402,1.0
linear,VIRCHOW2,MHIST,0.1,42,0.837358184764992,0.4473622297530673,0.1516078347297282,0.1485170803839804,1.407369544518935,0.978505629477994
linear,VIRCHOW2,MHIST,0.1,123,0.874302179002341,0.3900896060152363,0.2025531989819303,0.1911161597450577,1.4124254876455842,0.9989764585465712
linear,VIRCHOW2,MHIST,0.1,456,0.8769719070772556,0.4136646918519658,0.18648855102566,0.176470473891648,1.484262418962803,0.9907881269191402
linear,VIRCHOW2,MHIST,0.25,42,0.8947010624887448,0.6911710017425305,0.1555189272455768,0.1344913089434678,1.179308258964842,0.8280450358239508
linear,VIRCHOW2,MHIST,0.25,123,0.8885692418512516,0.6541688187371306,0.1541012403928438,0.1289653026309604,1.2000989993806943,0.857727737973388
linear,VIRCHOW2,MHIST,0.25,456,0.8905726634251756,0.6395752387820133,0.1616387918432364,0.1272231529030079,1.1954999038605227,0.8659160696008188
linear,VIRCHOW2,MHIST,0.5,42,0.9067125877903836,0.7716022325472662,0.1437185491511162,0.0970155432582713,1.2007264233220225,0.7420675537359263
linear,VIRCHOW2,MHIST,0.5,123,0.9066225463713308,0.7799037846636824,0.1355056086714919,0.0878897296975534,1.1068581691581771,0.7359263050153532
linear,VIRCHOW2,MHIST,0.5,456,0.9046011165135962,0.764881617968788,0.1313743701052833,0.0932652066055541,1.2356042813040515,0.7400204708290685
linear,VIRCHOW2,MHIST,1.0,42,0.9157977669728076,0.8145354705484716,0.1131381783010071,0.0624324619832697,1.2128027347839017,0.676560900716479
linear,VIRCHOW2,MHIST,1.0,123,0.9157977669728076,0.8145354705484716,0.1131381783010071,0.0624324619832697,1.2128027347839017,0.676560900716479
linear,VIRCHOW2,MHIST,1.0,456,0.9157977669728076,0.8145354705484716,0.1131381783010071,0.0624324619832697,1.2128027347839017,0.676560900716479
linear,VIRCHOW2,PCam,0.01,42,0.9787459446435844,0.931076058492347,0.0566776744095422,0.0327665907695094,1.3201162697105742,0.54913330078125
linear,VIRCHOW2,PCam,0.01,123,0.9792965612766574,0.9267232325489556,0.0615214367901838,0.0393786419686761,1.3538951547080766,0.554290771484375
linear,VIRCHOW2,PCam,0.01,456,0.9795456342314782,0.9294573889029204,0.0672411388458907,0.03876515598401,1.3410243621246298,0.552978515625
linear,VIRCHOW2,PCam,0.05,42,0.9822220620843808,0.9352169408903932,0.0382898229495719,0.032955217996956,1.7857797846719357,0.547393798828125
linear,VIRCHOW2,PCam,0.05,123,0.9831619828005772,0.9345359138281945,0.0389000629467567,0.0344365663806018,1.7969599308341613,0.548675537109375
linear,VIRCHOW2,PCam,0.05,456,0.9833954058079976,0.9354987239650648,0.0382894110098205,0.0336994290578955,1.7668612177731773,0.54632568359375
linear,VIRCHOW2,PCam,0.1,42,0.982572623141328,0.9361375085148018,0.0325903095393281,0.0308711213311582,1.9622727067335348,0.546905517578125
linear,VIRCHOW2,PCam,0.1,123,0.9841203846853184,0.9353989533299878,0.0350854885063872,0.0343199067983909,1.9668216824946736,0.547637939453125
linear,VIRCHOW2,PCam,0.1,456,0.9852412539602124,0.9377360861079492,0.0359368179052153,0.0347159530390561,1.9207388100722376,0.545501708984375
linear,VIRCHOW2,PCam,0.25,42,0.9854854579597244,0.9372421802898204,0.0317104719731438,0.0344582558140166,2.153360717816035,0.546295166015625
linear,VIRCHOW2,PCam,0.25,123,0.985437446409594,0.938168343010189,0.0295758015752087,0.0322754421181268,2.2026068622898607,0.544769287109375
linear,VIRCHOW2,PCam,0.25,456,0.9861862708744678,0.9385346191553314,0.0317249804016576,0.033403255367068,2.1599738517140947,0.544891357421875
linear,VIRCHOW2,PCam,0.5,42,0.9859024223283628,0.938230519450221,0.0302279227614172,0.0321935922433043,2.3288042140241987,0.544586181640625
linear,VIRCHOW2,PCam,0.5,123,0.9863749531372364,0.9389697068152436,0.0305071352302731,0.0332014796515921,2.3527341691512764,0.543609619140625
linear,VIRCHOW2,PCam,0.5,456,0.9862769556327567,0.939399393387948,0.0300459478030788,0.0329617315804155,2.317560944745573,0.543304443359375
linear,VIRCHOW2,PCam,1.0,42,0.9857326123896912,0.937491084393006,0.0339637875563802,0.0351021057739754,2.480989861595308,0.545562744140625
linear,VIRCHOW2,PCam,1.0,123,0.9857326123896912,0.937491084393006,0.0339637875563802,0.0351021057739754,2.480989861595308,0.545562744140625
linear,VIRCHOW2,PCam,1.0,456,0.9857326123896912,0.937491084393006,0.0339637875563802,0.0351021057739754,2.480989861595308,0.545562744140625
linear,VIRCHOW2,SPIDER-Breast,0.01,42,0.9888736883184984,0.7762560701960324,0.3852036882068059,0.0315810629271827,0.3404325652606857,0.1221538972910088
linear,VIRCHOW2,SPIDER-Breast,0.01,123,0.987278541385879,0.7684309825075196,0.3843626389188861,0.0242747347369964,0.3514049668305237,0.1247299318597307
linear,VIRCHOW2,SPIDER-Breast,0.01,456,0.9867472059301376,0.7438740625273383,0.3650586889807804,0.0444575863955613,0.3550871382767694,0.120824331061991
linear,VIRCHOW2,SPIDER-Breast,0.05,42,0.992998624516116,0.827890320724368,0.1822107649645671,0.0253019268824599,0.4702366011833026,0.1242313445238491
linear,VIRCHOW2,SPIDER-Breast,0.05,123,0.9933342516605498,0.8258794510390784,0.1804048507452336,0.0282249768757211,0.4618318155100478,0.1248961276383579
linear,VIRCHOW2,SPIDER-Breast,0.05,456,0.9928956998173276,0.8179148415103354,0.1716471778930743,0.0321950580256368,0.4627564770808972,0.1246468339704171
linear,VIRCHOW2,SPIDER-Breast,0.1,42,0.9940721456229402,0.8468163582867706,0.1285584959626208,0.0196049790745345,0.5198061564868923,0.1245637360811035
linear,VIRCHOW2,SPIDER-Breast,0.1,123,0.9940601646696549,0.8362912248654382,0.1188204714067585,0.0296874083325322,0.5190366412983272,0.1243975403024763
linear,VIRCHOW2,SPIDER-Breast,0.1,456,0.9939708537163656,0.8386874960989542,0.1192280145298795,0.0258996511087609,0.5236369615931414,0.1243975403024763
linear,VIRCHOW2,SPIDER-Breast,0.25,42,0.9947559118632932,0.85999062381828,0.0741491827803519,0.0225592603156727,0.5804558608984359,0.1241482466345354
linear,VIRCHOW2,SPIDER-Breast,0.25,123,0.9948772709998936,0.8549134724946208,0.0701598639038258,0.0267636922182287,0.5769300494695573,0.1242313445238491
linear,VIRCHOW2,SPIDER-Breast,0.25,456,0.9948002494381152,0.8526523298293348,0.0690520567696802,0.0254640183769234,0.5880816070052621,0.1242313445238491
linear,VIRCHOW2,SPIDER-Breast,0.5,42,0.9951953725314362,0.8644127141973295,0.0447182154605602,0.0272651698844167,0.617621449912758,0.1244806381917899
linear,VIRCHOW2,SPIDER-Breast,0.5,123,0.9951944752647364,0.865107147766653,0.0455837878653938,0.0263908314846016,0.6209820386152256,0.1243975403024763
linear,VIRCHOW2,SPIDER-Breast,0.5,456,0.9951932804605896,0.8673906949849649,0.0467817088299195,0.0241592499471316,0.6255675346350208,0.1243144424131627
linear,VIRCHOW2,SPIDER-Breast,1.0,42,0.995429404069162,0.8730482560692433,0.0266800947398941,0.0270635341045121,0.6563066432043437,0.1243975403024763
linear,VIRCHOW2,SPIDER-Breast,1.0,123,0.995429404069162,0.8730482560692433,0.0266800947398941,0.0270635341045121,0.6563066432043437,0.1243975403024763
linear,VIRCHOW2,SPIDER-Breast,1.0,456,0.995429404069162,0.8730482560692433,0.0266800947398941,0.0270635341045121,0.6563066432043437,0.1243975403024763
mlp,CLIP,BRACS,0.01,42,0.5584542666011106,0.0363159046160577,0.0063454884708973,0.0108087587774845,0.6777159550356208,1.0
mlp,CLIP,BRACS,0.01,123,0.6519285285658671,0.0347787805414924,0.026905580152545,0.0308910447254515,0.8576850649087436,1.0
mlp,CLIP,BRACS,0.01,456,0.669867177446796,0.0981154016999316,0.0585670410541065,0.0580802797225483,0.963282144704562,0.6403508771929824
mlp,CLIP,BRACS,0.05,42,0.6558847410717029,0.0363716038562664,0.008969672364101,0.0102460760296436,0.9035854395891404,0.9982456140350876
mlp,CLIP,BRACS,0.05,123,0.7655913087665456,0.4038325311755915,0.0407778323742381,0.0428105638215416,1.169048189235166,0.231578947368421
mlp,CLIP,BRACS,0.05,456,0.6919802472683209,0.1438858672489252,0.0986641216696354,0.0979429501713368,0.9474458742856868,0.5175438596491229
mlp,CLIP,BRACS,0.1,42,0.6642810482513448,0.0363159046160577,0.0089899379433247,0.0115421194256397,0.8246316458633964,1.0
mlp,CLIP,BRACS,0.1,123,0.7980686611965587,0.4620943815302474,0.0460721476036205,0.0323689783351463,1.1728393096747345,0.2105263157894736
mlp,CLIP,BRACS,0.1,456,0.6923782621175253,0.154315523910566,0.1001352216590915,0.1000862862457309,0.996332883026694,0.5403508771929825
mlp,CLIP,BRACS,0.25,42,0.8352918417412705,0.4942545009602314,0.053305986575913,0.0348312414267606,1.1559110709039184,0.2157894736842105
mlp,CLIP,BRACS,0.25,123,0.8250347836093191,0.4862063336685213,0.0760491977919612,0.0653496827995568,1.1229462744617256,0.2052631578947368
mlp,CLIP,BRACS,0.25,456,0.8303928236352961,0.4901651446639828,0.0504830517789773,0.0464555719965382,1.1350420266526764,0.2157894736842105
mlp,CLIP,BRACS,0.5,42,0.8433984153054777,0.4968101387524662,0.0699912396962182,0.0407169920310639,1.14213474852666,0.1947368421052631
mlp,CLIP,BRACS,0.5,123,0.8446046563104257,0.4967505552282553,0.0641396555199957,0.0555295443848559,1.105864281758482,0.2140350877192982
mlp,CLIP,BRACS,0.5,456,0.8333712766238529,0.4988858413623383,0.0417607561015246,0.0552327711331217,1.0965491301665495,0.2017543859649122
mlp,CLIP,BRACS,1.0,42,0.8538362608482869,0.5237857368105016,0.0573500159016826,0.0420463975322873,1.079988381265849,0.1912280701754386
mlp,CLIP,BRACS,1.0,123,0.848897551391899,0.5341708617183316,0.035432304520356,0.0503498126801691,1.0403480137919363,0.1964912280701754
mlp,CLIP,BRACS,1.0,456,0.8500682873174871,0.515951556101932,0.0436633166775368,0.0283678451389597,1.0489227336913067,0.2017543859649122
mlp,CLIP,CRC,0.01,42,0.992555080205529,0.8972595985838482,0.0392677951246499,0.0065217605074246,0.7546381138350424,0.1568
mlp,CLIP,CRC,0.01,123,0.99305225791274,0.9062850138974592,0.0479742200881242,0.0053404213587443,0.7456681971793259,0.1443333333333333
mlp,CLIP,CRC,0.01,456,0.9913876667694044,0.8924085476358334,0.0337727757672468,0.0068738768617312,0.8237224312485664,0.1486
mlp,CLIP,CRC,0.05,42,0.9976668724262072,0.9485583784720526,0.0292028323888778,0.0033724400311708,0.7337020996675526,0.1478666666666666
mlp,CLIP,CRC,0.05,123,0.9976813309832162,0.948620609212961,0.0316468861599763,0.0038873770753542,0.7247739718796464,0.1436666666666666
mlp,CLIP,CRC,0.05,456,0.9974076361040608,0.9440115881241746,0.0290593592385451,0.0051431951105594,0.724171946283762,0.1419333333333333
mlp,CLIP,CRC,0.1,42,0.9984033696312808,0.9588498197037778,0.0227744685610135,0.0038712482313314,0.7421509793519678,0.1472666666666666
mlp,CLIP,CRC,0.1,123,0.9985024210021956,0.9604428099047272,0.0260590875883897,0.0023993007322152,0.716685813539508,0.1422666666666666
mlp,CLIP,CRC,0.1,456,0.9983305150906128,0.9589115243761116,0.0275897878597179,0.0025635604898134,0.717443838826113,0.1448666666666666
mlp,CLIP,CRC,0.25,42,0.9988939299109372,0.9680111821889884,0.0222597464889288,0.0023252624531586,0.7250618992834459,0.1428666666666666
mlp,CLIP,CRC,0.25,123,0.9989256141433562,0.9674700714835258,0.0210619166592757,0.0023710243145624,0.7292705809265598,0.1424
mlp,CLIP,CRC,0.25,456,0.998913569760586,0.9666655678788184,0.0224254452168941,0.0022649901290734,0.7099966673720212,0.1433333333333333
mlp,CLIP,CRC,0.5,42,0.9991651877947292,0.9715746213556824,0.022290486695369,0.003197016998132,0.6972660587171108,0.1400666666666666
mlp,CLIP,CRC,0.5,123,0.9990525459381476,0.9695290522769252,0.0242536529034376,0.0022376259545485,0.6904811862076792,0.1424
mlp,CLIP,CRC,0.5,456,0.9991674782143852,0.9715197487744154,0.0208834989746411,0.0030183123797177,0.6990311545800654,0.1414666666666666
mlp,CLIP,CRC,1.0,42,0.9992327782732764,0.9728874794178588,0.0224407837410768,0.0027048213581243,0.6892554421312054,0.1455333333333333
mlp,CLIP,CRC,1.0,123,0.999257358027036,0.9729616523137246,0.0223817496279875,0.0024734042545159,0.6801319887638549,0.1447333333333333
mlp,CLIP,CRC,1.0,456,0.9992231439136324,0.972756878552484,0.023026772793134,0.0023975157399972,0.6872649569809369,0.1426666666666666
mlp,CLIP,LungHist700,0.01,42,0.5946391083223068,0.211705407078569,0.0635028094053268,0.0634862881331216,0.99516314144276,0.3142857142857143
mlp,CLIP,LungHist700,0.01,123,0.637370855108627,0.2431746031746031,0.106919336886633,0.1202604424385797,1.0150505074644107,0.238095238095238
mlp,CLIP,LungHist700,0.01,456,0.5625666961770409,0.1873710580607132,0.0266179367190315,0.0488064264967328,0.821346598423684,0.2666666666666666
mlp,CLIP,LungHist700,0.05,42,0.6985627718529581,0.2776942355889724,0.0903794876166752,0.0985921011084602,1.090813125165581,0.4761904761904761
mlp,CLIP,LungHist700,0.05,123,0.7195256496570412,0.235581188997338,0.0853824872346151,0.079090060648464,1.1984662681800609,0.4666666666666667
mlp,CLIP,LungHist700,0.05,456,0.8091104417750629,0.3335246937593723,0.1104084585394178,0.123891385822069,1.0322665138561098,0.2761904761904762
mlp,CLIP,LungHist700,0.1,42,0.7938963439624016,0.322938659780765,0.0984996963114965,0.1245725241445359,1.0217366669812944,0.3333333333333333
mlp,CLIP,LungHist700,0.1,123,0.7963915378413636,0.446019818690626,0.1213902623880477,0.1273102561632792,1.1422571541939712,0.3428571428571428
mlp,CLIP,LungHist700,0.1,456,0.8189625957931355,0.416960336960337,0.0813051181180136,0.1070977809883299,1.2416279749549086,0.2
mlp,CLIP,LungHist700,0.25,42,0.8301764156535683,0.3883794366552987,0.1626678801718212,0.1149180971440814,1.315208136744769,0.3047619047619048
mlp,CLIP,LungHist700,0.25,123,0.8439594812122945,0.4716115542387513,0.1053558108352479,0.1449114881810687,1.1416810529014787,0.2571428571428571
mlp,CLIP,LungHist700,0.25,456,0.8825345478695551,0.4675623993848066,0.1243530758789607,0.1179932784466516,1.0475053397496064,0.219047619047619
mlp,CLIP,LungHist700,0.5,42,0.8909213039420383,0.5185130899905182,0.0319568940571376,0.0681373367706934,1.0538795013995672,0.219047619047619
mlp,CLIP,LungHist700,0.5,123,0.8820858186859913,0.5284556602605025,0.1095887294837406,0.1094503425416492,0.9649487662389096,0.2571428571428571
mlp,CLIP,LungHist700,0.5,456,0.9137347866796816,0.5468411475022831,0.0742509108214151,0.0873167103245144,1.059010088993818,0.219047619047619
mlp,CLIP,LungHist700,1.0,42,0.9307939002087758,0.6010358688930116,0.1049812255870728,0.1020360039813177,0.8634385786556203,0.219047619047619
mlp,CLIP,LungHist700,1.0,123,0.9287695321619854,0.5909424114473375,0.1445423133316494,0.1162637324560256,0.8490317723530497,0.219047619047619
mlp,CLIP,LungHist700,1.0,456,0.9336144595313314,0.6093981070689144,0.0860041033653985,0.0741618130888257,0.8743874799239733,0.219047619047619
mlp,CLIP,MHIST,0.01,42,0.6142040338555735,0.396543134043134,0.0946973598997815,0.0711744795100593,1.2085218866556464,0.9897645854657112
mlp,CLIP,MHIST,0.01,123,0.6076940392580586,0.3870765370138017,0.0921429641537192,0.0780590279228001,1.1644525602797149,1.0
mlp,CLIP,MHIST,0.01,456,0.6946065189987394,0.4495167869085386,0.1364246388418769,0.1065114622319854,1.3894800291382094,0.9303991811668372
mlp,CLIP,MHIST,0.05,42,0.818553034395822,0.6888269519451846,0.0643677244548177,0.0659248255719426,1.0722432116946528,0.7267144319344934
mlp,CLIP,MHIST,0.05,123,0.7762920943634072,0.6498753312996317,0.0518060582656577,0.0594567932539305,1.1935765556213154,0.7840327533265097
mlp,CLIP,MHIST,0.05,456,0.7893030794165316,0.6428217163660163,0.0741599498005887,0.0715021042795727,1.185013113701601,0.7932446264073695
mlp,CLIP,MHIST,0.1,42,0.8359535386277687,0.716883809347181,0.051705349850618,0.0552325341793324,1.297674526610196,0.6786079836233367
mlp,CLIP,MHIST,0.1,123,0.8255897712947957,0.7072143654522336,0.0596360045093413,0.0595017050525427,1.2125969643752512,0.7185261003070624
mlp,CLIP,MHIST,0.1,456,0.8167792184404827,0.6832255596641104,0.0565977263680927,0.0601484965353807,1.0790496335676245,0.7389969293756398
mlp,CLIP,MHIST,0.25,42,0.8528453088420673,0.7455451849217231,0.0697391737584203,0.0416792342544151,1.2381607601412583,0.6632548618219037
mlp,CLIP,MHIST,0.25,123,0.8605033315325049,0.7611000439694546,0.0450630345693508,0.0286828159004785,1.168427393018693,0.6253838280450358
mlp,CLIP,MHIST,0.25,456,0.8338780839186026,0.7452752763645927,0.0585887161909984,0.035062218731233,1.2262287995063723,0.6438075742067554
mlp,CLIP,MHIST,0.5,42,0.8631640554655141,0.7667882381023754,0.0575805229335992,0.0456519211178212,1.1323929155344064,0.6059365404298874
mlp,CLIP,MHIST,0.5,123,0.8645912119575005,0.7706267995570322,0.0505894692643272,0.0406931337014893,1.1000330839725645,0.6008188331627431
mlp,CLIP,MHIST,0.5,456,0.858400864397623,0.7543835538378512,0.0585759152623013,0.0483873523676438,1.1221616427833156,0.6182190378710338
mlp,CLIP,MHIST,1.0,42,0.8726094003241491,0.7698149518222974,0.0529636736413961,0.0495428379354359,1.0180159770075454,0.5885363357215967
mlp,CLIP,MHIST,1.0,123,0.8711867459031154,0.7664772495712506,0.0567253507681366,0.0558164764878205,1.0711646732404445,0.5895598771750256
mlp,CLIP,MHIST,1.0,456,0.8734422834503872,0.7690650131653447,0.0514551758834808,0.051187138607918,1.0474637366931927,0.5854657113613101
mlp,CLIP,PCam,0.01,42,0.9085201919730358,0.8293491320774884,0.0200298344652196,0.0197776155123961,1.0394494315591838,0.526580810546875
mlp,CLIP,PCam,0.01,123,0.9038392446492725,0.8226239328544243,0.0207533208777022,0.0192076254705284,1.1047013193976545,0.519927978515625
mlp,CLIP,PCam,0.01,456,0.9040859464563854,0.82177427367956,0.0142121514006135,0.020924262409494,1.1367088361335722,0.503936767578125
mlp,CLIP,PCam,0.05,42,0.9184633922007168,0.8392026758459055,0.0117865265872296,0.0178034485540479,1.0982267407155146,0.5013427734375
mlp,CLIP,PCam,0.05,123,0.9221334371139795,0.8435955521386166,0.013507701537037,0.0130078439576664,1.1229363216769002,0.503662109375
mlp,CLIP,PCam,0.05,456,0.922013678322249,0.8417447374144444,0.0150711771709666,0.0141506135854001,1.091519712185023,0.511474609375
mlp,CLIP,PCam,0.1,42,0.9187052362283936,0.8385250145289809,0.014054767343623,0.0141481368229392,1.071583867785778,0.514923095703125
mlp,CLIP,PCam,0.1,123,0.917491189975546,0.8353591879142876,0.0173113095399344,0.0179193781556819,1.0720356399028017,0.518798828125
mlp,CLIP,PCam,0.1,456,0.9205937110226295,0.8420070535904891,0.0155586691976168,0.0130576987921813,1.0877814538616553,0.5048828125
mlp,CLIP,PCam,0.25,42,0.9258509310584352,0.8427507032157522,0.0191508887018016,0.012724054705302,1.0915665605575702,0.511810302734375
mlp,CLIP,PCam,0.25,123,0.9289178830272564,0.8479482327707679,0.0185287492247425,0.0171033092505581,1.111257445245609,0.521881103515625
mlp,CLIP,PCam,0.25,456,0.9241866312367653,0.8437586511619559,0.0233416009601228,0.0171475490834609,1.1037060987280434,0.518096923828125
mlp,CLIP,PCam,0.5,42,0.9243442892762652,0.8425831772924913,0.0238352769493417,0.018507641952965,1.08466944802784,0.520599365234375
mlp,CLIP,PCam,0.5,123,0.9263435169712914,0.8452355681018912,0.021951411129919,0.0157438859630474,1.1055626844837971,0.52117919921875
mlp,CLIP,PCam,0.5,456,0.9212255073340604,0.8372598734512124,0.0509350355585525,0.0502065187152993,1.0836725942958136,0.555694580078125
mlp,CLIP,PCam,1.0,42,0.9255045628164842,0.8432900532120116,0.0335566248801342,0.0321601356095015,1.103942847050391,0.536895751953125
mlp,CLIP,PCam,1.0,123,0.919667031853216,0.8375454419387933,0.0429052996457244,0.0422029508386003,1.0658571496972182,0.5516357421875
mlp,CLIP,PCam,1.0,456,0.9224775999836712,0.8402018151038991,0.0347960959320516,0.0323571123867623,1.0970960806861108,0.539520263671875
mlp,CLIP,SPIDER-Breast,0.01,42,0.929135693201487,0.4962944123286933,0.0215621013476025,0.0319181202273293,0.866241948985061,0.1145088914741565
mlp,CLIP,SPIDER-Breast,0.01,123,0.9244281213511302,0.4947547138969851,0.0319048790838486,0.0317870303158825,0.823278242620106,0.1044540468672095
mlp,CLIP,SPIDER-Breast,0.01,456,0.9304178192705298,0.4981303620107812,0.0242870106416444,0.023267079298879,0.8603112199424238,0.094731593817517
mlp,CLIP,SPIDER-Breast,0.05,42,0.9596102413373314,0.6182796263729691,0.0295909536646136,0.0300332537375654,0.8159341553452976,0.1235665614093402
mlp,CLIP,SPIDER-Breast,0.05,123,0.960741089261572,0.6129506018139413,0.0222668127853776,0.0399716359207018,0.807585555358634,0.1218215057337543
mlp,CLIP,SPIDER-Breast,0.05,456,0.9601601550201342,0.6171447741200563,0.0250772985299897,0.0361393611975359,0.8068473229306391,0.1221538972910088
mlp,CLIP,SPIDER-Breast,0.1,42,0.9677120989490058,0.6589023543733693,0.0295093860975606,0.028006186668255,0.8123942392097874,0.1235665614093402
mlp,CLIP,SPIDER-Breast,0.1,123,0.9694115355297448,0.6616426248041578,0.0319047028801558,0.0291112601417767,0.7985349771313195,0.1246468339704171
mlp,CLIP,SPIDER-Breast,0.1,456,0.968547283150733,0.657283942766232,0.0268554283605969,0.032250411440729,0.8025349882788276,0.1242313445238491
mlp,CLIP,SPIDER-Breast,0.25,42,0.974497748590346,0.692397480850608,0.0204130539641797,0.0317432798082416,0.8094165726848458,0.1248130297490443
mlp,CLIP,SPIDER-Breast,0.25,123,0.975669482063622,0.6971061095344301,0.0191086856569387,0.034524964424677,0.8103506460489216,0.1274721622070799
mlp,CLIP,SPIDER-Breast,0.25,456,0.9751078958790144,0.6979726127817203,0.020174487994342,0.0324305123480051,0.8054533428880402,0.1271397706498254
mlp,CLIP,SPIDER-Breast,0.5,42,0.9775515634711396,0.7106196301528848,0.0243838539705217,0.0315861745056607,0.793917677569141,0.1263087917566893
mlp,CLIP,SPIDER-Breast,0.5,123,0.9780147012359658,0.7065711994180223,0.0202829591373936,0.034606666133137,0.7945299022288106,0.1241482466345354
mlp,CLIP,SPIDER-Breast,0.5,456,0.9773653012203832,0.7133550416607093,0.0259058281868443,0.0313551388228971,0.7891348599955437,0.1248961276383579
mlp,CLIP,SPIDER-Breast,1.0,42,0.98005423217884,0.7299572346397947,0.0306895610743114,0.0309176067141415,0.7699107997164248,0.1263918896460029
mlp,CLIP,SPIDER-Breast,1.0,123,0.9800457905110468,0.7247268439076575,0.0292460836404499,0.0340489070365372,0.7608051338235802,0.1238989529665946
mlp,CLIP,SPIDER-Breast,1.0,456,0.9802520720019654,0.7143148976451071,0.0196207887596004,0.0428188307694032,0.7651298455040689,0.1288017284360977
mlp,CONCH,BRACS,0.01,42,0.823065015225041,0.3923280976106123,0.0903797805832143,0.0630378587465537,1.234920977590748,0.3385964912280702
mlp,CONCH,BRACS,0.01,123,0.8515254963634099,0.4085744971699719,0.0564132238950645,0.0467481370296394,1.023429406587148,0.3298245614035088
mlp,CONCH,BRACS,0.01,456,0.8321107883482173,0.4134631390857137,0.1249704363053305,0.0945293513829248,1.1433132713666705,0.2719298245614035
mlp,CONCH,BRACS,0.05,42,0.8753359282205997,0.5106215841874884,0.0688424089498687,0.060592414203443,0.9494636647575304,0.2578947368421053
mlp,CONCH,BRACS,0.05,123,0.8884473337232136,0.5551867803223912,0.0774453626912936,0.0625103571435861,0.9433879454666292,0.2105263157894736
mlp,CONCH,BRACS,0.05,456,0.8854915709356099,0.5564174559642675,0.0545843596521176,0.0606926041736937,1.066996585934099,0.2263157894736842
mlp,CONCH,BRACS,0.1,42,0.8974461610330537,0.5681736912573976,0.0552179279818869,0.0637537902907321,0.9590457066817494,0.2105263157894736
mlp,CONCH,BRACS,0.1,123,0.8917561873235595,0.570419633075973,0.0526084974669573,0.0561328632789745,0.9543977748089524,0.2087719298245614
mlp,CONCH,BRACS,0.1,456,0.8967596673893475,0.5768267877082212,0.0451538866287783,0.0546974991235816,1.03247970287304,0.2122807017543859
mlp,CONCH,BRACS,0.25,42,0.9063167117869578,0.5958944782927934,0.056216620405515,0.0365816901127497,1.0963541780108077,0.2
mlp,CONCH,BRACS,0.25,123,0.9044108662096838,0.5940628277138135,0.0492948441651829,0.0537016253983765,1.004788042757559,0.2052631578947368
mlp,CONCH,BRACS,0.25,456,0.9017262954668848,0.5899403246394483,0.0635889998130631,0.0426464889656033,1.1130334340321757,0.1912280701754386
mlp,CONCH,BRACS,0.5,42,0.9063894531718172,0.6025144359051905,0.0762353851084123,0.0571867945947145,1.1327171750468694,0.1929824561403508
mlp,CONCH,BRACS,0.5,123,0.908458436367437,0.6080962333579335,0.0856465225156984,0.0720149554704365,1.1211124531086862,0.1912280701754386
mlp,CONCH,BRACS,0.5,456,0.907314976280484,0.5993851120443746,0.0556574423585021,0.0466764529023254,1.1676648842960686,0.1894736842105263
mlp,CONCH,BRACS,1.0,42,0.9114943111322698,0.6021400908113391,0.097547713444944,0.0593585809594706,1.2844446620919026,0.1859649122807017
mlp,CONCH,BRACS,1.0,123,0.9088989392602462,0.6127118188968467,0.0449909592668215,0.0413402175171333,1.099445674412853,0.1789473684210526
mlp,CONCH,BRACS,1.0,456,0.9084904911656874,0.6096783792869706,0.0654132965363954,0.0592333213801969,1.1807572298185345,0.187719298245614
mlp,CONCH,CRC,0.01,42,0.9983375451014268,0.9702560385169624,0.0144670573572317,0.004671244752407,0.8698876440921753,0.1440666666666666
mlp,CONCH,CRC,0.01,123,0.9985523400140176,0.9692198050917584,0.0144844179451465,0.0031735373874505,0.8581214970756992,0.1408
mlp,CONCH,CRC,0.01,456,0.998583484506674,0.9708903432028329,0.0143645264367262,0.0042172868569692,0.8716911813910215,0.1429333333333333
mlp,CONCH,CRC,0.05,42,0.9991638074948906,0.9812831818810792,0.0060456170757611,0.0022630062917868,0.9081501898592804,0.1414666666666666
mlp,CONCH,CRC,0.05,123,0.9991967072788768,0.9804157201510856,0.0060726395805677,0.0030550153811772,0.9363862548241344,0.1409333333333333
mlp,CONCH,CRC,0.05,456,0.9990993608219974,0.9784016460491218,0.0040763712684313,0.0020991523365179,0.9463930100020178,0.1403333333333333
mlp,CONCH,CRC,0.1,42,0.999428221238018,0.9846450412119808,0.0058913272639115,0.0025454707324505,0.908555739524144,0.1413333333333333
mlp,CONCH,CRC,0.1,123,0.9993952219671004,0.983773537618312,0.0049878014703591,0.0029465734521548,0.925901723567098,0.1412666666666666
mlp,CONCH,CRC,0.1,456,0.9993900737924316,0.98227686309342,0.006057630898555,0.0021044070978959,0.8758226750245087,0.1410666666666666
mlp,CONCH,CRC,0.25,42,0.9996377823880782,0.9871810972386768,0.0052966720541318,0.0020964717010657,0.8616192662660376,0.1427333333333333
mlp,CONCH,CRC,0.25,123,0.9996685306549232,0.9872927768836748,0.00659415238897,0.0016197756926218,0.8262726648517491,0.1412666666666666
mlp,CONCH,CRC,0.25,456,0.9997238067392984,0.9865915074223583,0.0053301168481509,0.0013821103016535,0.8393166715429594,0.1424
mlp,CONCH,CRC,0.5,42,0.9997971620695476,0.9881280129677704,0.0060922966937223,0.0012198698341846,0.7957226423609138,0.1415333333333333
mlp,CONCH,CRC,0.5,123,0.9997517955274527,0.9886926419267242,0.0073537498037019,0.001227155393362,0.7703938874244863,0.1421333333333333
mlp,CONCH,CRC,0.5,456,0.9997727123460768,0.9873219511317822,0.0059537428259849,0.0015175775925318,0.8252386497141391,0.1414666666666666
mlp,CONCH,CRC,1.0,42,0.9997849539043407,0.9885722739006214,0.0073622505486011,0.0011816220362981,0.7504062486576836,0.1424666666666666
mlp,CONCH,CRC,1.0,123,0.9997817350576272,0.9890269996946048,0.0064888520022232,0.0010315347830454,0.7831045563051099,0.1416666666666666
mlp,CONCH,CRC,1.0,456,0.9997872950137082,0.98914971292159,0.0071311299840609,0.0019107490241527,0.7659713310329193,0.1415333333333333
mlp,CONCH,LungHist700,0.01,42,0.8447582266369354,0.3950468664754379,0.0594470537844158,0.0945106706448963,0.8773433364128002,0.3142857142857143
mlp,CONCH,LungHist700,0.01,123,0.8901503711822614,0.455574497767687,0.1510298623925163,0.2012069736208234,0.8616463743494953,0.3142857142857143
mlp,CONCH,LungHist700,0.01,456,0.9000254552032699,0.4647837241265203,0.1355388891129266,0.145477359067826,0.929148797567844,0.219047619047619
mlp,CONCH,LungHist700,0.05,42,0.9054092063883894,0.5119612790949462,0.1075700044631958,0.1475045039540245,0.918972470573282,0.238095238095238
mlp,CONCH,LungHist700,0.05,123,0.9472248576135532,0.6816879506849112,0.095477553208669,0.1140708310263497,0.8510034499476185,0.2666666666666666
mlp,CONCH,LungHist700,0.05,456,0.9348286983431704,0.5667601181886897,0.092615406853812,0.0839650244939894,0.8412197415456412,0.1904761904761904
mlp,CONCH,LungHist700,0.1,42,0.9354605593551398,0.5984818451693573,0.0630616721652802,0.105260240747815,0.9058812697921446,0.2
mlp,CONCH,LungHist700,0.1,123,0.9437969590644568,0.6558003480028105,0.1083505948384602,0.1046930199577694,0.82644014189802,0.2571428571428571
mlp,CONCH,LungHist700,0.1,456,0.9451877549196954,0.6163391432647523,0.0862385468823569,0.0819706272511255,0.8868497842482381,0.2285714285714285
mlp,CONCH,LungHist700,0.25,42,0.9538919756657112,0.6545377815639897,0.0977705007507687,0.0919981411525181,1.0102629411374673,0.219047619047619
mlp,CONCH,LungHist700,0.25,123,0.951404961950552,0.6669133240340671,0.1095244285606202,0.1092513302961985,0.8370918507546112,0.2571428571428571
mlp,CONCH,LungHist700,0.25,456,0.9751183506509388,0.751797725369154,0.082609816959926,0.0949307484286172,0.9395808443055806,0.1904761904761904
mlp,CONCH,LungHist700,0.5,42,0.9700700639184542,0.7272451471431064,0.0738695953573499,0.0550943417208535,1.099193357877843,0.2285714285714285
mlp,CONCH,LungHist700,0.5,123,0.9604562295347658,0.7290346448241186,0.1079599897066752,0.1311139035792577,0.9539588373660046,0.2476190476190476
mlp,CONCH,LungHist700,0.5,456,0.9797165157238636,0.7446323010809676,0.0679136185418991,0.0667098899682362,0.9882419188820388,0.2
mlp,CONCH,LungHist700,1.0,42,0.9848982674908128,0.8107528436475805,0.0780325395720345,0.0607372073900131,0.9207289886785246,0.219047619047619
mlp,CONCH,LungHist700,1.0,123,0.9854433580039952,0.8333355105911497,0.0684235078947884,0.0451863853704361,0.913261138697486,0.219047619047619
mlp,CONCH,LungHist700,1.0,456,0.9860880946733576,0.7995517640254484,0.0629035410426911,0.0694680020922706,0.9057163307380184,0.219047619047619
mlp,CONCH,MHIST,0.01,42,0.650670808571943,0.4076537893181338,0.1109244577289237,0.0889595323142156,1.1147933490975237,0.984646878198567
mlp,CONCH,MHIST,0.01,123,0.4888798847469836,0.3870765370138017,0.0434994358367295,0.0447640110916832,0.9921442149403888,1.0
mlp,CONCH,MHIST,0.01,456,0.5991130920223303,0.4765213266811889,0.0712725464159293,0.0786257108240679,1.0651249487884475,0.901740020470829
mlp,CONCH,MHIST,0.05,42,0.8208265802269044,0.6834211926294917,0.0634023490664048,0.0613335998406673,1.3970680822501809,0.7338792221084954
mlp,CONCH,MHIST,0.05,123,0.8132450927426617,0.6767976014354002,0.0661257329561815,0.063951319398143,1.559526412300393,0.7533265097236438
mlp,CONCH,MHIST,0.05,456,0.737767873221682,0.610285262754007,0.0884300080588432,0.0592587324833552,1.434995749450236,0.7840327533265097
mlp,CONCH,MHIST,0.1,42,0.8244687556275886,0.7029178069514403,0.0696327174110995,0.0702609565783913,1.2728764286316991,0.7267144319344934
mlp,CONCH,MHIST,0.1,123,0.8208535926526201,0.7016252946622001,0.0649945209910492,0.067535180007484,1.4070778044853207,0.7175025588536336
mlp,CONCH,MHIST,0.1,456,0.8107284350801369,0.6975172122117035,0.0472934006149961,0.0581746091465622,1.4486872741562398,0.6898669396110543
mlp,CONCH,MHIST,0.25,42,0.8527237529263461,0.7632829129115529,0.0610511120763381,0.0474822475606367,1.6787805344377236,0.6417604912998977
mlp,CONCH,MHIST,0.25,123,0.8604312983972628,0.7893552774908708,0.0533028002046696,0.0554545325290949,1.3823992410011905,0.6366427840327533
mlp,CONCH,MHIST,0.25,456,0.8361921483882586,0.747744182454289,0.0809316069246131,0.0381068849408028,1.5588425231655954,0.6345957011258956
mlp,CONCH,MHIST,0.5,42,0.8535521339816315,0.784461838494189,0.0493066178800627,0.0451924655826699,1.259226738366786,0.5926305015353122
mlp,CONCH,MHIST,0.5,123,0.8651359625427696,0.7921704895393062,0.0549474344984413,0.0452796365444223,1.330805208477179,0.6120777891504606
mlp,CONCH,MHIST,0.5,456,0.8577030433999641,0.7792823920265781,0.0632159150031108,0.0326039715076176,1.4734374859158288,0.6008188331627431
mlp,CONCH,MHIST,1.0,42,0.8767693138843868,0.8005166628198072,0.0442791496753357,0.0405326258227183,1.0911146136943357,0.6049129989764586
mlp,CONCH,MHIST,1.0,123,0.8738519719070772,0.7897704277596108,0.0476012878890169,0.0408819189014918,1.1297069958594774,0.6141248720573184
mlp,CONCH,MHIST,1.0,456,0.8744552494147307,0.7901018826135104,0.0520757850213786,0.0467568371280982,1.09603141944596,0.6008188331627431
mlp,CONCH,PCam,0.01,42,0.9586139562431122,0.8963071589667494,0.0095700457078464,0.0082868125930986,0.9764863541466065,0.51519775390625
mlp,CONCH,PCam,0.01,123,0.9563198903935948,0.8908452508590992,0.0182965691337813,0.0181691021092546,1.0043752126994785,0.527679443359375
mlp,CONCH,PCam,0.01,456,0.9619310875781748,0.9000869315454634,0.0107138217299507,0.015663670643903,1.0577426423600689,0.524200439453125
mlp,CONCH,PCam,0.05,42,0.9645651383835516,0.898328002908668,0.0291781708256166,0.0290359070128261,1.0072020432537137,0.540740966796875
mlp,CONCH,PCam,0.05,123,0.965427923224748,0.9004103196875576,0.0267475049007543,0.0262286820616281,1.032533327260091,0.53631591796875
mlp,CONCH,PCam,0.05,456,0.9655611526686568,0.900935888345965,0.0245042612019687,0.0236017973265347,1.0378153278419016,0.53955078125
mlp,CONCH,PCam,0.1,42,0.9649166233126616,0.8945124346760764,0.0446417178388856,0.0435967574986193,1.0536876143141984,0.555206298828125
mlp,CONCH,PCam,0.1,123,0.9644327787950864,0.8970336449213725,0.0303881663150491,0.0289922894992287,1.071523543087506,0.541961669921875
mlp,CONCH,PCam,0.1,456,0.9653887443395274,0.898293293580261,0.0313932945779242,0.0307863603128453,1.0271532271892887,0.544708251953125
mlp,CONCH,PCam,0.25,42,0.9643012071056634,0.893536575442571,0.0439669960384207,0.0431012994596926,1.0425206726083804,0.55743408203125
mlp,CONCH,PCam,0.25,123,0.962939048871448,0.8990892359823301,0.0235697372992262,0.0224204970613186,1.0524598422225822,0.537261962890625
mlp,CONCH,PCam,0.25,456,0.9654284652545856,0.900096702723219,0.0137018916319107,0.0127241565144231,1.034302694074591,0.52813720703125
mlp,CONCH,PCam,0.5,42,0.962968517785733,0.8950541878817888,0.0406301836375178,0.0391452610766691,1.0714592271255712,0.5533447265625
mlp,CONCH,PCam,0.5,123,0.9631002161350496,0.899176476005744,0.0324797627391717,0.0309804842765402,1.0731915676079753,0.54510498046875
mlp,CONCH,PCam,0.5,456,0.9624843789701708,0.8927278214000166,0.0494191852990297,0.0475875760346298,1.0951187671948608,0.560821533203125
mlp,CONCH,PCam,1.0,42,0.9633650060925084,0.890094431593059,0.0507356565140071,0.0492989070762632,1.074278053197001,0.56298828125
mlp,CONCH,PCam,1.0,123,0.9675092730967492,0.9018938264672413,0.0295020334284004,0.0290100455099491,1.0232590865009306,0.54205322265625
mlp,CONCH,PCam,1.0,456,0.9594651014126464,0.8914272827918637,0.0429631033160831,0.040481843380121,1.111381751619025,0.557159423828125
mlp,CONCH,SPIDER-Breast,0.01,42,0.975141492443145,0.6807221688120867,0.0469505461519474,0.0352038005105339,1.050206994809234,0.1192454711650324
mlp,CONCH,SPIDER-Breast,0.01,123,0.9738504601051085,0.68598633130167,0.0314738972984577,0.0307118130461785,1.003234056741049,0.1248130297490443
mlp,CONCH,SPIDER-Breast,0.01,456,0.9697209795498156,0.6661539277462318,0.0286210023717407,0.0309394611429886,0.9911516858974267,0.107777962439754
mlp,CONCH,SPIDER-Breast,0.05,42,0.9860422846132106,0.7663957233362019,0.0153398056134881,0.022022013309015,0.9541527405109586,0.1194947648329732
mlp,CONCH,SPIDER-Breast,0.05,123,0.9848104105657326,0.7495687725675084,0.0211810310288721,0.0286184188318406,0.9563809162715052,0.116752534485624
mlp,CONCH,SPIDER-Breast,0.05,456,0.985512275500836,0.765775624493342,0.0132459668086299,0.0206361115672213,0.9268942138586548,0.1222369951803224
mlp,CONCH,SPIDER-Breast,0.1,42,0.9888466792724416,0.7898005420519197,0.0090222904699792,0.0211214110891704,0.9064001722705728,0.1220707994016952
mlp,CONCH,SPIDER-Breast,0.1,123,0.9884870961546098,0.775555057256829,0.0131653018700674,0.0313672541888504,0.8966423821033981,0.1189961774970915
mlp,CONCH,SPIDER-Breast,0.1,456,0.9883054339736614,0.7893754540461607,0.0111220039616733,0.0240776630355924,0.88945382012862,0.1242313445238491
mlp,CONCH,SPIDER-Breast,0.25,42,0.9906539663174924,0.8080443553975102,0.0096037087372931,0.0284024157584733,0.8540837128268177,0.1226524846268904
mlp,CONCH,SPIDER-Breast,0.25,123,0.990670655232398,0.8080167037645718,0.0098168736198959,0.0314813892355348,0.8463231238157057,0.1240651487452218
mlp,CONCH,SPIDER-Breast,0.25,456,0.9909806832253536,0.819457216739497,0.0077522889804915,0.030118626199857,0.8321853338864081,0.1246468339704171
mlp,CONCH,SPIDER-Breast,0.5,42,0.990853645895591,0.8196467769850461,0.0071813806641313,0.0306453116514248,0.8095342137217229,0.1229017782948313
mlp,CONCH,SPIDER-Breast,0.5,123,0.991490112124985,0.8212457162042173,0.0041419853943416,0.0323414277258715,0.7955100298360023,0.1238989529665946
mlp,CONCH,SPIDER-Breast,0.5,456,0.9915661633456404,0.8266861575644964,0.0056213115908308,0.0275285187387398,0.8028206675503796,0.1237327571879674
mlp,CONCH,SPIDER-Breast,1.0,42,0.9917699536717096,0.8298831896939074,0.0090953081509432,0.0313391351132213,0.7672027976578146,0.123815855077281
mlp,CONCH,SPIDER-Breast,1.0,123,0.991824655557444,0.8196075854092106,0.0070247057146144,0.0366563322720623,0.7689171876094998,0.1238989529665946
mlp,CONCH,SPIDER-Breast,1.0,456,0.991799077459424,0.8280383195934924,0.0093131792694899,0.0301355757370271,0.7716402830067471,0.1229848761841449
mlp,GigaPath,BRACS,0.01,42,0.7495458152526345,0.3396983817379574,0.1068250091975195,0.0818274866854935,1.333878216810125,0.2894736842105263
mlp,GigaPath,BRACS,0.01,123,0.7562696761414932,0.3478433041718904,0.114988087797374,0.0686786499724053,1.5379504357570604,0.4035087719298245
mlp,GigaPath,BRACS,0.01,456,0.7968842238747403,0.3869158700819323,0.1133268771987212,0.0761231519412576,1.229873558355021,0.3210526315789473
mlp,GigaPath,BRACS,0.05,42,0.8608191866196809,0.4975863753504742,0.0828512079360192,0.0838063368933242,1.0085508719191478,0.2298245614035087
mlp,GigaPath,BRACS,0.05,123,0.860183138472044,0.5384933788963963,0.0675089349349339,0.0691021048708965,1.005169967642046,0.1964912280701754
mlp,GigaPath,BRACS,0.05,456,0.8802022988746817,0.551280309329551,0.057235264229147,0.0546604105777907,1.051054064813053,0.2263157894736842
mlp,GigaPath,BRACS,0.1,42,0.8751962140369604,0.542172057392895,0.094133045746569,0.0783601971049057,1.0673813939501122,0.1912280701754386
mlp,GigaPath,BRACS,0.1,123,0.8828523783233988,0.5647087868618358,0.045555545311225,0.0498029022363194,0.9681016603710404,0.1929824561403508
mlp,GigaPath,BRACS,0.1,456,0.8873951315409322,0.5854332795388716,0.0811264758047304,0.0709392972944075,1.0653770681918666,0.2
mlp,GigaPath,BRACS,0.25,42,0.8978861206247081,0.5950425807264246,0.0949038686982372,0.0681666026512781,1.06902633502403,0.1736842105263158
mlp,GigaPath,BRACS,0.25,123,0.8986371352449289,0.5985553905186954,0.0889849750096337,0.0786406357037393,1.0421675466151812,0.1929824561403508
mlp,GigaPath,BRACS,0.25,456,0.892461878306384,0.5833099214307336,0.0798847342530886,0.0727700338290448,1.0274911457863436,0.1807017543859649
mlp,GigaPath,BRACS,0.5,42,0.9044072781857144,0.6075116150041444,0.0892345415395603,0.0736159461109261,1.106419206584942,0.1666666666666666
mlp,GigaPath,BRACS,0.5,123,0.904419165461654,0.6151240671814409,0.0640349671506044,0.0559366477686062,1.0309690167252166,0.1807017543859649
mlp,GigaPath,BRACS,0.5,456,0.8977634625355864,0.5931633024063553,0.0700403776085167,0.0711743917381554,0.9930273968172072,0.175438596491228
mlp,GigaPath,BRACS,1.0,42,0.9062863360829236,0.6306727308367536,0.0985004399429287,0.0682420511779032,1.093892970168555,0.175438596491228
mlp,GigaPath,BRACS,1.0,123,0.9042752621460308,0.6128539645353994,0.0999955376512126,0.083373602597337,1.088183808850293,0.1771929824561403
mlp,GigaPath,BRACS,1.0,456,0.9054133165564816,0.6101814155662991,0.1000502111618979,0.0840801098890471,1.08899788247189,0.1789473684210526
mlp,GigaPath,CRC,0.01,42,0.9993535453062532,0.984669137937577,0.0147483994712431,0.0019961186289787,0.7786976708572106,0.1445333333333333
mlp,GigaPath,CRC,0.01,123,0.9996087063884374,0.9860056921158404,0.0166076343417167,0.0016893542806307,0.7475499846176477,0.141
mlp,GigaPath,CRC,0.01,456,0.999441950707588,0.9824506482980974,0.0171905593176683,0.0024249407986799,0.7387807280139504,0.1413333333333333
mlp,GigaPath,CRC,0.05,42,0.9996013101926216,0.991002399279692,0.0050692515154679,0.0021066877245902,0.8393340978567476,0.1419333333333333
mlp,GigaPath,CRC,0.05,123,0.9997230456707368,0.9896466867034096,0.0058192441900571,0.0019753088355063,0.8552888291135722,0.1406
mlp,GigaPath,CRC,0.05,456,0.999613964617018,0.9906940386337196,0.0062162209610144,0.001826901413997,0.8105612858892652,0.1419333333333333
mlp,GigaPath,CRC,0.1,42,0.9997127569337876,0.9927777322838822,0.0046088624556859,0.001375652060906,0.824346441875214,0.1412
mlp,GigaPath,CRC,0.1,123,0.9998412751247536,0.9939986574397638,0.0056011690517266,0.0011331355253855,0.8141602525647358,0.1412
mlp,GigaPath,CRC,0.1,456,0.9996702959689314,0.9932623312241664,0.0047243508736292,0.0007025637666384,0.816590440666474,0.1411333333333333
mlp,GigaPath,CRC,0.25,42,0.9999022366532818,0.9942140446739178,0.0035576917390028,0.0021049952805042,0.8064908849278615,0.1412666666666666
mlp,GigaPath,CRC,0.25,123,0.9999444627743738,0.995215017875003,0.0050067133307456,0.0012446184198061,0.7228012395208018,0.1415333333333333
mlp,GigaPath,CRC,0.25,456,0.9999396794740868,0.995149586250238,0.0047342992842197,0.0011137075086434,0.7819868872462833,0.1416666666666666
mlp,GigaPath,CRC,0.5,42,0.9999465282110204,0.9953362260691404,0.0047128366728623,0.0011938688258329,0.6941170674020188,0.1416666666666666
mlp,GigaPath,CRC,0.5,123,0.9999609596905684,0.9957586834540358,0.0047091028670469,0.0009431790928045,0.6958219577607072,0.1422
mlp,GigaPath,CRC,0.5,456,0.9999678841595296,0.9957227358351136,0.0043066002845764,0.0011685960054397,0.7618345972112183,0.1412
mlp,GigaPath,CRC,1.0,42,0.9999778923325312,0.9965226775372996,0.0051249467293421,0.0009228848695755,0.6823051197074738,0.1418
mlp,GigaPath,CRC,1.0,123,0.9999765469601528,0.9963202691930118,0.0043816135644912,0.0006582047224044,0.7138784233687429,0.1419333333333333
mlp,GigaPath,CRC,1.0,456,0.9999680070564262,0.9959294259455423,0.0042255877216656,0.0008407783826192,0.7027799927602157,0.1417333333333333
mlp,GigaPath,LungHist700,0.01,42,0.6474957602836986,0.306477808142187,0.1311690587373007,0.1303506645418349,0.9916424414123516,0.3333333333333333
mlp,GigaPath,LungHist700,0.01,123,0.6944652242312795,0.2378077685107814,0.2055968063218253,0.1249943510407493,1.515591189018518,0.3047619047619048
mlp,GigaPath,LungHist700,0.01,456,0.6971014198379979,0.3132446269427378,0.2350690716788882,0.2204156943729945,1.0635089662564283,0.3523809523809524
mlp,GigaPath,LungHist700,0.05,42,0.8031001178130214,0.4172459389049251,0.1905039792969113,0.1119035939375559,1.5342097268905774,0.3047619047619048
mlp,GigaPath,LungHist700,0.05,123,0.8327064116002321,0.4224809911416976,0.145493298059418,0.1051203993104753,1.2281591852393878,0.2761904761904762
mlp,GigaPath,LungHist700,0.05,456,0.913347595469855,0.5731179008055276,0.0832408323174431,0.0909106274445851,0.9551332323400252,0.2285714285714285
mlp,GigaPath,LungHist700,0.1,42,0.8940044489982467,0.4897405252396029,0.1102208551906404,0.1050709644953409,0.9706711390854272,0.2952380952380952
mlp,GigaPath,LungHist700,0.1,123,0.8911000603602429,0.5981344607741163,0.1366727806272961,0.1365255026590256,0.9942705055016722,0.2285714285714285
mlp,GigaPath,LungHist700,0.1,456,0.9378304125716552,0.5909866951375813,0.1130373487869898,0.1157807436727342,0.8623136158951763,0.2476190476190476
mlp,GigaPath,LungHist700,0.25,42,0.9456100925815296,0.6909435149716704,0.0806843343235197,0.0847875901630946,0.9354097830738882,0.2571428571428571
mlp,GigaPath,LungHist700,0.25,123,0.9446667513026712,0.7301296571655879,0.0801545330456325,0.0913702615669795,1.0155236554157627,0.2285714285714285
mlp,GigaPath,LungHist700,0.25,456,0.9711490938333986,0.7221996266782144,0.1042030828339712,0.0782735705375671,0.8701991337559366,0.2095238095238095
mlp,GigaPath,LungHist700,0.5,42,0.9660219790908154,0.8106250501134051,0.0684944269203004,0.0610282954715547,1.0464486507572417,0.238095238095238
mlp,GigaPath,LungHist700,0.5,123,0.9680259631372158,0.8101444355644766,0.0749276859419686,0.0871299386024475,1.0163238259096663,0.2666666666666666
mlp,GigaPath,LungHist700,0.5,456,0.979120371405526,0.8352964699208459,0.120927966208685,0.1388990535622551,0.9694289278846472,0.2285714285714285
mlp,GigaPath,LungHist700,1.0,42,0.9840153832237925,0.8795711960673599,0.0780857063475109,0.0783168366977147,0.9162065581128684,0.2476190476190476
mlp,GigaPath,LungHist700,1.0,123,0.9844420806458504,0.8689202953908837,0.0576031412397112,0.052892978418441,0.9218520558346304,0.2476190476190476
mlp,GigaPath,LungHist700,1.0,456,0.9847982796057826,0.8689202953908837,0.0653753939129057,0.0522769090675172,0.9059077947246288,0.2476190476190476
mlp,GigaPath,MHIST,0.01,42,0.6686295696020169,0.4566240763115307,0.0737704885713641,0.0744915318464671,1.0793714441486395,0.9068577277379734
mlp,GigaPath,MHIST,0.01,123,0.629344498469296,0.3936157866142779,0.1449705506603451,0.0920362291951018,1.3829486861230504,0.9825997952917092
mlp,GigaPath,MHIST,0.01,456,0.7093057806591032,0.594261444077395,0.1017947348679283,0.074337701954733,1.762450103452548,0.7031729785056294
mlp,GigaPath,MHIST,0.05,42,0.8339861336214659,0.7048814121889048,0.0710013453012662,0.0639806494627723,0.9397134754817514,0.7185261003070624
mlp,GigaPath,MHIST,0.05,123,0.8050648298217179,0.7072143654522336,0.0458349090607163,0.0513284967844293,1.3827534128351406,0.7185261003070624
mlp,GigaPath,MHIST,0.05,456,0.7874167116873763,0.6609220409220409,0.0823995098319122,0.07288757341789,1.0956768247476996,0.8055271238485159
mlp,GigaPath,MHIST,0.1,42,0.8543490005402485,0.7537336231099567,0.0328202664169617,0.0551053540840241,1.1763382006170504,0.6816786079836233
mlp,GigaPath,MHIST,0.1,123,0.8415586169638032,0.7512095747389864,0.0540697114654609,0.0437324257222449,1.1386202822849103,0.7082906857727738
mlp,GigaPath,MHIST,0.1,456,0.8559292274446245,0.757697715918437,0.033147276980667,0.0292045575630457,1.0271550430363852,0.6714431934493347
mlp,GigaPath,MHIST,0.25,42,0.8841887268143347,0.797108715730537,0.0312342632565735,0.0236909670131843,1.214388400246511,0.6632548618219037
mlp,GigaPath,MHIST,0.25,123,0.8653160453808751,0.7646318181818181,0.0465461464261325,0.040975995338927,1.1598237262876467,0.6479017400204709
mlp,GigaPath,MHIST,0.25,456,0.8548802449126598,0.7651029674221619,0.050547947538988,0.0461719878010276,1.0204473010551864,0.6745138178096213
mlp,GigaPath,MHIST,0.5,42,0.8902710246713488,0.794987460711932,0.034026947471112,0.0399096424985932,0.950505729044458,0.6448311156601843
mlp,GigaPath,MHIST,0.5,123,0.8931748604358005,0.8069083232268787,0.0430172611191914,0.0433761493770926,1.0338052172986592,0.6274309109518935
mlp,GigaPath,MHIST,0.5,456,0.8819151809832523,0.8011230044371255,0.0361285656995636,0.0313112316510145,1.0622810298357503,0.6581371545547595
mlp,GigaPath,MHIST,1.0,42,0.9033225283630468,0.8127182749206299,0.0252175300230511,0.0367233933024909,0.9075666277331598,0.6448311156601843
mlp,GigaPath,MHIST,1.0,123,0.9061003061408248,0.8081142504419068,0.0372322851195245,0.029913638332361,0.9279237175299284,0.6264073694984647
mlp,GigaPath,MHIST,1.0,456,0.9053484602917342,0.810091537988771,0.0354470666974569,0.03094589986296,0.9381474624807516,0.6284544524053224
mlp,GigaPath,PCam,0.01,42,0.9801970721395932,0.9394552651729332,0.0202855042954297,0.0128958861148476,0.9100329473382592,0.530975341796875
mlp,GigaPath,PCam,0.01,123,0.9786741806381748,0.9353038700017346,0.0230318685833026,0.0195210957426752,0.9548982100034838,0.53717041015625
mlp,GigaPath,PCam,0.01,456,0.980363661564214,0.9404532802587746,0.0152057817173272,0.0205465044103903,1.099869537546591,0.5335693359375
mlp,GigaPath,PCam,0.05,42,0.982946003468164,0.9452038431889328,0.0136342747437083,0.0178896990195198,1.0802165442037186,0.529266357421875
mlp,GigaPath,PCam,0.05,123,0.9825943639394784,0.9432810098089238,0.017923310637343,0.0227205947480797,1.070502444031029,0.536956787109375
mlp,GigaPath,PCam,0.05,456,0.9808581809030876,0.940036974584506,0.0232407223900849,0.0214804739882765,0.98134248936174,0.537994384765625
mlp,GigaPath,PCam,0.1,42,0.980046872132632,0.9381283363201798,0.0218462621595563,0.0221289364708354,1.0075412860924575,0.540802001953125
mlp,GigaPath,PCam,0.1,123,0.978878065813427,0.9370816083396534,0.0233514385151352,0.0210713033436604,0.977905127405948,0.542205810546875
mlp,GigaPath,PCam,0.1,456,0.9804070761052772,0.9394848654092698,0.0243330247796506,0.021495080745808,0.9693382671339552,0.538421630859375
mlp,GigaPath,PCam,0.25,42,0.983182045355142,0.936213982335389,0.0386603339667317,0.0396394736156367,1.2725247786306093,0.54937744140625
mlp,GigaPath,PCam,0.25,123,0.9826609516530732,0.939225130202308,0.0327525704306026,0.0316700420933102,1.3024837012580592,0.541534423828125
mlp,GigaPath,PCam,0.25,456,0.9834550886947636,0.9397944587632334,0.0292060015334527,0.0329616178004244,1.207853941940899,0.54376220703125
mlp,GigaPath,PCam,0.5,42,0.9836210522705005,0.9413038145472788,0.0255774744863117,0.0233474022400059,1.3626503145463529,0.5347900390625
mlp,GigaPath,PCam,0.5,123,0.979039840299458,0.9348885265013798,0.0386928606624224,0.0341404717735826,1.3379058356222278,0.54608154296875
mlp,GigaPath,PCam,0.5,456,0.98368312865672,0.940206427929006,0.0298706129916013,0.0321982065767656,1.2642230113676174,0.540924072265625
mlp,GigaPath,PCam,1.0,42,0.9802154545879264,0.9381359485957984,0.0270350246057091,0.0234422419564453,1.2676345257202235,0.539276123046875
mlp,GigaPath,PCam,1.0,123,0.982244335599141,0.938407585616007,0.030147961785758,0.0284594150966768,1.280639193028028,0.53997802734375
mlp,GigaPath,PCam,1.0,456,0.9824312408981132,0.9395372213305648,0.0324973212139241,0.0319855811403044,1.3604264600192664,0.540252685546875
mlp,GigaPath,SPIDER-Breast,0.01,42,0.9905272189715872,0.7996577056622293,0.0267121520389329,0.0272663973800581,0.7790883748332236,0.1260594980887485
mlp,GigaPath,SPIDER-Breast,0.01,123,0.990941909306073,0.811483735047416,0.0237801702851292,0.0339051842843058,0.7458219399913462,0.1252285191956124
mlp,GigaPath,SPIDER-Breast,0.01,456,0.9901942596964676,0.7957546343102263,0.0337162418769248,0.0218531120533223,0.7793720899102282,0.1245637360811035
mlp,GigaPath,SPIDER-Breast,0.05,42,0.9931601255383516,0.8530019146828887,0.011825693385217,0.0290157275504401,0.8475868545711005,0.1255609107528668
mlp,GigaPath,SPIDER-Breast,0.05,123,0.9931303779664532,0.8485501016216419,0.0137066222530416,0.0325147375793815,0.8650913312360055,0.1254778128635532
mlp,GigaPath,SPIDER-Breast,0.05,456,0.9928156306552692,0.845851990245162,0.0189904150377679,0.0364860575203486,0.8479529224278005,0.1253947149742396
mlp,GigaPath,SPIDER-Breast,0.1,42,0.9940846761729568,0.8607463810498369,0.0120142704863097,0.029751706751395,0.8511794915796284,0.1259764001994349
mlp,GigaPath,SPIDER-Breast,0.1,123,0.9933259212578806,0.8512508220818441,0.0208283279927561,0.0388558496192818,0.8589060034022646,0.1253947149742396
mlp,GigaPath,SPIDER-Breast,0.1,456,0.9933768906484196,0.8562432139534091,0.0218654012356126,0.0373849624058069,0.8639369905286873,0.1250623234169852
mlp,GigaPath,SPIDER-Breast,0.25,42,0.9942807926721622,0.86822639170188,0.0227526448727723,0.035907109768729,0.8633650294178885,0.1254778128635532
mlp,GigaPath,SPIDER-Breast,0.25,123,0.994035777852478,0.8620174779762915,0.0266219386235015,0.0410298879397793,0.8578012253581655,0.125311617084926
mlp,GigaPath,SPIDER-Breast,0.25,456,0.9942805331961324,0.8644761183881307,0.0231208773656444,0.0375120427774614,0.8518931255617975,0.1254778128635532
mlp,GigaPath,SPIDER-Breast,0.5,42,0.9943058054599994,0.864147709729411,0.022947417183019,0.0433909724484611,0.8016324306164452,0.1253947149742396
mlp,GigaPath,SPIDER-Breast,0.5,123,0.9942147110730556,0.8649436503408965,0.0254178443966622,0.0436790912788691,0.8221963994555135,0.1253947149742396
mlp,GigaPath,SPIDER-Breast,0.5,456,0.9942319473844338,0.867285894739239,0.0241232145728116,0.0415847593389398,0.8271397155018433,0.1255609107528668
mlp,GigaPath,SPIDER-Breast,1.0,42,0.9948770753033706,0.8736071336420399,0.018602901840301,0.0386896811144602,0.7810190702937444,0.125311617084926
mlp,GigaPath,SPIDER-Breast,1.0,123,0.9945359615909456,0.8705359979574435,0.0193317402373997,0.0408409910617981,0.771617201810201,0.1255609107528668
mlp,GigaPath,SPIDER-Breast,1.0,456,0.9945376357003002,0.8686294242172259,0.0211590238538358,0.0434346864758704,0.7732240404967826,0.125311617084926
mlp,H-Optimus-0,BRACS,0.01,42,0.7553228942477548,0.3376995510765879,0.0837495167004434,0.091681774274299,1.4176611110056083,0.3035087719298245
mlp,H-Optimus-0,BRACS,0.01,123,0.7560701772411608,0.3573648631590168,0.1156220703271397,0.0672169424985584,1.4925370585788589,0.387719298245614
mlp,H-Optimus-0,BRACS,0.01,456,0.7884034412993035,0.366672425280985,0.0756568731707439,0.0457986270649391,1.2533189911315403,0.3070175438596491
mlp,H-Optimus-0,BRACS,0.05,42,0.8505545806127588,0.4842292253429137,0.0853806775390056,0.0649459305562471,1.0693144112211597,0.2578947368421053
mlp,H-Optimus-0,BRACS,0.05,123,0.8504337911596785,0.5208076212378361,0.0631118342541811,0.0327906315263948,1.1468009559637582,0.2263157894736842
mlp,H-Optimus-0,BRACS,0.05,456,0.8638458817297946,0.4876697729216731,0.0890110393888071,0.0678599890909696,1.0995535460196868,0.2245614035087719
mlp,H-Optimus-0,BRACS,0.1,42,0.8643643569274891,0.5329043617570381,0.0704722989546625,0.0574880209931156,1.1302342700871912,0.2
mlp,H-Optimus-0,BRACS,0.1,123,0.875902230886571,0.5537037155766684,0.0513355698501854,0.0544419557379003,1.0869035551799662,0.219298245614035
mlp,H-Optimus-0,BRACS,0.1,456,0.8779969430578017,0.5336685197599944,0.1038036390354758,0.0659031236380861,1.126289256383688,0.2070175438596491
mlp,H-Optimus-0,BRACS,0.25,42,0.8911652453167168,0.5738260878805566,0.0840214192605855,0.0590689370506688,1.1681496405492098,0.1736842105263158
mlp,H-Optimus-0,BRACS,0.25,123,0.8934598277615999,0.5978082189030255,0.063385688422019,0.0372145460624444,1.1369380020076083,0.1771929824561403
mlp,H-Optimus-0,BRACS,0.25,456,0.8878984652581694,0.5805262485024069,0.0768320840701722,0.0545656420159758,1.105098460018771,0.1859649122807017
mlp,H-Optimus-0,BRACS,0.5,42,0.8988867195837792,0.6047524747193733,0.0676992152866564,0.0471240896404835,1.109754469216854,0.1842105263157894
mlp,H-Optimus-0,BRACS,0.5,123,0.9016022998524424,0.6085695584685065,0.0880080187529848,0.0547288206062819,1.1873024716492178,0.1666666666666666
mlp,H-Optimus-0,BRACS,0.5,456,0.8980617132376795,0.6213071187883621,0.072485030429405,0.0592544603243208,1.1129526345887768,0.1771929824561403
mlp,H-Optimus-0,BRACS,1.0,42,0.9036102297653232,0.6315513474255717,0.0912519000339926,0.0562938309029529,1.173248930729105,0.1807017543859649
mlp,H-Optimus-0,BRACS,1.0,123,0.9029649138479132,0.6269573140010382,0.0941928427731781,0.0584509065276698,1.177380558740872,0.1824561403508772
mlp,H-Optimus-0,BRACS,1.0,456,0.9024998644822873,0.6174571353450667,0.1147612311338123,0.0724791148775502,1.2429685738976106,0.1719298245614035
mlp,H-Optimus-0,CRC,0.01,42,0.9993950527064652,0.9863960021093798,0.0155075613498687,0.0025985446363688,0.7601083829042177,0.1446
mlp,H-Optimus-0,CRC,0.01,123,0.9997004843935876,0.9893539445363702,0.0176566972672938,0.0041071962773799,0.7229817861101125,0.1420666666666666
mlp,H-Optimus-0,CRC,0.01,456,0.9994733387498512,0.9858198872024656,0.0171474075357118,0.0037101250727971,0.7214193663088418,0.1429333333333333
mlp,H-Optimus-0,CRC,0.05,42,0.9996947537911692,0.9936138823281868,0.005895003225406,0.0020904372056325,0.8363156146452577,0.1426666666666666
mlp,H-Optimus-0,CRC,0.05,123,0.999860110192081,0.9932346419982296,0.0060795557459195,0.001945820035537,0.8247563801232464,0.1420666666666666
mlp,H-Optimus-0,CRC,0.05,456,0.9997328042824511,0.9936113614407536,0.0063212823589642,0.0013658099750677,0.7761788687832539,0.1424666666666666
mlp,H-Optimus-0,CRC,0.1,42,0.9997610408222388,0.9951941423177412,0.0042891785919666,0.0011343536456425,0.8201374054932512,0.1422666666666666
mlp,H-Optimus-0,CRC,0.1,123,0.9999280076905374,0.9951745948430742,0.0037420732875665,0.0008073517163595,0.8169744950453657,0.1422
mlp,H-Optimus-0,CRC,0.1,456,0.9997712306350124,0.994861678421044,0.0040174101889133,0.0009001333256562,0.7918601271128889,0.1418666666666666
mlp,H-Optimus-0,CRC,0.25,42,0.999960057214118,0.9963011794560496,0.0039925101796785,0.0013221190571785,0.7840052423655997,0.1422666666666666
mlp,H-Optimus-0,CRC,0.25,123,0.999976894182174,0.9963994894868118,0.0040528326372305,0.000809969997406,0.7370588837298788,0.1422
mlp,H-Optimus-0,CRC,0.25,456,0.9999723970278144,0.99651175762487,0.0047409282366435,0.0008616471469402,0.7354724870972237,0.1418
mlp,H-Optimus-0,CRC,0.5,42,0.9999889762662644,0.9968732894592268,0.0042251673996448,0.0008033922692139,0.6801314181334571,0.1422
mlp,H-Optimus-0,CRC,0.5,123,0.999984735478693,0.997439492569534,0.0042656477928161,0.0009321472128232,0.6602070829871843,0.1418666666666666
mlp,H-Optimus-0,CRC,0.5,456,0.9999876316118984,0.9972970909321588,0.0042337996562322,0.0008230201025804,0.7262244557479406,0.1423333333333333
mlp,H-Optimus-0,CRC,1.0,42,0.9999913725883476,0.9974900464615056,0.0043695746262868,0.0010490718722343,0.6487480201738555,0.1424
mlp,H-Optimus-0,CRC,1.0,123,0.999989018044022,0.9974232913791165,0.0039878860433896,0.0011695320924123,0.6706934461989206,0.1425333333333333
mlp,H-Optimus-0,CRC,1.0,456,0.9999937955690394,0.9978927097690948,0.0050704925457636,0.0009596641381582,0.6428881581461058,0.1422
mlp,H-Optimus-0,LungHist700,0.01,42,0.647187323414485,0.3141737961573239,0.1275752655097416,0.1366071933791751,1.0865361721292908,0.3333333333333333
mlp,H-Optimus-0,LungHist700,0.01,123,0.6106888564074354,0.2570711278917966,0.0640301816520236,0.0412474192324139,1.0737011944544324,0.3333333333333333
mlp,H-Optimus-0,LungHist700,0.01,456,0.6727573928265412,0.3267704722701823,0.1503140939133508,0.1767506275858198,1.0177371977622918,0.3333333333333333
mlp,H-Optimus-0,LungHist700,0.05,42,0.7603906175150038,0.3946771890707818,0.2091212451457977,0.1588696107977912,1.5902083233550228,0.3047619047619048
mlp,H-Optimus-0,LungHist700,0.05,123,0.7676150392731808,0.3708696816011146,0.1554151963619958,0.1227268729891095,1.349282870838826,0.2571428571428571
mlp,H-Optimus-0,LungHist700,0.05,456,0.909609754937498,0.5290332027002865,0.1002733466171083,0.1146258930365244,0.9978597317054207,0.2571428571428571
mlp,H-Optimus-0,LungHist700,0.1,42,0.8761919332142275,0.4959230651363873,0.1588701856987817,0.1822467153980618,0.927252545207948,0.2666666666666666
mlp,H-Optimus-0,LungHist700,0.1,123,0.888113266327894,0.5636542709407595,0.1792369381302879,0.1557019310338156,1.0714626243972103,0.2761904761904762
mlp,H-Optimus-0,LungHist700,0.1,456,0.9259034808931748,0.5967304141022408,0.0789865743546258,0.0985894782202584,0.8554804261911582,0.2761904761904762
mlp,H-Optimus-0,LungHist700,0.25,42,0.9468116062367048,0.6550373296171615,0.0861712160564604,0.1131021159035818,0.913791902334261,0.2666666666666666
mlp,H-Optimus-0,LungHist700,0.25,123,0.9450590751187672,0.7146380404687596,0.1046057420117514,0.1002624704724266,0.9651336788446296,0.238095238095238
mlp,H-Optimus-0,LungHist700,0.25,456,0.9668038060339584,0.7172692580358085,0.0919529403959001,0.0763179106371743,0.8364139203075004,0.238095238095238
mlp,H-Optimus-0,LungHist700,0.5,42,0.9650256183399372,0.74143495949429,0.0469701846440633,0.0883824703239259,0.8808980164502149,0.2476190476190476
mlp,H-Optimus-0,LungHist700,0.5,123,0.964275562295402,0.8377233793890368,0.1222484083402724,0.1369912181581769,0.9475846378735036,0.2666666666666666
mlp,H-Optimus-0,LungHist700,0.5,456,0.975432584760924,0.8104258071175364,0.1013688115846543,0.108848435254324,0.9207722542445422,0.238095238095238
mlp,H-Optimus-0,LungHist700,1.0,42,0.9893626770672614,0.8924940707990512,0.1070268304575057,0.061638001033238,0.9129891415064612,0.2476190476190476
mlp,H-Optimus-0,LungHist700,1.0,123,0.9893466777666844,0.8912104912470274,0.0957163728418804,0.0798335467066083,0.9390208350074092,0.2476190476190476
mlp,H-Optimus-0,LungHist700,1.0,456,0.9900965421654848,0.8924940707990512,0.0845151918275015,0.0746482358092353,0.9368167087905004,0.2476190476190476
mlp,H-Optimus-0,MHIST,0.01,42,0.7259319286871961,0.458406486589985,0.0889924590150799,0.0875452239687879,0.9715990458502384,0.9355168884339816
mlp,H-Optimus-0,MHIST,0.01,123,0.6187871420853592,0.4845214199690313,0.0852874556333284,0.0682691468217599,1.1240525103752552,0.887410440122825
mlp,H-Optimus-0,MHIST,0.01,456,0.7000630289933369,0.5512051448335495,0.0815139709263582,0.0685575648059376,1.121511856266549,0.842374616171955
mlp,H-Optimus-0,MHIST,0.05,42,0.8723572843508014,0.7706075911749727,0.0395516691235644,0.0538553277082062,1.2234011337749726,0.6448311156601843
mlp,H-Optimus-0,MHIST,0.05,123,0.7265577165496128,0.6121777406140779,0.0794451459784712,0.0556494634991231,1.219445859655515,0.6970317297850563
mlp,H-Optimus-0,MHIST,0.05,456,0.7569737079056366,0.69060650747736,0.0916738013070583,0.0544254561407661,1.4257016753953866,0.7052200614124872
mlp,H-Optimus-0,MHIST,0.1,42,0.8801593733117234,0.7820949377710646,0.0357390081542358,0.0468065273493314,1.330781477807727,0.5946775844421699
mlp,H-Optimus-0,MHIST,0.1,123,0.8340446605438501,0.7331120185941421,0.0467852158290824,0.0356634211656899,1.1571531407771052,0.676560900716479
mlp,H-Optimus-0,MHIST,0.1,456,0.8591121916081399,0.7653764012459665,0.0530999456222494,0.0516999473179497,1.0947972043679373,0.6867963152507677
mlp,H-Optimus-0,MHIST,0.25,42,0.9007248334233746,0.805227840981863,0.039563207655474,0.0327448252447429,1.202176842945287,0.6120777891504606
mlp,H-Optimus-0,MHIST,0.25,123,0.893354943273906,0.799664667131148,0.0411448459405005,0.0349498864438693,1.1157251146861815,0.6427840327533265
mlp,H-Optimus-0,MHIST,0.25,456,0.8666306500990455,0.766377574012931,0.0457114448910054,0.0453241894797573,1.0031447784031984,0.6663254861821903
mlp,H-Optimus-0,MHIST,0.5,42,0.9028948316225464,0.8001388838208089,0.0545007506253897,0.0452044550234122,1.116972194719139,0.5977482088024565
mlp,H-Optimus-0,MHIST,0.5,123,0.9105078336034576,0.8149225324490087,0.0344139392256065,0.0363841103113417,1.0593914065470351,0.6131013306038895
mlp,H-Optimus-0,MHIST,0.5,456,0.9026066990815776,0.8117823413071605,0.0267602402427087,0.022942323066073,1.0378205321183185,0.6530194472876152
mlp,H-Optimus-0,MHIST,1.0,42,0.9201782820097244,0.8376984131408395,0.0342975110501935,0.0336490981852752,1.0741126904718128,0.6141248720573184
mlp,H-Optimus-0,MHIST,1.0,123,0.9199441743201872,0.8393546849989877,0.0339350264630029,0.0273576124953515,1.0976242451501064,0.6202661207778914
mlp,H-Optimus-0,MHIST,1.0,456,0.919638033495408,0.8371690344547562,0.0385516352547349,0.0286681590565578,1.122237874171907,0.6202661207778914
mlp,H-Optimus-0,PCam,0.01,42,0.9829234673203896,0.9424693812077034,0.0100355302095067,0.007820250741247,0.9612546439978964,0.524627685546875
mlp,H-Optimus-0,PCam,0.01,123,0.9829240093502272,0.940119288607309,0.0162710148106271,0.0184841099903678,1.0695314973541832,0.533050537109375
mlp,H-Optimus-0,PCam,0.01,456,0.980976563199802,0.9362911480568844,0.0199710848393692,0.0161303153083736,1.1610635704568666,0.53515625
mlp,H-Optimus-0,PCam,0.05,42,0.9846350932386504,0.9429221272317844,0.0203599633005637,0.0208159378264553,1.0611042995481872,0.535064697265625
mlp,H-Optimus-0,PCam,0.05,123,0.984665314661713,0.941402859035356,0.0246746381246225,0.0254034188823766,1.0961828350423113,0.5400390625
mlp,H-Optimus-0,PCam,0.05,456,0.9851571219887548,0.9410780049467586,0.0232089765333967,0.0236546327130326,1.0095415661468097,0.537567138671875
mlp,H-Optimus-0,PCam,0.1,42,0.9846579683879036,0.9412220421897548,0.0270970621851915,0.0273676304429955,1.1437724394546749,0.53948974609375
mlp,H-Optimus-0,PCam,0.1,123,0.9820743785114756,0.9421900336129444,0.019856067972455,0.0179667807979058,1.1563579483982334,0.534759521484375
mlp,H-Optimus-0,PCam,0.1,456,0.985170901840084,0.9442122635261678,0.017644156322035,0.0202275309090964,1.0667080232870465,0.533294677734375
mlp,H-Optimus-0,PCam,0.25,42,0.9852614133723426,0.9434271168292354,0.0259394824297487,0.0262383960343868,1.1780196826815414,0.53851318359375
mlp,H-Optimus-0,PCam,0.25,123,0.984179056155584,0.9413599379915334,0.02901925645466,0.0255788119022781,1.1552938885165365,0.542572021484375
mlp,H-Optimus-0,PCam,0.25,456,0.9854196804969176,0.9428018641683024,0.0202528870370315,0.0220201716762176,1.056305490176168,0.534576416015625
mlp,H-Optimus-0,PCam,0.5,42,0.9848612947695088,0.9445680070247012,0.0220223598552706,0.0211368522794259,1.1281637495808807,0.536102294921875
mlp,H-Optimus-0,PCam,0.5,123,0.9853820885856538,0.945000618060478,0.0214252793566629,0.0236398129233066,1.1544376918658352,0.534881591796875
mlp,H-Optimus-0,PCam,0.5,456,0.9852967403066916,0.9434152067685568,0.031813908462368,0.0318399809667653,1.2020162943671628,0.5411376953125
mlp,H-Optimus-0,PCam,1.0,42,0.9843168025148038,0.9428058236831977,0.0331159136037797,0.0301950612163181,1.34199822067179,0.54071044921875
mlp,H-Optimus-0,PCam,1.0,123,0.9842961606774924,0.94183532319259,0.0294625994839066,0.0256585666742239,1.2746028060776842,0.5390625
mlp,H-Optimus-0,PCam,1.0,456,0.9856027859990916,0.9456112549062248,0.0248196810024126,0.0255343341704019,1.3028867303853686,0.535003662109375
mlp,H-Optimus-0,SPIDER-Breast,0.01,42,0.9927659812683808,0.8457290708369776,0.0378311155792663,0.0167086121312145,0.8097904662825018,0.1231510719627721
mlp,H-Optimus-0,SPIDER-Breast,0.01,123,0.9919253306075674,0.846873016545912,0.0383802711275183,0.023523118189052,0.7762341998561628,0.1238989529665946
mlp,H-Optimus-0,SPIDER-Breast,0.01,456,0.9923286765979032,0.8255164326269812,0.0342683041905057,0.0201739297022906,0.7898069465127986,0.1235665614093402
mlp,H-Optimus-0,SPIDER-Breast,0.05,42,0.9936991996919524,0.867216693447323,0.0125007235802783,0.026025996066584,0.8835568207655632,0.1240651487452218
mlp,H-Optimus-0,SPIDER-Breast,0.05,123,0.9937957421571652,0.8651603764553625,0.0132552335007515,0.0272481010783168,0.8731460799574964,0.1246468339704171
mlp,H-Optimus-0,SPIDER-Breast,0.05,456,0.993802912797396,0.8640094204018399,0.0160336124975261,0.0306948116199308,0.8751996083746111,0.1249792255276716
mlp,H-Optimus-0,SPIDER-Breast,0.1,42,0.9945821494105452,0.8762893337613202,0.0072999625694757,0.0258868499557619,0.831587893635783,0.1245637360811035
mlp,H-Optimus-0,SPIDER-Breast,0.1,123,0.9937528849888396,0.8626157504772907,0.0214156527217685,0.037941063660927,0.85691481194355,0.1243975403024763
mlp,H-Optimus-0,SPIDER-Breast,0.1,456,0.9939599425743944,0.8648825925209425,0.0264453430503275,0.0378975429016034,0.9014241522591392,0.1245637360811035
mlp,H-Optimus-0,SPIDER-Breast,0.25,42,0.9944855349634568,0.8742641326488737,0.0243702948276675,0.0362050784338505,0.873369585706061,0.1247299318597307
mlp,H-Optimus-0,SPIDER-Breast,0.25,123,0.9946984731997016,0.8818341802769812,0.0181932094023535,0.0336710873960913,0.8522544447795825,0.1245637360811035
mlp,H-Optimus-0,SPIDER-Breast,0.25,456,0.9948353244937792,0.8774371436772535,0.0252424824152631,0.0357069290489657,0.8891050330446413,0.1248130297490443
mlp,H-Optimus-0,SPIDER-Breast,0.5,42,0.9948606782551956,0.8808680916193035,0.0207170087776648,0.0365892357806024,0.8246172960776281,0.1248961276383579
mlp,H-Optimus-0,SPIDER-Breast,0.5,123,0.9949309081032562,0.8817875062117966,0.0208015094613522,0.036051243330645,0.8384115238487287,0.1246468339704171
mlp,H-Optimus-0,SPIDER-Breast,0.5,456,0.9951758033696588,0.881810505265078,0.0187195539350661,0.0362937189260947,0.8133439956497057,0.1248961276383579
mlp,H-Optimus-0,SPIDER-Breast,1.0,42,0.9950929429030624,0.8810118373054461,0.0212851439141267,0.0430074387166673,0.7726095009224354,0.1248961276383579
mlp,H-Optimus-0,SPIDER-Breast,1.0,123,0.9952965836715848,0.887322453234279,0.014038750689767,0.0352743402289377,0.7648541034439812,0.1248130297490443
mlp,H-Optimus-0,SPIDER-Breast,1.0,456,0.9949054247350504,0.8708943424417697,0.0229584802265913,0.0446380642371972,0.7765947544440034,0.1248130297490443
mlp,MIDNIGHT,BRACS,0.01,42,0.7539899672412903,0.3141679931165431,0.0415437573142218,0.0999479242061313,1.7071354307337432,0.3350877192982456
mlp,MIDNIGHT,BRACS,0.01,123,0.7477522524319353,0.3449683041754295,0.0916277319977158,0.0741400040293994,1.4632284510134574,0.3842105263157894
mlp,MIDNIGHT,BRACS,0.01,456,0.7841306047550786,0.3697611022992929,0.090646328790146,0.0816240675093835,1.473574193077178,0.3456140350877193
mlp,MIDNIGHT,BRACS,0.05,42,0.8513536542155863,0.4824960990695053,0.0845376266983517,0.055007558564345,1.6067447812660822,0.243859649122807
mlp,MIDNIGHT,BRACS,0.05,123,0.8404782928026264,0.5126526914422499,0.0772659924992343,0.0700622212729955,1.5397260551097245,0.2280701754385964
mlp,MIDNIGHT,BRACS,0.05,456,0.8684384854473338,0.5379709718240011,0.0660078419927965,0.0623169345813885,1.3913301967144522,0.2105263157894736
mlp,MIDNIGHT,BRACS,0.1,42,0.8782470785972789,0.5255067181838567,0.0795909136010889,0.0719546692413196,1.4324127839794107,0.2140350877192982
mlp,MIDNIGHT,BRACS,0.1,123,0.8629007265144113,0.5471459115498878,0.0705774873495102,0.0430148857988809,1.4126873271509202,0.2105263157894736
mlp,MIDNIGHT,BRACS,0.1,456,0.8788818556305512,0.5638513897971095,0.0806823457542218,0.0264154503481429,1.2978101655005518,0.1964912280701754
mlp,MIDNIGHT,BRACS,0.25,42,0.8925759657631877,0.5638213377937866,0.0751036050549724,0.0514330214575717,1.391553140817023,0.187719298245614
mlp,MIDNIGHT,BRACS,0.25,123,0.8836719483003476,0.5558111963294788,0.0753181697506653,0.0531238510943295,1.1865291636396211,0.2157894736842105
mlp,MIDNIGHT,BRACS,0.25,456,0.8830391733695867,0.5399107802700591,0.088727868753567,0.0593820989654775,1.295081720557824,0.1859649122807017
mlp,MIDNIGHT,BRACS,0.5,42,0.9020273134713236,0.5960377745216064,0.0819610149191137,0.053838167587916,1.2761895078073109,0.1719298245614035
mlp,MIDNIGHT,BRACS,0.5,123,0.9003860839644251,0.5895369746869353,0.0815444036272534,0.0537015324621869,1.2142648860845686,0.1771929824561403
mlp,MIDNIGHT,BRACS,0.5,456,0.8953848566645777,0.5857864862795815,0.0833191199260845,0.0521787359003435,1.3459003504824898,0.1912280701754386
mlp,MIDNIGHT,BRACS,1.0,42,0.9068706107225122,0.6062192038668471,0.0645173163790451,0.0364639847686416,1.1927173854912478,0.1807017543859649
mlp,MIDNIGHT,BRACS,1.0,123,0.906430266651344,0.6038024109688324,0.0751534612032405,0.0487075299547429,1.1869439155316317,0.175438596491228
mlp,MIDNIGHT,BRACS,1.0,456,0.9066373943340044,0.5907110979571305,0.0958741836903388,0.0615470711076468,1.2080043294500806,0.1684210526315789
mlp,MIDNIGHT,CRC,0.01,42,0.9983749834515316,0.9713016908370604,0.0057418727437655,0.0036192266086737,0.9123414674912872,0.1463333333333333
mlp,MIDNIGHT,CRC,0.01,123,0.9988217502687606,0.9705714176842593,0.0051145546237627,0.0045484760443369,0.8970227470688088,0.1456
mlp,MIDNIGHT,CRC,0.01,456,0.998388870970122,0.9711036811188584,0.0072170564303795,0.0043173130273818,0.9007372586358768,0.1426666666666666
mlp,MIDNIGHT,CRC,0.05,42,0.9992541148569984,0.9829894364499184,0.0037184142092864,0.0025325355609258,0.922000755266468,0.1436
mlp,MIDNIGHT,CRC,0.05,123,0.999395328107279,0.9818019310579644,0.0037305091838042,0.0016710572838783,0.9443271635307158,0.1428666666666666
mlp,MIDNIGHT,CRC,0.05,456,0.9992935985533172,0.9820038981902652,0.0035111457546551,0.0016231105923652,0.9049123125273308,0.1420666666666666
mlp,MIDNIGHT,CRC,0.1,42,0.9995172830944272,0.9865137753213132,0.0036816854139168,0.0018521192053954,0.8989991907014968,0.1429333333333333
mlp,MIDNIGHT,CRC,0.1,123,0.9996423454883536,0.9861315049219204,0.0031211353917916,0.001801810268561,0.8966137805892669,0.1418
mlp,MIDNIGHT,CRC,0.1,456,0.9995341256103494,0.9853134987047244,0.0045981951991716,0.0024451421260834,0.8431115325138581,0.1418
mlp,MIDNIGHT,CRC,0.25,42,0.9998107873127076,0.9891030759034471,0.004377647024393,0.0017112961888313,0.8838820771718626,0.1426
mlp,MIDNIGHT,CRC,0.25,123,0.9998031397019131,0.9889929828060586,0.0049979392111301,0.0017210734506447,0.8005711121662196,0.1418
mlp,MIDNIGHT,CRC,0.25,456,0.99984382560051,0.9904375655356435,0.0052419666945934,0.0016124797483285,0.8044536646236193,0.1418
mlp,MIDNIGHT,CRC,0.5,42,0.9998778422800982,0.9912300585603714,0.0051677798887093,0.0016653295119603,0.7814859459532119,0.1422666666666666
mlp,MIDNIGHT,CRC,0.5,123,0.999884169731006,0.9910388283295182,0.0064689637998739,0.0009159793376923,0.7631428475667877,0.1410666666666666
mlp,MIDNIGHT,CRC,0.5,456,0.9998768325444584,0.991157857680163,0.0059924425125122,0.0014866318523883,0.763125206786508,0.1418
mlp,MIDNIGHT,CRC,1.0,42,0.9999043590969308,0.9924728382175236,0.0057777409891287,0.0018858010133107,0.7718166611950824,0.142
mlp,MIDNIGHT,CRC,1.0,123,0.9999111251152956,0.991617094401231,0.0053935614496469,0.0019003712912401,0.7548289179482047,0.1420666666666666
mlp,MIDNIGHT,CRC,1.0,456,0.9999086162741274,0.9925249116670412,0.0063264944801728,0.0010408101459344,0.7441513083579311,0.1424
mlp,MIDNIGHT,LungHist700,0.01,42,0.7307378921298548,0.4340817028565812,0.1277830531199773,0.1313061068455378,1.0538424998074236,0.2
mlp,MIDNIGHT,LungHist700,0.01,123,0.6193664610098094,0.1980265578061938,0.1468018205392928,0.1418227740696498,1.036494240054904,0.2666666666666666
mlp,MIDNIGHT,LungHist700,0.01,456,0.764898488672689,0.3400721733038807,0.0941388513360704,0.0930109378837403,0.9778964807777872,0.2666666666666666
mlp,MIDNIGHT,LungHist700,0.05,42,0.7822205443892903,0.3690062073093202,0.1636430019424075,0.1799599464450563,0.983470808987031,0.2571428571428571
mlp,MIDNIGHT,LungHist700,0.05,123,0.838244014718465,0.4124668055132146,0.1478598804700942,0.1257734755674998,1.0437943624270347,0.2
mlp,MIDNIGHT,LungHist700,0.05,456,0.8854431964145615,0.5144684944684944,0.1167398370447612,0.084829081523986,0.8599935598336718,0.238095238095238
mlp,MIDNIGHT,LungHist700,0.1,42,0.8811128373523708,0.4474893636384319,0.1836307668969744,0.1588733568077995,1.0545559432039042,0.2476190476190476
mlp,MIDNIGHT,LungHist700,0.1,123,0.8712474799107025,0.5430788952217523,0.1153861528351193,0.1042853914556049,0.9346400299627576,0.2095238095238095
mlp,MIDNIGHT,LungHist700,0.1,456,0.8983292480557623,0.5228573465996523,0.1097053698131016,0.1029634907132103,0.9745656783225602,0.2095238095238095
mlp,MIDNIGHT,LungHist700,0.25,42,0.9348276260251276,0.5823963599938062,0.1441999639783587,0.1085306772163936,1.0853521038549918,0.2476190476190476
mlp,MIDNIGHT,LungHist700,0.25,123,0.9098518618017852,0.5958038334703836,0.1871180173896608,0.1745902674538748,0.9845338952641078,0.2095238095238095
mlp,MIDNIGHT,LungHist700,0.25,456,0.9378527003972624,0.5996987104541193,0.1136236801033928,0.1121860841910044,1.0932947637763983,0.2
mlp,MIDNIGHT,LungHist700,0.5,42,0.9542905884488204,0.7106001338667947,0.1215094645818074,0.0683317053885687,0.9185091468790152,0.2285714285714285
mlp,MIDNIGHT,LungHist700,0.5,123,0.936729106193065,0.7030204991695675,0.0832199215888977,0.123052529210136,1.0417914768628578,0.2095238095238095
mlp,MIDNIGHT,LungHist700,0.5,456,0.9545123818468164,0.6824023830762791,0.0824415925003233,0.0835445013784226,1.0970288004607611,0.2
mlp,MIDNIGHT,LungHist700,1.0,42,0.9838969651159714,0.8533799533799534,0.0888752636455354,0.1143453751291547,1.0585391542492628,0.2571428571428571
mlp,MIDNIGHT,LungHist700,1.0,123,0.9847267090494484,0.8469867769724299,0.0852178729715801,0.0996358320826575,1.056337283335074,0.2476190476190476
mlp,MIDNIGHT,LungHist700,1.0,456,0.9833563985833608,0.8533799533799534,0.0928261558214823,0.0708543036665235,1.0507700945700875,0.2571428571428571
mlp,MIDNIGHT,MHIST,0.01,42,0.5072145687016026,0.3870765370138017,0.0477622232210184,0.0526511757315242,0.9618712707814951,1.0
mlp,MIDNIGHT,MHIST,0.01,123,0.4066450567260939,0.3870765370138017,0.0820587008672946,0.0828819981983032,1.0602008088897537,1.0
mlp,MIDNIGHT,MHIST,0.01,456,0.480276427156492,0.3870765370138017,0.0872714146132845,0.0827072976555526,1.0371813176914224,1.0
mlp,MIDNIGHT,MHIST,0.05,42,0.7158562938951918,0.5415939547594745,0.0870860907665721,0.0783160814182297,1.1573972325507211,0.8546571136131014
mlp,MIDNIGHT,MHIST,0.05,123,0.6245542949756887,0.4812419484001253,0.1388426791941375,0.0968218732705318,1.276625294572768,0.8955987717502559
mlp,MIDNIGHT,MHIST,0.05,456,0.6118719611021071,0.5759043735365321,0.1217629548120279,0.0824681149229422,1.4883085385926142,0.7625383828045036
mlp,MIDNIGHT,MHIST,0.1,42,0.7342427516657662,0.5987365302983775,0.0543317680028834,0.0510907335285032,1.1979376171470786,0.781985670419652
mlp,MIDNIGHT,MHIST,0.1,123,0.7107104267963262,0.6094491615475697,0.0842342024369731,0.0644740078220774,1.1478197206404783,0.7830092118730808
mlp,MIDNIGHT,MHIST,0.1,456,0.7085809472357285,0.5954420795213264,0.0633422996745871,0.0457351693126659,1.1828846043305214,0.7778915046059366
mlp,MIDNIGHT,MHIST,0.25,42,0.7878309022150188,0.6841694195375176,0.0531527116673568,0.0558181127615295,1.1211342362658314,0.7031729785056294
mlp,MIDNIGHT,MHIST,0.25,123,0.7658517918242391,0.6736315036064316,0.051719885237492,0.0502795417475663,1.0179224744538098,0.7308085977482088
mlp,MIDNIGHT,MHIST,0.25,456,0.73363497208716,0.6480110897968143,0.0901515422562402,0.0570188770594958,1.354332998171346,0.7175025588536336
mlp,MIDNIGHT,MHIST,0.5,42,0.781856654060868,0.6831856354323478,0.0447909099868705,0.0394702431657175,1.137726710886282,0.7072671443193449
mlp,MIDNIGHT,MHIST,0.5,123,0.7787502251035476,0.6810941376158768,0.0481808971396305,0.0532255348584547,0.9762921357010635,0.6867963152507677
mlp,MIDNIGHT,MHIST,0.5,456,0.7879344498469295,0.6869109537247091,0.0498898859148198,0.036517073159147,1.1298652839705778,0.6704196519959058
mlp,MIDNIGHT,MHIST,1.0,42,0.8036466774716369,0.7052254758401685,0.0542442323172897,0.0500234707068945,1.0218863606207726,0.6857727737973388
mlp,MIDNIGHT,MHIST,1.0,123,0.8030884206735098,0.7016307542525442,0.0431836817104716,0.0411293653651172,0.9355597756987608,0.6642784032753326
mlp,MIDNIGHT,MHIST,1.0,456,0.8048757428417072,0.7062561269357085,0.0455841488007574,0.0450122335481485,0.9987003802138426,0.6693961105424769
mlp,MIDNIGHT,PCam,0.01,42,0.9553973313960032,0.902308985797016,0.0259356688984553,0.0211008898775162,1.1290830415783115,0.5435791015625
mlp,MIDNIGHT,PCam,0.01,123,0.946965252612894,0.8902378913619693,0.0329307969224146,0.0279553319452929,1.149192320451072,0.554290771484375
mlp,MIDNIGHT,PCam,0.01,456,0.9609212394250212,0.9060337056834964,0.0225520580656848,0.0192475636738436,1.0985866741561705,0.54425048828125
mlp,MIDNIGHT,PCam,0.05,42,0.9565379577516016,0.9126488622666816,0.0327906702813152,0.0311160025493109,1.109249696512415,0.546783447265625
mlp,MIDNIGHT,PCam,0.05,123,0.9594637398187938,0.9095537388584252,0.0341064412712626,0.0291681221704038,1.2201651826741318,0.5474853515625
mlp,MIDNIGHT,PCam,0.05,456,0.952435494100076,0.9086768602793166,0.0363802101466603,0.0331639735159115,1.1242072795859437,0.553009033203125
mlp,MIDNIGHT,PCam,0.1,42,0.9525808530914106,0.9104203185694142,0.0302902093869761,0.0265862180953604,1.197895739763971,0.53826904296875
mlp,MIDNIGHT,PCam,0.1,123,0.9623293938269476,0.9148947930615668,0.0283059410612622,0.0249997828441337,1.1208973067311017,0.54510498046875
mlp,MIDNIGHT,PCam,0.1,456,0.956031184068054,0.9118165322316132,0.0241221858907465,0.0225131550604373,1.0880962576393007,0.543792724609375
mlp,MIDNIGHT,PCam,0.25,42,0.9473946538654644,0.9046842075404444,0.0520557601528821,0.0472019262300591,1.2828611600157338,0.56256103515625
mlp,MIDNIGHT,PCam,0.25,123,0.957101583100772,0.9133463033225832,0.0232802067114903,0.0222951607870527,1.0825393186863388,0.543670654296875
mlp,MIDNIGHT,PCam,0.25,456,0.9526404894120396,0.9092277371274976,0.0395033066092764,0.0360710981078682,1.1753426164861225,0.553009033203125
mlp,MIDNIGHT,PCam,0.5,42,0.9518351764974136,0.909728117717746,0.0428590195942888,0.0391855873322129,1.1546509214192509,0.558013916015625
mlp,MIDNIGHT,PCam,0.5,123,0.9562653130181148,0.9096301000843908,0.0403993968466806,0.0377470694766088,1.0895377609152088,0.55859375
mlp,MIDNIGHT,PCam,0.5,456,0.95367101851806,0.909597924927588,0.0376776596970671,0.033802990483366,1.1432391425065964,0.552703857421875
mlp,MIDNIGHT,PCam,1.0,42,0.9508235290287173,0.9113043783099406,0.0382067276741508,0.0328698012110635,1.329776187567981,0.5501708984375
mlp,MIDNIGHT,PCam,1.0,123,0.9563179178520216,0.9097091591121604,0.047457736948786,0.0409486457897401,1.2483328510098246,0.559783935546875
mlp,MIDNIGHT,PCam,1.0,456,0.9498614577323624,0.907213746961367,0.0530521119270588,0.0485957264036187,1.2177134127718403,0.56622314453125
mlp,MIDNIGHT,SPIDER-Breast,0.01,42,0.9722550580255408,0.6806601810665909,0.0378782079651523,0.0425631088799508,0.981016177030932,0.116752534485624
mlp,MIDNIGHT,SPIDER-Breast,0.01,123,0.9727019941774502,0.6942937937248508,0.0199611745322782,0.0351988029045105,0.929485779312848,0.1158384577031743
mlp,MIDNIGHT,SPIDER-Breast,0.01,456,0.9732551172098196,0.6845538102176092,0.0233601320021688,0.036010051626283,0.9337593229921808,0.1093568223367126
mlp,MIDNIGHT,SPIDER-Breast,0.05,42,0.9859829143360602,0.7764692659085073,0.0121995986699166,0.0308296466356142,0.8997280440816992,0.1203257437261093
mlp,MIDNIGHT,SPIDER-Breast,0.05,123,0.9854144312034891,0.7775968061527821,0.019901234004631,0.0403214856407681,0.8896567015459489,0.1189130796077779
mlp,MIDNIGHT,SPIDER-Breast,0.05,456,0.9855360327002752,0.7778479572458407,0.0213986930210011,0.0428206746822301,0.878401462493445,0.1196609606116004
mlp,MIDNIGHT,SPIDER-Breast,0.1,42,0.9889166313094014,0.8026224218252023,0.0177944830006017,0.0362262783148903,0.8914736504348096,0.1240651487452218
mlp,MIDNIGHT,SPIDER-Breast,0.1,123,0.9879103140626284,0.7914828761128337,0.0178624659687533,0.0481239970149996,0.8246632529839197,0.1226524846268904
mlp,MIDNIGHT,SPIDER-Breast,0.1,456,0.988891843133142,0.8100204231984083,0.0209342217066962,0.0387058673676945,0.8795071328363777,0.1238989529665946
mlp,MIDNIGHT,SPIDER-Breast,0.25,42,0.9904456813390738,0.825132000751438,0.0156276651570046,0.0386934154786916,0.8308512332258878,0.1248961276383579
mlp,MIDNIGHT,SPIDER-Breast,0.25,123,0.9903905118470742,0.8304480223075528,0.0190160437286623,0.0423429029114087,0.8363902906636623,0.1237327571879674
mlp,MIDNIGHT,SPIDER-Breast,0.25,456,0.9901543305290432,0.8317941713707735,0.0141277337725106,0.0366532442076213,0.8387613779226778,0.1248130297490443
mlp,MIDNIGHT,SPIDER-Breast,0.5,42,0.9911834896473698,0.8270507981009022,0.0155027484453475,0.0472492637669641,0.77790880745491,0.1237327571879674
mlp,MIDNIGHT,SPIDER-Breast,0.5,123,0.9915352429854498,0.8379499864989478,0.0167701386852638,0.0438484505911057,0.7876361120185068,0.1243975403024763
mlp,MIDNIGHT,SPIDER-Breast,0.5,456,0.9917566829306228,0.8332293052787463,0.0138167878366772,0.0423875873023358,0.789908365678853,0.1238989529665946
mlp,MIDNIGHT,SPIDER-Breast,1.0,42,0.9926898411635408,0.8508593732197309,0.0095404527817668,0.037449172309304,0.7430347716248272,0.1243144424131627
mlp,MIDNIGHT,SPIDER-Breast,1.0,123,0.9920078573470889,0.8431815164065785,0.009232075736038,0.0417173486552762,0.7492247044756382,0.1246468339704171
mlp,MIDNIGHT,SPIDER-Breast,1.0,456,0.9925656360810132,0.8482627699469313,0.0087571666090417,0.0354482912880569,0.7511578334746231,0.1242313445238491
mlp,PLIP,BRACS,0.01,42,0.6702425523693759,0.0707825337927378,0.0133271330804155,0.0148384535521791,1.0758246742790416,0.8
mlp,PLIP,BRACS,0.01,123,0.7420794312905469,0.3424640633065668,0.0546188350047981,0.0603533938265683,1.094028272067337,0.3070175438596491
mlp,PLIP,BRACS,0.01,456,0.7893345204123559,0.3553026832724231,0.0763242401051939,0.0674261693368878,1.0646250359420115,0.3
mlp,PLIP,BRACS,0.05,42,0.8204812183849007,0.4655845192671948,0.067495913437584,0.0658816546724553,0.9883783790601832,0.2596491228070175
mlp,PLIP,BRACS,0.05,123,0.8104509962909962,0.4202801588633287,0.0564751904784587,0.0689555293635318,1.0579603107936224,0.2403508771929824
mlp,PLIP,BRACS,0.05,456,0.8409970811706156,0.474773865485659,0.0606038385315945,0.04314449900075,1.1832974691291431,0.2403508771929824
mlp,PLIP,BRACS,0.1,42,0.8527772831219643,0.5008863534256675,0.0410375773906707,0.0498194141868959,1.0661922989746642,0.2122807017543859
mlp,PLIP,BRACS,0.1,123,0.845384469614597,0.4692060209744788,0.1132276308902523,0.0933988932716219,1.1989863206687632,0.2228070175438596
mlp,PLIP,BRACS,0.1,456,0.8519686427028024,0.4811139042031777,0.0838397951502549,0.0539413377904055,1.1481852444963714,0.2491228070175438
mlp,PLIP,BRACS,0.25,42,0.865903415641258,0.5094167123111609,0.0945731644044842,0.0790565495951133,1.1230355849960896,0.2035087719298245
mlp,PLIP,BRACS,0.25,123,0.85854966835952,0.5131589770708068,0.1001318974975954,0.0832274038540689,1.063589289206028,0.1912280701754386
mlp,PLIP,BRACS,0.25,456,0.8636049083269504,0.524535037624035,0.086752406546944,0.0568654756796987,1.1925942170875357,0.1912280701754386
mlp,PLIP,BRACS,0.5,42,0.8716260648367048,0.5371677583656455,0.100450029812361,0.0629632158237591,1.139954273050399,0.1982456140350877
mlp,PLIP,BRACS,0.5,123,0.8743611613484289,0.5190440661142147,0.1000613020177473,0.0929582715557332,1.06455696885025,0.1982456140350877
mlp,PLIP,BRACS,0.5,456,0.867469790870396,0.5314887509092007,0.1207738143310212,0.1083821347930975,1.1332365735570604,0.1824561403508772
mlp,PLIP,BRACS,1.0,42,0.8755305151455636,0.5313376871847498,0.0868560783695756,0.0756757507721583,1.0423589436035965,0.1771929824561403
mlp,PLIP,BRACS,1.0,123,0.8782004732672674,0.5413765754339496,0.0887993280302014,0.0726822259656169,1.0613529806938378,0.1701754385964912
mlp,PLIP,BRACS,1.0,456,0.8780307952891276,0.5335672215206033,0.0991627190196723,0.0874344775551243,1.046485106962141,0.175438596491228
mlp,PLIP,CRC,0.01,42,0.9976970344522096,0.9519403077097396,0.008614101199309,0.0028271825273831,0.8920613049321285,0.1487333333333333
mlp,PLIP,CRC,0.01,123,0.998303636126348,0.9590737045072556,0.0218231687843799,0.0026619689087072,0.7609176553091398,0.1444
mlp,PLIP,CRC,0.01,456,0.9978744744846848,0.9522129194956068,0.0157481683373451,0.0043531409899393,0.8179390828469223,0.1424
mlp,PLIP,CRC,0.05,42,0.9990787792772128,0.9760440271185348,0.012398030044635,0.0023774257779121,0.8072543041040676,0.1439333333333333
mlp,PLIP,CRC,0.05,123,0.9991760322039248,0.9767769585429674,0.01394933223327,0.0038580939769744,0.7964463134758059,0.1422
mlp,PLIP,CRC,0.05,456,0.9990582075980892,0.9750118657070096,0.0151691591084003,0.0014411828160286,0.75320361970752,0.1412666666666666
mlp,PLIP,CRC,0.1,42,0.9993330137198476,0.9802244426627684,0.0100754874249299,0.0021273948272069,0.8169772222531277,0.1425333333333333
mlp,PLIP,CRC,0.1,123,0.9993999371790638,0.9800554415175746,0.0108263552069663,0.0032929495473703,0.7997804806677528,0.1415333333333333
mlp,PLIP,CRC,0.1,456,0.9993719042903924,0.980902591946228,0.0124554467260837,0.0021622087677319,0.7558916424735731,0.1413333333333333
mlp,PLIP,CRC,0.25,42,0.9996630548401096,0.9853491475579746,0.0105565383116404,0.0017069455782572,0.7738382438104392,0.1418666666666666
mlp,PLIP,CRC,0.25,123,0.9996618241687786,0.9845879602846452,0.0106931022862593,0.0026030336836973,0.7681398613588672,0.1414
mlp,PLIP,CRC,0.25,456,0.9996770987707548,0.9864029154207938,0.012042829922835,0.0021026631434758,0.7521490516751567,0.1422
mlp,PLIP,CRC,0.5,42,0.9997485542609446,0.9862603085813506,0.0106284998496373,0.0015142480552196,0.7449449726523123,0.1414666666666666
mlp,PLIP,CRC,0.5,123,0.9996985859759132,0.9864203331011708,0.0106462403833866,0.0022515122314294,0.7414485456607481,0.1429333333333333
mlp,PLIP,CRC,0.5,456,0.9997121208295456,0.9866830443607782,0.0113564589142799,0.0014767969290415,0.7382975560409726,0.1426666666666666
mlp,PLIP,CRC,1.0,42,0.999752735683306,0.9878257204257284,0.0118106080412864,0.0017656056563059,0.7237775389568307,0.1427333333333333
mlp,PLIP,CRC,1.0,123,0.999728132453173,0.9877694889939206,0.0114131952424843,0.0010428265790144,0.7309567166045969,0.1426666666666666
mlp,PLIP,CRC,1.0,456,0.9997228383772554,0.9883423617022364,0.0125547748406728,0.0015457683384418,0.7081046700490381,0.142
mlp,PLIP,LungHist700,0.01,42,0.7122129044037331,0.4012495441066869,0.1002177110740116,0.1357890171664101,0.9678873203984664,0.2571428571428571
mlp,PLIP,LungHist700,0.01,123,0.7795580079592043,0.3918796707597353,0.050626105921609,0.0964913281656447,0.9004584881542154,0.238095238095238
mlp,PLIP,LungHist700,0.01,456,0.8048493816902644,0.4288337416244392,0.0842531344720295,0.0966775948093051,1.1530384846011514,0.2952380952380952
mlp,PLIP,LungHist700,0.05,42,0.8403284337107214,0.4231864637746991,0.1671898932684035,0.208551914351327,0.9448912841649872,0.2952380952380952
mlp,PLIP,LungHist700,0.05,123,0.8473061145395643,0.5057575764822531,0.1323089454855237,0.111675846292859,0.8985071557971052,0.2571428571428571
mlp,PLIP,LungHist700,0.05,456,0.9019761955665836,0.5612052538152019,0.1116228333541325,0.0768701411428905,0.884907565863856,0.219047619047619
mlp,PLIP,LungHist700,0.1,42,0.903753466209804,0.5427744804215393,0.0986977534634726,0.1018339622588384,0.8938801263712752,0.2857142857142857
mlp,PLIP,LungHist700,0.1,123,0.8694349287635468,0.5329601245336876,0.0983074613979884,0.1176554166135333,0.8675422540974419,0.2476190476190476
mlp,PLIP,LungHist700,0.1,456,0.9140967622099442,0.6190804765555596,0.1108993491956165,0.1414620197954632,0.91045380191103,0.2095238095238095
mlp,PLIP,LungHist700,0.25,42,0.9215308497534396,0.5820074765049086,0.1137688239415486,0.113007214523497,1.0541833265593978,0.2571428571428571
mlp,PLIP,LungHist700,0.25,123,0.9089763607771096,0.6166059407545477,0.1339149239517393,0.139412294115339,0.9935496864284576,0.2285714285714285
mlp,PLIP,LungHist700,0.25,456,0.9481413953356804,0.6212815227100942,0.0911442535264151,0.0666011012735821,1.031024248826751,0.2095238095238095
mlp,PLIP,LungHist700,0.5,42,0.9422737681234212,0.6667566255306745,0.1457661725225902,0.108199808143434,1.0501065099361775,0.2571428571428571
mlp,PLIP,LungHist700,0.5,123,0.9336669626695756,0.6334690371522126,0.1072903374830881,0.1048230233646574,0.9595009807120776,0.2571428571428571
mlp,PLIP,LungHist700,0.5,456,0.9593196661989002,0.7402494331065759,0.0977195189112708,0.0898119676680792,1.090779082106346,0.1904761904761904
mlp,PLIP,LungHist700,1.0,42,0.9727450165416044,0.754289615899523,0.1076815642061687,0.1304810637519473,0.8356278848690548,0.2285714285714285
mlp,PLIP,LungHist700,1.0,123,0.9716005840780164,0.7345633202776061,0.0913213409128643,0.1012787432897658,0.8279146371813654,0.2285714285714285
mlp,PLIP,LungHist700,1.0,456,0.972342271075396,0.7636289875667389,0.1218412016119275,0.1162054399649302,0.8165272074127073,0.219047619047619
mlp,PLIP,MHIST,0.01,42,0.7321988114532685,0.5606367525619341,0.0649290771558194,0.0731183868759486,0.92232583106484,0.827021494370522
mlp,PLIP,MHIST,0.01,123,0.6342787682333874,0.3914846320078182,0.1165096222622245,0.1016748014193108,1.1142226316035435,0.9938587512794268
mlp,PLIP,MHIST,0.01,456,0.7311903475598776,0.5360244233378562,0.102465592904308,0.0824696053746046,1.2572239684827995,0.8771750255885363
mlp,PLIP,MHIST,0.05,42,0.7771745002701242,0.6207032150120726,0.0784957316096875,0.0717478561669801,1.096641526292238,0.7727737973387923
mlp,PLIP,MHIST,0.05,123,0.7657932649018548,0.6186572989851677,0.0798194165872514,0.0747153946716136,1.2146016005025724,0.744114636642784
mlp,PLIP,MHIST,0.05,456,0.7572528363047002,0.6408956811916622,0.0832968194918476,0.0542974142050761,1.187059135210414,0.7338792221084954
mlp,PLIP,MHIST,0.1,42,0.7922024131100306,0.6744441608530429,0.0505715598187341,0.0525611928123656,1.1943028210494364,0.7052200614124872
mlp,PLIP,MHIST,0.1,123,0.8005177381595533,0.692885967384786,0.0480990896350346,0.0499503935173443,1.0716306660302508,0.6796315250767656
mlp,PLIP,MHIST,0.1,456,0.8055825679812714,0.703969991356308,0.0584586381820719,0.0442752791006221,1.3322459886119902,0.6970317297850563
mlp,PLIP,MHIST,0.25,42,0.8419007743562039,0.749361817167377,0.0513832210396304,0.0250708669111391,1.2659060076815627,0.6673490276356192
mlp,PLIP,MHIST,0.25,123,0.8396767513056006,0.7426584260696865,0.0463255468046744,0.0308635580327701,1.2033584005577442,0.6079836233367452
mlp,PLIP,MHIST,0.25,456,0.824738879884747,0.7142160686427457,0.0676529166005559,0.0540622586904888,1.2114651782396362,0.6806550665301945
mlp,PLIP,MHIST,0.5,42,0.8518143345939132,0.7514005912132262,0.0476724256779483,0.0357293262753631,1.1439655373693742,0.5987717502558854
mlp,PLIP,MHIST,0.5,123,0.8620205294435439,0.7844391848523748,0.0432841795265003,0.033208470879277,1.1630634512243527,0.6131013306038895
mlp,PLIP,MHIST,0.5,456,0.8589501170538447,0.7662637618166045,0.0396156931179694,0.0297561873250022,1.1724173510059726,0.6192425793244627
mlp,PLIP,MHIST,1.0,42,0.8733612461732396,0.7786057051452946,0.0491656474959764,0.0403107623040615,1.0967554948100702,0.6069600818833163
mlp,PLIP,MHIST,1.0,123,0.8735638393661084,0.7769406392694065,0.0494551689286803,0.0486932075091522,1.0269983342636697,0.6212896622313203
mlp,PLIP,MHIST,1.0,456,0.8739915361066091,0.7788460130748397,0.0360680731926628,0.0343842082709348,1.066264536172426,0.6325486182190379
mlp,PLIP,PCam,0.01,42,0.9472071823222634,0.8755017905329834,0.0125853013890946,0.0070938198241492,0.9324853239924744,0.511474609375
mlp,PLIP,PCam,0.01,123,0.9500987662182732,0.8786662650986747,0.0076211489950423,0.0109220669508545,1.0888869120777354,0.5145263671875
mlp,PLIP,PCam,0.01,456,0.9515369744051684,0.8817129354236422,0.0150343705798832,0.015474317067742,1.0295324842219762,0.522674560546875
mlp,PLIP,PCam,0.05,42,0.9539809645901144,0.8848835035446627,0.0150524315760662,0.0151313547551126,1.0029012959365105,0.523590087890625
mlp,PLIP,PCam,0.05,123,0.9538530194714592,0.8842439302898488,0.0181441570035758,0.0183222507200753,1.0446459660773244,0.528350830078125
mlp,PLIP,PCam,0.05,456,0.956368555732292,0.8844573065397703,0.0270536817565698,0.025878298238922,1.071784321819735,0.5364990234375
mlp,PLIP,PCam,0.1,42,0.9483620188002996,0.8748036145269497,0.0329382026797588,0.0298512331689835,1.100329839685894,0.5423583984375
mlp,PLIP,PCam,0.1,123,0.954017489205513,0.8789541743796494,0.0430317447469405,0.0413847929035,1.1012468345177355,0.553466796875
mlp,PLIP,PCam,0.1,456,0.954699325488012,0.8847286326027323,0.0124464150972016,0.0123571423816883,1.0346717928708995,0.52398681640625
mlp,PLIP,PCam,0.25,42,0.949965903715526,0.8709686070222118,0.055450119538591,0.0535983913076165,1.1052790391263645,0.565216064453125
mlp,PLIP,PCam,0.25,123,0.9492263514998972,0.8717249762471462,0.0484993001996372,0.0464420491766759,1.1024631581575843,0.560150146484375
mlp,PLIP,PCam,0.25,456,0.953471773192722,0.8824196420590391,0.0306373412363427,0.0299154844371969,1.0404980864905626,0.542022705078125
mlp,PLIP,PCam,0.5,42,0.9527125067372356,0.880325041988826,0.0305670596203526,0.0280122424738919,1.109694867113745,0.54052734375
mlp,PLIP,PCam,0.5,123,0.9557845269644328,0.8853872039855513,0.0309702975786194,0.0290250659522825,1.109385863143555,0.54180908203125
mlp,PLIP,PCam,0.5,456,0.9522749433721314,0.8756868829108422,0.052890214023705,0.0514374963884165,1.0869781578713364,0.56341552734375
mlp,PLIP,PCam,1.0,42,0.9525884675861706,0.8825976684223975,0.02558941154075,0.0234154720214974,1.1108400971497854,0.535980224609375
mlp,PLIP,PCam,1.0,123,0.952959683518948,0.8789255829422197,0.0403852811939486,0.0390270460463852,1.081432732648173,0.5509033203125
mlp,PLIP,PCam,1.0,456,0.9536541410872824,0.885005308302263,0.0171002777208286,0.0132355723748105,1.117564224923528,0.523651123046875
mlp,PLIP,SPIDER-Breast,0.01,42,0.962516477369192,0.612218569529587,0.0212840199487855,0.0419272003945805,0.9154780034187812,0.1054512215389729
mlp,PLIP,SPIDER-Breast,0.01,123,0.9621793245207664,0.6145008964820753,0.0197870314148487,0.0455771972974293,0.8167272189414687,0.122735582516204
mlp,PLIP,SPIDER-Breast,0.01,456,0.9654114527504836,0.628545229550083,0.0084379763166453,0.0388223331583206,0.8582548430781742,0.1070300814359315
mlp,PLIP,SPIDER-Breast,0.05,42,0.9801986152858528,0.7203976193412436,0.0122402341649721,0.0306178921465563,0.8429279637582925,0.1211567226192454
mlp,PLIP,SPIDER-Breast,0.05,123,0.9783996799100908,0.7120872805839771,0.0122424116302749,0.0393896460290444,0.8296171540768827,0.1224031909589496
mlp,PLIP,SPIDER-Breast,0.05,456,0.9787036144944198,0.7159091462656171,0.012010013161158,0.0422634234435537,0.8226875133932133,0.1218215057337543
mlp,PLIP,SPIDER-Breast,0.1,42,0.9831879535555008,0.7385756583640046,0.012069604005581,0.0407381039846472,0.8174439167300975,0.1229848761841449
mlp,PLIP,SPIDER-Breast,0.1,123,0.9814497027359302,0.7373009583025083,0.0125587508986316,0.0432774100526337,0.8070430390375117,0.123815855077281
mlp,PLIP,SPIDER-Breast,0.1,456,0.9825189236730452,0.7531748720549418,0.0103823539400211,0.0329588846397475,0.8256355219810725,0.1224031909589496
mlp,PLIP,SPIDER-Breast,0.25,42,0.9860950580718356,0.7719453971566841,0.0093393143435461,0.0414106515563562,0.8065544023835897,0.1221538972910088
mlp,PLIP,SPIDER-Breast,0.25,123,0.9861798564756424,0.7787124055351745,0.0108128612384618,0.036184213214763,0.8022214877915068,0.1241482466345354
mlp,PLIP,SPIDER-Breast,0.25,456,0.9854420734965992,0.7695081426176017,0.0099884622320297,0.0408629503795152,0.7979871155630609,0.1236496592986538
mlp,PLIP,SPIDER-Breast,0.5,42,0.9868955984310708,0.7830072922444877,0.0051680498279585,0.0461436726656866,0.7705401811786876,0.1228186804055177
mlp,PLIP,SPIDER-Breast,0.5,123,0.987413403408304,0.7920004951525106,0.0096215845833431,0.0377441917542843,0.7744220783328648,0.1248961276383579
mlp,PLIP,SPIDER-Breast,0.5,456,0.9872515420757308,0.7874075390562596,0.0078672381736757,0.0412610378552854,0.7752594715114807,0.1220707994016952
mlp,PLIP,SPIDER-Breast,1.0,42,0.9875141064728626,0.7934586421035571,0.0100841099947061,0.0448228427445312,0.7421584174761988,0.122320093069636
mlp,PLIP,SPIDER-Breast,1.0,123,0.9876227471790036,0.7945601790245752,0.0107831092461886,0.0448907740848769,0.7419556682241513,0.1239820508559082
mlp,PLIP,SPIDER-Breast,1.0,456,0.9876023541728244,0.7817258964166158,0.0073412074160294,0.0521295223807959,0.7477341632592823,0.1233172677413993
mlp,UNI,BRACS,0.01,42,0.7730159539297612,0.3669579245486289,0.0753315901024299,0.0385443764036161,1.119440436556216,0.2982456140350877
mlp,UNI,BRACS,0.01,123,0.7972076156795888,0.3300703924594754,0.0832647221130237,0.0381979543911783,1.2372621935586874,0.3736842105263158
mlp,UNI,BRACS,0.01,456,0.7993873025662912,0.3735814310245326,0.08638843151561,0.0357279007633527,1.1927238732380423,0.3473684210526316
mlp,UNI,BRACS,0.05,42,0.8503263409857087,0.4708901730355057,0.0863740907426466,0.0754240708392963,1.0216102180438933,0.2298245614035087
mlp,UNI,BRACS,0.05,123,0.8626180723071958,0.550646584328012,0.0716620006582193,0.0756687653169297,1.063739084826947,0.2157894736842105
mlp,UNI,BRACS,0.05,456,0.8742432063421529,0.5290216618686939,0.0590177213675097,0.0507013956444305,1.0137250183960975,0.2456140350877192
mlp,UNI,BRACS,0.1,42,0.8666448690867413,0.5359457370332565,0.1045745227681963,0.0679964994913653,1.1206426540881145,0.2035087719298245
mlp,UNI,BRACS,0.1,123,0.8801652057261453,0.5601313226523944,0.0680503208124846,0.074979701455225,1.0511008026884971,0.2140350877192982
mlp,UNI,BRACS,0.1,456,0.8807081003572479,0.5506959489562335,0.0798815163081152,0.0747941583395004,1.0317114082861951,0.2122807017543859
mlp,UNI,BRACS,0.25,42,0.8894478350899861,0.5737191833402246,0.125372067825836,0.0970312452629992,1.1775505080390931,0.1701754385964912
mlp,UNI,BRACS,0.25,123,0.8974439261509356,0.5807371615908029,0.0851924925519709,0.0890360591181537,1.0198620296042815,0.187719298245614
mlp,UNI,BRACS,0.25,456,0.8909447259570719,0.5921828418615942,0.1204116057931331,0.0962757297775201,1.1340568146336316,0.1771929824561403
mlp,UNI,BRACS,0.5,42,0.8972686450303479,0.6005906510180633,0.1109419643617512,0.0910085406742597,1.1127836997415523,0.1701754385964912
mlp,UNI,BRACS,0.5,123,0.9038344250515762,0.6215678228264618,0.0773593376080195,0.060507957977161,1.109405272824133,0.1631578947368421
mlp,UNI,BRACS,0.5,456,0.9005405534942723,0.6063338853601037,0.0739338059697234,0.0683422962824503,1.0252865819040695,0.1789473684210526
mlp,UNI,BRACS,1.0,42,0.906221853675052,0.617750189289545,0.1089772143384866,0.0945740863157991,1.0935657383835498,0.1649122807017544
mlp,UNI,BRACS,1.0,123,0.9064278926778252,0.6182066424707522,0.1200724894540351,0.0950534483842682,1.144343692378592,0.1666666666666666
mlp,UNI,BRACS,1.0,456,0.9071580545572686,0.6199837818407531,0.1223088216886185,0.0863220864743517,1.1665723870104383,0.1649122807017544
mlp,UNI,CRC,0.01,42,0.9994486091730216,0.9877882554841232,0.0126725485006967,0.003099906984965,0.7930743891197366,0.1442
mlp,UNI,CRC,0.01,123,0.999713603068534,0.9886723077924402,0.0152892898033062,0.0023492192367712,0.7303935001697396,0.1419333333333333
mlp,UNI,CRC,0.01,456,0.9994321891551864,0.9859719702473372,0.013536786186695,0.0022541326840718,0.7690000342070922,0.1430666666666666
mlp,UNI,CRC,0.05,42,0.999634774469676,0.993277410234929,0.0052428433855374,0.002047470096747,0.8465365926740359,0.1417333333333333
mlp,UNI,CRC,0.05,123,0.9998787494622062,0.9929274134792953,0.0054058492004871,0.001283092645804,0.827030514359548,0.1416666666666666
mlp,UNI,CRC,0.05,456,0.9997469877789515,0.9926351762510682,0.0059459614396095,0.0010030238290628,0.7833862265856218,0.1423333333333333
mlp,UNI,CRC,0.1,42,0.9997244939483572,0.993988075003738,0.0038377012312411,0.0013367902596791,0.8403596273217513,0.1412666666666666
mlp,UNI,CRC,0.1,123,0.9999131059317368,0.994823657341944,0.0040202591180801,0.0012750400066375,0.8414930821148776,0.1417333333333333
mlp,UNI,CRC,0.1,456,0.9997346477503188,0.9944799819056258,0.004300282037258,0.0013819223562876,0.8025467803430442,0.1419333333333333
mlp,UNI,CRC,0.25,42,0.9999288757578436,0.995419919350566,0.0036122516115506,0.0016422437191009,0.7831647155694592,0.1418666666666666
mlp,UNI,CRC,0.25,123,0.9999697303781828,0.9958174649074796,0.0039049659649531,0.0007405804157256,0.7894326689962137,0.1418
mlp,UNI,CRC,0.25,456,0.99997841086136,0.9961580922972544,0.0045030729969342,0.000525554994742,0.7524621138939177,0.1422
mlp,UNI,CRC,0.5,42,0.9999894240973504,0.996590327816258,0.0048017238318919,0.0014219051917393,0.6938237123091866,0.1419333333333333
mlp,UNI,CRC,0.5,123,0.9999732245267696,0.9967420267048336,0.0046804641385873,0.0008856810172399,0.7094368143755652,0.1419333333333333
mlp,UNI,CRC,0.5,456,0.9999837683666496,0.9964920870371602,0.0054476390679677,0.0006112960497538,0.684153044831964,0.1421333333333333
mlp,UNI,CRC,1.0,42,0.999987609582544,0.9974490422589356,0.0048370474199454,0.000753128794829,0.7062316881855379,0.1426
mlp,UNI,CRC,1.0,123,0.9999895684207716,0.9973127908094122,0.0045889161586761,0.0004556602617104,0.6943351132805895,0.142
mlp,UNI,CRC,1.0,456,0.999986608087818,0.9973870333024636,0.0049958158532778,0.0008563762406508,0.6782150174535303,0.1422
mlp,UNI,LungHist700,0.01,42,0.6741689220106053,0.3368847703579249,0.1140040373518353,0.1135466029246648,1.0529670847269983,0.3047619047619048
mlp,UNI,LungHist700,0.01,123,0.7282126338886805,0.3124399509844253,0.1580605914195378,0.0934236790452684,1.215546253743739,0.3238095238095238
mlp,UNI,LungHist700,0.01,456,0.6976187324571589,0.3782680639823496,0.1590434026150476,0.1453998256297338,1.2685873254959854,0.2666666666666666
mlp,UNI,LungHist700,0.05,42,0.7963019583949827,0.4390966927809033,0.1576843730040959,0.1013871329171317,1.3090750225776286,0.3523809523809524
mlp,UNI,LungHist700,0.05,123,0.8326579641276,0.442085692085692,0.1216637702215285,0.0911492459830783,1.0925098152962098,0.2666666666666666
mlp,UNI,LungHist700,0.05,456,0.9076867297115327,0.5880440309632855,0.1661267247937974,0.1638392332054319,0.8025079486251085,0.2476190476190476
mlp,UNI,LungHist700,0.1,42,0.8918009467667832,0.5203209488923773,0.1173651204222724,0.1419189383586248,0.9214758558289364,0.3047619047619048
mlp,UNI,LungHist700,0.1,123,0.8994094895144763,0.5905794135836153,0.0811791113444737,0.0875099443254016,0.9479387471789892,0.2285714285714285
mlp,UNI,LungHist700,0.1,456,0.9373659800612107,0.6150310116602002,0.0984690302894229,0.1120745965412684,0.8237284512376623,0.2
mlp,UNI,LungHist700,0.25,42,0.941511299731088,0.6767601726681011,0.1069774241674514,0.0970280738103957,0.9714047852899352,0.2476190476190476
mlp,UNI,LungHist700,0.25,123,0.9389928887179828,0.6648536068854307,0.1121400645800999,0.1122732134092421,1.003928173085972,0.238095238095238
mlp,UNI,LungHist700,0.25,456,0.9705142175963736,0.7462960794245527,0.1436339335782187,0.1194722482136317,0.9039690550647091,0.238095238095238
mlp,UNI,LungHist700,0.5,42,0.9611061043399092,0.7386136336512276,0.0660454287415459,0.0404893988654726,0.9605952653419044,0.238095238095238
mlp,UNI,LungHist700,0.5,123,0.9628510908092872,0.82862074369043,0.1119393811339423,0.1227763993399483,0.9820884490348012,0.2761904761904762
mlp,UNI,LungHist700,0.5,456,0.9738816081142372,0.8403259484893987,0.13047776222229,0.1322474581854684,0.9271445487622904,0.2571428571428571
mlp,UNI,LungHist700,1.0,42,0.9834190691938992,0.8419473415164799,0.0845985844021751,0.0698216835657755,0.9753980675789898,0.2571428571428571
mlp,UNI,LungHist700,1.0,123,0.9832436907266604,0.8419473415164799,0.087698381287711,0.0684653072130112,0.9674086054938104,0.2571428571428571
mlp,UNI,LungHist700,1.0,456,0.983430371064247,0.8419473415164799,0.0870459145023709,0.0870508446579887,0.9613776693591,0.2571428571428571
mlp,UNI,MHIST,0.01,42,0.7245678011885467,0.6158154701961348,0.0843706718563057,0.0822698124050484,0.9538631465616684,0.7236438075742068
mlp,UNI,MHIST,0.01,123,0.5571087700342157,0.4109537682077264,0.077517631346457,0.0545158871090155,1.2495797391931185,0.984646878198567
mlp,UNI,MHIST,0.01,456,0.7142175400684315,0.5639434393513834,0.0775847839021878,0.0648095230424172,1.103234001828067,0.8812691914022518
mlp,UNI,MHIST,0.05,42,0.8691112911939493,0.7718915126502364,0.0553964552533419,0.0629653690712661,1.1786739782572089,0.6816786079836233
mlp,UNI,MHIST,0.05,123,0.7635062128579145,0.6599867589245434,0.0829519765373384,0.0499915238260124,1.2693946826258895,0.6939611054247697
mlp,UNI,MHIST,0.05,456,0.744250855393481,0.6563427509217323,0.0945882956090334,0.0585465591816477,1.3875271467968602,0.797338792221085
mlp,UNI,MHIST,0.1,42,0.8584233747523862,0.7563502643487408,0.0298089244981566,0.0360848301966334,1.2390592207242297,0.6438075742067554
mlp,UNI,MHIST,0.1,123,0.8581577525661804,0.7558819556996218,0.0319078029243002,0.0311112152212351,1.1086395455557707,0.631525076765609
mlp,UNI,MHIST,0.1,456,0.8561003061408248,0.7475392347446779,0.0507947873141132,0.0459525527388711,1.0958745129839012,0.7093142272262026
mlp,UNI,MHIST,0.25,42,0.8837925445705024,0.7963893443749256,0.0303260555267791,0.0429493484212163,1.1824752602431046,0.6601842374616171
mlp,UNI,MHIST,0.25,123,0.8915631190347559,0.7974326383066952,0.0396728115642449,0.0421667008478663,1.2233040964321908,0.6335721596724667
mlp,UNI,MHIST,0.25,456,0.8450612281649559,0.751893064918275,0.0628972726291619,0.0566474683601847,1.0676755154893454,0.6724667349027635
mlp,UNI,MHIST,0.5,42,0.9054970286331712,0.8202770972981219,0.0174329885288295,0.0258868541053764,1.1215209901487446,0.6253838280450358
mlp,UNI,MHIST,0.5,123,0.9066765712227624,0.8184556823748683,0.0329435814473255,0.0317255141196377,1.203473513753112,0.6325486182190379
mlp,UNI,MHIST,0.5,456,0.8944984692958762,0.8038618071651489,0.038777029540241,0.0256114823909566,1.14206297749492,0.654042988741044
mlp,UNI,MHIST,1.0,42,0.9125472717450028,0.8376274536226025,0.0391753924669299,0.0394097697733307,1.088885816344823,0.6274309109518935
mlp,UNI,MHIST,1.0,123,0.914086980010805,0.8390786184240214,0.0408091033192136,0.0402861032901882,1.0906340573991014,0.6356192425793245
mlp,UNI,MHIST,1.0,456,0.9140959841527104,0.8407088935542949,0.0449558366185384,0.0465693370102616,1.062722580385102,0.617195496417605
mlp,UNI,PCam,0.01,42,0.9817431628905796,0.9415757014378934,0.0164381400538218,0.0166207642525932,1.0198885240525817,0.52728271484375
mlp,UNI,PCam,0.01,123,0.9783203692648488,0.9364647381041526,0.0211999311975432,0.0219010205593121,1.0222227755901123,0.530181884765625
mlp,UNI,PCam,0.01,456,0.9795167837154952,0.9404479677706836,0.0137834035050445,0.0152589934727984,1.0899792778182122,0.526580810546875
mlp,UNI,PCam,0.05,42,0.9811612165603772,0.9421299097005076,0.0227838813652852,0.0211767865164347,1.0764407955993196,0.534515380859375
mlp,UNI,PCam,0.05,123,0.9811082317467904,0.9431326676102926,0.0292545018364762,0.0252429547672363,1.2742483901405632,0.535888671875
mlp,UNI,PCam,0.05,456,0.9804928248530196,0.9417121551004196,0.0228571006603033,0.0191645099678794,1.2165834053175022,0.531951904296875
mlp,UNI,PCam,0.1,42,0.9811079914655224,0.9432661963541494,0.0219724406988461,0.0199667069914539,1.1414344236109584,0.53302001953125
mlp,UNI,PCam,0.1,123,0.9793714694276529,0.9426163235266336,0.0263006501459131,0.0229906746710071,1.237959201313615,0.535125732421875
mlp,UNI,PCam,0.1,456,0.9814623094784212,0.9424324909376852,0.0288166228986028,0.0260688642977129,1.175161742643101,0.535247802734375
mlp,UNI,PCam,0.25,42,0.9802500793049256,0.9397241735625266,0.0326989390775338,0.0291026606071227,1.2606199071380284,0.539520263671875
mlp,UNI,PCam,0.25,123,0.980927217995501,0.943120940339052,0.0254848270045613,0.0229122610111289,1.2512516715748787,0.530975341796875
mlp,UNI,PCam,0.25,456,0.9789152162777096,0.9411239677374869,0.0282583674431862,0.0251044095573434,1.3101966370781437,0.533935546875
mlp,UNI,PCam,0.5,42,0.9816574290440008,0.9409042524301228,0.0364191530703124,0.0335292802219555,1.2140522085725636,0.5419921875
mlp,UNI,PCam,0.5,123,0.9828593755517504,0.9427832413908266,0.031454203100111,0.0280695017272591,1.2187411278287537,0.538970947265625
mlp,UNI,PCam,0.5,456,0.9828544507170768,0.942322409574658,0.0341787900151757,0.0309180487382718,1.2162441918761595,0.53948974609375
mlp,UNI,PCam,1.0,42,0.9813542983917916,0.9447137332236282,0.0202875991458882,0.0174657339284749,1.2096390459738122,0.529693603515625
mlp,UNI,PCam,1.0,123,0.9802016449342692,0.941943846307314,0.0280139239357595,0.0254752350912212,1.2220006867904305,0.535186767578125
mlp,UNI,PCam,1.0,456,0.979323282788846,0.939113447529125,0.0357275501970661,0.0332346274086603,1.3124911592190314,0.539398193359375
mlp,UNI,SPIDER-Breast,0.01,42,0.9895255119092374,0.8110371998003445,0.0168097531238782,0.019777538150534,0.8327264237710983,0.1248130297490443
mlp,UNI,SPIDER-Breast,0.01,123,0.9904577911372018,0.8044413633018157,0.0159755832834043,0.0339101040796205,0.7969360761899316,0.1248130297490443
mlp,UNI,SPIDER-Breast,0.01,456,0.9906673560380376,0.7968599204007271,0.017063578167577,0.0313462995145038,0.7936408552348881,0.1243144424131627
mlp,UNI,SPIDER-Breast,0.05,42,0.9929591491303688,0.8528683602728339,0.0138078528384106,0.02807581155145,0.8828662682161095,0.1246468339704171
mlp,UNI,SPIDER-Breast,0.05,123,0.9934705463378136,0.8539271967023578,0.0106559295838153,0.0287573360908421,0.8562304537355847,0.1245637360811035
mlp,UNI,SPIDER-Breast,0.05,456,0.9936071573728188,0.8577091953984523,0.0135437601616023,0.0317421851932596,0.856413632315016,0.1247299318597307
mlp,UNI,SPIDER-Breast,0.1,42,0.9941206365645304,0.8669067179675793,0.0058760463099296,0.029518511496114,0.8085162233781525,0.1247299318597307
mlp,UNI,SPIDER-Breast,0.1,123,0.9936796040057428,0.8566455579556079,0.0230707575737171,0.0375869884351489,0.8787402197089167,0.1246468339704171
mlp,UNI,SPIDER-Breast,0.1,456,0.9939891290985714,0.8613465411988311,0.0199683041410706,0.0330458987372369,0.8767031825997676,0.1246468339704171
mlp,UNI,SPIDER-Breast,0.25,42,0.9940913336226654,0.8655296563234497,0.026682404243106,0.0404283221658131,0.8728389032343568,0.1248130297490443
mlp,UNI,SPIDER-Breast,0.25,123,0.9943703024709188,0.8710955936548219,0.0244050932392163,0.0373469920888065,0.865742837401535,0.1246468339704171
mlp,UNI,SPIDER-Breast,0.25,456,0.9943938564202512,0.8671539670754815,0.0236333047846375,0.0376361767546727,0.8683728026822226,0.1247299318597307
mlp,UNI,SPIDER-Breast,0.5,42,0.9942801480609612,0.8582959959603572,0.0273913701413298,0.0476423424156436,0.8096656472807031,0.1248130297490443
mlp,UNI,SPIDER-Breast,0.5,123,0.9948183065423252,0.8775405278479055,0.0160502489580056,0.0367971289954313,0.7876594595461915,0.1248130297490443
mlp,UNI,SPIDER-Breast,0.5,456,0.9947680030350418,0.8710187515905258,0.0186888301032751,0.0403504138355816,0.7954536429752765,0.1248961276383579
mlp,UNI,SPIDER-Breast,1.0,42,0.9950031635358532,0.8770726408137616,0.0152301880233367,0.0406387769712331,0.7453931634251308,0.1246468339704171
mlp,UNI,SPIDER-Breast,1.0,123,0.9947578974101752,0.8749383082394698,0.0173701556894457,0.0422641995347614,0.7498543581401936,0.1246468339704171
mlp,UNI,SPIDER-Breast,1.0,456,0.9944296568929284,0.8684271776806853,0.0218764309379296,0.0470315961543955,0.7548455109360015,0.1246468339704171
mlp,VIRCHOW2,BRACS,0.01,42,0.8045355393355508,0.3975476790948389,0.0587144589999265,0.0730703459235659,1.3131476049113862,0.3508771929824561
mlp,VIRCHOW2,BRACS,0.01,123,0.8259502588581263,0.4284923406915332,0.0734450748092249,0.0710822289450126,1.0145161965311265,0.2947368421052631
mlp,VIRCHOW2,BRACS,0.01,456,0.8244543066976261,0.4468081218058988,0.0474646142961686,0.0366012335085032,1.144649828970061,0.2894736842105263
mlp,VIRCHOW2,BRACS,0.05,42,0.8743126059965055,0.5448705954065148,0.0625453253064239,0.0536126950853749,1.139286606407493,0.2333333333333333
mlp,VIRCHOW2,BRACS,0.05,123,0.8850347290210564,0.5550371056105321,0.0707730409346128,0.0634225955657791,1.022480707351377,0.2105263157894736
mlp,VIRCHOW2,BRACS,0.05,456,0.8893785728836293,0.5868359202449733,0.0624456136373051,0.030451739906219,1.1450736879375407,0.2035087719298245
mlp,VIRCHOW2,BRACS,0.1,42,0.8917225115655734,0.5539602582106525,0.1089427358225772,0.070111378112383,1.1253031225475747,0.2
mlp,VIRCHOW2,BRACS,0.1,123,0.8918967983625764,0.5744442278173013,0.0920134454965591,0.08128052223147,1.018500958211931,0.1929824561403508
mlp,VIRCHOW2,BRACS,0.1,456,0.8948638587524229,0.5956871768404034,0.0807782679273371,0.0603276135628683,1.1204677575080304,0.2052631578947368
mlp,VIRCHOW2,BRACS,0.25,42,0.8979031677713732,0.6022737699836533,0.1021027847340232,0.0700265802835163,1.212006055266637,0.1736842105263158
mlp,VIRCHOW2,BRACS,0.25,123,0.9017974589918036,0.5982730799959635,0.0680585249997021,0.0628154190485937,1.072679523396813,0.1894736842105263
mlp,VIRCHOW2,BRACS,0.25,456,0.8983994671718175,0.601011973118961,0.076463099686723,0.0602046981715319,1.105507695044588,0.1982456140350877
mlp,VIRCHOW2,BRACS,0.5,42,0.9055986567240292,0.616161096960956,0.1004801741817541,0.0641723199371706,1.2128673118796012,0.1736842105263158
mlp,VIRCHOW2,BRACS,0.5,123,0.911789842576984,0.6310392603327515,0.074489053404122,0.0570735532202218,1.1334347421826232,0.1912280701754386
mlp,VIRCHOW2,BRACS,0.5,456,0.9066733764341564,0.6227561447387548,0.0776250756623452,0.0608636101086934,1.1184028053190571,0.1964912280701754
mlp,VIRCHOW2,BRACS,1.0,42,0.9111033168422228,0.6200789287638567,0.10089149511697,0.0753968248241826,1.1639024495556625,0.1789473684210526
mlp,VIRCHOW2,BRACS,1.0,123,0.912144192510666,0.6280782681718231,0.0979737749225214,0.0695043744748098,1.1588153199770903,0.1719298245614035
mlp,VIRCHOW2,BRACS,1.0,456,0.9112229070356326,0.6333492179864894,0.0782383248994225,0.0753539624705649,1.1053535503149523,0.1842105263157894
mlp,VIRCHOW2,CRC,0.01,42,0.9992645376391924,0.9869192977571776,0.009306839209795,0.0033872668484846,0.8680218637966693,0.1444
mlp,VIRCHOW2,CRC,0.01,123,0.9994013575725448,0.9880002122743942,0.0109416133165359,0.0021765576740106,0.8245562273036364,0.1418
mlp,VIRCHOW2,CRC,0.01,456,0.9990048232739406,0.9864052410424508,0.0111254434724648,0.0033444288770358,0.8244127065106289,0.142
mlp,VIRCHOW2,CRC,0.05,42,0.9996912120598244,0.992967546651934,0.0041365853905677,0.0018647015353044,0.8773856441421768,0.1422666666666666
mlp,VIRCHOW2,CRC,0.05,123,0.9998232543502896,0.9927864946146018,0.0049616622030735,0.00099856548508,0.8593020027710678,0.142
mlp,VIRCHOW2,CRC,0.05,456,0.9997761472560608,0.9929182824673514,0.0052376103500525,0.0013541876594225,0.7811449009265425,0.1421333333333333
mlp,VIRCHOW2,CRC,0.1,42,0.9997750053212636,0.9947261948880712,0.0037800478041172,0.0007568136195341,0.8225990847661032,0.1418666666666666
mlp,VIRCHOW2,CRC,0.1,123,0.999882802348394,0.9945350580053997,0.0051505768756072,0.0010985751887162,0.7920678647788368,0.1419333333333333
mlp,VIRCHOW2,CRC,0.1,456,0.9998279767207472,0.9942007487103328,0.0042344582041104,0.001325103008747,0.7978240293618952,0.1424666666666666
mlp,VIRCHOW2,CRC,0.25,42,0.9999455273231096,0.9955190749464348,0.0037301093359788,0.001330373930931,0.7779776085815053,0.1422
mlp,VIRCHOW2,CRC,0.25,123,0.9999381045898096,0.995723353487192,0.0043358034749826,0.0008082112212975,0.7575784466296586,0.1424
mlp,VIRCHOW2,CRC,0.25,456,0.999954661961695,0.9956765768890592,0.0037790680746236,0.0011645779371261,0.7618515304174217,0.1424
mlp,VIRCHOW2,CRC,0.5,42,0.9999754842776212,0.9957193617314134,0.0041138892730077,0.0011392121950784,0.7189479091768417,0.1420666666666666
mlp,VIRCHOW2,CRC,0.5,123,0.9999509973486558,0.9959427112083928,0.0037703347563743,0.0013099055727322,0.7278470507371059,0.1421333333333333
mlp,VIRCHOW2,CRC,0.5,456,0.9999582228042648,0.9958871208706715,0.0036869211196899,0.0009912582576275,0.739876683129064,0.1421333333333333
mlp,VIRCHOW2,CRC,1.0,42,0.999960044575343,0.995823497669047,0.0037638240456581,0.0012826318522293,0.6976398177565646,0.1418666666666666
mlp,VIRCHOW2,CRC,1.0,123,0.9999502762310364,0.9962375020764552,0.0040095941543579,0.0010622955401738,0.6998771805214629,0.1423333333333333
mlp,VIRCHOW2,CRC,1.0,456,0.9999643225813925,0.9962536045260256,0.00372983071208,0.0012297477444013,0.7301663411894502,0.1427333333333333
mlp,VIRCHOW2,LungHist700,0.01,42,0.8065013155352184,0.4119575514924352,0.0975739950225466,0.1239179192554383,0.9465995276418856,0.3333333333333333
mlp,VIRCHOW2,LungHist700,0.01,123,0.8695936451871661,0.4122597064993378,0.1702586843853905,0.1629471534774417,1.030461078994735,0.3428571428571428
mlp,VIRCHOW2,LungHist700,0.01,456,0.8389427442309829,0.4051767662867642,0.1039881569998604,0.1475955706267129,0.903468420878044,0.3428571428571428
mlp,VIRCHOW2,LungHist700,0.05,42,0.8642624923532966,0.463674981243093,0.0818348254476274,0.1120790955566224,0.8930023462013388,0.2571428571428571
mlp,VIRCHOW2,LungHist700,0.05,123,0.900663842443657,0.5697116942014901,0.0852639023746762,0.1025675472759065,0.8738639831445556,0.2285714285714285
mlp,VIRCHOW2,LungHist700,0.05,456,0.9455271213821104,0.6175369458128078,0.0940379514580681,0.1420359549068269,0.885571192853829,0.1904761904761904
mlp,VIRCHOW2,LungHist700,0.1,42,0.9207309998849336,0.5480630569644204,0.1137523565973554,0.1194474745364416,0.9465846395564947,0.2
mlp,VIRCHOW2,LungHist700,0.1,123,0.9429715755408636,0.6880113754121023,0.056004522669883,0.0963392623833247,0.9156924066362004,0.2476190476190476
mlp,VIRCHOW2,LungHist700,0.1,456,0.9554018946673029,0.6991825670343553,0.0970054373854682,0.096287164801643,0.8184741599605514,0.2
mlp,VIRCHOW2,LungHist700,0.25,42,0.9546024775673831,0.7170569558200219,0.0725400547186533,0.0588695174171811,0.9228893073442735,0.2095238095238095
mlp,VIRCHOW2,LungHist700,0.25,123,0.9567961167206324,0.7796962036847258,0.1064034615244184,0.1048528478259132,0.9932956415120484,0.2476190476190476
mlp,VIRCHOW2,LungHist700,0.25,456,0.9722556143064212,0.789755545206673,0.1194499166238875,0.0900188247362772,0.8708307839973303,0.219047619047619
mlp,VIRCHOW2,LungHist700,0.5,42,0.971122852483456,0.7914732326497033,0.1095281249000912,0.1168109703631628,1.0549943753801263,0.2476190476190476
mlp,VIRCHOW2,LungHist700,0.5,123,0.9716639179356356,0.851471454571185,0.0943051128160385,0.0915100253763653,0.9777167885610354,0.2666666666666666
mlp,VIRCHOW2,LungHist700,0.5,456,0.978234559776833,0.8091481255773976,0.1139351458776564,0.1057487294787452,1.0096166076765345,0.2285714285714285
mlp,VIRCHOW2,LungHist700,1.0,42,0.9882758344099686,0.9240809367225148,0.0630835589908417,0.0551891724268595,0.9449405105310792,0.2476190476190476
mlp,VIRCHOW2,LungHist700,1.0,123,0.9876226192939744,0.9131565669746158,0.0652584944452558,0.0700057972045171,0.970071626219756,0.2476190476190476
mlp,VIRCHOW2,LungHist700,1.0,456,0.98760359563664,0.9131565669746158,0.0712850545133863,0.0641608939284369,0.953629814193504,0.2476190476190476
mlp,VIRCHOW2,MHIST,0.01,42,0.7299882946155232,0.5263057008839978,0.1290301953765545,0.0966726651333249,1.4046615508912057,0.8751279426816786
mlp,VIRCHOW2,MHIST,0.01,123,0.6841347019629029,0.3952550496995612,0.133806147287574,0.1167456901335789,1.1983617384803582,0.9948822927328556
mlp,VIRCHOW2,MHIST,0.01,456,0.5527732757068251,0.3870765370138017,0.0791601988895889,0.0757691685716595,1.0058963331302082,1.0
mlp,VIRCHOW2,MHIST,0.05,42,0.8813884386817935,0.7833710272180548,0.0529427186623139,0.0375855179253809,0.8943876729961217,0.6489252814738997
mlp,VIRCHOW2,MHIST,0.05,123,0.8375742841707186,0.7230914394164983,0.062687251080083,0.0679055118100182,1.1422586020780885,0.7205731832139202
mlp,VIRCHOW2,MHIST,0.05,456,0.8628038897893031,0.7410111818006555,0.0603960294089639,0.0603980157512908,0.9553912098503028,0.72978505629478
mlp,VIRCHOW2,MHIST,0.1,42,0.8862281649558796,0.7812893633371757,0.0386910281461513,0.0495768726756653,1.091693113306706,0.6120777891504606
mlp,VIRCHOW2,MHIST,0.1,123,0.9012380695119756,0.807989970181621,0.0602300797885583,0.0486470669538484,0.95548604845586,0.6376663254861822
mlp,VIRCHOW2,MHIST,0.1,456,0.8905726634251756,0.7969158306379402,0.0455694882887412,0.0446591738939376,0.9249396259875352,0.6560900716479018
mlp,VIRCHOW2,MHIST,0.25,42,0.9192193408968126,0.8390444810543658,0.0374461529564833,0.0391854596597846,1.0372892327146837,0.6110542476970318
mlp,VIRCHOW2,MHIST,0.25,123,0.9154285971546912,0.8219007917145592,0.044512091204524,0.0502931946314711,1.0632586824365913,0.5690890481064483
mlp,VIRCHOW2,MHIST,0.25,456,0.8918152350081037,0.7896032264138393,0.0216558166401138,0.0267875494269564,0.9828421218064108,0.6345957011258956
mlp,VIRCHOW2,MHIST,0.5,42,0.922636412749865,0.8325326980324768,0.0639998009666693,0.059070115155915,1.0411136128214171,0.5537359263050153
mlp,VIRCHOW2,MHIST,0.5,123,0.9226634251755808,0.8308600882594082,0.0511796740222123,0.0517450844098794,0.995132707566691,0.5629477993858751
mlp,VIRCHOW2,MHIST,0.5,456,0.912070052224023,0.8174241695444147,0.0317185817166263,0.0394029303062078,1.0779763687405497,0.5977482088024565
mlp,VIRCHOW2,MHIST,1.0,42,0.929740680713128,0.8376394224659569,0.0566391773872695,0.0579780530901349,0.9258482306607086,0.5568065506653019
mlp,VIRCHOW2,MHIST,1.0,123,0.9297361786421756,0.836690792887772,0.0457161438318699,0.0456018209106602,0.9329764101738072,0.5711361310133061
mlp,VIRCHOW2,MHIST,1.0,456,0.9301683774536288,0.8417569540390442,0.0525803311185543,0.0475987879866343,1.0283739678269244,0.5588536335721597
mlp,VIRCHOW2,PCam,0.01,42,0.98064085301534,0.936775471887904,0.0104827193065375,0.0099211991438323,1.0918664650187864,0.528778076171875
mlp,VIRCHOW2,PCam,0.01,123,0.9785613806899922,0.9331571750937008,0.0207000040786056,0.0171396206703775,1.114512357097104,0.53863525390625
mlp,VIRCHOW2,PCam,0.01,456,0.980104103777934,0.936765783135125,0.0182209971771953,0.0168946748858616,1.04467952941042,0.5382080078125
mlp,VIRCHOW2,PCam,0.05,42,0.9815085310262368,0.93636642097427,0.0290794933858933,0.0270358784406426,1.0747069377314495,0.54437255859375
mlp,VIRCHOW2,PCam,0.05,123,0.9854974552593204,0.9409700886208936,0.0207664079023572,0.017522677392435,1.1797940362337562,0.534210205078125
mlp,VIRCHOW2,PCam,0.05,456,0.9842413616471988,0.9414217111536024,0.0172516869413357,0.0192554587977156,1.0804411791341313,0.53582763671875
mlp,VIRCHOW2,PCam,0.1,42,0.9808607867441272,0.936631983489518,0.0217874087488781,0.0183326200285591,1.136070806278406,0.534088134765625
mlp,VIRCHOW2,PCam,0.1,123,0.9850432528820612,0.9400068322180464,0.0241742547541434,0.0223921526134631,1.1394806182671298,0.53790283203125
mlp,VIRCHOW2,PCam,0.1,456,0.984944214158753,0.9389094247393428,0.0205464235276622,0.0220017098184825,1.036997302965167,0.53729248046875
mlp,VIRCHOW2,PCam,0.25,42,0.9841950581429818,0.939769750179257,0.0183244270409659,0.0184724190572751,1.0930447773885543,0.5362548828125
mlp,VIRCHOW2,PCam,0.25,123,0.9840185333673216,0.9416084689115624,0.0129894067302416,0.0105805009872028,1.1684469951582743,0.526580810546875
mlp,VIRCHOW2,PCam,0.25,456,0.9855988539544636,0.9405428350388632,0.0237429813653591,0.0212033948632779,1.249638582910945,0.534088134765625
mlp,VIRCHOW2,PCam,0.5,42,0.9831895182888448,0.9392285154472032,0.0233866665957975,0.0238040497968654,1.0652777575941594,0.540863037109375
mlp,VIRCHOW2,PCam,0.5,123,0.984571070387894,0.941118965134588,0.0182439095031554,0.0192074783133193,1.0713568483871394,0.53515625
mlp,VIRCHOW2,PCam,0.5,456,0.9868486928030324,0.9439078879532564,0.019393956350143,0.0190712698758375,1.279873247640502,0.532989501953125
mlp,VIRCHOW2,PCam,1.0,42,0.9869490167517284,0.9437068765540756,0.015998652678661,0.0186077699586348,1.237226237584284,0.52935791015625
mlp,VIRCHOW2,PCam,1.0,123,0.9868785379717068,0.9421625352189132,0.0212458501664514,0.0230333354708705,1.1581814279698517,0.53399658203125
mlp,VIRCHOW2,PCam,1.0,456,0.9852802558941116,0.9403905156514084,0.01813334798004,0.0138370253915809,1.2925225877514497,0.525421142578125
mlp,VIRCHOW2,SPIDER-Breast,0.01,42,0.9925729379988694,0.8138765429095373,0.0114539854472432,0.0291493205926,0.8312343066192708,0.1230679740734585
mlp,VIRCHOW2,SPIDER-Breast,0.01,123,0.991445155573599,0.8264745071414414,0.0110338373409665,0.0324219420034663,0.8207234632523042,0.1243975403024763
mlp,VIRCHOW2,SPIDER-Breast,0.01,456,0.9900923721884026,0.7940313698290774,0.0195895655915569,0.0385441983486105,0.834459970220195,0.1219046036230679
mlp,VIRCHOW2,SPIDER-Breast,0.05,42,0.993548936918913,0.8498304760095127,0.0170057291232788,0.0299370489891965,0.882646351790263,0.123815855077281
mlp,VIRCHOW2,SPIDER-Breast,0.05,123,0.994412218007056,0.8581992773323766,0.0136748998304706,0.0316836996289093,0.855196191298799,0.1248130297490443
mlp,VIRCHOW2,SPIDER-Breast,0.05,456,0.994280570228568,0.8628395622161362,0.013279550895652,0.0271628155984889,0.8656842669883413,0.1243144424131627
mlp,VIRCHOW2,SPIDER-Breast,0.1,42,0.9946670772652912,0.8633127118249795,0.0140668993832186,0.0316135563539551,0.8472928236514577,0.1244806381917899
mlp,VIRCHOW2,SPIDER-Breast,0.1,123,0.9941929735597916,0.8584147934056063,0.0226543902315648,0.0396444612012881,0.8485232455196116,0.1245637360811035
mlp,VIRCHOW2,SPIDER-Breast,0.1,456,0.9948525667075384,0.8639007675175971,0.0182654364537574,0.0323769698532114,0.8694071915482912,0.1242313445238491
mlp,VIRCHOW2,SPIDER-Breast,0.25,42,0.9949990125335484,0.8714907630753932,0.0180277457370678,0.0361574733410341,0.8189343154176782,0.1243975403024763
mlp,VIRCHOW2,SPIDER-Breast,0.25,123,0.9950550335468462,0.8758730885988821,0.0198170094765835,0.0361708679235078,0.8301310655098629,0.1249792255276716
mlp,VIRCHOW2,SPIDER-Breast,0.25,456,0.9954718979937875,0.8796757563308556,0.0153856404733674,0.031184939162684,0.8307081985502554,0.1243144424131627
mlp,VIRCHOW2,SPIDER-Breast,0.5,42,0.9952027635333012,0.8713506023892432,0.0153814483621557,0.0396341065844765,0.7633111930111185,0.1245637360811035
mlp,VIRCHOW2,SPIDER-Breast,0.5,123,0.9954093787208976,0.8762259550124886,0.0155360252296625,0.036317783380161,0.7883978371253952,0.1248961276383579
mlp,VIRCHOW2,SPIDER-Breast,0.5,456,0.9954564215229528,0.878080556232185,0.0133201986135231,0.0350699915996576,0.7892587084562188,0.1247299318597307
mlp,VIRCHOW2,SPIDER-Breast,1.0,42,0.9955270398350604,0.8838516595091901,0.012152412471352,0.0359510013829617,0.7438082403951302,0.1248961276383579
mlp,VIRCHOW2,SPIDER-Breast,1.0,123,0.9954459650733504,0.8857952585925113,0.0098410322556409,0.0327289018080998,0.7425764975725057,0.1247299318597307
mlp,VIRCHOW2,SPIDER-Breast,1.0,456,0.995486493508118,0.8788669983056241,0.0097051145320361,0.0360896522685382,0.7418565000659998,0.1245637360811035
